"","logFC","AveExpr","t","P.Value","adj.P.Val","B"
"SERPINE2",3.17153490737597,12.385556093278,14.8952325352437,2.16268477455524e-35,2.81992467754258e-31,69.5975377147128
"FGFR2",-2.16725550811916,5.70832219681322,-14.1256611655274,7.14033432768985e-33,4.6551409649374e-29,63.9044452550834
"CHP2",-3.92452895675333,5.64229992812335,-13.5302093586477,6.28208310324542e-31,1.9692243145957e-27,59.5080364494101
"HOXA9",-2.92971575724046,5.52812939955152,-13.5281061515854,6.38204203173377e-31,1.9692243145957e-27,59.4925326955363
"TACC2",-2.75993719234844,7.34707252644528,-13.5056912785537,7.5512858140797e-31,1.9692243145957e-27,59.3273151882702
"TUFT1",-2.54288014835987,8.25142807004042,-13.4644133191131,1.02928615218368e-30,2.23681035638716e-27,59.0231250701822
"ZBTB16",-2.40741265039974,7.27035854349408,-13.4290860668521,1.34161351325937e-30,2.49904265705556e-27,58.7628565455587
"PLLP",-2.32361638778868,7.36837930066915,-13.1615793350597,9.95591458724907e-30,1.62268962878926e-26,56.7943145786542
"MARCKSL1",2.01800655245418,11.5037952158518,13.1235112367727,1.32370051154262e-29,1.91774788555602e-26,56.5145344976055
"C1orf116",-4.0662414021381,4.5259954522055,-12.9611682219808,4.45495347309591e-29,5.80881383356976e-26,55.322519826485
"ARPC1B",2.08982511862455,12.1119029087052,12.9038051891472,6.83702561214518e-29,8.10436154152373e-26,54.9017875854517
"CHST11",2.51123452860305,7.87373515254927,12.8512173714896,1.01229001756018e-28,1.0999374615806e-25,54.516303190042
"TRIB2",2.61660732593903,10.257307259327,12.7755335133163,1.78000813995835e-28,1.78534816437823e-25,53.9619085705473
"MAOA",-2.8243491420165,6.5220799027164,-12.7236270685093,2.62064031665478e-28,2.44075207777583e-25,53.5819632370281
"FHL1",-2.75364703836424,8.1252411328878,-12.5087892392852,1.29582948273813e-27,1.12642137502816e-24,52.0119504054192
"MYH11",-4.03409747314914,6.27882259765745,-12.1193491491488,2.32041875239265e-26,1.89099625702799e-23,49.1778267327817
"PPP1R13L",-2.27313530128916,7.71517307987235,-12.0078108781228,5.28490211341638e-26,3.90904695893748e-23,48.3692938767603
"CYP4B1",-3.6186680828582,4.62231855438641,-12.0049805602341,5.39633754589114e-26,3.90904695893748e-23,48.3487970442138
"MRTFB",-1.32450650024204,8.46960196334001,-11.8935116221731,1.22643798022295e-25,8.41659201269842e-23,47.542364167331
"KLK1",-1.6805351372331,7.27461937411943,-11.8186529092191,2.12661444907327e-25,1.34548060370251e-22,47.0017061736991
"NFIB",-2.20040871671786,7.85129381900328,-11.8160945371962,2.16696776422676e-25,1.34548060370251e-22,46.9832419932751
"RNASE4",-2.0563243987264,7.38827267718862,-11.8051562797799,2.34828982297383e-25,1.39178868189799e-22,46.9043089185634
"SEMA3F",-1.76167074124735,8.16373888615211,-11.5968753933256,1.08112995691784e-24,6.12906674271813e-22,45.4045223709091
"GATA3",-3.36461463896238,7.34479800771844,-11.5417744722717,1.61749984529484e-24,8.78774186783309e-22,45.0088150499146
"PAMR1",-2.2471436881207,6.40289333454763,-11.5345487975569,1.70519314104244e-24,8.89360534642094e-22,44.9569580730452
"DLG5",-1.55844844724268,7.94479314497926,-11.4918225644774,2.32962257376559e-24,1.16830572074344e-21,44.6504863339046
"ETV5",2.53782895940153,9.9130369085813,11.4767428085159,2.60065949548741e-24,1.25592589487631e-21,44.5423882365901
"FGFR3",-4.37999064744554,6.56005546009907,-11.3720897298261,5.57655721252856e-24,2.59688319622e-21,43.7931854285224
"TIPARP",-1.31767462821385,8.88649895203075,-11.2005121333482,1.93998947792114e-23,8.72259406986681e-21,42.5687835076716
"ALDH3A2",-1.71826555294245,8.69048734943581,-11.1759958049824,2.3173118921102e-23,1.00718099204083e-20,42.3942432835908
"TGFBR3",-1.69688951017354,8.65167203554016,-11.1512995303424,2.77133902884951e-23,1.16566095474738e-20,42.2185289343651
"DUSP4",3.14650825755482,9.93455804275214,11.1459527378247,2.88075814485972e-23,1.17381892033831e-20,42.1805006623069
"SCGB1D2",-4.84780536642557,5.3654222471665,-11.1258361493035,3.33241589172404e-23,1.31670820642999e-20,42.0374700651955
"CCL27",-3.36579450865837,6.51118014614013,-11.107945045089,3.79304121712135e-23,1.45463130676604e-20,41.9103237892092
"ARNT2",2.89959200926789,8.43058958722566,11.0467771771975,5.90250304810665e-23,2.19893534983608e-20,41.4760622382449
"KCNK7",-2.58632787932022,5.36580214577725,-10.9955005976193,8.54670495522545e-23,3.09556905308846e-20,41.1125551817295
"NEBL",-1.69270601647507,7.03936730376096,-10.9076518538187,1.6096162079488e-22,5.6723745230931e-20,40.4909359796743
"BCL2A1",2.89900036484887,8.87191280285571,10.8563967016999,2.32716847364844e-22,7.98524992839526e-20,40.1289415239412
"DNMBP",-1.06769935297266,7.92648277891694,-10.8069576638188,3.31930945955186e-22,1.10975579597684e-19,39.7802644014421
"EPHB6",-2.89959883015276,7.281847273173,-10.7823995356075,3.95890950129528e-22,1.29050552468473e-19,39.6072458335337
"EMP2",-2.16858085484824,9.3785885650438,-10.7287268945873,5.81628143618244e-22,1.84971935722885e-19,39.2295338304888
"AP1S2",2.23862588177291,10.2384696831145,10.7201189327945,6.18608852440387e-22,1.92048591118338e-19,39.1690117111058
"SOX10",2.56570257638904,10.5314367975154,10.6766110242455,8.445469925451e-22,2.53502060184478e-19,38.8633450360524
"PLOD3",2.12884227326613,11.5812967275363,10.6748187654526,8.55440650979141e-22,2.53502060184478e-19,38.8507619139714
"LEF1",2.15993882099683,8.71134461663389,10.6540314245227,9.92489736150431e-22,2.87579414881455e-19,38.7048671035989
"E2F3",1.3356374409945,8.50907030717239,10.6197342089377,1.26799753674906e-21,3.59422171340674e-19,38.4643537395211
"EGFR",-1.8602968491122,6.61970057779099,-10.5924038599463,1.54106662172377e-21,4.27531227248006e-19,38.2728760747345
"HLF",-2.25527357332198,5.73481103397748,-10.5631466675811,1.89853697906291e-21,5.15729659791692e-19,38.0680772599699
"CXADR",-3.38154486755186,8.06151275863046,-10.5439187825387,2.17728989842253e-21,5.79381285419008e-19,37.9335843589783
"IRF6",-2.47588001487791,8.56631390257178,-10.5059671928768,2.85264529600334e-21,7.43912840291752e-19,37.6683631156046
"IPPK",-1.40154123913191,7.27475436745839,-10.4854418552501,3.30100969996299e-21,8.43958146623871e-19,37.5250563826506
"COBL",-3.02549818436412,6.29527063028816,-10.4689082995942,3.71267089106803e-21,9.30952225935308e-19,37.4096883436367
"SDC3",2.807869967247,9.61382666851792,10.4397548795508,4.56687913105214e-21,1.1235384337696e-18,37.2064107885423
"FBXW7",-1.94377096518907,7.59603985313097,-10.4167376351427,5.37730883026871e-21,1.29842092292359e-18,37.0460546288095
"RAPGEFL1",-3.85772588718452,5.25052236987251,-10.4104920847369,5.62090838200036e-21,1.33256407987096e-18,37.0025640251997
"DES",-2.10716325833349,6.11846295070402,-10.331422158831,9.84177021966159e-21,2.25134810340645e-18,36.4527405314211
"CLDN10",-1.54420100578589,6.8832839288676,-10.3193687087419,1.07177056213138e-20,2.40945109648812e-18,36.3690529111468
"KRT19",-3.73415398420482,4.32750531541487,-10.3154073078286,1.10221970101638e-20,2.4359055392462e-18,36.3415561830633
"KLF4",-3.11087437516539,8.2945547853726,-10.2663075556221,1.55930725229342e-20,3.38863454377564e-18,36.0010547444131
"DEGS1",-1.57123701446452,9.66240894112871,-10.262960813209,1.59658574504452e-20,3.41276746387468e-18,35.9778663163781
"CTSB",1.63059394681436,12.2800844028942,10.2484610839265,1.76861223977011e-20,3.71950564425202e-18,35.877433649045
"GAS2L1",-1.24515049289736,8.21717072681555,-10.2435074546115,1.83151329849646e-20,3.7906510950945e-18,35.8431337971184
"EPB41L4B",-1.70168183465865,6.95435875160469,-10.2341888339044,1.95593559224909e-20,3.98491315427124e-18,35.7786259352226
"PSORS1C2",-2.88829414123039,6.12354563082842,-10.1705152998997,3.0630509952232e-20,6.14448029641774e-18,35.3384115697975
"CNN1",-3.0954903841192,6.37932087759276,-10.137963032072,3.8510365221475e-20,7.60813109276988e-18,35.1137416711849
"KRT23",-4.10787271925481,6.43048249233919,-10.1193882897867,4.38792504883773e-20,8.53942607638734e-18,34.9856599041227
"NET1",-1.89941103457988,7.71289302743985,-10.1044278429391,4.87399000517768e-20,9.27703139353762e-18,34.8825630646584
"TNXB",-2.67759861931547,6.67797354376802,-10.1034014980961,4.90923511123626e-20,9.27703139353762e-18,34.8754922756572
"ZFP36L2",-1.26622892964984,9.83772798754329,-10.0941014100667,5.24038805970813e-20,9.76134570150489e-18,34.8114333158246
"SCNN1A",-2.08381224475487,6.46977032786465,-10.0858267068565,5.55366259874404e-20,1.01991840316935e-17,34.7544554964549
"F3",-3.15685754114515,6.02987307051091,-10.0501956869099,7.1297625418368e-20,1.29118019143069e-17,34.5093058332879
"ADH1B",-2.89700560967546,6.00072716634333,-10.0366616980704,7.83879496534084e-20,1.40013763771341e-17,34.4162734872603
"TMEM254",-1.50695504147357,6.71207880553206,-10.006930059148,9.65229197845617e-20,1.67865871784128e-17,34.2120637256526
"AACS",-1.84090008316729,8.66601143342204,-10.0068810382697,9.65560271785385e-20,1.67865871784128e-17,34.2117272169638
"NDEL1",-1.063406525252,9.13600564549253,-9.96663206001741,1.27930871375347e-19,2.19485609455677e-17,33.9356443191153
"IL37",-3.22026570620616,4.9967343500196,-9.95702486661027,1.3680941397118e-19,2.29587828590883e-17,33.86980734139
"CAT",-1.29171939753528,9.01667886436439,-9.95464544276072,1.39101453015413e-19,2.29587828590883e-17,33.8535051601311
"ELOVL4",-3.8695809427522,5.16142976996025,-9.94337644779014,1.50486173857153e-19,2.45273652615426e-17,33.7763179085159
"ARHGEF4",-1.70812257435849,6.42558878726707,-9.92292865197226,1.7356125568284e-19,2.7939076701834e-17,33.6363456032667
"MAST4",-2.0156149877354,7.64732392711503,-9.916534231307,1.81475469363811e-19,2.8856812744326e-17,33.59259623525
"ABHD5",-1.34005774254668,7.28269398812545,-9.90021226598259,2.03341928477283e-19,3.19442819929553e-17,33.4809737465066
"EVPL",-3.67573631061074,6.19291626742668,-9.88207655318525,2.30722872555729e-19,3.58142325625494e-17,33.357030645908
"HECA",-1.34715706761954,9.37745971638616,-9.87243808845694,2.46736446420481e-19,3.78493708809017e-17,33.2911952467798
"SLC24A3",-2.43833143663914,5.98159368453701,-9.82624703791207,3.40209381729321e-19,5.15812805624258e-17,32.9760352618175
"CD63",1.01609045177205,13.2970349462118,9.80697925157788,3.88927051986837e-19,5.82898831132916e-17,32.8447428978555
"ANK3",-2.13122606560657,6.90218326640775,-9.80314620564342,3.99415998815917e-19,5.89374713466465e-17,32.8186362818324
"KLF11",-1.14551271718744,7.90967048691302,-9.7846277625111,4.54189854684036e-19,6.47624527201706e-17,32.6925651622107
"GRHL2",-2.10199952048518,6.90493979884304,-9.78386978464042,4.5658433269487e-19,6.47624527201706e-17,32.6874069561047
"PHYHIP",-2.45649901367278,5.86395253840241,-9.7828397560839,4.59858358527976e-19,6.47624527201706e-17,32.680397638753
"TPM1",-1.47004721932167,9.08988822405542,-9.78219648432028,4.61914878669826e-19,6.47624527201706e-17,32.6760203394419
"IDE",-1.20194856518386,8.49045210367773,-9.77937272002546,4.71051084792752e-19,6.53407988788584e-17,32.6568066963324
"RENBP",3.04307727247531,7.52353650978648,9.76582647350481,5.17440451069864e-19,7.07567352106446e-17,32.5646650249512
"CYP3A5",-1.93846337858901,5.89797632207909,-9.74806548695707,5.85209960131958e-19,7.86654914449546e-17,32.4439316157678
"PAIP2B",-2.16238822295173,6.4014033234531,-9.74228795091887,6.09103332572162e-19,8.1041819932739e-17,32.4046766919347
"MMP28",-2.82404637043418,4.80789744940187,-9.7372094792637,6.30905199060439e-19,8.30946756621118e-17,32.3701791723037
"UBR4",-1.2548294250165,9.04170130540873,-9.73412083601503,6.44542357935688e-19,8.40418780512344e-17,32.3492018633336
"ASS1",-2.62277643453066,7.80547942174466,-9.71241074789634,7.49031383083678e-19,9.6699209940872e-17,32.2018275358206
"HEBP2",-1.5604747991855,9.23567497754294,-9.66841092617388,1.01523016975415e-18,1.28520254208004e-16,31.9035509289771
"PDZD2",-3.26249517345513,6.01604034885246,-9.65962586717699,1.07870941385235e-18,1.35243192761738e-16,31.8440623568593
"INAVA",-2.46885844658896,7.48915036063849,-9.65763961596099,1.0935999271593e-18,1.35804280478382e-16,31.8306153802909
"PCP4",-2.33097762597565,5.78992467744883,-9.65538473096793,1.11075211808405e-18,1.36632989317905e-16,31.8153511090382
"PDCD4",-1.61172165442234,8.80273389585445,-9.6338820790372,1.2883586128704e-18,1.56999139749693e-16,31.6698635638003
"SYBU",-1.6426376786351,7.09908130921404,-9.567102547015,2.04049903888939e-18,2.46352471926655e-16,31.2188809772942
"SCNN1B",-2.21502997823218,6.01902056974909,-9.55570158920739,2.20685887769688e-18,2.63992962443024e-16,31.1420164492239
"MAB21L4",-1.59376461812571,6.55006004764273,-9.55119812676675,2.27622603949955e-18,2.69815557536679e-16,31.1116648882337
"TNXA",-3.6490502727821,6.69065623096566,-9.53724721723874,2.5051653648838e-18,2.94277938673151e-16,31.0176790842485
"CDC50B",-1.76088856586879,6.4423405941889,-9.50506137552488,3.12439063009588e-18,3.63740441301966e-16,30.8010656348856
"HOPX",-4.1134173524615,7.79635907309299,-9.4917094644606,3.42390416376429e-18,3.95082180454182e-16,30.7112963591901
"ECM2",-1.96107655331329,7.15867918519586,-9.47671600943641,3.79435969150128e-18,4.33988210679694e-16,30.6105538513734
"MIF",1.49859040224042,12.458761037839,9.45108960433236,4.52198973654035e-18,5.08295035989221e-16,30.4385235523973
"PALMD",-2.47664156273599,7.04670495108944,-9.44464456774286,4.72583193810109e-18,5.26667714879489e-16,30.3952890790533
"SCEL",-4.17928049365806,5.28676308018282,-9.44079386215748,4.85195148055974e-18,5.36140638601851e-16,30.3694638358276
"EPN2",-1.18817279755485,6.42898050359514,-9.42927148351714,5.24965971039513e-18,5.75212713981867e-16,30.2922143527307
"FCGBP",-3.07575910682207,6.64332695881933,-9.41698104310755,5.70962411098561e-18,6.20398239859511e-16,30.209859949102
"ACTG2",-2.34923459649213,7.81562199806801,-9.40047417834204,6.39096797068885e-18,6.88692821238115e-16,30.0993249682219
"KPLCE",-2.37830243294284,6.55958457350147,-9.39763796277863,6.51591223206475e-18,6.96401472081085e-16,30.0803411824629
"IL22RA1",-1.71913362235713,7.22904381973503,-9.35498360713632,8.7157707470569e-18,9.1649140944254e-16,29.7951384627834
"BBOX1",-3.60799932420473,5.85406982974591,-9.35269014986024,8.85302283079839e-18,9.23476517526242e-16,29.7798194536957
"ERBB2",-1.52087862551556,7.77480054387881,-9.33455343509337,1.00168029772648e-17,1.02841806315398e-15,29.6587337985514
"NUAK1",-1.86396053406947,7.93498607269448,-9.33262167178078,1.0149380902318e-17,1.03388888738535e-15,29.6458428405188
"RGS20",2.69527228045324,8.08140549131225,9.31627950876033,1.13430052456265e-17,1.14652283254049e-15,29.536835563858
"EXPH5",-1.78348821128674,7.18428302139359,-9.30324589788613,1.23940951655615e-17,1.24312774510582e-15,29.4499571668124
"ANXA8L1",-3.28129607391424,8.89139634721587,-9.30029362460713,1.26453067509174e-17,1.25864240248253e-15,29.430285534402
"CD207",-1.99669707910708,7.20763659519385,-9.29481414339062,1.31250400278684e-17,1.2964954312377e-15,29.3937818232082
"KRT2",-4.11210824161145,8.46870497266623,-9.27252362979736,1.52701597005578e-17,1.49704971680882e-15,29.2453822508043
"PGRMC2",-1.27802886096117,8.45106795054415,-9.26433468030128,1.61428025152736e-17,1.57079105967651e-15,29.1909035472264
"CA12",-2.47107830364516,7.9779753952423,-9.26265208468984,1.63281482492731e-17,1.5770572223872e-15,29.1797123566012
"CDHR1",-3.02362979611361,6.27502320151391,-9.25848015093226,1.67968737363326e-17,1.61040026947089e-15,29.1519680835722
"CA6",-3.16666842831356,6.55557098164484,-9.25089314932567,1.768379740886e-17,1.68305864535858e-15,29.1015270186707
"PLCH2",-1.72147300485182,5.9493541031574,-9.24860816653801,1.7959915143538e-17,1.69695169243907e-15,29.0863392303543
"AKR1C1",-2.2351379610018,8.03968636366171,-9.24669253952419,1.81946964300172e-17,1.70676724281291e-15,29.0736077500519
"CTNNBIP1",-1.82066304913142,8.60516671016358,-9.23738641834586,1.93793595738472e-17,1.80344436778283e-15,29.0117748125289
"SOWAHC",-1.42481731922883,7.85303320449928,-9.23645602852532,1.95019292781179e-17,1.80344436778283e-15,29.0055945138278
"TP63",-1.88595256319949,7.15649611005888,-9.2271316417014,2.07736543567896e-17,1.90751886731112e-15,28.943670693707
"PHLDA1",1.58731834773661,9.03814062081889,9.20851424619411,2.35643559811858e-17,2.14864082264813e-15,28.8201146995438
"LAMB4",-1.44941688785159,5.68216770865531,-9.19263378655897,2.62369209814281e-17,2.37571675470029e-15,28.7148106386029
"DSC3",-3.58859509572213,7.59810356942748,-9.18890768584749,2.69063772967592e-17,2.41953278325823e-15,28.6901144683642
"CFD",-3.9359440421795,8.16010278195916,-9.18723071664208,2.72131816858948e-17,2.43036079453687e-15,28.6790011709984
"STMN1",1.32192623322228,9.68692819910951,9.1792042477423,2.87304278464477e-17,2.54840849448865e-15,28.625822245316
"DEFB1",-3.20190549158553,6.79642141737683,-9.14628627223338,3.58825751928577e-17,3.1400865633535e-15,28.4079447056257
"MYOF",-1.72366248547395,8.16254511671979,-9.13971665879713,3.75087690726619e-17,3.26051226625626e-15,28.364504001413
"PTPRK",-1.57457123515057,8.51766664746098,-9.12526277833593,4.13487066387166e-17,3.57050189312732e-15,28.2689793498565
"IFI16",1.23974615104784,11.0797984256386,9.12247596105049,4.21327621195345e-17,3.61427029787243e-15,28.2505693548404
"UBE2S",2.72130054619095,9.77633772938769,9.11794252950378,4.34398741892177e-17,3.70204261145889e-15,28.2206265026012
"CNIH3",2.99422819588404,7.26476165819525,9.11179021880526,4.52783673819762e-17,3.83366644346485e-15,28.1800019319807
"PKP1",-4.06342484165218,6.8899614784836,-9.10735398917256,4.66517828419594e-17,3.92446836436328e-15,28.1507166212494
"CRY2",-1.89458684284869,6.36642941778456,-9.09830576538939,4.95825407466207e-17,4.14427403073838e-15,28.0910058353347
"SH3YL1",-1.62149597485182,8.55457149097564,-9.07214877377844,5.91230462359913e-17,4.91022547688592e-15,27.9185437596669
"DKK3",-2.22401635867496,7.0885211958583,-9.06950694852216,6.01825434637735e-17,4.9665834444566e-15,27.9011379262223
"CLDN8",-2.37005906086088,5.22947741204384,-9.06202262839685,6.3287543232459e-17,5.18997657992474e-15,27.851839629863
"KLK11",-4.01989701534773,6.39729838804072,-9.05702948853368,6.54469503019938e-17,5.33351740617311e-15,27.8189608207589
"PHACTR1",3.19160064747622,8.92504594178584,9.0467363270732,7.0131976284892e-17,5.64475826406609e-15,27.7512087370357
"DAAM1",-1.52092537763995,8.22230041050868,-9.04317017317617,7.18315989828731e-17,5.74608723397351e-15,27.7277437182582
"ETS2",-1.77447594983615,7.64689700697755,-9.0339406343681,7.64226034282639e-17,6.0760629640313e-15,27.6670338621624
"EDNRB",2.4630859842012,10.623343476639,9.02567406528215,8.0781227390954e-17,6.34630338792797e-15,27.6126824989015
"LZTS1",1.81635000128039,7.78025540235209,9.02564860174345,8.07950274097739e-17,6.34630338792797e-15,27.6125151157414
"TACSTD2",-4.07109368731009,6.96174258073001,-9.01866993386975,8.46667032041712e-17,6.61059367113286e-15,27.5666494613875
"TXNDC5",1.0394503305241,11.5520746389989,9.01004612879299,8.97063214007282e-17,6.92419834872726e-15,27.509994219643
"SPP1",3.78135032555856,10.4712894599315,9.0099812496193,8.97453425059366e-17,6.92419834872726e-15,27.509568082413
"SPINT1",-3.00655574323814,6.7466512832845,-9.00112991909999,9.52299497361996e-17,7.30413714476651e-15,27.4514444132442
"NPY1R",-3.31825266571213,4.63780167068813,-8.99321066509594,1.00418280768696e-16,7.65704071896504e-15,27.3994638624219
"GPD1",-2.18781414914694,5.48122880036394,-8.99223279917866,1.01078089368516e-16,7.66254190276789e-15,27.3930468028529
"PGAP6",1.7728219060699,9.1114164347482,8.96403380883631,1.2207237215293e-16,9.20058763295988e-15,27.2081362361757
"HMGCR",-1.5007025831876,7.79832018734424,-8.95655970220036,1.28327998954037e-16,9.61648723196376e-15,27.1591714175211
"TLCD3A",-1.35376427526665,8.6435175708564,-8.95557619209113,1.29174510953483e-16,9.6246082761284e-15,27.1527296102878
"KRT15",-6.18519155707091,5.95790755781273,-8.94212718000088,1.41321691153898e-16,1.04698496077027e-14,27.0646743759392
"LGALS3BP",1.907466902632,11.7825155320815,8.92424886190332,1.59240850584519e-16,1.17307426597262e-14,26.9477152572222
"CDCP1",-2.25660559338724,6.91535058617763,-8.91006293605666,1.75048730494494e-16,1.28228112186388e-14,26.8549900816796
"CTSV",-1.80673874712832,8.42887944528052,-8.90715350127785,1.7847834454094e-16,1.30010007512252e-14,26.835981399628
"FERMT1",-2.66035326439915,6.41380825386257,-8.90380693460753,1.82505770972462e-16,1.32205152650552e-14,26.814120361856
"PID1",-2.81710658808444,6.02273741074654,-8.8940558784606,1.94762115611e-16,1.40304045605073e-14,26.7504449458271
"ALOXE3",-1.52156766047341,6.93213907874426,-8.87519115703244,2.208385799152e-16,1.57350505110071e-14,26.6273502810695
"OSR2",-2.05320942751303,7.20896787634416,-8.871953313932,2.25650240889581e-16,1.59905081030394e-14,26.6062354359174
"VAV3",-1.73822877746845,7.74567608232295,-8.86846901993815,2.30944389425151e-16,1.62772102362949e-14,26.5835175131227
"JAG1",-1.52783838513583,8.780535224335,-8.86369318948007,2.38401708748788e-16,1.67124724751368e-14,26.5523855551125
"BACE2",2.07048102897974,11.2096383149501,8.86119915428898,2.42390538230879e-16,1.69012311657349e-14,26.5361309930755
"PTK6",-3.57350685542024,5.02597031554032,-8.86002823742738,2.44286014849002e-16,1.69427944022135e-14,26.5285004411966
"ELMO3",-2.08534958493683,6.04673351992244,-8.84752895578864,2.65459305857116e-16,1.83138830109573e-14,26.4470759541657
"ADIRF",-4.1846219600727,6.24018642291923,-8.83703333537333,2.84637665454832e-16,1.95336343150818e-14,26.3787464229967
"IRX4",-2.49054933346884,5.89258532863476,-8.83472442720933,2.89037733957041e-16,1.9731743523905e-14,26.3637199709348
"COL17A1",-3.70757257045808,5.55470161436773,-8.82992577781359,2.98399507567215e-16,2.02647457248381e-14,26.3324962173783
"AHNAK",-1.75080754669782,10.2441432260059,-8.82397100453787,3.10436025111609e-16,2.09288617827152e-14,26.2937611316789
"CEACAM6",-1.73795762233098,6.98846139608326,-8.82350944781136,3.11388847752645e-16,2.09288617827152e-14,26.2907592841458
"AZGP1",-2.57094807295518,7.78153117219244,-8.81358696944214,3.32588802169385e-16,2.22391045717262e-14,26.2262442497859
"CHST6",1.63249951781335,10.0930206642978,8.80306383701879,3.56637872664302e-16,2.3725516437091e-14,26.1578619719362
"CERS2",1.16359053021937,10.347055010767,8.78399829728349,4.04685170343095e-16,2.67852281020488e-14,26.0340690823327
"LRRC8D",1.05738155791821,9.60769638129478,8.77377739690418,4.33032526410622e-16,2.8373422672704e-14,25.9677580153944
"NFKBIE",1.07286304238504,8.31288955097723,8.76720358158451,4.52296747820926e-16,2.94874864741852e-14,25.9251282352014
"SRD5A1",-1.53818711653159,7.60681378140602,-8.76531967780365,4.57972492406455e-16,2.97089717835212e-14,25.9129143799634
"AKR1C2",-2.76601955616642,7.62686493802512,-8.74946955415211,5.08609486585027e-16,3.28304905721889e-14,25.8102042454498
"KRT7",-2.87606941365723,5.01235293584139,-8.74761940688422,5.14870853719361e-16,3.30709411903781e-14,25.7982210262809
"MYCL",-1.19063194095407,7.08447925542238,-8.74593114469181,5.20651046043758e-16,3.32782793596302e-14,25.7872873968162
"BCL6",-1.44076320542577,8.70624857751125,-8.74146273151926,5.36262273144169e-16,3.41088964854967e-14,25.7583537387156
"GP1BB",-2.48326772361945,5.15395650496598,-8.73799323110379,5.48703041036566e-16,3.47307716120184e-14,25.7358931620432
"CHRDL1",-2.67714621991556,6.99261540027287,-8.71876956099581,6.23003284683529e-16,3.92431875796547e-14,25.6115233659359
"LMOD1",-2.0481124461113,5.58557367646044,-8.71384851347569,6.43575784786385e-16,4.03441570087965e-14,25.5797075997936
"JMJD7",-1.60015893945677,6.19163525906271,-8.70180729423443,6.96799408070989e-16,4.34716147456346e-14,25.5018953124072
"EHD2",-1.63186031209823,7.28930580407301,-8.69558806285195,7.25975894680248e-16,4.50761890035036e-14,25.4617263186937
"KRT31",-1.81796426647524,6.69802914956263,-8.67479434335889,8.32607160780824e-16,5.14519657318539e-14,25.3275256797274
"CYB5A",-1.35861735212795,8.78636946551729,-8.6566207360647,9.38432670374748e-16,5.77180357972469e-14,25.2103647813216
"MYLK",-2.3511723163302,8.34919109894621,-8.65070142301132,9.75700994140926e-16,5.97284754112842e-14,25.1722306165156
"ECHDC2",-2.03893788668064,7.78139688502448,-8.63886743563555,1.05466421438985e-15,6.42605920160244e-14,25.0960309219864
"GDPD2",-1.51500930174151,6.82061879023791,-8.62502974992749,1.15506422270784e-15,7.00506158134301e-14,25.0069949889685
"TOB1",-1.58732181893854,9.25394392149793,-8.61629311735404,1.22327570266632e-15,7.38439439216028e-14,24.9508173696081
"MINK1",-1.07365620482655,8.28917118315843,-8.61377966194963,1.24362907984086e-15,7.47266339725576e-14,24.9346607959132
"GJB3",-1.91351271117916,7.22518511019903,-8.61241449449527,1.25482423555287e-15,7.50534550796969e-14,24.9258864394026
"SLK",-1.02880069721672,8.3464431225645,-8.6096483224338,1.27781569924892e-15,7.57338131932121e-14,24.9081095160141
"KIF23",2.09004408978754,6.56940613145307,8.60431935082716,1.32329202805527e-15,7.80742296552611e-14,24.8738706833436
"PLAGL1",-1.76550380868718,7.31332119658177,-8.59273353653155,1.42777400866625e-15,8.38592130585552e-14,24.7994679568335
"WDR47",-1.2147643175177,8.07309228012653,-8.5723732191106,1.63157376832963e-15,9.49736177020092e-14,24.6688380533481
"AEN",1.65560778286169,8.30585363283573,8.55233172543166,1.86029442938895e-15,1.078061291769e-13,24.5404057378457
"ST20",1.01080284443538,7.58062238952381,8.5476571100545,1.91805753461925e-15,1.10661735371241e-13,24.5104710755123
"LRP4",-1.76514681625097,7.18256647640932,-8.54528213301262,1.9480821517108e-15,1.11898868617432e-13,24.4952656840118
"SNX10",2.47337148004994,9.48672860904042,8.53402959418984,2.09679240705454e-15,1.19912614892913e-13,24.423252191809
"ADRB2",-1.46078095468747,7.31989850932249,-8.51319096319307,2.40251614970194e-15,1.36334087287165e-13,24.2900168521746
"ABLIM1",-2.48700685555312,8.23208510181933,-8.51304221363183,2.40485007102139e-15,1.36334087287165e-13,24.2890663898876
"GJB5",-2.89652520992897,5.14770684629273,-8.51224531751198,2.41739191264961e-15,1.36451831814019e-13,24.2839746211458
"GDF15",3.71030305702538,9.08569071053765,8.4978405266384,2.65560995678549e-15,1.49252147528129e-13,24.1919769335732
"CMC2",1.14750442644656,9.43557444031815,8.49478900781539,2.70898558822271e-15,1.51598554012172e-13,24.1724982611197
"KLF5",-2.8266271703073,7.98236984244115,-8.49340863025208,2.73347844460595e-15,1.52315493329987e-13,24.1636881061574
"CASQ2",-1.7360201448477,5.64031753109517,-8.49214487218886,2.75609444852909e-15,1.52922193678174e-13,24.1556229053644
"SDCBP",1.18730335565971,12.5386019309399,8.48519180130146,2.88388320993215e-15,1.59334547348751e-13,24.1112599090931
"PPL",-4.31452054819191,7.15386366702059,-8.4828933996682,2.92740302809343e-15,1.61056574191182e-13,24.0965993849293
"ACOT7",1.56516295403286,9.60952896876874,8.47831889386025,3.01596668363572e-15,1.65211851495904e-13,24.0674265911629
"CEP170",1.46182899756912,9.19685120839839,8.47769387971672,3.02827153213599e-15,1.65211851495904e-13,24.0634413395766
"NME1",1.20232919367437,11.1107304177371,8.47311111054709,3.12002672633118e-15,1.69508452019301e-13,24.0342250022036
"GJB1",2.62852826955453,8.79947800464847,8.46473959585002,3.29480968147987e-15,1.77925601681235e-13,23.9808752770184
"PPP1CB",-1.14799794393251,8.51312855788158,-8.46439322149988,3.30224676791616e-15,1.77925601681235e-13,23.9786684944439
"CLEC3B",-2.77060940463525,8.00464979415265,-8.45045630875668,3.61570022507667e-15,1.94012819896192e-13,23.8899135183694
"FBLN1",-1.91533338541555,8.01802275188255,-8.44879626414184,3.6549482798514e-15,1.9467903196258e-13,23.8793467887848
"FAT2",-1.96624793956543,6.29790464013205,-8.44866889353131,3.65797705581962e-15,1.9467903196258e-13,23.8785360769699
"SEMA3G",-1.82029636421226,7.23314135464848,-8.44055145977823,3.85622238226922e-15,2.0439546196101e-13,23.826881686206
"MPV17",1.2119424503535,9.16755706405924,8.43965597870052,3.87873370173773e-15,2.04756310675945e-13,23.8211849530843
"EMX2",-2.4535118071109,5.49931909607281,-8.43569794016204,3.97980412166917e-15,2.09244620735663e-13,23.7960090357286
"AGR2",-2.23322171285745,4.20573680860454,-8.4332781845907,4.04287474574561e-15,2.11648947206325e-13,23.7806206737656
"TYMS",1.78183814993757,9.61779037843113,8.4327035274509,4.05799806745772e-15,2.11648947206325e-13,23.7769664927846
"GPSM2",-1.42729333488208,7.27732685378612,-8.41414043216905,4.57786710200319e-15,2.36868290250078e-13,23.6589948202903
"POU2F3",-2.49511336335913,4.99530551120901,-8.41131912334908,4.66245644222406e-15,2.40291579249642e-13,23.6410766520955
"TMT1A",-1.81953380685275,7.86509987995317,-8.40345257936762,4.9065807592719e-15,2.51877584724985e-13,23.5911325224675
"CYP3A7-CYP3A51P",-1.73598045787997,5.26662956499702,-8.39926403006058,5.04168934235673e-15,2.57125110965062e-13,23.5645495751982
"CDK5R1",1.65417585684706,6.97975018728406,8.39906372488649,5.0482420743198e-15,2.57125110965062e-13,23.5632784948924
"PARP1",1.06120007813448,10.1867113090441,8.39182871524639,5.29066897182529e-15,2.68424251842918e-13,23.5173776767663
"RBP4",-2.39502276404872,4.4116653769222,-8.38843272941714,5.40840358676248e-15,2.73334009177504e-13,23.4958397078302
"LINC00302",-2.59659109222435,5.13154680560439,-8.38735190709503,5.44641615117774e-15,2.74192355966048e-13,23.4889858808871
"LRIG1",-2.7308815150284,6.86026746204252,-8.38454824067646,5.54625964364432e-15,2.78144921128763e-13,23.4712091036549
"SCGB2A2",-4.32491281071532,6.39231296889236,-8.35055757285348,6.91104064962054e-15,3.43942973398482e-13,23.2559354921563
"LAMA3",-2.75031532620521,6.06065035547271,-8.29049553499575,1.01834111804214e-14,5.00053352794654e-13,22.8766620271584
"SGMS1",-1.59352988255945,6.97456564774004,-8.29022374535814,1.02012571396102e-14,5.00053352794654e-13,22.8749490278391
"HEXA",1.14138490108868,9.82480826614399,8.28694960249663,1.04186901926483e-14,5.08798881730117e-13,22.8543155245771
"ANP32A",1.04353535585899,9.68972531870529,8.27889358193553,1.09734220101995e-14,5.33889737279818e-13,22.8035651407066
"TIAM1",-1.97205065040345,7.64360175744588,-8.271823506244,1.14843034876313e-14,5.56668524814962e-13,22.7590473693213
"ZNF750",-4.3752343599244,5.02239375052908,-8.27070496688914,1.15672591553862e-14,5.58612933804005e-13,22.7520061629463
"EML1",-1.291211899371,6.36876404746437,-8.26716139392113,1.18340040210265e-14,5.6938589826629e-13,22.7297026913259
"GSN",-1.18379166057441,10.5786711337996,-8.26323524379731,1.21366665275759e-14,5.81801451665669e-13,22.7049971591722
"GPR87",-2.94234909471385,5.68768958241374,-8.2566411515078,1.26623429393511e-14,6.04777617531863e-13,22.6635174234959
"ARHGEF5",-2.1502166850376,6.83376860702205,-8.24761514066947,1.34186237486359e-14,6.38559981965195e-13,22.6067683070431
"SSR4",1.05334832046804,11.6621665280319,8.22605507400808,1.54109989873373e-14,7.25429659912966e-13,22.4713474479802
"SFTPD",-1.85157306311542,4.10216280019852,-8.2200084967628,1.60205700973289e-14,7.51410839924716e-13,22.4334021871678
"TSPAN8",-2.1429511679339,6.71220545093407,-8.20041003979005,1.81652028802659e-14,8.48946524572712e-13,22.3105145324173
"SPINT2",-2.75735280496742,7.95688590699954,-8.18502913987247,2.00453676307113e-14,9.33469816203019e-13,22.2141819995291
"HLA-DQB2",-2.6198335433188,7.25977668104434,-8.16343329324645,2.30145040863797e-14,1.06792213089788e-12,22.0790882512349
"ZNF185",-1.77555820699198,8.19359853928748,-8.1587392604052,2.37153535453005e-14,1.09654076197579e-12,22.0497499154166
"DUSP7",-1.28630101923472,7.7420009987201,-8.14772148138066,2.54444769414044e-14,1.17233404536739e-12,21.9809230282592
"SGCG",-1.7028250916553,4.52386367365575,-8.14108515286694,2.65456131653624e-14,1.21448508794092e-12,21.9394908026697
"EPCAM",-2.41416878225898,5.47468195480662,-8.13954020911207,2.68086538739891e-14,1.22223090161869e-12,21.9298479555423
"ALDH2",-2.74874076402662,9.4394641688921,-8.13661672875425,2.73134842253368e-14,1.24090773802845e-12,21.9116036055156
"TPX2",1.48826426851568,9.14823838390627,8.13515853656934,2.75687932258282e-14,1.24815796830407e-12,21.9025048959501
"ATP2C2",-1.49514124938289,5.82979677274122,-8.12809706500747,2.88389729900145e-14,1.2997421491207e-12,21.8584557719182
"AQP3",-3.37629188256351,8.3270076965026,-8.12772476288782,2.89075253658257e-14,1.2997421491207e-12,21.8561339432325
"SERPINB5",-5.19518502054301,6.52075607224622,-8.1266438794126,2.9107464954765e-14,1.30423448640956e-12,21.8493934367574
"B4GALT5",1.06706154894621,9.94500551746096,8.12295519482354,2.98001538991625e-14,1.32496977877208e-12,21.8263940540049
"KIF20A",1.79663516732709,8.11292712837458,8.12294020181172,2.98030024373919e-14,1.32496977877208e-12,21.8263005823479
"CYP39A1",-2.52782324025066,4.54886508418976,-8.10618597751123,3.31606323549904e-14,1.46569995009058e-12,21.7219073732904
"SRM",1.23759201627498,10.2630216523956,8.1037049979085,3.36886813149752e-14,1.48400917454717e-12,21.7064586829416
"ST3GAL5",1.37635989874138,9.63056221251043,8.08392536676505,3.82072599526411e-14,1.67175994135063e-12,21.5833858720327
"IL20RA",-2.42307951320936,4.98914915628842,-8.07342054341506,4.08458631061604e-14,1.78123481284691e-12,21.5180893995912
"SERPINB7",-3.50159125377066,5.34717957106722,-8.07272142486826,4.102773440072e-14,1.78320209616996e-12,21.5137454234703
"C2CD2",-1.48766208492688,7.85570762671361,-8.07012769319725,4.17095078662187e-14,1.80197111852464e-12,21.497631055185
"MGST2",-1.43726764140804,8.93126554055262,-8.07002787905927,4.1735967313018e-14,1.80197111852464e-12,21.4970109851798
"PARD3",-1.40704431317397,7.45361292147117,-8.06242895462844,4.37998902847866e-14,1.88484082317932e-12,21.4498169006753
"UBE2H",1.15352457047833,8.86277691765784,8.05942218010418,4.46441657898217e-14,1.9148528872812e-12,21.4311496586368
"PTGS1",-1.48094327929817,7.77710170177234,-8.05861995970795,4.48721312020276e-14,1.91832038932209e-12,21.4261698017955
"EPS8L2",-2.48335981513335,6.52975992434144,-8.05758458236273,4.51680561763676e-14,1.92466106040411e-12,21.4197430027377
"EPHX2",-2.33177829971288,5.65185969581909,-8.05576707543814,4.56922031138209e-14,1.94065353876583e-12,21.4084624583816
"INHBB",-1.80214765659458,7.39470331068341,-8.0551669831267,4.58665809189747e-14,1.9417348980601e-12,21.4047382294092
"PTPN13",-1.73201228613025,6.8094440337334,-8.04356024062962,4.93718994830028e-14,2.08336633449474e-12,21.3327356054626
"TUBA4A",-2.37610513308064,9.3693508220621,-8.04297197179602,4.9556453806294e-14,2.08440839090409e-12,21.3290877853791
"VIPR1",-1.77705105823913,7.02880227060152,-8.039136354066,5.07766324251902e-14,2.12886337682333e-12,21.3053069366895
"SYT17",-1.82001494670204,5.73343291868955,-8.033205683729,5.27220556410195e-14,2.20334257533094e-12,21.2685490114232
"ZNF273",-1.17631215298602,7.33284119203733,-8.02404071548875,5.58744207415344e-14,2.32021201289448e-12,21.2117744333163
"TPM2",-1.98735632202314,7.36434726223641,-8.02311580917566,5.62027288754096e-14,2.32643613271894e-12,21.2060468611932
"HSD11B2",-2.29105364723282,5.57893018418965,-8.01526337837682,5.90680727574174e-14,2.43730569836698e-12,21.1574345654732
"CENPN",1.47037969946819,6.80515157562694,8.00130502182524,6.45227511160203e-14,2.6456356974899e-12,21.0710869096039
"ITGB4",-1.73147684716975,6.51360785404925,-7.97869421389544,7.44348562822724e-14,3.02353922450015e-12,20.9313909365724
"POF1B",-3.43356472031929,5.2579920668055,-7.96713172941201,8.00714584373622e-14,3.23235834849773e-12,20.8600392815519
"PIP",-2.85546066886708,7.7064818043286,-7.95171777862368,8.82471814138279e-14,3.54047691832278e-12,20.7650097674311
"PTTG1",1.27540332631702,10.7201654301846,7.94925392020151,8.96284738981651e-14,3.58486402195759e-12,20.7498291690438
"FZD10",-2.07765798327582,6.00652708856902,-7.94232479839267,9.36288034379938e-14,3.733412746263e-12,20.7071507398862
"CRYBG1",-2.26987352265625,8.53913715423536,-7.94019676275235,9.48924511620722e-14,3.76079839119228e-12,20.6940477270051
"ELL3",-1.31552244692889,7.385475411566,-7.92653007704845,1.03419665506749e-13,4.08633035921971e-12,20.6099441633306
"HOOK2",-1.45101163855229,7.55136755913851,-7.91689783389043,1.09880785067988e-13,4.31546854367922e-12,20.5507168373657
"EPPK1",-1.22110637223262,7.29308135542067,-7.91603222682139,1.10480607392365e-13,4.32599591528244e-12,20.5453963124492
"COL7A1",-2.0463849297541,7.22234267249222,-7.91429873761721,1.11691583996607e-13,4.36031905308911e-12,20.534742257721
"HES1",-1.26818609814359,8.96787448063954,-7.90609491499432,1.17603075134382e-13,4.57739252739465e-12,20.4843391490839
"DUOX1",-2.56806383903224,6.3821158477387,-7.89277362003081,1.27868087574832e-13,4.93275737836758e-12,20.4025574799908
"GPM6B",1.85911400291167,10.3000786157334,7.89172704188691,1.28711121943028e-13,4.95063220948421e-12,20.3961356412584
"CRAT",-1.57545324884518,7.81493298161478,-7.88827900461407,1.31527651013162e-13,5.04408541635477e-12,20.3749817535682
"IMPA2",-2.27859323553431,8.32124374390171,-7.88626449386033,1.33201328161526e-13,5.09329066832297e-12,20.3626250302702
"DOK4",-1.19915940789104,6.378756124644,-7.8818762047208,1.36920437323928e-13,5.22019176101374e-12,20.3357140312909
"SLIT3",-1.48157530604064,6.99805817420444,-7.8813283064404,1.37391939065718e-13,5.22289648244283e-12,20.3323546597958
"EFS",-2.14738437212543,6.96391614490372,-7.87303123858595,1.44731549598559e-13,5.47388239064106e-12,20.2814982710887
"ISYNA1",1.67508124389298,8.89216316217057,7.87291848599559,1.44833915543459e-13,5.47388239064106e-12,20.2808073685107
"RORA",-2.18118099344606,7.03421725950128,-7.86676249819326,1.50532860894278e-13,5.64022406092096e-12,20.2430944131272
"MATN4",-1.3763040123728,5.934386568847,-7.8549083846947,1.62138757293044e-13,6.04036358955428e-12,20.17052035755
"LY6D",-4.6750429388439,6.45387461775465,-7.85005854302421,1.67138261831386e-13,6.20887691173629e-12,20.1408461498761
"PDLIM1",-1.57229194504089,10.2411238690915,-7.84833097152957,1.68955724703283e-13,6.25561945996166e-12,20.1302783457564
"PTPRF",-2.05934740502316,7.74486821413458,-7.84795290719761,1.69356060232109e-13,6.25561945996166e-12,20.1279658471148
"CD320",1.668236030969,8.35826275178333,7.83512070988562,1.83514887924569e-13,6.7026628113402e-12,20.0495127948066
"CITED1",3.1457642824311,7.44820535330159,7.82922821195943,1.90402820622106e-13,6.93481111198782e-12,20.0135118137536
"TRIM29",-3.25464314390409,7.72493860574434,-7.81799463049721,2.04249955075292e-13,7.37769527071939e-12,19.944921376055
"ANO1",-2.10720078917372,6.12045203435843,-7.81047653532512,2.14068729574675e-13,7.68937235516304e-12,19.8990483588075
"S100A1",2.91805406870549,10.2814649364177,7.79614759415123,2.34092729247509e-13,8.3855359798304e-12,19.8116873070208
"LCP2",1.63780738624683,8.28904858056918,7.79279353488749,2.39041099859148e-13,8.53933397551623e-12,19.7912513981179
"RHOQ",1.04815751345011,10.0992170230787,7.79217041124763,2.39971744224714e-13,8.54515049550189e-12,19.7874553277582
"EMP3",1.77834785057015,11.3453738967865,7.79180801985589,2.40514627797315e-13,8.54515049550189e-12,19.7852477183719
"MAP7",-1.98470765433397,5.9128091106298,-7.79024496663154,2.42870121504847e-13,8.6053899845155e-12,19.7757266099663
"ACTA2",-1.47117783920136,9.8001533218906,-7.7844427577462,2.51815148571904e-13,8.89815100875082e-12,19.7403928456111
"PAFAH1B3",1.51901203713127,8.60557681488489,7.7684166399005,2.78249633200069e-13,9.80566747917756e-12,19.6428766381044
"KRT10",-2.53935197977045,11.3344261821184,-7.76309685433948,2.87616974609211e-13,1.01084574984623e-11,19.6105320740319
"C11orf24",1.0219499834415,9.43704898066115,7.76010215664941,2.93026642344041e-13,1.0243362974595e-11,19.5923297463353
"PSEN2",1.39027901771905,8.23504149978375,7.7571799796226,2.98402241930319e-13,1.04033872527525e-11,19.5745720939459
"MOK",1.69943142013715,8.99032722264609,7.74867177615137,3.14615258875815e-13,1.0939382294618e-11,19.5228908094867
"MAF",-1.55571659350456,8.19593876616258,-7.74787371618716,3.161799709102e-13,1.09645495763247e-11,19.518044833099
"LIMK2",-1.04326593427338,7.98823700439937,-7.74367476330248,3.24540221196496e-13,1.12246152365547e-11,19.4925526920086
"PLEKHA1",-1.33303332713167,8.09112349746859,-7.74294025327934,3.26024947347192e-13,1.12461356837567e-11,19.4880942455216
"TUT7",-1.01132607445331,7.98155424939082,-7.73161488899676,3.49786303942064e-13,1.20022726765805e-11,19.4193805282641
"AOC3",-1.63276431856601,7.44640614177779,-7.70627530277433,4.09327722579891e-13,1.39717910332963e-11,19.2658491363245
"CRIP1",-3.03238011281091,7.89777279276967,-7.7046576769137,4.134519745387e-13,1.40757187885382e-11,19.2560578972877
"HMGCS2",-2.16731847242936,5.68873713884567,-7.69527454523562,4.38197830489925e-13,1.48793268535368e-11,19.1992867029181
"SLCO3A1",-1.09185048554951,7.55184750554339,-7.69208165383228,4.46947758954772e-13,1.51370177376916e-11,19.1799777357822
"HIP1R",-1.169658213099,7.85113940856925,-7.68756603173968,4.59618093506298e-13,1.55258039410068e-11,19.152677497623
"SLC31A2",-1.4552339475157,7.86131793183157,-7.67731637353486,4.89709926219226e-13,1.64995548526421e-11,19.0907453143677
"SLC18A2",-1.95741231622675,4.90289339488996,-7.67333298122861,5.01923072329912e-13,1.68674611858498e-11,19.0666891413314
"TJP2",-2.29453839655042,6.90061280380761,-7.67058646493328,5.10518781068356e-13,1.71102208047818e-11,19.0501068310548
"PHC1",1.08268387845038,8.42666165732926,7.67019007428412,5.11771310212817e-13,1.71102208047818e-11,19.047713875835
"USP11",1.25366840852611,10.3315512569139,7.66558529649527,5.26546103849594e-13,1.75591678979408e-11,19.0199207402698
"RHBDL2",-1.48925048394803,9.01252843254607,-7.66294202582231,5.35216870789078e-13,1.78027876995377e-11,19.0039710909902
"PLXNC1",2.12138983964512,9.50308722318421,7.65193211657428,5.72876472175868e-13,1.90069626480945e-11,18.9375711005892
"BCL11A",-1.56554734184235,7.45099115225074,-7.65111121475368,5.75787051614702e-13,1.90550440761525e-11,18.9326225268216
"NCAPG2",1.19400791620683,8.65148737044496,7.64425221509622,6.00684356196163e-13,1.98286666340298e-11,18.8912870902333
"FOXM1",1.61659968103847,8.13532239609223,7.64241771905682,6.07521752227444e-13,1.99533403710167e-11,18.8802352516207
"NTRK2",-1.2956272681723,6.9477166866516,-7.63939564473498,6.18953484555779e-13,2.0277724836992e-11,18.8620322766603
"LORICRIN",-5.98712652030085,6.79039482315384,-7.63823742438374,6.23390856470069e-13,2.03719132268502e-11,18.8550570380194
"CST6",-4.49009205559895,7.15794721215151,-7.63332051103623,6.42581149468295e-13,2.09465390197928e-11,18.8254524130643
"TYR",3.24519869780785,11.749938288254,7.63243997322653,6.46078922192966e-13,2.09687072822186e-11,18.820151890453
"TUBB2B",2.57288558639693,7.9649961910093,7.63233992946185,6.46477515718374e-13,2.09687072822186e-11,18.8195496853834
"LIMCH1",-1.749592468324,6.48859292257178,-7.62960114449464,6.57484241026824e-13,2.12201411355167e-11,18.8030655904011
"STARD5",-1.49314136862969,7.34979536896476,-7.62514339059152,6.75796491965102e-13,2.17573097746493e-11,18.7762428278628
"EPS8L1",-1.21383518944288,7.90164377561957,-7.62002657462173,6.97438006514161e-13,2.2398754105759e-11,18.745465727568
"SLC4A2",1.42687286895742,9.3951817722801,7.61063416250031,7.38960072211972e-13,2.36739567114789e-11,18.6890028646462
"ST8SIA1",1.87033428331642,6.5881868975046,7.60613292270646,7.59715821865288e-13,2.42792514737782e-11,18.6619579505881
"MITF",1.84677305112957,10.9858536393704,7.60230742655047,7.77807661688479e-13,2.47966603930466e-11,18.6389805032876
"GPRC5C",-1.90745750205482,5.87687965319321,-7.60167134192014,7.80856882649768e-13,2.48331533972447e-11,18.6351605845041
"NR3C2",-1.72528490899251,6.01399913482282,-7.58949144054708,8.41575826078116e-13,2.66342407675548e-11,18.5620520841763
"YBX3",-1.15653274687006,10.3696008553744,-7.58670333443378,8.56118176518862e-13,2.70288738586669e-11,18.5453264822376
"HPS5",1.48208004107665,9.23041175511524,7.57938625154146,8.9547427542665e-13,2.82031137132563e-11,18.5014491509915
"HOXB7",1.40410590956155,8.72871944692719,7.57426761621321,9.24062904774225e-13,2.90333884707256e-11,18.4707697676714
"AKR1C3",-2.82380386657297,5.99958627639114,-7.56562458414551,9.74396469340616e-13,3.05335073824458e-11,18.4189940711096
"GPR19",1.99537959870185,6.83599403731316,7.56511594865216,9.77441518812172e-13,3.05335073824458e-11,18.4159481995679
"ESRP2",-2.04257690897458,6.79228088487015,-7.56488400768441,9.78833199314545e-13,3.05335073824458e-11,18.4145593032076
"SLC39A2",-1.74226814318463,6.81279419539351,-7.55838012301012,1.01866454233483e-12,3.17001598269781e-11,18.3756233306397
"CRIM1",-1.79633467803174,7.36664929713198,-7.557687254941,1.02300106325726e-12,3.17593115805034e-11,18.3714765920711
"PLAT",1.91420730247294,9.83461372525708,7.54259923975495,1.12208870746328e-12,3.46600915043257e-11,18.2812322480595
"NME4",1.15842009299095,9.88269791631056,7.54226137007983,1.1244128158854e-12,3.46600915043257e-11,18.2792126057695
"MMP11",1.33359770125694,7.36715367307943,7.54065262342361,1.13554430579357e-12,3.49206655736847e-11,18.2695969322966
"PNMA8A",1.62626847730174,8.66940892099347,7.5386756768645,1.14937266565416e-12,3.52627533822695e-11,18.2577821474502
"FRY",-1.22827918203159,6.22806442344655,-7.53729783881822,1.15910860763334e-12,3.54779744951436e-11,18.2495488878339
"MICAL3",1.68309748349685,8.26592953130127,7.52917221877928,1.21820412680881e-12,3.71994463921782e-11,18.2010124607779
"CWH43",-2.54958603086679,5.47419027682599,-7.52673904868069,1.23647198541933e-12,3.76690612567351e-11,18.1864845495986
"SPATA20",1.40558794874689,9.55315864774172,7.50945513371017,1.37425862659897e-12,4.17691334084475e-11,18.083366479511
"SPAG16",-1.51351116701259,6.7150947943708,-7.50865588125609,1.38098457402761e-12,4.18759485133627e-11,18.0786014461916
"TFPT",1.2114829781491,8.70079928300263,7.50810928086485,1.38560308842568e-12,4.1918511995319e-11,18.0753428635437
"WIF1",-2.29848686454108,4.8758417620323,-7.50100018404386,1.44707924892634e-12,4.35761347038118e-11,18.0329745296901
"MTHFS",1.17342862923214,8.0796454897421,7.49581315316711,1.49362656353922e-12,4.48741860875296e-11,18.0020762882636
"GEMIN6",1.25852176722115,7.93071687576791,7.49175543619498,1.5310677280849e-12,4.58764626186049e-11,17.9779140574901
"DSP",-4.52066292433263,8.66985745681577,-7.49115420196398,1.53669368388263e-12,4.58764626186049e-11,17.9743345898325
"AQP5",-1.58361847495761,5.95882619532839,-7.48826051576287,1.56405777400237e-12,4.65610714959291e-11,17.9571093322422
"NUP93",1.37582198332429,8.88728189686135,7.48617096852302,1.58411619434998e-12,4.70507768977891e-11,17.9446733456798
"HYAL1",-1.80148673390954,5.90667864370964,-7.46534588668476,1.79843577440026e-12,5.32950092327387e-11,17.8208457905956
"VWA5A",-1.07775449278617,7.9447117490936,-7.46125956330812,1.84373285986277e-12,5.45134529699563e-11,17.7965724235525
"CD34",-1.07941621063509,8.28629679846912,-7.45482372131532,1.91736881435147e-12,5.65623800233684e-11,17.7583587191446
"GDF1",2.61304209897637,6.87105211175113,7.45263350411113,1.94308464192531e-12,5.71916041671877e-11,17.7453585106996
"PDGFC",-1.74243833056205,7.90928688806453,-7.44881711037648,1.9887099548944e-12,5.84026781573605e-11,17.7227114787107
"PLPP1",-1.01733245097667,9.30240758113437,-7.44761152718769,2.0033414599184e-12,5.86029910662676e-11,17.7155588209609
"CD248",-1.22746940981499,8.84316470884688,-7.44751481264777,2.00451982633295e-12,5.86029910662676e-11,17.7149850491103
"LCE2B",-3.64646328931724,6.63165307182465,-7.44284753318517,2.06220657360826e-12,6.01546118865282e-11,17.6873011124255
"LEPR",-1.06319838389978,6.39863924193193,-7.44228464142665,2.06927364122234e-12,6.02260245712011e-11,17.6839630281956
"MAD1L1",2.86167015865289,8.90455221598127,7.44082984077955,2.08764951718538e-12,6.0625527961203e-11,17.6753364112762
"SNCA",1.45573952775235,9.42483716087737,7.43697923087981,2.13706854189447e-12,6.19227482616933e-11,17.6525081156815
"UPP1",1.98599167986466,8.71262669473333,7.42248054630597,2.33372698138465e-12,6.73563654077064e-11,17.5666166279585
"PER3",-1.09671724187604,7.62209390435519,-7.42239602589514,2.33492423991742e-12,6.73563654077064e-11,17.5661162174978
"RAB25",-3.34722888000022,6.99069926506488,-7.42008115141494,2.36795195067331e-12,6.81583344035968e-11,17.5524121362826
"PIK3C2B",-1.62316754636693,8.25429448481325,-7.41395175746421,2.45764762011769e-12,7.05842892482699e-11,17.5161385066037
"SDC1",-2.30432646821181,8.84395587226942,-7.40753237616912,2.55518315458848e-12,7.30636691944719e-11,17.4781681285226
"GABARAPL3",-1.24428761365398,8.51293678220787,-7.40675929224287,2.56718413761398e-12,7.32462012480278e-11,17.4735967083173
"STXBP1",1.74067656586082,10.6147538063469,7.40020533956726,2.67118549456132e-12,7.60471346366484e-11,17.434853282849
"PAK6",-1.81495625152458,6.42153616076269,-7.37882851712422,3.04016375053949e-12,8.59884927186212e-11,17.3086293129258
"SMAGP",-1.56439976077663,7.3306900491823,-7.37513051396956,3.10891138844303e-12,8.77426311556465e-11,17.2868161196413
"OPN3",1.21238855597356,9.40956965890964,7.36971265469266,3.21241145259004e-12,9.03268464540214e-11,17.2548700928229
"SFN",-3.44554096416829,10.2503984746782,-7.36961382926104,3.21433060469867e-12,9.03268464540214e-11,17.254287507933
"STAP2",-1.31637233368954,8.13245163175544,-7.36105367166151,3.38493202031488e-12,9.49164056191092e-11,17.2038426093788
"LY6G6C",-2.36286743462092,8.11720352265279,-7.35251516100967,3.56399848805735e-12,9.95095851943894e-11,17.1535607847411
"BCAM",-1.2373935848284,7.16602984500258,-7.33740387868448,3.90410633619054e-12,1.08540815602534e-10,17.0646601370931
"CITED2",-1.76710544259599,7.37178548622839,-7.33665716806427,3.92171859452864e-12,1.08798486710764e-10,17.0602700809914
"GAN",-2.01777474650871,4.78165671274337,-7.3361840542734,3.93291822738138e-12,1.0887753878307e-10,17.0574886945745
"CYBA",2.11761895741389,10.0752117468938,7.33484227165946,3.96485312442488e-12,1.09529067562237e-10,17.0496010903264
"TMEM45A",-2.58862633704616,9.48946455956118,-7.33345225750691,3.9982058106716e-12,1.102169250853e-10,17.0414308875824
"COL4A5",-2.56648426807468,6.46794578028087,-7.33306395743831,4.00757224816608e-12,1.10242055999657e-10,17.0391487125469
"HEY1",1.93523589932878,9.86162930870084,7.33005418144052,4.08091117255736e-12,1.12023159534685e-10,17.0214617099587
"GSTA3",-1.84983333364496,5.35808748716435,-7.32679184213799,4.16190048688633e-12,1.14006345480065e-10,17.0022955213893
"TLE4",-1.40753371687968,6.30372253476427,-7.32586580180428,4.18517755601823e-12,1.14403627154972e-10,16.996855999495
"TP53AIP1",-1.46212316003697,5.3776157681837,-7.31903344857706,4.36093302906871e-12,1.18958589468675e-10,16.9567360304514
"CCDC28B",1.10017510237618,6.47520865923238,7.31768705869369,4.39641692558377e-12,1.1967615927492e-10,16.9488326512705
"CDCA3",1.29363833702827,7.43972816584932,7.31578675362045,4.44698448487159e-12,1.20549336170978e-10,16.9376792742191
"METRN",2.00975575048098,8.60424505655986,7.31233990693765,4.54017473675253e-12,1.22124761375379e-10,16.9174533711856
"PPIB",1.15141461235039,11.5258239131467,7.31225240709145,4.54256532456928e-12,1.22124761375379e-10,16.9169400029095
"GHR",-2.20123464629693,6.21022081670401,-7.31102807085211,4.57614604860373e-12,1.22522316894752e-10,16.9097571231312
"PKP3",-2.01424689321132,7.60867502492065,-7.31060559729422,4.58779027699745e-12,1.22582371765922e-10,16.9072787454666
"MMP7",-1.60003837425855,7.27864949267487,-7.30799893846617,4.66028452669893e-12,1.24264723811099e-10,16.8919891126116
"SCGB2A1",-2.37428633834123,3.97670967428679,-7.2943166362854,5.05974776399151e-12,1.34640920601399e-10,16.8117889292124
"ICAM1",1.18647856575496,8.95474968086969,7.29340716248087,5.08746674355444e-12,1.35102808287589e-10,16.80646122455
"DSC1",-3.9768353334002,6.61602662159909,-7.29187445764623,5.13451999068524e-12,1.360752157694e-10,16.7974835500906
"HJURP",1.59466084517369,7.7999139518036,7.29043033412352,5.17924659998806e-12,1.36977939133228e-10,16.7890257920183
"HMG20A",1.01690082981909,9.25529523412036,7.29009802730363,5.18959290833764e-12,1.36977939133228e-10,16.7870797254531
"ZEB1",-1.18809586915713,7.90458360712953,-7.28949967527443,5.20827392526516e-12,1.37193300427338e-10,16.7835757731497
"CCL14",-2.29590894822801,8.3019093697265,-7.28719766183265,5.28076526595168e-12,1.38822375610371e-10,16.7700968183299
"QPRT",2.18323483558913,8.23096760436314,7.28663842635201,5.29852557566392e-12,1.3900900398608e-10,16.7668227275103
"RAB27A",1.58299010393384,9.6229632024456,7.28255608717197,5.42997086478901e-12,1.42171466076273e-10,16.7429270084991
"WARS1",1.71070533851137,10.7733852788116,7.27658660331773,5.62799082690924e-12,1.47060866517173e-10,16.707999824792
"AOX1",-1.56101681645037,6.36708187233431,-7.26752787181956,5.94217272295939e-12,1.54959980269335e-10,16.6550312545267
"RNF39",-1.74414113327764,7.65003173103879,-7.24867566528804,6.65253730253855e-12,1.73138590594411e-10,16.5449282891744
"TFAP2C",-2.29460254783706,7.6278814689537,-7.24536387269722,6.7857035004286e-12,1.7625256562169e-10,16.5256045792103
"LGALS7",-5.39706414494611,7.27060865420004,-7.23279932097166,7.31526264504654e-12,1.89253392120559e-10,16.452342338516
"PKN1",1.51509339716201,8.20657031031547,7.22970150393799,7.45196904494668e-12,1.92408365103089e-10,16.4342914660401
"COL21A1",-1.82662983072109,6.09305650822053,-7.22778790200885,7.53767202016351e-12,1.94236572076901e-10,16.4231433660656
"PLP1",2.17188641630479,10.2139859088991,7.22704450792829,7.57122738857308e-12,1.94716437711251e-10,16.4188130567025
"PTGER3",-1.06355728327082,6.20473647081799,-7.22365685136402,7.72601470715894e-12,1.98306113713869e-10,16.3990832736971
"KLF10",-1.2263434769981,9.34484023113897,-7.22094306004101,7.8522602155692e-12,2.00856500985852e-10,16.3832822312355
"PCOLCE2",-1.5866272076353,7.03813054312824,-7.22085935219465,7.856186479238e-12,2.00856500985852e-10,16.3827949010374
"ARHGAP29",-1.48892877661242,8.16142625845083,-7.22016841387943,7.88866854606482e-12,2.01292268438629e-10,16.3787725312763
"EFEMP1",-2.08604959841645,7.89596099509247,-7.21810325197555,7.98654668198542e-12,2.03391762082828e-10,16.3667513975824
"ACSL1",-1.45588967733151,9.43885203122859,-7.2173691505486,8.02162711818885e-12,2.03886931762309e-10,16.3624787686644
"G6PC3",1.00511781471013,9.55900171544502,7.21303394743651,8.23191345670018e-12,2.08598847960221e-10,16.3372524463747
"TBX2",1.33812325908709,7.9625689064594,7.21288962930718,8.23900657255265e-12,2.08598847960221e-10,16.3364128284006
"RCN2",1.38926033699506,9.41335490213156,7.1985234731923,8.97610434982753e-12,2.25509488665513e-10,16.2528852284276
"TNFRSF25",-1.09753356160748,6.47968854413941,-7.19727685875749,9.04305068453561e-12,2.26319266555969e-10,16.2456420521078
"TIMP2",1.43125640737235,10.214913726226,7.19255661767485,9.30103143918317e-12,2.32329787232777e-10,16.2182232108607
"TRPV2",1.54285827420177,9.0274361629025,7.18857434505489,9.52431355600995e-12,2.36925208607443e-10,16.1950997723198
"CEP55",1.75849159773576,7.63707842636154,7.18830658427582,9.53951487989169e-12,2.36925208607443e-10,16.1935452803589
"ITGAX",1.89296886285179,6.44226885145707,7.17503023625169,1.0324011427637e-11,2.53511836167531e-10,16.1165143569366
"GAS6",-1.25863010479514,9.59167420446668,-7.17020840958424,1.06244049405391e-11,2.59742127150976e-10,16.0885595406414
"ISOC1",-1.08073566126703,8.24048009390425,-7.16978751971911,1.0651031195776e-11,2.59742127150976e-10,16.086119964121
"PBX1",-1.56116914989763,7.01224191473557,-7.1696867584062,1.06574152945603e-11,2.59742127150976e-10,16.0855359411462
"MINAR1",1.6570825802953,6.36669586438335,7.1675967394877,1.07906901438918e-11,2.62010817106527e-10,16.0734231311703
"ALOX15B",-1.99354274602545,7.46622182439105,-7.16488093001498,1.09663277339671e-11,2.65780571232708e-10,16.0576868152597
"EN1",-1.43803537216925,6.78637229258154,-7.15936671773483,1.13316620518044e-11,2.7412530889328e-10,16.025747073477
"TMCC2",1.09232585653692,7.99845442351292,7.15463752294153,1.16545272383505e-11,2.80893494752038e-10,15.9983666026335
"CPA4",-1.01697161940792,8.18645096905379,-7.14796412046592,1.21256072492003e-11,2.91708105022737e-10,15.9597490714036
"GPR143",3.68523374275504,9.21766777035225,7.14072860036382,1.26575916582511e-11,3.03945373171152e-10,15.9179041869464
"HMGCS1",-1.2541220474095,8.11434275724724,-7.13629477403018,1.29948869235947e-11,3.11471195949911e-10,15.8922753471347
"PRDM13",2.0916069382103,5.82316361932876,7.13009041585002,1.34817937026637e-11,3.21958073423136e-10,15.8564290665135
"ACSBG1",-1.99443991511756,6.59839547959356,-7.12881092316863,1.35844207410428e-11,3.23815835543796e-10,15.8490391071312
"DUSP1",-1.97060380026879,9.31993136725238,-7.12834829012056,1.36217174225312e-11,3.24112360351067e-10,15.8463672847191
"ALOX12B",-2.7216976367142,5.68821033008727,-7.12614887735252,1.38004157033581e-11,3.27766157297062e-10,15.8336666109602
"DBF4",1.44828227881005,7.70712954749777,7.12311010791204,1.40511180866132e-11,3.33113688602454e-10,15.816123059086
"SOSTDC1",-3.3945638372441,5.39319512840796,-7.12145377695464,1.41896526385852e-11,3.35787442385686e-10,15.8065626387916
"CDK2",1.8031079708844,9.29603099352024,7.12114714445176,1.42154465130121e-11,3.35788418628922e-10,15.8047928947988
"GSTO1",1.3743226363541,11.736395850389,7.11447413546496,1.47883684345559e-11,3.48060534328835e-10,15.7662911730302
"CRLF1",-1.48751733495119,5.5806120551571,-7.11047979311414,1.51421374214989e-11,3.55104909782238e-10,15.7432556018104
"ATP6V0E2",1.65241568461806,10.0350741707549,7.10595197766959,1.55532501756372e-11,3.64091255009216e-10,15.7171533109395
"GATM",-1.59752671659438,8.2429398693662,-7.10137634509214,1.59798792352756e-11,3.73407966574836e-10,15.6907859979054
"LSM7",1.01281955161387,9.61794477132463,7.099688242776,1.61401725965255e-11,3.75806625868029e-10,15.6810609255157
"BSPRY",-1.48277172830454,6.5327547865518,-7.09545459629308,1.65491826640212e-11,3.84643124342554e-10,15.6566775125109
"ME1",-1.60602012677908,7.12007501692731,-7.09462559182449,1.66304602274464e-11,3.85844432216502e-10,15.6519039886133
"TIMP1",1.23432491717089,12.3359194080408,7.09066539470532,1.70241890564981e-11,3.9427779948078e-10,15.6291054734936
"DOCK9",-1.04674196843859,6.86438166896768,-7.08864552231922,1.72285318382019e-11,3.98302884110488e-10,15.6174803346329
"KPNA2",1.07273815213911,10.4278846547778,7.08630216904366,1.74686307180477e-11,4.03138895455971e-10,15.6039960591027
"SLC7A5",1.9601185300856,10.5382481790473,7.08483712711093,1.76204106073286e-11,4.05207290844723e-10,15.5955672497747
"SDC4",-1.22792936848172,9.57395621414507,-7.07427291064159,1.87540295460547e-11,4.29760617312841e-10,15.5348208623393
"MFAP4",-3.0776458475876,6.15608835611562,-7.06493386842672,1.9815842875824e-11,4.52502233376303e-10,15.481167223468
"F2RL1",-1.6054682530549,6.42483115557535,-7.05987021220295,2.04161098930482e-11,4.65394505061985e-10,15.4520948257146
"DMD",-1.0787608881802,6.88755358468295,-7.04918861675858,2.1741736806599e-11,4.94747829356448e-10,15.3908110161649
"MSMO1",-1.70651691118079,9.07234286943188,-7.04701208099823,2.20220778046303e-11,5.0025413326581e-10,15.3783307375611
"IGFBP6",-1.3942503739983,7.84975298355095,-7.04631855762706,2.21121507460832e-11,5.00556134684338e-10,15.3743545812675
"LYPD3",-3.90138182577515,7.77672332703906,-7.04494090541752,2.22921547422458e-11,5.03756335674426e-10,15.3664568669533
"BIRC5",1.21573516319787,8.14419336426669,7.02270176151426,2.54058851052978e-11,5.72137022259029e-10,15.2391016029367
"NES",1.96006000992473,10.6706415451534,7.02188299165986,2.55283527110638e-11,5.73903777585451e-10,15.2344177043515
"HSD11B1",-1.59787387594938,7.2037482587877,-7.02039752567992,2.57520282768389e-11,5.77935794667303e-10,15.2259207562609
"CKMT1B",-2.27795862780373,7.50355775335029,-7.01662471243734,2.63288409558277e-11,5.89865562238895e-10,15.2043452030603
"SPINK5",-3.41184321963982,7.94111453917468,-7.00354009845368,2.84296797443547e-11,6.33665972968616e-10,15.1295756472439
"CALML5",-4.19330356571691,6.72212180064836,-6.99781027375484,2.94008557421169e-11,6.54194126316489e-10,15.0968616941922
"LAMC2",-1.60299368699534,6.13836889023978,-6.99114951001322,3.05709564922972e-11,6.76765198137629e-10,15.0588541293412
"EGLN3",-1.2336511572005,7.42570557334016,-6.98886223002884,3.0983252602326e-11,6.84729882511404e-10,15.0458078197381
"MYO10",1.5697087615378,9.98194615277254,6.98295997294271,3.20726462567808e-11,7.06410869159062e-10,15.0121548297336
"CENPF",1.35348723582803,7.99453561086856,6.98236344713831,3.21848258833986e-11,7.07686247375438e-10,15.0087546219805
"TPD52L1",-1.91317052623378,7.88180200060123,-6.97623810073386,3.33593249317001e-11,7.3104577778897e-10,14.9738508009563
"SLC16A4",2.14517810890137,6.85408828362479,6.9725630470156,3.40841549404958e-11,7.45129855350328e-10,14.9529188076043
"PTPN3",-1.35738486102515,7.28269502738814,-6.96970300065502,3.4658956098358e-11,7.5445430478546e-10,14.9366337421669
"PRRX2",-1.82428327733991,5.90662437168673,-6.96214254042987,3.62248140455118e-11,7.8201216943614e-10,14.8936052249592
"AP1M2",-1.50240868694751,6.63712941462611,-6.95991956062869,3.66983327340695e-11,7.89619736830911e-10,14.8809593795788
"EPHX3",-2.96610751735937,5.92197848544157,-6.95942113381644,3.68053369108795e-11,7.90617443131726e-10,14.8781243392977
"GPX1",1.12493333858775,11.4786465090074,6.95497889935731,3.77726893298318e-11,8.08732506029026e-10,14.8528627724235
"NRSN2",1.17315416877899,8.15190321911911,6.95289257005768,3.82356148096917e-11,8.173019368911e-10,14.8410020616035
"SPC25",1.28308567493854,6.74393025569793,6.95212482699491,3.84073683965116e-11,8.18290321114566e-10,14.8366380441675
"MST1R",-1.42736630047082,6.62343937598091,-6.95100551559304,3.86591345543772e-11,8.21625813022853e-10,14.8302761913768
"BAMBI",2.10931196332674,10.0119182123497,6.95086901160951,3.86899493209626e-11,8.21625813022853e-10,14.8295003859843
"NMU",-2.6687137488493,5.87471213149464,-6.94982373308233,3.89267165353021e-11,8.23969897571111e-10,14.8235599850147
"KRT1",-4.45635998837742,8.85926120681146,-6.93921271442596,4.14124789001768e-11,8.7516582233291e-10,14.7632892561431
"CRCT1",-3.75739421346993,6.11009970697942,-6.93514500330217,4.24062914920581e-11,8.93166461746287e-10,14.7402003228661
"SNHG17",1.05180919639695,9.30298860671155,6.93119944885918,4.33926873809458e-11,9.11106683993804e-10,14.7178131028899
"NDRG2",-1.32412548058001,7.8267586947808,-6.92864212220194,4.40440576270564e-11,9.23296571381332e-10,14.7033071243558
"CLCA4",-1.85140834080435,4.77396883489519,-6.9197247169844,4.63916168494739e-11,9.7008600231885e-10,14.6527517509421
"LPCAT1",1.19270323139838,8.88666406282471,6.91960168146984,4.64248535506528e-11,9.7008600231885e-10,14.6520545205526
"GAS1",-1.30534836561562,8.27151045948552,-6.91587377515656,4.74431019610109e-11,9.89776970351394e-10,14.6309326308533
"DHCR24",-1.87048659877731,9.27058182886323,-6.91126212504992,4.87332114047148e-11,1.01506764138351e-09,14.6048137238892
"AGTR1",-1.31719979505964,6.65140807767264,-6.90756963923293,4.9791035884851e-11,1.03544707639964e-09,14.583908785931
"HSPH1",1.21853893723956,10.1106359206545,6.90525236084771,5.04664044537671e-11,1.04782077654884e-09,14.5707932476397
"JPT1",1.18307610093863,8.78778331281849,6.9049284000069,5.05615384172466e-11,1.04812702610887e-09,14.5689598920106
"KLK7",-3.30455922627898,6.24607495078289,-6.90396959052801,5.08441372877652e-11,1.0523122318971e-09,14.5635341339508
"ADIPOQ",-2.43935272165325,6.6718794030858,-6.88893980911557,5.5482752727934e-11,1.14649700922271e-09,14.4785466281732
"MEGF6",-1.76231119778795,6.61197674992798,-6.88782990730077,5.5841367850543e-11,1.15115624861529e-09,14.4722753274323
"CDSN",-3.74840506974175,6.14576689176354,-6.8816329246347,5.78859904627689e-11,1.19049752309786e-09,14.4372724331373
"BUD23",1.03351625226099,10.0666834682486,6.87756918993913,5.92666064946123e-11,1.21505861962775e-09,14.4143300246747
"TMEM121",1.27672603536367,6.3266173242954,6.87269425093341,6.09656458774831e-11,1.24597344294123e-09,14.3868194513344
"PLN",-1.66523295490741,5.43498299154332,-6.86435584702031,6.39836334176661e-11,1.30560656671823e-09,14.3397930072276
"KRT8",-1.33981201674176,7.0976304008904,-6.86293308295229,6.45130744398968e-11,1.31435309003408e-09,14.3317726919988
"EIF4EBP1",1.36971034356758,9.3548251923546,6.85944350360276,6.58299522978022e-11,1.33909009050085e-09,14.312106035718
"FLG",-5.08166974323875,6.64851581728057,-6.85761983289667,6.65286516092006e-11,1.34909344997258e-09,14.3018307371646
"TNS1",-1.43778378340101,8.61753370737181,-6.85481789962572,6.76163998331755e-11,1.36689959290663e-09,14.2860469765358
"FLNC",-1.06820081246633,7.26805829016737,-6.85336826105024,6.81860223209263e-11,1.37628102947764e-09,14.2778825673375
"NYNRIN",-1.66863575855925,6.65938607063043,-6.84489661024339,7.16105939401688e-11,1.44316929580504e-09,14.2301924644077
"GPI",1.23074646749156,11.3615998860746,6.84304986872834,7.23793002925695e-11,1.45416594224162e-09,14.2198015668772
"COL4A6",-1.04216125260964,5.70955472688273,-6.8353690353095,7.5664540172397e-11,1.51783067585828e-09,14.1766041208383
"MLPH",1.74572661461233,11.1298618224384,6.83402643606179,7.62536777250807e-11,1.52495660100817e-09,14.1690565164194
"GNG7",1.3120392906219,8.01082639345374,6.82649249819731,7.96443224384976e-11,1.5903251459044e-09,14.1267214200005
"POLR2J",1.18329648573374,10.5011703953815,6.81926774052301,8.3035031908701e-11,1.65044783697798e-09,14.0861523498915
"SLC23A2",1.01021732892169,7.95239195178711,6.81365578848389,8.57665062246162e-11,1.69955847213187e-09,14.0546590322769
"FLNB",-1.30104546851893,8.12641919901931,-6.8087186871778,8.82425074404718e-11,1.74468571683471e-09,14.0269668950535
"ALDH3B2",-2.80208563322067,6.60424232191738,-6.80858324020443,8.83114175251865e-11,1.74468571683471e-09,14.0262073599796
"SLURP1",-2.74412263786339,6.7294670115002,-6.80801361074393,8.86018027547352e-11,1.74777444193494e-09,14.0230132030967
"MMP17",1.72940647100111,7.52980165923025,6.80071270328245,9.24079111778473e-11,1.82010083662833e-09,13.9820893866755
"BBS4",1.0041916952523,7.28748909796364,6.78556956859786,1.00822602537917e-10,1.97391278452237e-09,13.8972993279443
"ECHDC3",-1.05977872295502,7.6827992443742,-6.77703732968871,1.05891299651764e-10,2.07003996425689e-09,13.8495799512461
"FAM107A",-1.36306270883891,6.57372626028653,-6.77487104329265,1.07217622962948e-10,2.09283021828426e-09,13.8374705595232
"KRT5",-4.84748274605067,8.70101294832818,-6.77382648895608,1.07862986531141e-10,2.10228024122503e-09,13.8316324827011
"LYVE1",-1.75248268711238,5.74306068483236,-6.75572097091253,1.19676177874516e-10,2.31521233388428e-09,13.7305338467707
"BMP4",-1.83974559413133,4.19504761688052,-6.75546297890835,1.19853387941705e-10,2.31521233388428e-09,13.7290945446429
"RPP25",1.55999294256788,8.56646490790116,6.74839404099728,1.24810639280352e-10,2.40030372503909e-09,13.6896720139296
"BTG2",-1.12576439007637,8.24872375576183,-6.7471330312437,1.25715911380419e-10,2.41415282546286e-09,13.6826423921103
"CD24",-2.85458269680548,7.37787098892688,-6.74598443164825,1.26546104922043e-10,2.42652156188018e-09,13.6762401663518
"CLCN7",1.14666773695357,9.28480854945378,6.73913612317276,1.31609106738392e-10,2.51989888804976e-09,13.638083043926
"SERHL2",-1.15314846268016,5.97537949343925,-6.73719538357903,1.33079796811401e-10,2.54432180443381e-09,13.6272743675445
"CYP26B1",-2.36427003273034,6.93352664501477,-6.73226510860148,1.36889052478872e-10,2.61331823612301e-09,13.5998251491634
"MANSC1",-1.76946043406361,7.11796587563998,-6.73061736554249,1.38185899614614e-10,2.63421921794583e-09,13.590654331682
"PLIN1",-2.01379352501387,6.17750786236432,-6.72985075531314,1.38793368328789e-10,2.64193683158989e-09,13.5863881273961
"IL1R2",-2.40501290628658,6.18609311664102,-6.72624289839948,1.41687723905059e-10,2.69309946355402e-09,13.5663146347033
"AKT1",1.22456242501503,9.95156090331115,6.72237108782656,1.44859893628869e-10,2.74938595782652e-09,13.5447804755386
"EFNB2",-1.32766800704633,8.03555100560146,-6.71983832451943,1.46972674661789e-10,2.78073423850606e-09,13.5306982451325
"ARMC9",1.1458465864373,6.55605832954873,6.71795201872449,1.48565859907838e-10,2.80340122624935e-09,13.5202126193347
"ZSCAN18",-1.39316887350155,7.18806774293819,-6.71399701167892,1.51961635165065e-10,2.86333491462035e-09,13.4982337979823
"CRISPLD2",-1.72042225525828,8.96992581453285,-6.7130062702046,1.5282417594703e-10,2.87543207817219e-09,13.4927293791179
"CXCL14",-4.13751959512804,9.08120415360097,-6.71104543622595,1.54545502058474e-10,2.90362939674415e-09,13.4818368519209
"DKFZP586I1420",-1.05929371109669,8.31587593382588,-6.71037421806695,1.55139103897639e-10,2.9105881665055e-09,13.4781086875023
"MYO5A",1.21291084675436,7.6248598254163,6.70829156066798,1.56995244377573e-10,2.94117958540112e-09,13.4665425037766
"FUT1",-1.02762795301511,6.47136969782566,-6.70658447766448,1.585329350287e-10,2.96572588212227e-09,13.457063874949
"ENO2",2.00427078358333,8.98171306354097,6.70393435141364,1.60949488223869e-10,3.00661945121924e-09,13.4423521421201
"DDAH1",-1.43431237490995,8.08144102257722,-6.70261395770877,1.62166993661742e-10,3.02502922797634e-09,13.4350236376216
"CLDN5",-2.17303990357454,6.46931932217554,-6.69792848397656,1.66560916971422e-10,3.09812809756117e-09,13.4090258603157
"MAPKBP1",-1.39776300154176,7.91675420839291,-6.69729140948191,1.6716732175816e-10,3.10497821710064e-09,13.4054919269896
"NSUN5P2",1.04143719593442,10.0999768213599,6.69460874474696,1.69744751383305e-10,3.14836673298281e-09,13.3906132943739
"VPS51",-1.00800545696707,9.94855567191833,-6.69329269025513,1.71023430911964e-10,3.16757743701861e-09,13.3833156228207
"BIRC7",2.27638333093896,8.77210039506024,6.68786884658354,1.76393965738307e-10,3.26241265143516e-09,13.3532498597704
"FCGR1A",1.24952664288004,6.89765282552905,6.68177128064907,1.82629795147506e-10,3.3586881508157e-09,13.3194688393847
"DLL3",1.5905323087732,7.33547127925787,6.68114699465095,1.83280341743759e-10,3.36590475492517e-09,13.3160114004116
"TNMD",-1.67287283233479,4.56330477935454,-6.67971031982835,1.84786119880007e-10,3.38878511549284e-09,13.3080555827759
"TNNI2",-1.63830658484384,4.36534760600131,-6.67855948896369,1.86001075531164e-10,3.40627531439726e-09,13.3016834936674
"MAPK13",-1.27105573540859,7.76003039864793,-6.6772554715416,1.87387249210674e-10,3.42684760513041e-09,13.2944641022923
"CKS2",1.71593993686487,9.13749851248626,6.67500860176815,1.8979954903947e-10,3.46610128841128e-09,13.2820270292292
"ADGRL3",-1.50285522590704,5.49302371621529,-6.67095428303505,1.94229887167875e-10,3.53828333524201e-09,13.2595922603409
"DCN",-1.64584542843867,10.3313607140344,-6.66187198440818,2.04526907845478e-10,3.714242829244e-09,13.2093679049255
"P2RX4",1.09608628713371,8.51505373908619,6.65848932135467,2.08497629088677e-10,3.78103003755503e-09,13.1906737275445
"DOCK10",1.37758241597336,7.00257596703834,6.65824736065928,2.08784540765367e-10,3.78103003755503e-09,13.1893367824949
"ACACB",-1.12195332997965,7.05420398526447,-6.64998986118177,2.18812256876567e-10,3.94618674607684e-09,13.143729717678
"SLC38A2",-1.01464563644429,10.5039115234794,-6.6401545397609,2.3137529995706e-10,4.15102619378265e-09,13.0894575363482
"DSG1",-4.04849191652607,6.33590646146343,-6.64010234572206,2.31443825667612e-10,4.15102619378265e-09,13.0891696682993
"CEBPA",-2.05684374228506,7.76579705836935,-6.63924379841058,2.32573882927956e-10,4.16556436744178e-09,13.0844347023099
"FANCI",1.21446371347736,8.3247516273312,6.63846998793026,2.3359705310492e-10,4.17815085793561e-09,13.080167418634
"BLMH",-1.1519893843347,8.42240580629699,-6.63795993857012,2.34273884026912e-10,4.18451667647521e-09,13.0773548637172
"AHCY",1.16787462224804,10.2299472232486,6.63704923823032,2.35487173350975e-10,4.20043399907437e-09,13.0723333668386
"PSRC1",1.03483203915325,8.35946274062507,6.6362166100169,2.36601855351798e-10,4.21455135509849e-09,13.0677427542301
"MUC1",-1.0688398943511,6.70978445097983,-6.6335380477893,2.4022308822267e-10,4.27321807276315e-09,13.0529773839215
"PLOD1",1.13975246752019,9.5707535464052,6.63106077555353,2.43620663341899e-10,4.32775181105588e-09,13.0393251624182
"SLC47A1",-1.44861894700353,6.53161771345966,-6.63039350934176,2.44543865946215e-10,4.33824145316013e-09,13.0356484491628
"MMRN2",-1.10409557651715,7.23582601667904,-6.62987363223658,2.45265529996399e-10,4.34513212720522e-09,13.0327840385467
"CLTB",-1.32555656015424,8.9254486313506,-6.62692977338614,2.49391699294984e-10,4.41223659037625e-09,13.0165668506136
"ZWILCH",1.46503443949535,7.26049556524845,6.62146603621578,2.57231436084851e-10,4.54477058958046e-09,12.9864809026706
"IL11RA",-1.53713695428069,7.45438233784699,-6.6136304297621,2.68898990388308e-10,4.7380728860448e-09,12.9433633632874
"NPL",1.45275830668984,7.63719858436795,6.61313116292589,2.69659802039346e-10,4.7450663411485e-09,12.9406171739145
"ST3GAL4",1.37076127027401,7.92884950557108,6.60965049033959,2.75022971284137e-10,4.83291714632595e-09,12.9214757966389
"GIPC2",-1.91175908783484,4.94404547288469,-6.60557289843544,2.81439372408912e-10,4.92575567361047e-09,12.8990603709041
"CNPY3",1.1698336071324,8.08282564766331,6.59415572265241,3.00198315742846e-10,5.21904778529462e-09,12.8363471011961
"PMEL",3.19024474519815,12.2346558691791,6.59291800769857,3.0230432876129e-10,5.24866330588344e-09,12.829552856012
"SAA2",-2.15539210091144,5.68319446717316,-6.59088282299252,3.05798877163161e-10,5.30227600974795e-09,12.8183828899284
"ITM2A",-1.75472071049705,8.01705471517096,-6.5891851036627,3.08744326348255e-10,5.34623807603572e-09,12.8090668545626
"SOD3",-1.3620871891056,8.19806966903877,-6.58109797268944,3.23162273447372e-10,5.57369429031783e-09,12.7647118653023
"PRAME",3.15338161186793,9.3147700411365,6.5784596736913,3.28007528029984e-10,5.64978884806203e-09,12.7502496906073
"F10",-1.48368775569926,5.89757659232333,-6.57667063631147,3.31333658458831e-10,5.69955088739406e-09,12.7404450770076
"GNAL",-1.5153678498383,6.39566546711335,-6.56331749708283,3.57228695704483e-10,6.1207686771232e-09,12.6673215774895
"FABP4",-2.49177630819901,7.62720512015519,-6.5580099157777,3.68064960170236e-10,6.29816143787364e-09,12.6382844602809
"DLGAP5",1.26915015265057,7.45494769222215,6.55461335485036,3.75168403606525e-10,6.4112985774908e-09,12.6197106297604
"FA2H",-1.50856794894692,6.81502581961502,-6.54720038837474,3.91142753687879e-10,6.66681093508007e-09,12.5791960000368
"BMP2",-1.44034162734633,6.08001584481734,-6.5464133699792,3.92877463175914e-10,6.68763608661976e-09,12.5748964722981
"AEBP1",1.35019140430301,10.6821879020112,6.53693244736553,4.14378364794286e-10,7.02611118147294e-09,12.5231291420037
"EPN3",-1.89870743931901,5.62822726065808,-6.5233656241853,4.47169435298962e-10,7.55264542339788e-09,12.4491406240507
"LYST",1.11884897131018,9.0194483618961,6.51301585578927,4.7388676836923e-10,7.96264120201854e-09,12.3927669244026
"CYP4F12",-1.60159081509779,7.11028922394357,-6.50480677770399,4.96187778589452e-10,8.29460569875367e-09,12.3480965258376
"TUBB4A",1.59118825907068,8.30586612750236,6.50410302192431,4.98146915380207e-10,8.31636160301909e-09,12.3442687621251
"LRRC1",-1.07949646783826,7.10431574256932,-6.50260048034014,5.02355203181294e-10,8.36552936689769e-09,12.3360973046272
"CIDEC",-1.09076365309112,8.09952177868204,-6.50118809589902,5.06342814628185e-10,8.42117852032768e-09,12.3284173313393
"ACADL",-1.17052847982966,5.30207980331883,-6.5008282235437,5.07363809665939e-10,8.4274098270499e-09,12.3264606730619
"UCK2",1.07174333846944,8.26140088712763,6.50030570301283,5.08849855367429e-10,8.44134003070727e-09,12.3236198133018
"RHOBTB3",1.1972353602206,8.9617251409326,6.49721507597809,5.17727423220212e-10,8.57769742232318e-09,12.3068197523694
"RHOBTB2",1.17366980613906,6.66466970119078,6.49599022814786,5.21287638391901e-10,8.62572273729948e-09,12.3001632177433
"DHCR7",-1.70470681935195,7.79887956819995,-6.49356862838622,5.2839732348379e-10,8.73228479202173e-09,12.2870053535749
"CDKN2A",1.54014200652245,8.06720788635956,6.49232151460128,5.32095852662794e-10,8.78227572515212e-09,12.2802304121877
"PRR15L",-1.1963626728461,6.52271649932393,-6.48409612055858,5.57134631445396e-10,9.17232128714207e-09,12.2355682055522
"S100A14",-2.77769355085537,7.87194148543234,-6.46840088343553,6.08164580702848e-10,9.97466411042068e-09,12.1504534941037
"TRIB1",1.10118848677696,10.5487141893698,6.45972720235108,6.38306570043128e-10,1.04166199834698e-08,12.1034769031119
"INSIG1",-1.09930433592553,8.33106633484408,-6.45666661500967,6.4928879433655e-10,1.05430592644512e-08,12.0869110761645
"ALDH3A1",-1.96180665582823,5.77547040637562,-6.4557856814556,6.52484072423443e-10,1.05817659456832e-08,12.0821439044128
"DKK2",-1.95949791416758,5.31400318835215,-6.4541328523286,6.58520853041255e-10,1.06664017426148e-08,12.0732008211729
"SERPINB2",-2.20841749431707,6.89045445816045,-6.45149101882293,6.6828394958942e-10,1.07977130343203e-08,12.0589097151055
"LTB4R",-1.32863882637926,6.78616326004374,-6.45094893398493,6.70304770748818e-10,1.08086583648104e-08,12.0559777804242
"PIM1",-1.20251229206499,8.32192513708336,-6.45086471489123,6.70619266594952e-10,1.08086583648104e-08,12.0555222859029
"GJA1",-2.49326348445391,9.49959999021129,-6.44989378791505,6.74255440035497e-10,1.08538477563245e-08,12.0502713727253
"BCL11B",-1.5249298371203,7.34441249708657,-6.44483069915638,6.93532987637998e-10,1.11504027445276e-08,12.0228982317758
"PIK3C2G",-1.22091093610707,6.75176136466095,-6.43472098582211,7.33658669761542e-10,1.17665134010095e-08,11.968285053615
"GPT",-1.45367578259368,5.29198312994834,-6.43356780024294,7.38378067117902e-10,1.18276555493247e-08,11.9620592241218
"EN2",1.50739769252417,7.67630007397838,6.42633848344287,7.68650509093019e-10,1.22823945932155e-08,11.9230469716371
"MFAP5",-1.69152131628038,7.34740249751499,-6.42546083148376,7.72407588912705e-10,1.23273225848626e-08,11.9183128648458
"SPTBN2",-1.60032595634583,6.43795024213133,-6.42185291860898,7.88042783094088e-10,1.25461414514821e-08,11.8988562350134
"UBE2C",1.07610269946936,9.93824765549569,6.41392637296316,8.2349251185724e-10,1.30945351976909e-08,11.8561366108896
"TMEM47",-1.86032282872858,6.83118786185218,-6.40860105567723,8.48183272887742e-10,1.34707207005886e-08,11.827456527376
"CDKN3",1.05620463345261,8.29384998882706,6.40235090723674,8.78090120942396e-10,1.39287312493527e-08,11.7938165824804
"RAB11FIP1",-1.34394549206897,7.73319449013572,-6.39954761257528,8.9183783912428e-10,1.41296155338293e-08,11.7787358564954
"CPEB3",-1.39458389400838,4.93174156052689,-6.38573476292327,9.62724049143992e-10,1.5197286775773e-08,11.7044941502988
"RRM2",1.46517905726521,9.16498817317281,6.38492683342851,9.67037275905707e-10,1.52469154057249e-08,11.7001550933069
"FCGR1BP",1.62835846371822,7.45129974455697,6.38135049857978,9.86358887614473e-10,1.55140332154465e-08,11.6809526220251
"WIPI1",1.52812291554008,9.2527903261593,6.37651671241633,1.01307738574201e-09,1.58768221546755e-08,11.655010305997
"CIDEA",-1.72656834514385,6.63020584366226,-6.36878606922478,1.0572915886065e-09,1.65300060237891e-08,11.6135491658068
"DPT",-2.05054912435632,6.95534815348375,-6.36550415588691,1.07662968254146e-09,1.6751998127277e-08,11.5959580596448
"CTXND1",1.54401244362103,8.3180679452637,6.36517442541113,1.07859164488017e-09,1.67625225954619e-08,11.594191045956
"LAD1",-1.95608714890855,7.81057702791676,-6.36223847938586,1.09621654873191e-09,1.69959186431813e-08,11.5784602102103
"P2RX7",1.38239907069286,7.8955218542858,6.35975800101271,1.11132725545876e-09,1.71986557967246e-08,11.5651736905991
"CALU",1.17467235748742,10.0106286665482,6.35813707669543,1.12131192982105e-09,1.73232064608255e-08,11.5564932537176
"RUVBL1",1.17903499460154,8.70918928730545,6.35465863340468,1.14303678487252e-09,1.76379368496482e-08,11.537870531647
"CAMK1D",-1.36403887862795,5.13420769404439,-6.35349436032931,1.15040019027524e-09,1.77305769278947e-08,11.5316388793908
"CDK5",1.69353774694769,8.34868325790834,6.34851319783862,1.18243251986768e-09,1.82027598896749e-08,11.5049866524851
"KRT14",-6.19561760498784,7.8911961298289,-6.34674000671841,1.19404531219471e-09,1.83382294766865e-08,11.4955025065621
"SOX5",2.01267323370223,5.99239093192369,6.34616466179611,1.19783729312833e-09,1.83748240765886e-08,11.4924255932895
"ANG",-1.03340565227108,7.02671751467884,-6.34238477569441,1.22304525947925e-09,1.86955300566823e-08,11.4722157790964
"AHNAK2",-2.29985921775546,8.88357513701775,-6.33850507948734,1.24946011751013e-09,1.90546321312452e-08,11.4514810007003
"ZMAT3",1.12259563088877,8.90888586424707,6.33672296635341,1.26178047385131e-09,1.92200415870879e-08,11.4419595669299
"SNCAIP",-1.44478036246561,5.03775336707391,-6.33350170596469,1.28435334528335e-09,1.94955567743302e-08,11.424753806414
"CLU",-2.63454199502223,7.56434389253217,-6.32405070759626,1.35289230406267e-09,2.04644579497369e-08,11.3743081418274
"PLXNB3",1.56356084246953,6.87718306628001,6.32306891058956,1.36021482174847e-09,2.05266044808197e-08,11.3690707027437
"MBP",1.59989667954259,9.51323977085357,6.32306883226237,1.36021540748311e-09,2.05266044808197e-08,11.3690702849265
"ID4",-1.50270792517852,8.40304084251911,-6.32286727106606,1.36172351222556e-09,2.05266044808197e-08,11.3679951178686
"CTSZ",1.5404151672891,8.38807882082667,6.3222887090432,1.3660615008927e-09,2.05682169863047e-08,11.3649090866495
"KIRREL1",1.63695134166755,6.07279377744882,6.31934267985414,1.38836164697976e-09,2.08318153221738e-08,11.3491981079182
"RCAN2",-1.43047511725221,7.36845530069562,-6.31866297054771,1.39355724012122e-09,2.08857389125753e-08,11.3455739863199
"SLC15A1",-1.2746169810696,5.71670197168622,-6.31763124450891,1.40148006941041e-09,2.09803658152036e-08,11.3400734755616
"SLC52A2",1.0238391351068,9.07243090375026,6.3168375035518,1.40760542698415e-09,2.10478981220715e-08,11.3358421760951
"IL12RB2",1.27483477173527,7.56506714356161,6.31560223384758,1.41719037812758e-09,2.1142729222432e-08,11.3292578970578
"LAMA5",-1.0398713034146,8.79818440842078,-6.3146728167142,1.42444428474652e-09,2.12266617472113e-08,11.3243044751956
"GAL",-1.56104822225458,6.70067196274908,-6.31150987868878,1.4494043357041e-09,2.15248099467492e-08,11.3074510817332
"PTGES",-1.10748677270537,7.80725711190207,-6.30811063220753,1.47670762130956e-09,2.18556080298018e-08,11.2893450976507
"AUTS2",-1.31341847676098,8.61243983281803,-6.30545844625034,1.49836024884047e-09,2.21509288941393e-08,11.275223027654
"FILIP1L",-1.37626954835802,7.91932508181736,-6.30404634584955,1.51001548749443e-09,2.22979523685616e-08,11.2677057177918
"EPAS1",-1.1544341060475,9.32408984020642,-6.29882162231954,1.55391793057809e-09,2.28427687675398e-08,11.2399021309062
"CRYBG2",-1.3110774183032,5.9491029723314,-6.29648337543334,1.57396912627055e-09,2.30854706832865e-08,11.227464258019
"TPPP3",-2.43155693990355,6.19065884021616,-6.29515907773688,1.58543774746403e-09,2.32275536957118e-08,11.2204213295189
"DBF4B",1.18502029748492,6.13926939807603,6.29245938444655,1.60907198315526e-09,2.35209524533199e-08,11.2060669230078
"MTSS1",-1.23934109873918,7.53575615909686,-6.28633075187199,1.66401482745518e-09,2.42358658548188e-08,11.1734966243518
"PLAUR",1.16527145395196,8.61803991402892,6.28617726314608,1.66541420399706e-09,2.42358658548188e-08,11.1726812009454
"BAX",1.50444587119029,7.39523353460701,6.28135808101397,1.70994325378309e-09,2.48284522116679e-08,11.1470859124183
"ITGB5",-1.02543706799203,8.56099081492875,-6.28063002037163,1.71677126843274e-09,2.48998671513843e-08,11.143220282319
"CA2",-1.87509693020312,7.20870391098373,-6.27454141347636,1.77492925345091e-09,2.57147805952738e-08,11.1109051521218
"RXRA",-1.00454524714686,8.62359552365779,-6.27211433945196,1.79864739216615e-09,2.60294820715365e-08,11.0980296263324
"ACKR1",-2.72643753105204,7.15419089525207,-6.26524274307503,1.86749759959875e-09,2.68876647946418e-08,11.0615949996943
"STK26",-2.02688377451654,6.15923298591097,-6.26516818511492,1.86825863209951e-09,2.68876647946418e-08,11.0611998312489
"PLCXD1",-1.04679765315575,7.75874223429083,-6.25871128644098,1.93533265844101e-09,2.77610588926429e-08,11.0269897857302
"LGR4",-1.48269608782197,7.0309178070374,-6.24337265093477,2.10428196814824e-09,3.00194010751477e-08,10.9458215257332
"CCNB1",1.15881940797477,8.41655012269389,6.24012800237588,2.14183155325104e-09,3.04842608741821e-08,10.9286695558803
"LDOC1",-1.40012475546572,7.89773058923455,-6.22907109670986,2.27479163929346e-09,3.22052206131894e-08,10.8702672085532
"CLCA2",-2.7277415527356,6.59976030496601,-6.22464696624294,2.33023006145555e-09,3.29543056088058e-08,10.8469194367213
"AURKA",1.00755951188184,8.17340815985608,6.2208104645721,2.37937581188759e-09,3.36128723848345e-08,10.8266822459276
"RAB17",1.51993854610239,8.2999017724199,6.21810249251756,2.41467540861631e-09,3.40746240832771e-08,10.8124032300531
"ZC3H13",1.01250951186967,9.06019338655635,6.217773503768,2.4189987438813e-09,3.40987293205062e-08,10.8106687851559
"ADAMTS5",-1.49483898027545,7.32309224428383,-6.21718748396404,2.42671860489977e-09,3.4170608951715e-08,10.807579419896
"MLANA",2.66924308856935,11.5433199705711,6.21551760230784,2.4488493114374e-09,3.4445033626572e-08,10.798777301869
"NSUN5P1",1.13051228179186,9.22979213514512,6.21255176605504,2.48864394271282e-09,3.4967056432147e-08,10.7831481785672
"CAD",1.22587370658823,8.75807742992131,6.20924363404,2.53377957738993e-09,3.55629191707075e-08,10.7657214520159
"PRSS8",-1.64271554345664,6.85332756888394,-6.19705962824925,2.70704322480534e-09,3.7872464171928e-08,10.7015944333818
"AMDHD2",1.24903134151957,6.88467889951089,6.19617687324592,2.72003829661366e-09,3.80134826897594e-08,10.6969517574586
"CXCL12",-1.80171672072347,9.14290540603668,-6.1939710071997,2.752778857729e-09,3.83108410899616e-08,10.6853524803247
"ASAP3",-1.29700148317276,7.38779689927745,-6.19395161843453,2.7530683412297e-09,3.83108410899616e-08,10.6852505397955
"OSTM1",1.38372974421108,9.35731573733027,6.18997355540371,2.81309823682314e-09,3.90212637339754e-08,10.6643397979977
"NR1D1",-1.0028134596191,8.8743857615942,-6.18710560952922,2.85717027340163e-09,3.95484534977535e-08,10.649270287426
"EREG",-2.1266741685997,5.04504673396,-6.18418554166501,2.90273848680332e-09,4.00940753489708e-08,10.6339319729099
"PRSS3",-1.28714966574644,7.50909660240876,-6.18049962463222,2.96127606242513e-09,4.07730502407194e-08,10.6145781695316
"SLC2A14",1.13666054470253,8.16431550062305,6.17940762006711,2.9788397311612e-09,4.09716152474798e-08,10.6088459003922
"CLN6",1.253613845554,7.53490573191224,6.17583206865097,3.03706596458491e-09,4.17284542805296e-08,10.5900817392681
"SYNC",-1.06095377591306,6.30985483238265,-6.17073612491804,3.1219833185462e-09,4.28049847429274e-08,10.5633519792858
"CREG1",-1.10126224741392,10.3600531352861,-6.16856502057238,3.15886492000752e-09,4.32197688268396e-08,10.5519686267557
"NDUFA7",1.02722606194285,9.0502779238679,6.16411614390605,3.23577913916288e-09,4.41331843049632e-08,10.5286515098062
"SLPI",-2.05225106692771,8.24749495720008,-6.1605772289375,3.29826949193486e-09,4.49309362652603e-08,10.5101121248459
"FBLN2",-2.4244794426938,7.65340922172083,-6.16041507943694,3.30116089747062e-09,4.49309362652603e-08,10.5092628497299
"ARAP2",-1.2754563442571,7.28014946794575,-6.14555776250608,3.57690633788404e-09,4.83809976552593e-08,10.4315133546009
"NCALD",-1.01275331762434,7.18257467056264,-6.14388269361038,3.60937613647472e-09,4.87695911331543e-08,10.4227559444947
"FOXC1",-1.13936216231205,7.77941168296813,-6.13927542216964,3.70018121495788e-09,4.99447855712586e-08,10.3986774603347
"PPP1R1A",-2.09188070454738,5.52690212797332,-6.137529053668,3.7351823972784e-09,5.03650912907064e-08,10.3895539567841
"ALX1",1.867706353666,7.54658153242905,6.13422813064865,3.80222870795078e-09,5.11963149801626e-08,10.3723140755622
"JUP",-2.88499620515194,8.24323704576199,-6.13229894028715,3.8419577149457e-09,5.15914383575458e-08,10.3622414569683
"GRAMD1C",-1.39510954074512,5.56012067399189,-6.12176866924968,4.06608937768745e-09,5.44329973261465e-08,10.3073009069215
"PALLD",-1.42718710642534,8.74188428413024,-6.11960534755184,4.11369611001277e-09,5.49012114416136e-08,10.2960223295018
"SPRY4",1.45035228300022,8.44815055194613,6.11543611019758,4.20699097733394e-09,5.59213435688011e-08,10.2742938244209
"CD101",1.14728928231349,6.67312820428813,6.1098833572119,4.33446969635147e-09,5.75531062838359e-08,10.2453713339698
"DHRS3",-1.29312133383586,8.17255202479054,-6.10819043317237,4.37408269930699e-09,5.79610409718128e-08,10.2365571656763
"CNKSR1",-1.06354999323147,6.77204309306196,-6.10726499112352,4.39588696693783e-09,5.81908326516776e-08,10.2317396099393
"PKM",1.04991726698342,11.2835774327317,6.10600467375534,4.42575252760567e-09,5.85267618736819e-08,10.2251796371728
"MAD2L1BP",1.00439748537281,8.80597364115937,6.10393825326908,4.47515086091205e-09,5.91200527613295e-08,10.2144259733525
"NFKBIA",-1.38304515795667,10.408124757539,-6.09967487509503,4.57878083874978e-09,6.03057811681397e-08,10.1922475333777
"ZNF280B",1.13256901039826,4.88876421453161,6.09672260830191,4.65191535137056e-09,6.12071889672257e-08,10.1768960807257
"CFH",-2.03917397282094,7.46526630830593,-6.09620400702292,4.66487993317423e-09,6.13158966216318e-08,10.1741999605707
"KLK8",-1.73990264250255,7.87313778796627,-6.09462508358414,4.70456994221203e-09,6.17753146792575e-08,10.1659924132168
"PDE2A",-1.50366774988867,7.05296724067304,-6.08747891172615,4.88838154844825e-09,6.404218356717e-08,10.1288642258545
"PLEKHO1",1.39398871159537,7.8244032214226,6.08734315313086,4.8919407034973e-09,6.404218356717e-08,10.1281591884756
"FCER1A",-1.73768497513281,6.89041419032182,-6.08410619096442,4.97755921350376e-09,6.50976876478189e-08,10.111351946757
"HYMAI",-1.51843412918969,5.64413940698111,-6.07658925644144,5.18208545771773e-09,6.77046215262339e-08,10.072346508956
"IGSF6",1.46484703934011,7.06819167562861,6.07133050811761,5.33003937495163e-09,6.93596640818307e-08,10.0450793277411
"HSPB3",-1.17510101146199,5.73177563735142,-6.06977037528543,5.374723651753e-09,6.97772402753444e-08,10.0369931195626
"IGF2R",1.05011212721945,9.46229544590814,6.06811333955501,5.42258510877852e-09,7.02833869118918e-08,10.0284062905311
"PPIC",-1.17843158813071,8.52739946013103,-6.06664007725585,5.4654888391951e-09,7.07691250985749e-08,10.0207731930389
"SLC25A13",1.08547375034399,9.14465197248668,6.05555021638685,5.79928823499523e-09,7.47941832800225e-08,9.96335830404494
"TRIP13",1.02724602551259,8.54667155946016,6.05443725062752,5.83387008911561e-09,7.5165841988121e-08,9.95760036955068
"TOP2A",1.4263797956501,8.61511673129422,6.05377090556671,5.85467118677229e-09,7.53593855916326e-08,9.95415339295144
"CBLC",-1.52431918158325,4.51766691809338,-6.05101359253109,5.94152015756581e-09,7.6326582595567e-08,9.93989281475918
"TNFRSF21",1.39038748996723,9.08580501464234,6.04670478463516,6.07976952377502e-09,7.80257035634867e-08,9.91761737701445
"BSG",1.39629395600133,10.7678588479818,6.04322444437361,6.19373246696103e-09,7.93320998395922e-08,9.89963322112119
"GPR137B",1.29148940875635,9.63117647496032,6.03368279360097,6.51700705600229e-09,8.30297541797247e-08,9.85036626652125
"CSPG4",1.78915619765989,8.55150439080745,6.03357856574324,6.520627983744e-09,8.30297541797247e-08,9.84982840971335
"C3orf52",-1.4266275344627,5.55748227048103,-6.02979786997325,6.65331112008524e-09,8.44717854866519e-08,9.83032304592296
"PRODH",-1.388368527587,7.97765018542232,-6.02949863681995,6.66392484346153e-09,8.45242373870572e-08,9.82877961782479
"DBNDD1",1.28834543751367,7.49856268138752,6.02603312498997,6.78805979692876e-09,8.59315647496642e-08,9.81090871277778
"CTSG",-1.21217074808348,7.08944754939245,-6.0237883176367,6.86967414714357e-09,8.6880389141227e-08,9.7993366650962
"CDK4",1.06309695186693,10.6476172782831,6.02321020976289,6.89084745972374e-09,8.70637209567227e-08,9.79635700445826
"GOLM1",1.28766642265486,8.40925335818804,6.02214261755959,6.93011628569047e-09,8.74751076951772e-08,9.79085500411263
"ALCAM",-1.33667593743847,8.7072441395655,-6.02081475110099,6.97926447319213e-09,8.80102799477294e-08,9.78401261999731
"LRIF1",1.01154853839609,7.71779324529308,6.01910530527148,7.04303866096171e-09,8.86430319500769e-08,9.7752055887986
"WNT5B",-1.35817370280587,4.55264862530975,-6.01303245042181,7.27424490732888e-09,9.13765696981323e-08,9.74393292488039
"NANOG",-1.59118997288476,4.41816816586673,-6.00288408596767,7.67730073981063e-09,9.62333937393101e-08,9.69172386911157
"C1orf115",-1.79260545926106,7.30439481885091,-5.99987911689341,7.80078599341993e-09,9.75210436895518e-08,9.67627677483735
"KCNK5",-1.0568236745169,7.06676587108581,-5.99830765661441,7.86613510060445e-09,9.81497948103171e-08,9.66820087906991
"HOMER2",-1.11003177877975,7.34641821936173,-5.99679198254262,7.92967183269235e-09,9.88479837729211e-08,9.66041312072181
"FBN1",-1.59468238738573,8.61334092640878,-5.98865627880237,8.27939873962505e-09,1.0281436206283e-07,9.61863495349226
"NAP1L2",-1.52652247095057,5.01283717079147,-5.98632510261737,8.38236074886837e-09,1.0389505874952e-07,9.60667153472004
"KCNAB2",1.36704876454421,8.4838622842344,5.97280007746747,9.00492060923789e-09,1.10873616453119e-07,9.53732859034181
"SLC6A14",-1.57590823729154,5.40290652845649,-5.96828588357543,9.22261159681975e-09,1.13233175716509e-07,9.51420953258094
"NOTCH3",-1.17470954969496,8.32184145651919,-5.96501208411697,9.38369932906117e-09,1.15102592240478e-07,9.49745096681206
"C14orf132",-1.50430753605963,7.70539453560999,-5.95107288062558,1.01009484021703e-08,1.23551844480205e-07,9.42617084025946
"HOXA5",-1.20753282193901,7.52110184140998,-5.94917424618293,1.0202703376764e-08,1.24679521396088e-07,9.41647125774413
"LAMB3",-1.35615603224159,7.45625173305845,-5.94692920470165,1.03243181390935e-08,1.26047550763708e-07,9.40500487825399
"SOX4",1.10227393144092,9.3565636909977,5.94576530335125,1.03879241941105e-08,1.26705466386348e-07,9.39906157649349
"CSTA",-3.26725839975721,8.69744469248377,-5.9438229291126,1.04949277943445e-08,1.27890993935008e-07,9.3891449908334
"GYPC",1.17373506100099,10.088364139212,5.94205195984499,1.05934281722632e-08,1.28850475688564e-07,9.38010554529806
"DAPK2",-1.20247100859868,6.01460907649404,-5.94027094300855,1.06933993660425e-08,1.29945232370763e-07,9.3710167874237
"HAL",-1.92202371490559,6.62702239326636,-5.93373423194912,1.10682871237067e-08,1.34250600749779e-07,9.33767607507061
"WNT4",-1.99987230839218,5.70523564876439,-5.92937494722095,1.1325411502142e-08,1.37241673398168e-07,9.31545622834985
"GAPDHS",2.27986903563454,7.67797092977804,5.92897689202024,1.13491791050975e-08,1.37401992898204e-07,9.31342788031552
"C1orf21",-1.344396250292,6.52595315915786,-5.92026115608484,1.18819917771137e-08,1.4358599701741e-07,9.26904041591712
"CRISP3",-1.92538144414232,3.86347778924407,-5.90962022567489,1.25657412176212e-08,1.51287811391102e-07,9.21491278689434
"LSR",-1.95371589278483,6.68246036607882,-5.9055247034967,1.28390358518767e-08,1.54293261265088e-07,9.19409884726464
"PTTG3P",1.10136677146765,7.56715145129568,5.90169687204008,1.30997183326642e-08,1.57136363697892e-07,9.17465485630595
"RERGL",-1.73925379753088,4.22440475194664,-5.89986634242047,1.32262034919103e-08,1.58362228954103e-07,9.1653596820169
"SLC6A8",1.0663371041007,9.71820687973294,5.88480216743239,1.43134706975593e-08,1.70753288586894e-07,9.08894584564042
"LGALS1",1.06259366603619,12.8319208698462,5.8786559986706,1.47817580091776e-08,1.76178558209933e-07,9.05781007256468
"LAMA2",-1.12457974908928,6.40041170593198,-5.87542697426295,1.50337520171617e-08,1.78691971332517e-07,9.04146174458866
"NCAPH",1.26836518070506,6.56490763249341,5.87146834231096,1.53484208801863e-08,1.82043820212979e-07,9.02142842966254
"INPP4B",1.39348155316485,8.74273420641592,5.86994690725036,1.54710640168129e-08,1.83055538761546e-07,9.01373158305109
"MC1R",1.29781561584087,9.11311393552437,5.86264443801634,1.60731804184029e-08,1.89149999526674e-07,8.97680916587901
"S100B",2.56071336334067,9.72792461175778,5.85890077244726,1.6390682623831e-08,1.92365536212541e-07,8.95789366539282
"ARG1",-2.10067156265535,7.25318439370764,-5.85866180343312,1.64111565923767e-08,1.92432617633093e-07,8.95668653481354
"IL1R1",-1.31679613920946,7.86459807592947,-5.85714909953376,1.65413406597053e-08,1.93610898439765e-07,8.94904608363631
"RASL12",-1.02100635907265,7.06026366746192,-5.85016578339665,1.71555342024126e-08,2.00260528617061e-07,8.91379310449969
"ENDOU",-1.6234055068681,5.65206979240671,-5.84510069891704,1.76149090670073e-08,2.05255406009569e-07,8.88824299009213
"KRT85",-1.27958967279463,6.71647168520772,-5.84265622467839,1.78408896852892e-08,2.07517716865732e-07,8.8759179900733
"PATJ",-1.10622234718804,4.6805332329409,-5.84093267986889,1.80019245317768e-08,2.08831934136866e-07,8.86723017961252
"KIF4A",1.11352073342652,7.82028556527498,5.82242658118705,1.98230470203385e-08,2.28071891940906e-07,8.77406584308413
"NOTCH2NLA",-1.5350170671051,9.54056006492664,-5.81093625421097,2.10431048731225e-08,2.41320179807075e-07,8.71633010958235
"PCSK5",-1.35269160185512,5.67025296837914,-5.80376329724405,2.18416225659413e-08,2.49702197891788e-07,8.68033056494634
"HPCAL1",1.01033586167727,9.47003812239896,5.8037443728299,2.18437679618165e-08,2.49702197891788e-07,8.68023563068152
"MIA",2.35528283203928,9.7549448535666,5.80368396139823,2.18506179764193e-08,2.49702197891788e-07,8.67993257844906
"TMEM209",1.38772973515964,6.09266250556196,5.80097166215869,2.21603360397745e-08,2.53019808776374e-07,8.66632880244626
"LTBP1",-1.24719990117837,7.70059397784209,-5.80079845678552,2.21802594570564e-08,2.5302572446243e-07,8.66546023488942
"LIMD2",1.46967954181968,6.5942468487889,5.79933665389568,2.23491059641599e-08,2.54729014568777e-07,8.65813053955165
"ASPM",1.47487572639589,7.68548069204768,5.79894715326755,2.23943069847353e-08,2.5502128277202e-07,8.65617775580279
"COCH",-1.83625902489707,6.00365351766297,-5.79108243779422,2.33263445922923e-08,2.64710363045169e-07,8.61676825736656
"TGM3",-1.30565324516894,7.08135922678017,-5.79087578834812,2.33513384486263e-08,2.64763566984034e-07,8.61573328469788
"PLPP3",-1.27226255034087,9.09483405085646,-5.77289317060752,2.56295017152962e-08,2.89085703171062e-07,8.52577454949236
"CALML3",-2.25008190752027,7.70924743604574,-5.77268963764031,2.56564903676151e-08,2.89139998187842e-07,8.52475755168851
"DSE",-1.16638908988943,7.851978661622,-5.76995873494284,2.60213069108127e-08,2.92492948974213e-07,8.51111455345095
"NCAPG",1.22667183772651,7.34746479672115,5.76699210878463,2.64233560240433e-08,2.96518303351275e-07,8.49629934432811
"EFNA3",-2.69974772313433,5.94903390790464,-5.7669808028214,2.6424899800152e-08,2.96518303351275e-07,8.49624289359667
"DTL",1.2402100602484,8.25835305765578,5.76606861772639,2.65497451291624e-08,2.97663049646732e-07,8.4916886186956
"MMP9",1.66946123909499,9.94454727331154,5.76472192417394,2.67351128760585e-08,2.99483794493924e-07,8.48496594411957
"SMAD1",-1.12987438101686,8.19195677324826,-5.75912768016426,2.75187675075631e-08,3.07469759666766e-07,8.45705200580104
"SERPINE1",1.41488174826617,7.63586655150785,5.75564167541795,2.80183947468911e-08,3.11450851751673e-07,8.43966782820954
"ST14",-1.2361481955373,6.5118058812199,-5.74725561192853,2.92568894415847e-08,3.24388249514305e-07,8.39787975741563
"CLDN7",-1.26170047229933,5.54654727271033,-5.74564731231077,2.95004471965742e-08,3.26256430022163e-07,8.38987070276396
"PCK1",-2.09046002201338,3.78497208251786,-5.74426322721322,2.97116348061963e-08,3.28313564608469e-07,8.38297952884578
"CDS1",-1.35034826715625,5.44091785407099,-5.7410390506902,3.02093308984585e-08,3.33248278836718e-07,8.36693156335331
"AQP1",-1.5532956010165,8.96354035714019,-5.74063532407998,3.02722223775033e-08,3.33659769721273e-07,8.36492253187447
"SLC45A2",1.81159487967328,8.6678484628093,5.73903350089358,3.05230127131946e-08,3.35856171111683e-07,8.35695254440905
"TCF4",-1.28720311197271,8.73889539049621,-5.73455112528297,3.12356301871242e-08,3.43118266225705e-07,8.33465893431725
"ACKR3",-1.64681937562139,7.05616112391672,-5.7314522454297,3.1737768829625e-08,3.48340713610674e-07,8.31925386204527
"MTARC1",-1.12829737901596,5.19824710834932,-5.73103318072272,3.18062757496942e-08,3.48505907143078e-07,8.31717109305409
"DAAM2",1.31566093176218,9.3639220933054,5.72734501232341,3.24154627342033e-08,3.54287693706016e-07,8.29884562303538
"UGCG",1.20402729290173,9.8485501454691,5.72400077049518,3.29776814301034e-08,3.60130643356046e-07,8.28223660655333
"CDC45",1.50876006323956,6.83767996697627,5.72054193349467,3.35691796401664e-08,3.65977034555293e-07,8.26506604598807
"CBX7",-1.133855313075,8.13733209906625,-5.70403584024302,3.65376027458769e-08,3.96680934390915e-07,8.1832319173482
"RAI2",-1.27616387851599,6.7855243730857,-5.70299679565254,3.67328027119952e-08,3.98137169211725e-07,8.17808641951115
"ZNF423",-1.29506386232233,6.55797976552311,-5.69889150813388,3.75140481975295e-08,4.05930020288454e-07,8.1577632790886
"CORIN",-1.67117146113695,4.69021775585241,-5.69682443013337,3.7913534204807e-08,4.09912580842851e-07,8.14753438152395
"OR7E156P",1.0659825606034,8.07098717984792,5.6914232658943,3.89770739456474e-08,4.21062193187487e-07,8.12081988104506
"VSTM4",-1.49936247879925,5.10750701221106,-5.68943449980716,3.93759708205881e-08,4.25019274445073e-07,8.11098807925225
"TNNT1",-2.22507693726327,5.14382839918622,-5.68890386178501,3.94830752853726e-08,4.25809121354968e-07,8.10836521364453
"ANTKMT",1.02137675507551,7.63003690418067,5.68120466802881,4.10694570779074e-08,4.39800464991157e-07,8.07032977855094
"SYNM",-1.32544532524807,8.79124026965443,-5.67855727655821,4.16291815337285e-08,4.45285396241416e-07,8.05726006381672
"GABRE",-1.31654544900476,6.6308672557124,-5.67766731260249,4.18190089167237e-08,4.46583175483342e-07,8.05286748730492
"PRRG4",-1.07386588381257,6.4964300731101,-5.66770488667943,4.40024860616686e-08,4.67602620829745e-07,8.00373126929846
"ANKH",-1.66707481179335,5.2132512858932,-5.66698144169544,4.41653073613527e-08,4.68569115284522e-07,8.00016563989248
"MATN2",-1.43598892391749,8.02354469844781,-5.66049282443322,4.56521913068885e-08,4.81991030324307e-07,7.9682005391854
"PBK",1.54225491614073,7.93199748233891,5.65967686447331,4.5842593951202e-08,4.83609694603336e-07,7.96418278689274
"ZNF204P",-1.26307401152101,5.351431051568,-5.65748106213869,4.6358837007835e-08,4.88660368427778e-07,7.95337290230012
"KLK10",-1.72873831121001,6.68627944329228,-5.65672197011199,4.65386191312586e-08,4.90159171932537e-07,7.9496366400626
"NETO2",1.34617229352071,7.8056368554938,5.65435660047455,4.71032034017843e-08,4.95705140561634e-07,7.93799666282484
"WASF3",-1.04397034980823,7.55901211703059,-5.64793212128702,4.86705877806261e-08,5.11374531886853e-07,7.9064002215256
"HOOK1",-1.53981176392989,5.82773257401298,-5.64597222542495,4.91587942619376e-08,5.15362276254871e-07,7.89676655141486
"GINS2",1.1778794880521,7.9929365583849,5.63871696481177,5.10079983290666e-08,5.3292731587556e-07,7.86112586701745
"MSH5",1.03685193431694,5.66530562958836,5.63099160152747,5.30516167885857e-08,5.53392025045095e-07,7.82321364906747
"CD1A",-1.18201139553122,7.65872140493586,-5.6300834877223,5.32970274812014e-08,5.55507547024288e-07,7.8187596432806
"HBB",-1.52806083173132,9.03956195750678,-5.62834274880239,5.37705486475424e-08,5.59796730544967e-07,7.81022338721232
"CENPM",1.53528590403979,6.91830707850745,5.62825542937241,5.37944093391244e-08,5.59796730544967e-07,7.80979524136516
"CPEB1",1.68786263029787,7.76396003978297,5.62355962008424,5.50929018230649e-08,5.71939766616993e-07,7.78677803175946
"TIMP4",-1.60507198891416,5.1546040695323,-5.62054878176282,5.5941497442367e-08,5.79826061328318e-07,7.77202755258693
"PLSCR4",-1.31713751360697,7.88306328693007,-5.61458912579786,5.76589709103808e-08,5.96205647660948e-07,7.74284794967824
"EPHB3",-1.05906856140813,7.71699976111972,-5.60838856301349,5.95004434853202e-08,6.12816968882377e-07,7.71251353307031
"S100P",-2.11238713118295,6.08894566069637,-5.60756332518604,5.97498111628551e-08,6.14892199118197e-07,7.70847820289704
"CCNB2",1.10530337324435,9.21445208694967,5.60138526956633,6.16493334234749e-08,6.32949337408417e-07,7.67828232929693
"IL18",-1.82234884317854,6.31404868363544,-5.59812270663302,6.26760841571278e-08,6.42479136261627e-07,7.66234633464729
"MFSD12",1.6247113047122,9.79557476080027,5.59778982370538,6.27817775083877e-08,6.43057028226133e-07,7.66072076052541
"TMEM230",1.16004624064375,9.46737645472279,5.59731203495979,6.2933783628329e-08,6.4410800999198e-07,7.65838769206693
"NPR3",-1.0886336002233,6.12093406782932,-5.59644374504527,6.32109451266135e-08,6.46437265494834e-07,7.65414816917561
"PRDX2",-1.18112233557468,8.63720269658566,-5.58687892325634,6.63439559211052e-08,6.75827219730696e-07,7.6074796605351
"LHX1",1.27356669228893,5.31513929525636,5.58135100175357,6.82231738674343e-08,6.9442776273027e-07,7.58053537383767
"GREB1",1.22519710800461,7.00126493417665,5.57535489431372,7.03202394959097e-08,7.14657523606521e-07,7.55133180524887
"SV2A",1.69067984920918,6.77368489207039,5.57506607133686,7.04228228240272e-08,7.15142668849292e-07,7.54992571389853
"NDN",-1.28188252439769,8.59679894368359,-5.56813845369567,7.29275429021502e-08,7.38549311296565e-07,7.51621613146329
"TAGLN",-1.62391085155946,9.11740732540026,-5.56806562535621,7.29543303129056e-08,7.38549311296565e-07,7.51586191909579
"ID3",-1.52258306134233,8.00100571876635,-5.56378032224879,7.45475355929884e-08,7.52341576313448e-07,7.49502582071143
"F13A1",-1.49948634007718,8.97313196299525,-5.56341245033456,7.46858745678015e-08,7.5315477068025e-07,7.49323771061087
"KLK5",-2.08320740859118,7.43126104028476,-5.56271562776885,7.49486024752659e-08,7.55220114122869e-07,7.4898509194572
"MALL",-1.59238764273748,7.53864741042824,-5.55883774801224,7.64272489876487e-08,7.6893124965274e-07,7.47100898389867
"SLC20A1",1.22389114321005,10.1190629634954,5.5543672751486,7.81671593071935e-08,7.84620161821783e-07,7.44930007494462
"TST",-1.54867226853846,7.76853354301632,-5.55232644907086,7.89742302775231e-08,7.90894768501247e-07,7.43939408308441
"RNF128",-2.12208693140679,6.15608510547725,-5.54766050571965,8.0850074462969e-08,8.07200705147513e-07,7.4167563521858
"ACP3",-1.67267110738824,6.32940055237553,-5.54067387945405,8.37403607481988e-08,8.354174168292e-07,7.3828863248753
"ABCA8",-2.50219790841769,6.88747592392711,-5.53343991411068,8.68390370131749e-08,8.64804739448198e-07,7.34785131995409
"FKBP11",1.26981312799578,9.73191079247283,5.53323378631114,8.69289498485693e-08,8.64804739448198e-07,7.34685352552076
"ABHD2",1.34478074953717,8.84012123992577,5.53245772108982,8.72682836818384e-08,8.66634539929544e-07,7.34309711106673
"OAS3",1.01905595812269,8.91336066168486,5.52460910844824,9.07734463556795e-08,8.98705366007369e-07,7.30512966971575
"BDKRB2",-1.44494544136977,6.13480447874661,-5.52399698337905,9.10525149612143e-08,9.00405937425927e-07,7.30217025126806
"LRRC17",-1.0167632528658,6.56240565646205,-5.52392952223546,9.108332168608e-08,9.00405937425927e-07,7.3018441145958
"FAM171A1",-1.01198508529261,8.11660134082809,-5.52055398657703,9.26378279166154e-08,9.13004261681593e-07,7.28552915931903
"HCN2",1.13133299809714,6.02696675841012,5.51963662091874,9.30647430381644e-08,9.16519021506515e-07,7.28109657003798
"PDGFRL",-1.89309289180484,6.80708857017323,-5.51710233292415,9.4254115151076e-08,9.27531628267833e-07,7.26885413348531
"KANK3",-1.32295552243094,4.81685528814367,-5.51336871164477,9.60333771918841e-08,9.42906028015796e-07,7.25082583343233
"MIR22HG",-1.01724271452964,7.98160214799963,-5.51207409422551,9.66579375300703e-08,9.4761116349969e-07,7.24457676146089
"OTUB2",-1.30856687007484,6.15452796560458,-5.50300475013343,1.01145591837367e-07,9.88633712119515e-07,7.20083064383353
"RAP1GAP2",-1.83718285959371,5.07921101002402,-5.49730617917863,1.04068507736548e-07,1.01644140252948e-06,7.17337153044513
"F11R",-1.03929765579492,7.16480014802779,-5.49215843976978,1.06779523073321e-07,1.04058161536101e-06,7.14858526606801
"CUEDC1",1.19189816952962,6.68680930864414,5.49148635191835,1.07138511324629e-07,1.04330026076314e-06,7.14535048096374
"CRABP2",-1.70608496854897,8.49662313837334,-5.48901795216957,1.08467096628207e-07,1.05544960666806e-06,7.13347256331402
"HSPB8",-2.10982876948053,7.78044869796614,-5.48160622603562,1.12553541178063e-07,1.08952162095082e-06,7.09783185195558
"SULT2B1",-1.41633540975192,7.99336778147784,-5.48145111361716,1.12640644490543e-07,1.08955590765e-06,7.097086356099
"DPP4",-1.36072548573203,6.03485122067446,-5.48080297788837,1.13005315788619e-07,1.09227302636605e-06,7.09397148289794
"FARP1",1.15355582288966,9.19627127563444,5.47861760882498,1.14243402117473e-07,1.10197252529433e-06,7.0834708949827
"HMG20B",1.14644251816647,8.92055338466959,5.4748694061307,1.16397719653349e-07,1.12008108233212e-06,7.06546840571973
"MAD2L1",1.05802187620579,8.50288526181142,5.47272595177245,1.17647422845202e-07,1.12955608732039e-06,7.05517769134322
"TRPV6",-1.17312304054325,4.88926131772793,-5.46633037323674,1.21454425955563e-07,1.16239594490537e-06,7.02449082415643
"SLC6A15",1.8739008009569,7.7908903659812,5.46193410570382,1.2414063584988e-07,1.18410369484022e-06,7.003412813263
"AOC1",-1.14261219758209,5.93333288976758,-5.45087361737051,1.31157289245699e-07,1.25011688192592e-06,6.95044034034178
"ATAD2",1.10645269068944,7.27895273814594,5.44954190043687,1.32027730448063e-07,1.25749421279203e-06,6.94406782732051
"AURKB",1.25541777851247,7.59646531950068,5.44732995216128,1.33485957936877e-07,1.26767910090236e-06,6.93348587511791
"SMPDL3A",-1.06656113467975,8.52560830635205,-5.44641336301189,1.34094804895524e-07,1.27253432389574e-06,6.92910187894804
"PDP1",1.09252692758279,8.49448160765954,5.44021409579827,1.38284261932518e-07,1.30848221432373e-06,6.89946593886577
"FLRT2",-1.17975878203104,7.37940881636375,-5.43208337556286,1.43972615004574e-07,1.35738172599034e-06,6.86063574868269
"PERP",-2.46083606233614,9.08808167918398,-5.43193510926818,1.44078430367001e-07,1.35739787106598e-06,6.85992808062333
"ABCA12",-1.90741421299781,5.56812172261134,-5.41346656771553,1.57868565617564e-07,1.47877027808004e-06,6.77189440932313
"FAH",1.05531754972023,9.03181601147526,5.41145558574928,1.59445514860404e-07,1.4924695393143e-06,6.76232258254367
"CD36",-1.52755711282091,7.42461317821091,-5.40615645930334,1.6367471890897e-07,1.52766976367506e-06,6.73711299606733
"MYL9",-1.90058121349312,8.31724226365626,-5.39794038819873,1.70448638124086e-07,1.5874855660714e-06,6.69806411198205
"PLEK2",-1.13663916454958,7.31329638502598,-5.3923577546984,1.752062342608e-07,1.62830654919927e-06,6.6715573298481
"MFGE8",1.23773042451474,9.67112513550632,5.39179736801037,1.75690879912291e-07,1.63164770881507e-06,6.66889773462861
"PTPRG",1.28659260780996,7.24389349071386,5.38731847589073,1.79611578945938e-07,1.6633205808779e-06,6.64764855323565
"SVEP1",-1.33897619392165,6.62035697767187,-5.38537571270624,1.81338576090474e-07,1.67668740617927e-06,6.63843573806996
"SLC6A9",-1.1835706797832,5.72868297267475,-5.38418725107371,1.82403000176151e-07,1.68438577853883e-06,6.63280117162306
"HTRA1",-1.46432684769228,10.0630234743951,-5.38056221874144,1.85687386272576e-07,1.71228983706373e-06,6.61562059314939
"MEOX1",-1.60864595259369,6.43843444941968,-5.37550019125195,1.90370186967423e-07,1.74805413230157e-06,6.59164438827503
"PLIN2",-1.23344814663207,8.61858794245072,-5.37301314430765,1.92712814187275e-07,1.76707621954141e-06,6.57987090226898
"DNAJC3",1.16202308518052,7.26409282839255,5.36037074017142,2.05061532433961e-07,1.87109679594571e-06,6.5200876897563
"CLDN4",-1.50811203427114,5.56579515958547,-5.35930301757466,2.06139013715542e-07,1.87791752748292e-06,6.51504363295393
"RBM47",-1.25950103410236,7.91277454652247,-5.35920212272832,2.06241115066764e-07,1.87791752748292e-06,6.51456703300756
"TACC3",1.06643017386622,7.55040973623494,5.35607047455364,2.09434788135079e-07,1.90036200591044e-06,6.49977741721906
"CDH19",1.84935313321456,9.41830281789065,5.35381840148359,2.11761150997507e-07,1.91880031122758e-06,6.48914583350518
"SETBP1",-1.27608563058375,6.98679562284691,-5.35328281287786,2.12318096264405e-07,1.92251087304971e-06,6.48661793549919
"IFI6",1.64409656066507,9.62276183693325,5.34807299662989,2.17810531266747e-07,1.96406052364254e-06,6.46203857147264
"MMP1",2.67936703919034,6.8457317367736,5.34399692507298,2.22203847202899e-07,2.00090881469516e-06,6.44282098469282
"LSAMP",1.53279099294492,6.02009897300616,5.34385344850697,2.22360050697023e-07,2.00093354108936e-06,6.44214473732702
"LDB2",-1.37960685033129,6.79929220468559,-5.33973507061173,2.2688955700273e-07,2.03887865868959e-06,6.42273958986546
"CYP4F8",-1.80681924296905,3.98357128672685,-5.33875846837639,2.27976743672123e-07,2.04723743852673e-06,6.41813969032897
"DDA1",1.06665652614732,7.97955165915127,5.31623572805537,2.5450329556173e-07,2.26981427553311e-06,6.31223587036399
"OGN",-1.74889731099992,4.05595528273967,-5.30547282478518,2.68216644746988e-07,2.38396511987456e-06,6.26175027543468
"CLIC3",-2.33946916680847,4.71308377914563,-5.30345602294852,2.70865047438426e-07,2.40586468225452e-06,6.25229888109272
"AKIRIN1",1.09431997985157,7.12342843849004,5.30316542447239,2.71248741996539e-07,2.40763263913742e-06,6.25093727116253
"GREM2",-1.27891983678586,4.85154549771907,-5.29895513561863,2.76867482623385e-07,2.45249667522168e-06,6.23121630206572
"RIPK4",-1.69398532422534,8.08187952461113,-5.2971759535619,2.79275711800975e-07,2.47214935924842e-06,6.22288627708
"CLDN1",-1.73478067968452,6.56782940432622,-5.292285226541,2.86001004914317e-07,2.52653597769497e-06,6.19999937298713
"LAMC3",-1.07914714505552,6.44227766044521,-5.28647010152313,2.94202483979866e-07,2.59196364095505e-06,6.17280797565071
"NDC80",1.52073277558751,6.55122629179349,5.28613177590636,2.94686621237917e-07,2.5944759313445e-06,6.17122668740571
"ZFP36",-1.26648508002465,9.47834833656282,-5.28585672837087,2.95080779429004e-07,2.59602257725692e-06,6.16994121032039
"CCN5",-2.19677489665491,7.1888739901065,-5.2855927316599,2.95459583146658e-07,2.59602257725692e-06,6.16870742985396
"CD55",-1.19676273429092,8.70659646444416,-5.28088539750779,3.02293939914439e-07,2.65007298394865e-06,6.14671589029966
"ADRA2A",-1.19019340651554,7.29604862088288,-5.27654981524872,3.08724336338472e-07,2.69802722621806e-06,6.12647456417794
"IL6R",1.08457810994476,7.56941623524905,5.27571819006038,3.09972882237637e-07,2.70531218975672e-06,6.12259347318716
"EGR3",-1.0880574221313,8.44952674566368,-5.27211154722724,3.15444680207321e-07,2.74571641203155e-06,6.10576722845555
"PRR3",1.06161995752039,7.27290117786463,5.26212260739041,3.3109394822418e-07,2.87234463798741e-06,6.0592121013447
"GNA15",-1.46176029299635,6.95783413433234,-5.26001096070309,3.34497489311809e-07,2.89801512500776e-06,6.04937922185856
"PRKCD",1.11351137001825,8.42949321557554,5.25917434883161,3.3585531823445e-07,2.90784694187184e-06,6.04548439030653
"MPPED2",1.35141455626544,6.65543910286428,5.25677308212384,3.39782412633208e-07,2.93989573876868e-06,6.03430801725471
"GABRP",-1.5565981035221,5.75320427043113,-5.25638798910034,3.40416341358228e-07,2.94342750329571e-06,6.03251602361112
"RIN2",-1.4473005587966,8.37245835815021,-5.25524993356471,3.42296498685782e-07,2.95576426911518e-06,6.02722078869133
"RNF43",-1.26285210078654,6.59789512795796,-5.25251679005577,3.46853175439624e-07,2.99312942062029e-06,6.01450745253839
"LAPTM5",1.37730215426534,10.4697504428168,5.24758315194858,3.55228166405945e-07,3.0552902782105e-06,5.99157147523459
"CCNL2",1.33278769184798,7.81217646002849,5.24440502251865,3.60726830165947e-07,3.09849613869156e-06,5.97680558014885
"LSP1P5",-1.25661919899087,7.22629797258847,-5.24191773213012,3.65087832789617e-07,3.13182911298935e-06,5.96525425821903
"CDC20",1.22294167559633,7.99416528826385,5.24127533902712,3.66222446696584e-07,3.13949670116815e-06,5.96227159025828
"MRPL12",1.22509194227155,9.17153054620621,5.22191948501194,4.02062367109201e-07,3.4264648396973e-06,5.87253516246924
"ANXA9",-1.36267889690162,5.98080406707232,-5.22165452158443,4.02575873882829e-07,3.42860014340837e-06,5.87130855540124
"CDK1",1.01236389541169,8.35640936094646,5.21964195640735,4.06497132758683e-07,3.45747952644519e-06,5.86199328600343
"GAREM1",-1.30921637576302,7.36783337338074,-5.21416883290208,4.17349458295664e-07,3.53824420462755e-06,5.8366748364897
"SMPD3",-1.3583165009135,5.77290267535902,-5.21062054492195,4.24534938149123e-07,3.59448770034183e-06,5.82027170360232
"DSG3",-2.15180390266225,7.03211680098574,-5.20616318590902,4.33731747533394e-07,3.66997291115374e-06,5.79967847646048
"CCL3",1.46359893789664,7.86966935998838,5.20316835210331,4.40019309226716e-07,3.71342972531862e-06,5.78584994177869
"KIAA0513",-1.29752231138342,6.98121572036369,-5.20303959116696,4.40291614030416e-07,3.71342972531862e-06,5.7852555326329
"PPARG",-1.37860239255186,5.4239167275297,-5.20074687250418,4.45167763939311e-07,3.7497044405715e-06,5.7746734060443
"CD302",-1.27167597621825,7.80258553832334,-5.18520263488398,4.79637791455013e-07,4.01927838225059e-06,5.70302483899595
"FKBP10",1.96888281624267,7.54619543101603,5.18217298298726,4.86651582494054e-07,4.0702052496087e-06,5.68907975408701
"GSDMB",-1.11668678770209,5.23394593661303,-5.18157856966785,4.88039314928154e-07,4.07919527394116e-06,5.68634449916923
"TCHH",-1.52539426873447,5.56061801811094,-5.18036507885653,4.90884298774422e-07,4.10034617022402e-06,5.68076125913246
"VTCN1",-1.08999260345197,5.82944365389538,-5.16403799304268,5.30764017818366e-07,4.39963892456051e-06,5.60574064433015
"SLC14A1",-1.19936767580797,4.44426854060749,-5.16142353753621,5.37435369584231e-07,4.44928240254526e-06,5.59374488497187
"HSPA2",-1.37726688003549,9.06153119278064,-5.16049714303249,5.3981873880802e-07,4.46334593235116e-06,5.58949550727143
"FOXD1",1.29217563413967,7.12085278818124,5.1562169579304,5.509643744178e-07,4.5525447076387e-06,5.56987005954934
"ELANE",-1.06622776262605,5.03912805892102,-5.15503933934956,5.54069874613439e-07,4.56958703041406e-06,5.56447270574362
"TOX3",-1.41903540526039,3.88844961373287,-5.14732981118555,5.74824397098629e-07,4.72879199606879e-06,5.52916176208671
"CPA3",-1.40864943218152,7.581307960334,-5.13493477727947,6.09783561079298e-07,4.99623337009535e-06,5.47247767456198
"GNAI1",-1.04044988142785,7.93167234609999,-5.13485456514261,6.10016375887092e-07,4.99623337009535e-06,5.47211120486108
"NUDT1",1.15390973794859,7.21489472573985,5.13274046994556,6.161836990412e-07,5.04357768474464e-06,5.46245404628731
"IL1RN",-1.12538159652541,7.20044565956778,-5.12337092796152,6.44252821382487e-07,5.26671632476881e-06,5.41969186137208
"DSG2",-1.8329672198932,7.10149180926683,-5.1180950280849,6.60600102301394e-07,5.38684473665283e-06,5.39564001732127
"GRAMD2B",-1.21791059564652,7.60123667625049,-5.11763985895471,6.62029141381974e-07,5.39512373404972e-06,5.39356590282223
"ETV4",1.4598562445265,6.66691722252747,5.11442240785653,6.72216445580157e-07,5.47130476524324e-06,5.37890877724144
"FCMR",1.53440701751058,8.02743210699816,5.11106065065747,6.83023067391597e-07,5.54196501289299e-06,5.36360204218277
"FADS2",-1.86554213931056,7.94531509323935,-5.10860651700492,6.91018281111531e-07,5.59638966920078e-06,5.35243291528463
"ERV3-2",1.0701661962702,6.2867263110215,5.10560398845582,7.00923613879576e-07,5.66254213220309e-06,5.33877372805935
"POTEKP",1.01661865494422,8.2884632919545,5.10469571852453,7.03947028363751e-07,5.68344600794734e-06,5.3346430514883
"SH2D3A",-1.01390760563755,6.5538395747248,-5.08602279248742,7.68982725331493e-07,6.14761848902351e-06,5.24985021522479
"ABCC3",-1.21245494654792,5.23274951180295,-5.08401237988224,7.76322677135669e-07,6.19869650163624e-06,5.24073569876666
"MYO6",-1.01813147057676,7.16263474107967,-5.0744286169085,8.12256764440831e-07,6.47768559727461e-06,5.19732547613436
"FBXW4P1",-1.08505055458592,5.07725471174428,-5.06487553491755,8.49678371496369e-07,6.75134447650283e-06,5.1541188608542
"RNFT2",1.15515529780579,6.41367907132523,5.05833255252729,8.76267441852129e-07,6.93304076111038e-06,5.12456358182724
"PTGFR",-1.4682629367756,4.85323706744809,-5.05753011298942,8.79583360125452e-07,6.95505605377548e-06,5.1209409733752
"ACKR4",-1.37952317829328,5.26842931167795,-5.05400899454511,8.94278007387617e-07,7.06268379062819e-06,5.10505030067292
"CPE",-1.59306012368428,7.51474101781041,-5.04949544521076,9.13462688859575e-07,7.20983050849878e-06,5.08469368259576
"CTNNA2",1.40484562271525,6.21233711029349,5.04931587158099,9.14234153142725e-07,7.21155421828674e-06,5.08388408411036
"KDELR1",1.17358062920021,9.13606683088273,5.04223878499602,9.45145903876864e-07,7.43158699515768e-06,5.05199562648531
"ELF5",-1.14860216322902,5.51373568317458,-5.04038389338311,9.53413892616762e-07,7.48438515703188e-06,5.04364360081062
"KRT17",-2.60288459233455,9.06489613633156,-5.03497111376989,9.77943490050267e-07,7.66771206660579e-06,5.01928543654024
"ALOX12",-1.15180409232799,6.15918393388238,-5.03095155287711,9.9655388324815e-07,7.80424389409767e-06,5.00121039978767
"RFTN1",-1.11590991123019,9.17297233189549,-5.02413891427523,1.02888257597188e-06,8.03302072986886e-06,4.97060178334829
"ITPKB",1.30559410442746,9.78331108591804,5.02401835387113,1.02946373491916e-06,8.03302072986886e-06,4.97006041293921
"IFI30",1.41762146336408,10.6552979526333,5.02288501488681,1.03494254316836e-06,8.06611824290034e-06,4.96497171727383
"KRT6B",-2.93344858265157,9.00968583779308,-5.014826786525,1.07472047827572e-06,8.36532138725492e-06,4.92881662126576
"GZMB",1.62791323461234,7.53696573154973,5.01472004487971,1.07525720109205e-06,8.36532138725492e-06,4.9283380107878
"ZFPM2",-1.07472674201347,5.84556238394735,-5.01435993363441,1.07706984400702e-06,8.368369027411e-06,4.92672339617765
"C5AR1",1.31833795992431,7.23262972993938,5.00253735331469,1.13825120040022e-06,8.78724535347455e-06,4.8737663805382
"ZIC1",1.97237721523861,6.32739057909846,4.98967619095553,1.20862904330262e-06,9.28110370766951e-06,4.81627055335669
"CYTH3",1.50102098358438,5.81397411087059,4.98924916357035,1.21103663071747e-06,9.29411808588878e-06,4.81436355516408
"ELN",-1.03343068145751,6.70528465771863,-4.98172436774474,1.25423142908798e-06,9.58612169043268e-06,4.78078108868992
"TM7SF2",-1.37178579904977,7.07524525836975,-4.96751876475113,1.33987828715115e-06,1.01632768971285e-05,4.71749331828035
"ENTPD3",-1.12192848039104,6.10259855249939,-4.96494564354328,1.3559860760689e-06,1.02794781661991e-05,4.70604520918707
"NIBAN1",-1.21509384077361,8.40464179928889,-4.95448828376458,1.42339997556824e-06,1.07281573881123e-05,4.65956812092032
"IRS1",-1.03203950792662,7.41643991339043,-4.95362032238349,1.42913889742726e-06,1.07589734893499e-05,4.65571404967754
"SFRP1",-1.84698343470031,8.41380931435169,-4.95005617707182,1.45294057004968e-06,1.09192754912873e-05,4.63989359472069
"ACSL3",1.07457213771071,9.72904504161557,4.95005559734705,1.45294447253497e-06,1.09192754912873e-05,4.63989102219292
"TREM2",1.73082596031708,6.04633055159164,4.94923895341746,1.45845189217321e-06,1.09543515103955e-05,4.63626740586678
"LGALSL",-1.3736918396938,6.73920735367698,-4.9431727037036,1.49999974211182e-06,1.12276100099863e-05,4.60936522506065
"ZNF428",1.45190298737665,7.06167575642135,4.93927161755609,1.52732110424546e-06,1.13928717838996e-05,4.59207894650881
"DNAJC12",1.32172804330875,6.69524517058091,4.92349445140361,1.64281177387857e-06,1.21846545617763e-05,4.5222798314887
"S100A2",-2.83750076319386,8.6742839754956,-4.92248671933948,1.65046881151512e-06,1.22275357007646e-05,4.51782766159613
"AADAC",-1.37709707434269,5.32525711045882,-4.92036083765456,1.66673529483533e-06,1.23410343607938e-05,4.50843789891853
"MAOB",-1.55307092480118,7.08781130874949,-4.91868243735334,1.67968727837738e-06,1.24087492480242e-05,4.50102691111464
"ODF2",1.08416195791775,5.94438323976189,4.91064416036893,1.74307955788982e-06,1.2847944802332e-05,4.4655620385974
"STEAP1B",1.28211935576055,7.09305587261235,4.90756830224655,1.76794385450984e-06,1.30091534531342e-05,4.45200370134482
"FXYD1",-1.2281163763365,7.22167951332338,-4.90171887367081,1.81617883562672e-06,1.3326480493943e-05,4.42623837593042
"CGREF1",1.16894583892253,6.0583901442222,4.89854295740231,1.84289843452012e-06,1.35149340200832e-05,4.41225959428545
"IL36RN",-1.36530775311473,6.96714256255899,-4.88496145261592,1.96151436902906e-06,1.43283954385265e-05,4.35256304114951
"CNN3",1.0343719037293,9.00967241317247,4.87930783563866,2.0130381002449e-06,1.46704184804293e-05,4.32775236504523
"TGM5",-1.12716486477362,7.18868986012082,-4.87168344135576,2.08459885698391e-06,1.51173996085724e-05,4.29432973226726
"STK32B",1.45219120910924,6.66233463091211,4.87000657910498,2.10066426972365e-06,1.52254371389253e-05,4.28698462574029
"IFT81",1.00145230974535,7.80105977958273,4.8674491127577,2.1253971686641e-06,1.53790530977864e-05,4.27578616964197
"TRPM4",-1.28366612076846,5.83033390703505,-4.85987413882041,2.20031674659004e-06,1.58595522713033e-05,4.24264528661979
"PDZK1IP1",-1.89883802119723,6.70951363980147,-4.85698694297279,2.2295389921129e-06,1.60347263751572e-05,4.23002464407548
"PSD3",-1.00238728251637,6.49139204797982,-4.85325679632574,2.2678488770515e-06,1.63012577220918e-05,4.21372823527309
"PDZK1",-1.25524841460352,5.51230981245215,-4.85010860219401,2.30067634342557e-06,1.65099168089851e-05,4.19998216328512
"TGM1",-1.62174122277068,5.63541947892234,-4.84528792590905,2.35183522671859e-06,1.68307242157979e-05,4.17894745958714
"PCLAF",1.05533511614484,9.15789929687303,4.84259269887155,2.38091541610789e-06,1.70201513764423e-05,4.16719439250663
"IGFBP5",-1.32775825472104,8.81889619302457,-4.83469052477864,2.46819309526405e-06,1.75766082846248e-05,4.13276593318973
"MEOX2",-1.71454432382045,4.69650325439282,-4.82482674407991,2.58148113701326e-06,1.83133474132296e-05,4.08985500881339
"OMD",-1.05964031472945,5.73270092484835,-4.81558224170299,2.6922063739889e-06,1.89749615732115e-05,4.04970267955222
"OR2A20P",-1.18366172000942,6.12190205365196,-4.81431233315177,2.70777047742293e-06,1.90537610659027e-05,4.04419187287985
"ATP13A2",1.10908007998034,7.72029110866449,4.80602423194024,2.8115058698501e-06,1.97092607725675e-05,4.00825438669815
"OLFML3",-1.29983992425865,8.2060079404635,-4.80441637570563,2.83206992758002e-06,1.98427510938828e-05,4.00128849147427
"IVL",-2.05031795578642,7.7697086820249,-4.78985918323122,3.02498491932265e-06,2.10473737262796e-05,3.9383069560618
"PROCR",-1.11801169096803,6.91525277799446,-4.78049958564254,3.15565824233745e-06,2.18516345309814e-05,3.89789486182252
"AOPEP",-1.05039646403462,7.86717346651004,-4.77762652855825,3.19685200205278e-06,2.21251344239736e-05,3.88550271909741
"GPRC5B",1.0098290844245,8.72524304772239,4.76717628830293,3.35111061608677e-06,2.3082478247837e-05,3.84047965053146
"EYA2",-1.12941664987934,5.33970456202325,-4.76306482618648,3.41374989344705e-06,2.34519941310095e-05,3.82278814138183
"TNN",-1.0835078200391,5.43079572699531,-4.75473613295363,3.54412186120522e-06,2.42836599833184e-05,3.7869881469461
"TPSB2",-1.80423440951016,7.55576923226204,-4.75226936600654,3.58364870973798e-06,2.45415942890092e-05,3.77639482395698
"MN1",-1.06803541937143,6.34115550089828,-4.74341849406813,3.7290048325911e-06,2.54568031477253e-05,3.73842243153107
"GSTT1",-1.92972611465295,6.68685049566905,-4.73997157025098,3.78713857052711e-06,2.57853173019846e-05,3.72364992855497
"CDC37",1.13460856648486,8.93558649567349,4.73383151255233,3.89286639321451e-06,2.64370233860021e-05,3.69735717764596
"TM4SF1",-1.12107320988955,8.42862990312273,-4.73053402637858,3.95081662850158e-06,2.68026524552717e-05,3.68324828771211
"WDR46",1.07233171547343,7.4189383203042,4.72984871649616,3.96296433989013e-06,2.68710826977782e-05,3.68031707432774
"ISG20",1.51723378726504,8.04929722948334,4.72378343147643,4.07205919147074e-06,2.75677984411147e-05,3.65438972192078
"RTN1",-1.37299266477808,6.27817144227444,-4.72021378650337,4.13761390123232e-06,2.79825454658549e-05,3.63914323521385
"EFNA1",-1.1379760803906,8.27495934350168,-4.71346666536424,4.26431270116998e-06,2.87499344935654e-05,3.61035103657207
"MYEF2",1.12343082264885,7.00875791412925,4.70272440933478,4.47378945509347e-06,3.00225119428532e-05,3.5645798716775
"ABCB4",1.15778522026944,7.15276263974054,4.70091864452825,4.50996296068213e-06,3.02496949816535e-05,3.5568941751789
"CES1",-1.35468156425552,7.31894171108564,-4.6996564695154,4.53541445343724e-06,3.03735331578675e-05,3.55152354206503
"CCND2",-1.10375540833865,7.64024204686198,-4.69653017113521,4.59905344585068e-06,3.07839106162459e-05,3.53822603874355
"C1QA",1.47178917161293,10.0062128936601,4.69202966058301,4.6921800491088e-06,3.13108166122465e-05,3.51909615534045
"SLC2A6",1.27259567112486,6.01995508026277,4.69177384187309,4.69752782296701e-06,3.13304681757887e-05,3.51800922335805
"SERPINH1",1.2468605982568,9.66241473155691,4.68677236486704,4.80326974297372e-06,3.20029811847901e-05,3.49676853005371
"LGR5",-1.16293327352662,4.72308603447009,-4.68164817020609,4.91398474492922e-06,3.26239547297007e-05,3.47502595017377
"TMEM158",1.47883416991889,8.34440895494903,4.68088522057103,4.93067827784128e-06,3.27014822303014e-05,3.47179033211983
"SELENBP1",-1.24060920763052,8.24205791069555,-4.67395742156841,5.08478337317854e-06,3.36721637393982e-05,3.4424298212277
"MMP2",-1.25553444680278,10.7230653552606,-4.65821913520042,5.45231873159822e-06,3.59164098987547e-05,3.37586264852784
"CDH22",-1.04235203103632,5.46963400680345,-4.65687300869275,5.48491690121354e-06,3.61018836319654e-05,3.37017759874377
"CMA1",-1.06380137577724,5.8652782027835,-4.65646492481522,5.49483621670012e-06,3.61489250401377e-05,3.36845441912659
"FOSL1",1.116982183545,7.6736394343456,4.65515794824,5.52672144153406e-06,3.63037384766563e-05,3.36293640110028
"QPCT",1.82188250189377,10.1736596323198,4.64787209620928,5.70776182311608e-06,3.73611979977965e-05,3.33219910149106
"MNX1",1.42607633113823,5.99151029581874,4.64736381583797,5.72060268511706e-06,3.74076922824681e-05,3.33005626469884
"STAR",-1.13627723153234,4.71282204946007,-4.64601696480507,5.75476338996255e-06,3.7574541733461e-05,3.32437906787504
"KRT18",-1.39393671134125,7.96078482085476,-4.64289284633902,5.8347599983979e-06,3.80017160934616e-05,3.31121561582093
"CYB5R2",-1.03316209983313,7.52974665893576,-4.63848775290707,5.94938010585662e-06,3.86955843727565e-05,3.2926671765941
"PRR7",1.15144231073654,6.87587006579983,4.63204124967033,6.12103563274009e-06,3.97075540374617e-05,3.26554916596276
"ANXA3",-1.34769304747567,6.5306835382627,-4.62342758379424,6.35785822062679e-06,4.10803336663789e-05,3.2293632532376
"THBD",-1.09021519195888,8.0979832430572,-4.62272077288585,6.37767819527415e-06,4.11508672871217e-05,3.22639641497019
"MAFB",-1.23844468944458,9.27812178887367,-4.62011587196401,6.4512383554228e-06,4.15806707446159e-05,3.21546557649308
"UNC93A",-1.00982880343236,5.30044201517868,-4.60665528038063,6.84456297911973e-06,4.38772156758811e-05,3.15906250475175
"FHL2",-1.19024315609702,8.79448212685636,-4.60208412784949,6.98331137985005e-06,4.46727425631268e-05,3.1399392117211
"LRFN4",1.36178002712351,6.79857458925815,4.59884167373423,7.08336726390071e-06,4.52080400166428e-05,3.12638400478763
"SPARCL1",-1.36248442512118,10.356965764007,-4.59865197134019,7.08926365266231e-06,4.52235365787984e-05,3.12559119100165
"C1RL",-1.00586036780055,7.09848319403228,-4.58665749520742,7.47182893891049e-06,4.73857867385476e-05,3.07551819478428
"DENND5B",1.02083741658714,5.60361936493678,4.58056958006314,7.67353064607656e-06,4.85704689777633e-05,3.05014455066181
"ERBB3",1.03879675292798,9.83872946757929,4.57867696447757,7.73729655881249e-06,4.89265809070592e-05,3.04226205830617
"SQOR",-1.16335863968187,8.78106219954926,-4.55960752183414,8.40889806208985e-06,5.27386348396294e-05,2.96299098330466
"WNT11",-1.083270826106,3.95413840035174,-4.55888107330296,8.43556094026412e-06,5.28804226442807e-05,2.9599765828694
"IL33",-1.54810908950693,6.21784183309194,-4.55656169527332,8.52123471076202e-06,5.33405565979962e-05,2.95035498307069
"HSF4",1.00358681670964,6.49630496324309,4.5561965738899,8.53479769132558e-06,5.33742096389421e-05,2.94884070055292
"VGLL3",-1.16397634017188,5.45499311929538,-4.55496193595671,8.58081418713944e-06,5.36105587858702e-05,2.94372098301714
"NDRG1",-1.01988672777843,10.9281657604065,-4.54826762705726,8.83450473371882e-06,5.49847767174032e-05,2.91598149911098
"XIST",-1.91448531833352,7.09411701974355,-4.54105791956014,9.11579297655238e-06,5.65734529372996e-05,2.88614422138638
"CCL22",-1.05726564908459,5.48844759707786,-4.53959366331264,9.17396430929996e-06,5.69052819069168e-05,2.88008921948393
"INPP5F",1.09104361912897,9.49124608063557,4.53464659475642,9.37315173575896e-06,5.80049954829431e-05,2.85964407020448
"FCGR2A",1.22774956417463,8.54148707399321,4.52956785131247,9.58196477073262e-06,5.91008697472009e-05,2.83867401194425
"PLPP2",-1.4345146714079,6.55980725969666,-4.52667759486987,9.7027876655905e-06,5.97612887915137e-05,2.82674890795151
"ST3GAL1",1.12795267785195,7.34925058860227,4.5264564636023,9.71209181717091e-06,5.97903518432915e-05,2.82583678820072
"TMEM100",-1.34267817091081,5.59953715488468,-4.52381685999767,9.82381828841669e-06,6.04211163503138e-05,2.81495184256783
"MCOLN3",1.25467779334512,7.86095160673119,4.52303808660164,9.85701682584438e-06,6.05967196568528e-05,2.81174142003824
"FMOD",-1.09861120615586,8.95397276146434,-4.51677674658928,1.01278814981087e-05,6.20862467577993e-05,2.78594632775116
"RRAD",-1.03777459229309,4.93776106743282,-4.50436156850527,1.06862739959212e-05,6.532721870521e-05,2.73488700328176
"PADI2",-1.12913763047509,7.38796590394118,-4.50008432398111,1.08854150823399e-05,6.64003710040867e-05,2.71732329427833
"HBA1",-1.65732721269245,9.32351633934828,-4.48871827367456,1.14320821557842e-05,6.9500741198143e-05,2.67071832351697
"CDCA8",1.00508249253377,7.73826549322208,4.47786844189787,1.19784669385726e-05,7.2443056777388e-05,2.62632177670504
"RTP4",1.14154669989696,7.59097519456974,4.4759618021249,1.20770395658548e-05,7.29204324609261e-05,2.6185292420115
"LEP",-1.61259442629564,4.06765375592985,-4.4725648943185,1.22545927170161e-05,7.38390177620946e-05,2.6046527729246
"COX7A1",-1.35189873806962,7.47766506215595,-4.46634772049278,1.25860736700069e-05,7.55918077306401e-05,2.57927822924908
"RGS1",1.79485796963952,7.90054858188889,4.46488041545414,1.2665552962077e-05,7.60341367737213e-05,2.57329392670219
"ITIH5",-1.77087878550543,7.48868032863636,-4.44670958316123,1.36906399595556e-05,8.14009368137919e-05,2.49932172632733
"C7",-1.80737233068362,5.96260068020431,-4.43865856758405,1.41698774400684e-05,8.38915104829722e-05,2.46662731647713
"FGFBP1",-1.12817948542841,7.8654367956203,-4.43076335197917,1.46554568477273e-05,8.64280876696138e-05,2.43461379619083
"KRT6A",-3.69364930352094,7.27674843349699,-4.42754585419613,1.48578894476668e-05,8.74636661436243e-05,2.42158118531532
"GRB14",-1.30548275761632,5.10186888058941,-4.42150733200789,1.52450780314744e-05,8.95811502714711e-05,2.39714332467668
"GSDME",1.04990196451579,8.92221467228155,4.41922916251025,1.53936546498271e-05,9.03320715477479e-05,2.3879308546669
"MPZL2",-1.2048066305039,5.87137253089421,-4.41856463275538,1.5437254794787e-05,9.05064592037896e-05,2.38524437718328
"APOE",1.14996427250695,10.8769117779594,4.41506941505067,1.56685357832404e-05,9.17386789751558e-05,2.37111992984832
"PLEKHB1",1.47472560546859,7.57022854148873,4.40795878796828,1.61493564578868e-05,9.43843383479991e-05,2.3424142875822
"ABCA6",-1.20148677736212,5.62576276043446,-4.40609632537986,1.62776171254259e-05,9.50913305100485e-05,2.33490193536684
"EMCN",-1.29779965188494,5.96523597989608,-4.39679794716057,1.69327184791621e-05,9.86090738051783e-05,2.29743627519578
"FXYD3",-1.014682694722,9.85342318310469,-4.39597379349075,1.6991987687286e-05,9.88659203277653e-05,2.29411874750964
"ZNF135",-1.16301001329946,3.83798321269465,-4.38891654324133,1.75077247652769e-05,0.000101459210317531,2.26573207391299
"H4C11",1.46468438958574,4.84402796253095,4.38112645456411,1.80944457832644e-05,0.000104534106587499,2.23444221366952
"ZNF385D",-1.02862412592959,4.48162943811049,-4.37937691649048,1.8228783852582e-05,0.000105216960006117,2.2274214075687
"PLD3",1.00591844826554,9.92911883152255,4.37132893970015,1.88591629722164e-05,0.000108280328487331,2.19515569586279
"HSD3B1",-1.33637897548461,5.4678866789381,-4.36877638583553,1.9063427518035e-05,0.000109260673146224,2.18493251059464
"VSNL1",-1.26918003654273,7.43577717741867,-4.364895360953,1.93780707103294e-05,0.000110869093458528,2.16939832897235
"FOS",-1.34942631902804,9.36434874323036,-4.36112865246518,1.96882030649864e-05,0.000112249444584328,2.15433283348584
"KRT33A",-1.12921775112615,4.00374338983003,-4.35816236238534,1.99357761794804e-05,0.000113363534934254,2.14247644244341
"ATP1B1",-1.23164472771531,9.31714627313059,-4.35419081544571,2.02719264685499e-05,0.000114974184090223,2.12661264432547
"CFHR1",-1.46339806763234,7.97270838576038,-4.33748784674141,2.17460734455425e-05,0.000122588435649126,2.06002850826721
"ACTA1",-1.27085416058052,5.27496688507321,-4.33234467086742,2.22203088188418e-05,0.00012493773466532,2.03956943440664
"C3",-2.10996546655615,8.7536110160754,-4.32977845127147,2.24606214081893e-05,0.000126133746165407,2.0293689195812
"MYRIP",-1.1974207539633,4.89970546363282,-4.3126110988003,2.41334758398914e-05,0.00013453458378638,1.96126150229786
"KCNK1",-1.02049774057869,6.04876521945534,-4.31243054589939,2.41516881224939e-05,0.000134578573260341,1.96054641726492
"SERPINA1",1.17050777625231,7.5556919453348,4.31209635410057,2.41854326206651e-05,0.000134709037138339,1.95922290771997
"PON3",-1.08738024967448,6.84733974045376,-4.310975791973,2.4298909486694e-05,0.000135283296668233,1.95478574609425
"MICAL1",1.05192094562338,8.71881054438327,4.3074967564943,2.46544819997858e-05,0.000137028896332143,1.94101580446194
"GPC1",-1.1946517522187,8.00177667755119,-4.30454045405634,2.49605398958772e-05,0.0001386708477641,1.92932222266963
"TRPM1",1.64461905888143,7.11654154111164,4.3038903656216,2.50283280703946e-05,0.000138929063307737,1.92675172530854
"ADGRL4",-1.00374771044857,6.6771500088956,-4.2969294334242,2.5765318865156e-05,0.000142413731531483,1.89924829482275
"ID1",-1.18989105093327,8.38746136686503,-4.29367978743311,2.61164479255382e-05,0.000144171195809099,1.88642148663059
"FBLN5",-1.22692940837234,7.6008408895126,-4.28597464538489,2.6967401772304e-05,0.000148554267726688,1.85604107664614
"KCNN2",1.61168865688944,7.079258557477,4.27277097300465,2.8487666526141e-05,0.000156202978904269,1.8040882415495
"HCAR3",-1.45687939607006,7.06227052236262,-4.26294848526375,2.96714682960241e-05,0.000162148480767753,1.76552768873908
"TNFRSF12A",1.07458009649356,8.4765305319041,4.26232879405609,2.97477105292984e-05,0.00016242897721588,1.76309746794162
"ST3GAL6",1.0232988700117,8.19644381021999,4.26049452809801,2.99744851373318e-05,0.000163598707285755,1.75590585149213
"CPZ",-1.19778729225508,5.32699389797474,-4.25894861849037,3.016689305258e-05,0.000164511132794893,1.74984683721932
"MSMB",-1.23393752709998,4.44521877047136,-4.25486370172886,3.06810151600201e-05,0.000167174992340787,1.73384546794692
"UBE2M",1.33976825816746,8.96717545324995,4.25103106949433,3.1170998331418e-05,0.000169561388086508,1.71884420854798
"UGT1A10",-1.04460370634804,6.2181609504789,-4.23302645279802,3.35747066625612e-05,0.000181501078015396,1.64852643712162
"RASIP1",-1.09056171536174,7.89844879114984,-4.2274674699559,3.43519923534179e-05,0.000185242195325152,1.62686692046375
"CX3CR1",-1.25232075530141,6.1793126328965,-4.22715016722205,3.43968743818695e-05,0.000185407542399833,1.62563134201925
"CERS4",-1.21730311377571,6.00777732363713,-4.22650061428864,3.44889276533917e-05,0.000185826912261394,1.6231022259517
"CRABP1",-1.21014652798691,5.62826097377485,-4.22317619870444,3.49637560733146e-05,0.000188152049294242,1.61016337821638
"TBC1D2",-1.01192146087952,6.44613745292502,-4.22022343843548,3.53907356418515e-05,0.000190135888765596,1.59867831078444
"CTSS",1.11698579353561,8.64669478990503,4.21998665592243,3.54251902641602e-05,0.000190242609495216,1.59775761704882
"DLX5",-1.0570614993229,6.39657985426618,-4.19142426464907,3.98250446376602e-05,0.000211605035464731,1.48702021741367
"ITM2C",1.016559640125,9.2464190269595,4.18089115899846,4.15757026071943e-05,0.000219387125170055,1.44634504540146
"ADGRL2",-1.22345306535748,6.47637258682451,-4.16721821648714,4.39580650455286e-05,0.000230651593613138,1.39367541728248
"COL16A1",-1.04300370794063,8.05930198103309,-4.16252676494635,4.48051265954773e-05,0.000234718379139586,1.3756374533305
"ISG15",1.38412154649858,9.55097266385104,4.13682175774142,4.97299234383939e-05,0.000258235154007653,1.27711425450582
"DNASE1L2",-1.02527232243301,6.29594668710942,-4.12984308746644,5.11536331814264e-05,0.000264784526817237,1.25045641926328
"L1CAM",1.43861186403074,8.65147029109709,4.11326240419287,5.4693827562207e-05,0.000280327365402365,1.18727475872166
"LMO3",-1.00568297701314,6.84094526022071,-4.11178779774536,5.5019747335868e-05,0.000281555135601406,1.18166625355233
"HBA2",-2.03061330577517,8.26308365124743,-4.11090496021213,5.52157589313802e-05,0.000282336580669124,1.17830930378195
"NDRG4",-1.18952795705236,6.12981321963577,-4.10865061169361,5.57193054855281e-05,0.000284576586065727,1.16974005533436
"TF",-1.34175114498213,6.33416015921679,-4.09250442769276,5.94559518060359e-05,0.000301300487990246,1.10848316314074
"SELENOP",-1.4981412745054,10.1415038344086,-4.0869218897592,6.08025869732367e-05,0.000307114606443055,1.08735187994645
"P2RY14",-1.03304140286242,7.00628095310661,-4.0677779517479,6.56447415375594e-05,0.000329335046136298,1.01507598720967
"SH3BGRL3",1.10731928820332,10.8961384302505,4.06560005836256,6.62183206381857e-05,0.000331702144756552,1.00687210633871
"PDGFRA",-1.03345186287594,7.42074320358822,-4.06265681955565,6.70010540664846e-05,0.000334979579744207,0.995791272362105
"SOX9",-1.38997530632389,7.88557531390957,-4.05852276652415,6.81153728766002e-05,0.000340029229302446,0.980238893581125
"TDO2",1.03210700642458,6.89030492244502,4.05274076580938,6.97035348777452e-05,0.000347425226020994,0.958509815185493
"GREM1",-1.07979751672354,6.96929257729784,-4.049576731777,7.0587476811371e-05,0.000351025976408645,0.946630515076693
"AQP9",-1.47441325358724,6.194306531417,-4.0431243114153,7.24232934003456e-05,0.000358514549220618,0.922429853721868
"ZNF165",-1.0042709410373,3.57913871433372,-4.03130472351521,7.59046783838133e-05,0.00037333877836535,0.878185359509499
"C1QB",1.36233333259012,9.64195395563784,4.01711492439553,8.02947254963435e-05,0.000393299371054404,0.825216301292782
"P3H2",-1.4180799428434,6.5969838954933,-4.01684684051216,8.03799461616573e-05,0.00039342121546616,0.824217126395155
"KRT35",-1.06691953409559,5.13498183387461,-4.00999461303533,8.2587629130985e-05,0.000402746797420332,0.798697787531483
"PLA1A",1.8036538948771,7.66101191065899,4.00622209588494,8.38275771952227e-05,0.00040784618621213,0.784664123783182
"PPM1J",1.02061248664834,10.2938214696984,3.99576332006019,8.73584362945988e-05,0.000423780351283337,0.745817567603914
"NOD2",-1.09906347398116,5.99250090246452,-3.9936526450212,8.80879444926607e-05,0.00042650527598953,0.737988650442909
"CDH13",-1.18818733635344,5.29270688253503,-3.98730616657319,9.03165253891042e-05,0.000436809041004648,0.714469884151637
"VAMP8",-1.25243448731166,9.20295634718001,-3.97921640242397,9.32350533189404e-05,0.000449257893653238,0.684537869761319
"CRTAC1",1.14489047700236,8.07242237914793,3.97478295586226,9.48723075517448e-05,0.000456472331427011,0.668156546171834
"IGF2BP3",1.05666225285362,6.79893535970012,3.96969896781626,9.67834405755018e-05,0.000464810048495016,0.649391014838873
"HSD17B1",-1.19557013680601,5.25008337810009,-3.94605519848855,0.000106162360554338,0.000505570131215489,0.562393507852473
"LY75",-1.36961657845249,6.63800694557008,-3.91229932461961,0.000121059485875937,0.000568417225904335,0.43897205055397
"SLAMF7",1.23581557102528,6.3313882011351,3.90392704446863,0.000125050274382757,0.000585679068849413,0.408503496338576
"NAV2",1.03122996146114,9.66510220534019,3.90181127530452,0.000126078375673006,0.000590282204811605,0.400812759756397
"RUNX3",1.02736540285143,9.6930562711896,3.88194914581154,0.000136128818951868,0.000634149221262382,0.328792121852286
"P2RX5",1.08116938081714,6.22730369300205,3.87942179465658,0.000137460876107365,0.000639212683154042,0.319650892501206
"PLEKHA4",1.286367966551,5.98078367473414,3.86925119351642,0.000142947348846261,0.00066283445291835,0.282917221538177
"CORO2B",1.28270504292211,8.19772204579489,3.85719479838213,0.000149720036000268,0.000690311014641973,0.239481748948048
"GINS4",1.13296604702907,5.98408859051641,3.85223847629411,0.000152591528712845,0.000702308839705888,0.221660046352341
"TPSAB1",-1.3674525092784,7.2639093047826,-3.84890911336239,0.000154549645572535,0.00071056869838515,0.209699745594906
"TBX3",-1.47052048907407,6.02533946648761,-3.84697743722419,0.000155696622430409,0.000715337653231186,0.202764601749029
"EPYC",1.03908873726778,5.40309454159159,3.83465532018178,0.000163205151982317,0.000746154269529254,0.15859724593903
"FOSB",-1.57675066660806,5.93639181892018,-3.82315261258437,0.000170522810710038,0.000774990215701702,0.117479052875071
"PCSK2",-1.3368791325274,6.23711953936451,-3.82022301207575,0.000172435570451065,0.000782864694676683,0.10702405303134
"TFAP2B",-1.22671510267997,5.58377419381716,-3.81780372735938,0.000174030436958303,0.000789555625434693,0.0983955404595322
"TSPAN13",-1.07097120547378,8.79844832619217,-3.78920207788179,0.000193975308891515,0.00087112625535158,-0.00325002692889154
"CXCL9",1.46239912292936,9.1188759431922,3.78430981015562,0.000197596376394654,0.000885685511106873,-0.0205690750829062
"SUSD4",-1.02986100860722,5.2524790783518,-3.78299698485957,0.00019857890503413,0.000889172507809075,-0.0252132413697836
"VGF",1.32831513530753,7.8988371130102,3.76300704007996,0.000214122272010963,0.00095190600230172,-0.0957532107377101
"SLC38A1",-1.46155355949485,7.64770649885387,-3.75559407604353,0.000220173288296234,0.000976144000712203,-0.121828233405341
"PRMT7",1.02631390043556,6.46255814585857,3.75327640943297,0.000222098064870377,0.000983006336675099,-0.129971306104237
"GMPR",1.53536705636329,9.14321903154016,3.750383769258,0.000224522656895699,0.000991381958436511,-0.140128321839802
"PPP1R3C",-1.14954564549972,7.7968756142936,-3.74884348325976,0.000225823897924663,0.000995442124759867,-0.145533959073824
"CXCL10",1.2521052951723,8.68064553389833,3.72723198214249,0.000244849462421479,0.00107098025512032,-0.221173040953646
"EHF",-1.17778817029303,4.50396671361939,-3.72596129360073,0.000246013954769185,0.00107541195747774,-0.225608370313909
"PMS2P2",1.00286628029029,5.21860674993161,3.72526106573232,0.000246657894919358,0.00107736137649324,-0.228051940160768
"PSENEN",1.04312849585941,8.84872245980743,3.72398259785321,0.000247837700914488,0.0010815113059652,-0.232512335535112
"CXCL8",1.47451353635872,7.27947361239988,3.72276026831816,0.000248970681760921,0.00108500291426492,-0.2367756080486
"MXRA5",-1.13093195592994,9.29393497522822,-3.71910291066675,0.000252389974574545,0.0010967186419718,-0.249524453051835
"MT4",-1.08294975018503,5.07039777748178,-3.71907521877144,0.000252416032253806,0.0010967186419718,-0.249620939457059
"CSRP2",-1.00337117901718,8.37554793850571,-3.70914420557028,0.000261926542232677,0.00113125544358128,-0.284182471701182
"SEMA3B",1.03536178324782,6.76619573142731,3.70696249779216,0.000264060702399209,0.0011393406679627,-0.291764226647166
"SPRR1B",-2.47964266619859,7.9562454005501,-3.7028693462339,0.000268108996415544,0.00115604272627721,-0.305977890200942
"BLNK",-1.10948479352462,7.05165980908492,-3.69052100715986,0.000280679765544402,0.00120189933101263,-0.34877393343245
"EXTL1",1.32996512093941,6.186469844877,3.6468975391111,0.000329684278822887,0.00139163266803873,-0.498947182375952
"CXCL13",1.86704265723763,6.26549758972365,3.6453538353449,0.0003315580008328,0.00139818394982499,-0.504232352738837
"CHI3L1",-1.4167044340946,7.63911183206153,-3.63710665531476,0.000341739413562073,0.00143786389591348,-0.532434524230869
"ADGRG6",-1.07622349646949,7.60177046594259,-3.60435144248675,0.000385156409884258,0.00159430299316852,-0.643884170255296
"NT5E",-1.3120455294196,6.75559363543804,-3.58417411723239,0.000414430616426653,0.00170090047453167,-0.712090910124499
"CCL4",1.07749301141379,7.63524223444346,3.5821610021411,0.000417463401874576,0.00171226967506845,-0.718877261979279
"BCHE",1.06157064696695,8.31659921702879,3.54511276392618,0.000477141617222963,0.00192973000836545,-0.843162101769606
"ALDH1A3",1.27799307268753,8.7501462693404,3.54199910770094,0.000482506172346156,0.00194900804870556,-0.853554857177585
"CHIT1",1.59564853746549,6.16122640854215,3.5403787476865,0.000485320262191901,0.00195855490520588,-0.858960063626041
"MAGED4B",1.03085162280573,7.34015518233182,3.52154579772621,0.000519177918276455,0.00207655241607568,-0.921620917135266
"NKX2-2",1.28241202247447,5.21366425425383,3.51621697621301,0.000529152933604049,0.00210997709518752,-0.939296669502528
"MAGEA6",1.8685291798293,8.09129621656337,3.50415482584793,0.000552399965355074,0.00218994926976735,-0.979218429748631
"NCF1",1.04337976013634,6.15014960450315,3.48991840736174,0.000581068969249947,0.00229245334040849,-1.02617818045327
"SLC22A3",-1.32802256024734,3.48568547466341,-3.48498512958575,0.0005913246918211,0.0023258403600835,-1.04241093829685
"MGP",-1.46293908319594,9.59489138761594,-3.44645064199801,0.00067746954055165,0.00263137484040899,-1.16849779702658
"CD37",1.36375928517382,7.06082685774174,3.44621894159019,0.000678021347597788,0.0026327338747253,-1.16925212383612
"SPRR1A",-1.87285097318755,8.34167700741061,-3.43505351554209,0.000705116413632857,0.00272819374402339,-1.20554838101282
"ATP2A3",-1.03713529243072,5.38701008978435,-3.42914180471364,0.000719869204553785,0.00277293192265194,-1.22472310681657
"LYPD1",1.27904766304682,6.54275049054343,3.41672338734624,0.00075180463173909,0.00288062903122127,-1.26490562037353
"SLC16A6",1.4215379408749,7.72693097698826,3.38647567652853,0.000835216257190495,0.00315115300275083,-1.36222902122335
"LY6E",1.06171007796073,10.3646559496149,3.38460980421608,0.000840634645875483,0.00316792923340186,-1.36820699450392
"MAGEA12",1.39842868603336,7.6412134906605,3.3704720401242,0.000882769015215298,0.0033113996517239,-1.41340562164709
"CCL5",1.10358857480445,8.10756934224695,3.36663401977177,0.000894542911746187,0.00334904196417876,-1.42564634159227
"SGK3",1.05362363569666,7.29978106922852,3.36336119521839,0.000904698536227567,0.00338295503695763,-1.43607451261368
"KRT16",-2.51655922795207,6.6438812848817,-3.35421510457684,0.000933652190519323,0.00348323059003761,-1.46516802210497
"ITGA3",1.04635948448117,8.99829880317393,3.30458582440797,0.00110641438745417,0.00404557969658297,-1.62178736300705
"PIR",1.03564644460563,9.00564466146187,3.29189676200004,0.001155133856364,0.00418266880120251,-1.6614916632593
"IGFBP2",1.36986877300079,8.15302153520543,3.28456928757874,0.0011841692120673,0.00426765681485504,-1.68435633253566
"ADAMDEC1",1.1963101918689,7.36727154338608,3.28067755391728,0.00119986494951089,0.00431944756396258,-1.69648130243935
"ASPN",-1.04597652672903,7.47401728436623,-3.20120320042311,0.00156588399269647,0.00544758841535999,-1.94122814245109
"PEG10",1.07130935553744,7.77792491458873,3.19021986009538,0.00162392456212219,0.00562848281911515,-1.97462190809747
"ITGA7",-1.01379801583826,7.30389919939501,-3.17093489808421,0.00173068091029517,0.0059494722882517,-2.03300239463808
"MAGEA3",1.55420119161422,8.4655653356943,3.09940392596391,0.0021859555270621,0.00728968647502882,-2.24671514435777
"HCP5",-1.05367385129776,6.85535559013084,-3.08412549947203,0.00229652883652505,0.0075942962938721,-2.29178298606232
"COL11A1",1.12118961612501,7.50902827102619,3.08088358815489,0.00232064482529711,0.00765466427448749,-2.30131958224328
"APOC2",1.5711021561214,7.5793411421688,3.0574946663464,0.00250166907044348,0.00816911169784937,-2.36984869770267
"TNFRSF17",1.01450735503663,5.02790682776164,3.0441679496571,0.00261054305201619,0.00849443447474338,-2.40868096053748
"SUSD5",-1.2361715584341,4.92873387666746,-3.03641337764276,0.00267588503571631,0.00867284737278275,-2.43120489872612
"NKG7",1.17360183117339,6.25605196555486,2.95348049359582,0.00347508051955213,0.010872588539946,-2.66877735729708
"S100A7",-2.78384462886182,6.57050130226781,-2.9496386765051,0.00351692942540659,0.0109890349335913,-2.67963547556354
"BST2",1.2266786510592,8.86699491255718,2.94400982673824,0.00357907853848191,0.0111574114295342,-2.6955206703136
"CXCL11",1.0282045894287,5.84696580221848,2.93301525321277,0.00370338103441681,0.0114781044230475,-2.72646750329558
"MT1M",-1.05933610860815,6.77819746523919,-2.92459017678319,0.00380129341663804,0.0117480599335253,-2.75010933074787
"CAPG",1.09988566633673,9.97284181482171,2.90218932148111,0.00407325447374089,0.0124879297162256,-2.81266243898545
"CSAG3",1.24998447967201,5.78395581058742,2.90014856788169,0.00409889385678995,0.0125517794736224,-2.81833896704942
"LTF",-1.37128171340999,5.19614651567851,-2.88573548326641,0.0042842142026536,0.0130305269392116,-2.85832471251839
"UBD",1.55795237244741,7.83599286043726,2.82966837287288,0.00508013535869869,0.0150956893669262,-3.0121092571745
"CLIC2",-1.07957388114552,5.90709557974927,-2.82105044302365,0.00521376161532215,0.0154189697668826,-3.03549821637983
"C1S",-1.05625216521531,10.169942220254,-2.73891109527416,0.00665727398133033,0.019015157818744,-3.25508315492616
"BAALC",1.13886571218385,7.21104081271638,2.6940102999423,0.00759105832122921,0.0212084442790889,-3.37255299907587
"SCUBE2",-1.02069752973902,7.4637991978929,-2.68111943640582,0.00788016700630811,0.0219035381784804,-3.40594212382771
"SPRR2D",-1.46250270258909,7.00523112500874,-2.67039639951906,0.00812818089060785,0.0225065514191199,-3.43360186510119
"MAGEA2",1.30017752841243,5.91379200539764,2.47639937009179,0.0140072726885236,0.0356720368331366,-3.91597474215841
"CHL1",-1.01369257362396,7.36765309051505,-2.38940232557036,0.0176993788243426,0.0434536246451898,-4.12111688407774
