"","logFC","AveExpr","t","P.Value","adj.P.Val","B"
"CHP2",-3.40656915234954,6.09401819494719,-11.291564940151,2.55819636801544e-20,3.29438140059005e-16,35.4243860575049
"IL37",-3.53103184591635,5.09381527106128,-11.1650737158007,5.05311971867482e-20,3.29438140059005e-16,34.769310729064
"FGFR2",-1.88692624520743,5.15376107503592,-10.517588536553,1.65612911618719e-18,7.19808918198827e-15,31.4082999849359
"PAMR1",-2.20865517786809,6.1218926814363,-10.1943599937614,9.46233127623193e-18,3.0844834377697e-14,29.7282027304091
"BLMH",-1.75721949725078,7.63023512772801,-9.88007832428518,5.1436338179056e-17,1.34135682703342e-13,28.0953330014454
"CDHR1",-1.78402387989853,7.27192310454522,-9.69875330393113,1.36425956509722e-16,2.96476341155045e-13,27.1542551034023
"KPLCE",-2.06613181651809,6.84131098750615,-9.15390797329322,2.53214938457366e-15,4.71667083220799e-12,24.3351171382033
"ALDH3A2",-2.20312692273021,7.53766477416911,-8.88083582382435,1.08602566860483e-14,1.72018928871627e-11,22.9295089097314
"HLF",-1.90849685565563,4.93244841665091,-8.86406792665124,1.18733826201752e-14,1.72018928871627e-11,22.8434048897688
"PTPN3",-1.16729838504424,6.69482927408609,-8.77432444534413,1.91284396401447e-14,2.4432884493536e-11,22.3830191875823
"SCEL",-3.77910426225027,5.29019983167263,-8.76025188571697,2.06121427585625e-14,2.4432884493536e-11,22.3108979696752
"TMEM254",-1.61119985035869,5.69204679730646,-8.71414102323881,2.63248530853938e-14,2.86041466150375e-11,22.074722625409
"PLLP",-1.90835142916533,6.61688389996357,-8.60451811368334,4.70477548715446e-14,4.41835348553363e-11,21.5141478876632
"DLG5",-1.38682167209371,6.87908705273879,-8.59557761694973,4.93263702300412e-14,4.41835348553363e-11,21.4684875524084
"CYP4B1",-2.83555068304543,3.86863842709803,-8.58990592321168,5.08285162075347e-14,4.41835348553363e-11,21.4395261386274
"NEBL",-1.16308450649381,6.49962761653554,-8.5094162769461,7.7771085615517e-14,6.17229792182439e-11,21.028923276167
"DES",-2.27936216724578,5.8041586196182,-8.50294601182584,8.04732453953637e-14,6.17229792182439e-11,20.9959497492074
"KLK1",-2.19951740576632,6.41702538655245,-8.48553605235294,8.82172183690981e-14,6.39035727952595e-11,20.9072509618347
"MARCKSL1",1.95544158605989,10.3439883562117,8.38163053843171,1.5252633825282e-13,1.04673206551501e-10,20.3786682596662
"EXPH5",-2.11363853253268,6.44622458696883,-8.35953445302986,1.71329876345667e-13,1.11698512883558e-10,20.2664413903999
"GAN",-1.90984483075412,3.8394094974982,-8.25092778880392,3.03088031657775e-13,1.88188802132654e-10,19.7157841140334
"FBXW7",-2.27799520971525,6.65694383690749,-8.23921725370405,3.22283196841347e-13,1.91011391073378e-10,19.6565075305576
"TACC2",-2.56989525952528,6.205700818015,-8.21442988562442,3.66993506803613e-13,2.00478832285512e-10,19.5311033096379
"GATA3",-2.7031212746963,7.11750619228034,-8.21338517504226,3.69007744064137e-13,2.00478832285512e-10,19.5258198616469
"SERPINE2",3.30396153549168,11.2910890509193,8.20132611977364,3.93069366298152e-13,2.05009258686464e-10,19.4648447257333
"IDE",-1.26532324291309,7.32126379483834,-8.07034002747677,7.79542111546466e-13,3.70848846273392e-10,18.8039333835719
"POU2F3",-2.08165006698738,4.69605750039869,-8.06699969844298,7.93245818725983e-13,3.70848846273392e-10,18.7871137988379
"TUFT1",-2.35524631198499,7.16236712538598,-8.05665377666272,8.37227960316255e-13,3.70848846273392e-10,18.7350301148104
"PRAME",4.53935914560825,8.97364127810996,8.05336176369264,8.51724897388506e-13,3.70848846273392e-10,18.718460953016
"ARPC1B",1.42286402081015,10.7101108350129,8.05146040304155,8.60211261394482e-13,3.70848846273392e-10,18.7088919258572
"DEGS1",-1.89844389160016,8.37847563376183,-8.0467309092498,8.8168680377906e-13,3.70848846273392e-10,18.6850921835792
"SH3GLB2",-1.82684185841191,6.65971117792874,-8.02229931337942,1.00140776050024e-12,4.08042368411331e-10,18.5622048096056
"TMEM43",-1.17931416191033,8.73061457847458,-7.96273362225313,1.36536579941349e-12,5.39484989653108e-10,18.2630065518315
"C1orf116",-3.33828239694285,4.06537168728709,-7.94048284786869,1.53276998175292e-12,5.87817288002245e-10,18.1513925515356
"LINC00302",-2.34399863402041,4.64339125196797,-7.83597348649084,2.63569680362872e-12,9.8191001778614e-10,17.6282949122379
"PLEKHA1",-1.70199740626834,7.26075243904254,-7.82371828874829,2.80832058587777e-12,1.0171581144239e-09,17.5670806120788
"PTPN21",-1.03108992985045,5.08177250720389,-7.79128034908087,3.32134708386365e-12,1.16994813599339e-09,17.4051855024159
"SCNN1B",-1.78399196372631,5.69968256377576,-7.78620584609962,3.40961953890242e-12,1.16994813599339e-09,17.3798764617976
"FHL1",-1.96448265706758,7.22705835945945,-7.76341706456401,3.83564688814557e-12,1.28238460960334e-09,17.2662762161491
"CCL27",-3.50706414024408,6.2216226503032,-7.68541569857935,5.73502450103677e-12,1.86947461172546e-09,16.8781845222223
"CHRNB2",1.55988272715356,6.80020086211591,7.66153012366396,6.485295701186e-12,2.06248221092108e-09,16.7595766528179
"ADH1B",-1.61766961308201,5.33973565388024,-7.64051120611179,7.22563641199496e-12,2.24321602800006e-09,16.6552960989841
"CD207",-1.69757968566239,6.93260386448546,-7.5544520974846,1.12381061253955e-11,3.40775966904724e-09,16.2292556303079
"CD248",-1.29937356277345,8.14334766203467,-7.54954249897465,1.15243512180652e-11,3.41321855578722e-09,16.2049958945977
"MYH11",-3.77219110832205,5.85311507983625,-7.54526473250964,1.1779648363404e-11,3.41321855578722e-09,16.1838622884823
"RORA",-2.9862485546411,6.29616008761763,-7.53168997105459,1.26275289476204e-11,3.57935543365265e-09,16.116823561576
"TGFBR3",-1.63265541926877,7.72236496445843,-7.50776089598792,1.42721288209754e-11,3.95945292971699e-09,15.9987440382992
"SOWAHC",-1.68873355250842,6.8806837772179,-7.49234121091888,1.54427175541366e-11,4.19494987892473e-09,15.9227185865165
"CTSV",-1.82670502176245,7.55241074065108,-7.48485413881638,1.60449649454686e-11,4.2695979168156e-09,15.8858224218495
"KCNK7",-2.58693732169594,5.21339658015354,-7.47064445222165,1.72527458781386e-11,4.43407835398251e-09,15.8158302533698
"PPP1R13L",-1.98021001441655,6.84888113879446,-7.46962029633705,1.73432008630346e-11,4.43407835398251e-09,15.8107872758536
"RXRA",-1.61815491033507,7.76682593908748,-7.46155869933058,1.80718311853523e-11,4.5315116697271e-09,15.771099583943
"HOXA9",-1.7727689407324,4.76936247445236,-7.4568907360497,1.85075307329209e-11,4.55320175899162e-09,15.7481253457415
"OR2W1",1.42936472040915,5.37505078683977,7.45173390341519,1.90009797899256e-11,4.58803287927482e-09,15.7227505240509
"NUAK1",-1.66421280130676,6.78593355674258,-7.4441302876309,1.97524534657715e-11,4.68276801345808e-09,15.6853465251714
"PHYHIP",-2.33368716858655,5.31990224810032,-7.43885426809541,2.02911360953242e-11,4.72457363476664e-09,15.6593999132519
"ABHD5",-1.06227056639953,6.47223755609755,-7.42874992537589,2.13637824711735e-11,4.88705894108125e-09,15.6097253397079
"KRT23",-3.53287616919304,6.06304023837209,-7.37235372296392,2.84685786044966e-11,6.40003097282813e-09,15.3328861740312
"ERBB2",-1.72874977644464,7.00681428604625,-7.35491914204435,3.11064536553282e-11,6.87452625782752e-09,15.2474466417133
"MMP28",-2.18526509768606,4.66829736550494,-7.34358135617258,3.29504562024373e-11,7.16068330705966e-09,15.1919218473518
"PTGS1",-1.56684218477338,6.99505385332293,-7.33083370449996,3.51534122916645e-11,7.51418594870515e-09,15.1295274478271
"EMP2",-1.91060162550915,8.65717502925025,-7.30356471558404,4.03679304322044e-11,8.25748479749342e-09,14.9961824221584
"NFKBIE",1.52512389666615,7.27730649709267,7.3008525109092,4.09267243446188e-11,8.25748479749342e-09,14.9829291649205
"ACTG2",-2.59804762234518,6.99164302927944,-7.2997122603247,4.11639321908944e-11,8.25748479749342e-09,14.9773578110488
"ELOVL4",-3.33633883069651,4.11874967727658,-7.28377942363724,4.4624556543749e-11,8.81605443596884e-09,14.8995403736673
"CLEC3B",-2.21915878209668,8.05467619088156,-7.22573644380083,5.98507279013695e-11,1.16476662851635e-08,14.616558351673
"NFIB",-1.68427414977642,6.73268329407428,-7.21818435935625,6.21774419613824e-11,1.18585447948777e-08,14.5797980028087
"WNT4",-2.35578799078554,5.50591687035315,-7.20906713880223,6.51060165167687e-11,1.20890649994532e-08,14.5354375296823
"BSPRY",-1.08147868372852,6.1344351787131,-7.20459264257311,6.65928661668085e-11,1.20890649994532e-08,14.5136738996033
"PBX3",-1.28322609417079,6.80641550763179,-7.20411203025461,6.67545578618476e-11,1.20890649994532e-08,14.5113365237707
"ZBTB16",-1.78711367487153,6.54716081565638,-7.18502016868347,7.35020592374467e-11,1.31286760328365e-08,14.4185318914852
"FBLN1",-1.93727232428066,7.3636099629479,-7.17802566893184,7.61396112246158e-11,1.34160052805103e-08,14.3845542001619
"EPN2",-1.22961714668755,5.23025695861113,-7.15010788732275,8.76339126385279e-11,1.52354478252502e-08,14.2490556845884
"KRT7",-2.25713153308883,4.57177896816008,-7.14393757099517,9.03975688937855e-11,1.55091302737641e-08,14.2191341406119
"SLC47A1",-1.20797585197612,5.94011771238668,-7.10743862769602,1.08602061242483e-10,1.83904191758537e-08,14.0423352084346
"DHCR24",-2.73648700468882,8.0197585999463,-7.10466773855726,1.10123850756368e-10,1.84090370514395e-08,14.0289268384726
"WIF1",-2.2330316991538,4.26399919844388,-7.1003924721219,1.12513370905709e-10,1.85704030789814e-08,14.0082425740172
"ASS1",-2.67970322134599,7.08905380304593,-7.07964910203571,1.24856018755673e-10,2.03499703569402e-08,13.9079494530614
"INAVA",-1.98913792595625,6.93659721378783,-7.06931959955959,1.31493033200365e-10,2.11671316036983e-08,13.8580477739031
"WBP1L",-1.01553362581802,8.09374913984247,-7.05355133144398,1.42303886903814e-10,2.26280534309614e-08,13.781924318719
"EGFR",-1.69619386867874,6.13882447088356,-7.04672992501074,1.47249096770809e-10,2.31323008770432e-08,13.7490129238628
"UBAC1",-1.2756383283371,7.22381278099585,-7.02256686809266,1.66174121585182e-10,2.57945758493951e-08,13.6325300477784
"SNX10",3.82018137271169,8.81751802694144,7.0025965464172,1.83617216340003e-10,2.81668809865565e-08,13.5363743010684
"ANK3",-1.64765429376288,6.2793704295397,-6.93189249829039,2.61233659807796e-10,3.91832530133675e-08,13.1967904603959
"PDZD2",-2.39022076716851,5.08521094449896,-6.93173227765786,2.61442059372879e-10,3.91832530133675e-08,13.1960224647007
"SERPINB2",-1.94589025385354,5.87851780069943,-6.92808105897975,2.66236044907244e-10,3.94483157902904e-08,13.178522737235
"MAOA",-2.0807180790889,5.79382860776141,-6.92145363505174,2.75160943777279e-10,4.03126241113702e-08,13.1467677822759
"CNN1",-2.57794685748159,6.06544274219464,-6.91729568718506,2.80910714459672e-10,4.06977200648852e-08,13.1268513036954
"MATN4",-1.56457614750337,5.13315139696028,-6.90403520023085,3.00053440994069e-10,4.29933716167216e-08,13.0633654410372
"CASQ2",-1.34980226476271,5.33681970624461,-6.90082006541807,3.04885813585874e-10,4.32109361233284e-08,13.047979934387
"PLCH2",-1.72991648924486,5.24803073071295,-6.87914361348016,3.39535873136528e-10,4.7604389783088e-08,12.9443251350576
"FOSL1",1.6742380792232,7.25814097214637,6.87569463190826,3.45397188140342e-10,4.79109993208714e-08,12.9278444086808
"SNHG17",1.18249684401075,8.68136908217361,6.85377167211362,3.85064507458995e-10,5.28511169763982e-08,12.8231644408134
"PAK6",-1.68905952978257,5.73438710133903,-6.82629036251473,4.4120256481484e-10,5.96980931566762e-08,12.6921342076971
"TGM3",-1.47120305966656,6.45671718986646,-6.82496421309575,4.44107296280205e-10,5.96980931566762e-08,12.6858165495702
"PID1",-2.95029922305458,5.15431155866648,-6.82030692603381,4.54458975309553e-10,6.04662303985843e-08,12.6636335970431
"PARD3",-1.71619591418795,6.61117363304613,-6.78953593729059,5.29107684340039e-10,6.9687223193028e-08,12.5172246959694
"MYLK",-2.15569206963136,7.69064060847709,-6.78607900916842,5.38216618705885e-10,7.01780649130603e-08,12.5007935095077
"IPPK",-1.34935003452793,5.92807908630067,-6.76801039020034,5.88409417291593e-10,7.59630731887632e-08,12.4149672927444
"EPHX2",-2.04262802513177,5.51831443712003,-6.76540647354512,5.96014343565574e-10,7.61905002524658e-08,12.4026064315461
"OSBPL2",-1.13622200270737,6.7133053157609,-6.75825066316176,6.17417304401546e-10,7.74086945393439e-08,12.3686477444625
"CXADR",-3.02339577748286,7.16177822371856,-6.74485929535094,6.59531438166389e-10,8.19012421166814e-08,12.3051375785544
"POF1B",-4.37555581231406,4.0683583399901,-6.71758204402474,7.54289646956557e-10,9.27847425157221e-08,12.175934401003
"LEF1",2.05114693719501,7.59944107745024,6.70879518196955,7.87588624736148e-10,9.59754025975199e-08,12.1343606898067
"FGFR3",-3.51754268231647,6.02585029371436,-6.7065644845791,7.9627075993769e-10,9.61349485076625e-08,12.123810121832
"COL17A1",-4.12391776944011,5.50440287032621,-6.69537295792848,8.41277275882611e-10,1.00636829359939e-07,12.070899675825
"CES1",-1.2998463875602,6.9377949377202,-6.67514022543181,9.29111284457989e-10,1.08078889474442e-07,11.9753397460346
"CDC50B",-1.35060908237948,5.47729574696296,-6.6734937874177,9.36645027272942e-10,1.08078889474442e-07,11.9675689555887
"LRP4",-1.296954385822,6.43042798674956,-6.66508526232578,9.76071781311688e-10,1.11640350495817e-07,11.9278954582268
"TPM2",-2.1838370973574,6.35016618161406,-6.6520564355039,1.04042306181569e-09,1.17965880895781e-07,11.8664643594444
"MEGF6",-1.56285090967461,6.66743317444572,-6.63504092988358,1.13081055604121e-09,1.26022554189926e-07,11.7863134898867
"COBL",-2.1362705023867,5.68919977912729,-6.60242958722368,1.32625239020182e-09,1.45319369040685e-07,11.6329462550674
"CTNNBIP1",-1.48432546199387,8.52490214475413,-6.59413358485698,1.3810744208582e-09,1.50065244779751e-07,11.5939833669923
"GJB3",-1.73993394463872,6.93113783227226,-6.59075022195541,1.40406947415659e-09,1.51271384900277e-07,11.5780992260988
"STARD5",-1.37247087834913,7.07550523262891,-6.58910641861269,1.41537763308795e-09,1.51271384900277e-07,11.5703832134441
"PSORS1C2",-2.92549795831592,5.77096985186812,-6.55033142110865,1.70979937442699e-09,1.79790919702851e-07,11.3886175900563
"TRIB2",2.23146594234697,8.88931362643669,6.54839588943811,1.72598395994657e-09,1.80040838829947e-07,11.3795567376822
"PHLDA1",1.50331123439777,7.93697593768053,6.5388510923817,1.80803398017691e-09,1.87102817996244e-07,11.3348917139082
"DUSP4",2.7197672641725,8.75940323537567,6.53403896614201,1.85084835125742e-09,1.90025288598783e-07,11.3123842067772
"ECM2",-1.54840631100943,5.9468424933534,-6.53024734836536,1.88528652914808e-09,1.92048836355951e-07,11.2946550342997
"EMX2",-1.84584533453817,5.0881113295073,-6.50398124462214,2.14184858885747e-09,2.13309862259061e-07,11.1719632308386
"TPM1",-1.20931717409034,7.94989228993977,-6.5027666093612,2.15451204561856e-09,2.13309862259061e-07,11.1662948650232
"SLIT3",-1.04633956897533,6.68392086315716,-6.5022961059801,2.1594372128381e-09,2.13309862259061e-07,11.1640992832188
"GATM",-2.14750934230145,7.17109489866792,-6.49525737290887,2.23445778677165e-09,2.19060865276057e-07,11.1312618401302
"FERMT1",-2.354064542731,6.01003671540585,-6.48929720512084,2.29998910926141e-09,2.22001544842439e-07,11.1034686119047
"CYP3A5",-1.26214110333115,5.35805244848515,-6.48885813161823,2.30489098121391e-09,2.22001544842439e-07,11.1014215928695
"LRRC8D",1.1889844328819,8.33771816088586,6.46368530874328,2.60384870144151e-09,2.4602596534852e-07,10.984166628957
"ABHD6",-1.09874897863197,6.34993476069509,-6.45489493945524,2.71700737922071e-09,2.54870929623445e-07,10.9432695030973
"TLCD3A",-1.83326533762534,7.72078207354965,-6.44844599052503,2.80309658585052e-09,2.61068402735036e-07,10.9132818276281
"FAT2",-1.80496562436595,5.76614638675954,-6.43792396375182,2.94936989701282e-09,2.72743504164186e-07,10.8643834811182
"RAPGEFL1",-3.5141357952653,4.68821043967073,-6.43612752203336,2.97508495636199e-09,2.73184033422563e-07,10.8560386160957
"ATP2C2",-1.32509716414219,5.25024411044114,-6.42710044729109,3.10768786288726e-09,2.81396819751299e-07,10.8141219214793
"IL18",-1.97717832212072,5.83349816701037,-6.39533159861025,3.62239051387666e-09,3.25740344209916e-07,10.6668190338481
"HMGCR",-1.58121544508721,6.25357853002379,-6.38774002212134,3.75732853280353e-09,3.3556032013168e-07,10.6316687106792
"RNASE4",-1.545223941459,6.18527564086291,-6.36881219396332,4.1157267730195e-09,3.65067764580961e-07,10.5441134721646
"CHST11",1.5915084228352,6.64290911137306,6.35742039288284,4.34746246927613e-09,3.8301731849251e-07,10.491475942968
"SLC24A3",-1.86592460332498,5.17404517928826,-6.33908194769082,4.74780446320818e-09,4.15480687219943e-07,10.4068324769489
"CWH43",-1.82771527592432,5.1965062319339,-6.30596290095561,5.56496122820442e-09,4.8374352969705e-07,10.2542571872942
"STMN1",1.61764303358137,9.65803860928032,6.28413286716642,6.17782490693445e-09,5.30087391739804e-07,10.1538948121221
"DAAM1",-1.68367091856537,6.93104365055808,-6.28407933437264,6.17940666803054e-09,5.30087391739804e-07,10.1536489003872
"ELN",-1.93640518749835,6.49909022216246,-6.25994221934102,6.93480438187548e-09,5.90999440099833e-07,10.0428724592612
"KRT31",-1.89783426908205,6.31235445955035,-6.25719988058526,7.02618345341809e-09,5.94898740578692e-07,10.0302994312063
"CCL3",2.07133039566227,6.54862651978501,6.25258186721544,7.18275077567701e-09,6.04231531380984e-07,10.0091327841343
"GAS6",-1.61927746247402,8.4416644533606,-6.25108477594373,7.23424144581538e-09,6.04662014179402e-07,10.0022724739247
"PTK6",-3.26813668824307,4.43479588807181,-6.24904414187254,7.3050126380368e-09,6.06688278900394e-07,9.99292268348446
"KLK11",-3.51558378361417,6.3866853585653,-6.23433423126828,7.83574102042031e-09,6.46647007375066e-07,9.92556796964427
"KCNJ2",-1.59090193703527,6.32259105652091,-6.23197842151412,7.92419498902936e-09,6.49833826804741e-07,9.91478810419538
"SEMA3F",-1.21538851495885,7.5352011521186,-6.22617635409209,8.14626159133718e-09,6.63869405559034e-07,9.88824698019858
"EPHB6",-2.99655940991457,6.63985897505574,-6.20633659165156,8.95291590772687e-09,7.25074972179196e-07,9.79758148639675
"EML1",-1.16969187693608,5.14794029491015,-6.203979852216,9.05381589740427e-09,7.28720404236138e-07,9.78682073697443
"MYO6",-1.30626005952168,6.06368443706556,-6.17660790054261,1.03109620346363e-08,8.24813705335109e-07,9.66198710162196
"DSC1",-3.66313456997483,6.87997653472369,-6.17006182232769,1.063620714915e-08,8.36588639676863e-07,9.63217259257654
"ITGAX",1.67651047190444,5.44152272052871,6.16994880833297,1.06419100807964e-08,8.36588639676863e-07,9.63165799893283
"CA2",-1.86547306783216,6.62610662922697,-6.16977589530781,1.06506414745271e-08,8.36588639676863e-07,9.63087067221623
"CEP170",1.71816927333946,7.95198934016798,6.1531180428916,1.15257098279467e-08,8.99902577524536e-07,9.55507288469118
"SOX10",2.31031374113332,9.86423073733505,6.14899343617965,1.17530905764703e-08,9.07700035452315e-07,9.53632029926814
"SPINT1",-2.37249252872967,6.35204091980814,-6.13709691749544,1.24339438069207e-08,9.53683489990814e-07,9.48226720130744
"ETV5",2.07572064036748,8.70774101185604,6.12766324719054,1.3001311995271e-08,9.91369047405491e-07,9.43944095110665
"IL20RA",-1.51418406038925,4.72203122275765,-6.12240181670364,1.33287389976162e-08,1.01042690575534e-06,9.4155696324605
"OSR2",-1.69339767541641,6.55621294422385,-6.08438591376869,1.59481287604918e-08,1.1951014420003e-06,9.24339218041152
"UBR4",-1.35810737373677,7.78274653385619,-6.08234384486505,1.61023395117685e-08,1.19976231367971e-06,9.23415856828368
"GNG7",1.80677772698937,7.15651672153169,6.06853444082375,1.71843792969012e-08,1.27310864575167e-06,9.17175731535759
"KRT19",-2.06656449364925,4.37639997056811,-6.05605234495967,1.82237694375169e-08,1.34248434856375e-06,9.11541498048657
"ALOX15B",-2.4072642188436,6.93287943307192,-6.0546635722568,1.83431679962143e-08,1.3436885814755e-06,9.10914986596755
"ACSL1",-1.83484105903768,7.68210766083272,-6.05263841785634,1.85186592287141e-08,1.34771393670239e-06,9.10001516261209
"CKLF",1.12437997457783,7.23691850021623,6.05165079993919,1.86048399882223e-08,1.34771393670239e-06,9.0955609501182
"MYOF",-1.57915168851026,7.01416063295056,-6.04878831012088,1.88568591428649e-08,1.34933112872496e-06,9.08265302526142
"DSC3",-2.76286710051816,7.50125645283937,-6.04770791242372,1.89528497146537e-08,1.34933112872496e-06,9.07778194922203
"DHCR7",-2.29778635599468,6.81670211871926,-6.04671935023844,1.9041101900866e-08,1.34933112872496e-06,9.0733253061088
"GPT",-2.11424567535084,3.98554321456924,-6.03191387894431,2.04122137643514e-08,1.43867489336961e-06,9.00662313193444
"F3",-2.78884324285147,4.7721020814746,-6.02279900663236,2.13041401518436e-08,1.4934660399994e-06,8.96559955995007
"LCE2B",-3.73570333867695,6.50693468771576,-6.00764196375211,2.28728941282257e-08,1.59486452694083e-06,8.8974514597608
"FADS2",-3.41089535222679,7.28433638796722,-6.00633995858897,2.30128319749698e-08,1.59608678788101e-06,8.89160153796206
"CBLC",-1.35843084675411,4.74249828164978,-6.00326676891182,2.33464814186132e-08,1.61066016517089e-06,8.87779622503391
"ALOXE3",-1.40138796832556,6.30317281947407,-6.00198752067432,2.34867643992048e-08,1.6118101105328e-06,8.872050675057
"F2RL3",1.42902059073414,5.24992516120554,5.9925757763281,2.45446520396942e-08,1.66686311429986e-06,8.8297984323931
"BICD2",-1.34128253760359,7.43649511546381,-5.98710851037169,2.51805422357646e-08,1.7011869959178e-06,8.80526971440745
"NPY1R",-1.89853566743016,4.27814175092,-5.98343627090692,2.56167191013254e-08,1.72173402248547e-06,8.78880074974742
"IL22RA1",-1.49644806379845,6.88220443426863,-5.97559855313646,2.65726507069091e-08,1.7712882515977e-06,8.75366807873988
"EPS8L2",-1.71663191012763,6.44884055714728,-5.97517176008937,2.66256996175435e-08,1.7712882515977e-06,8.75175565055462
"CYP3A7-CYP3A51P",-1.25371690279738,4.72381734118744,-5.9738611944437,2.67892499166853e-08,1.77312197798812e-06,8.7458835400731
"CSNK2A2",-1.11905530019982,7.91331445047552,-5.96777180304771,2.75622133970202e-08,1.81506919436235e-06,8.71860812638303
"VIPR1",-1.13703107553931,6.82186206668237,-5.96533170379183,2.78780653912295e-08,1.8266436916394e-06,8.70768251668441
"KRT2",-4.16628767344798,7.8206816162496,-5.95386773076839,2.94102520681226e-08,1.91740138358125e-06,8.65638302868172
"TPPP",-1.36201176438056,4.61678222441799,-5.95095133753454,2.98130580165804e-08,1.93399235561289e-06,8.6433407321517
"GREM2",-1.6300914957101,4.66909415780938,-5.949826679012,2.99698377738284e-08,1.93453819174727e-06,8.63831206757961
"INPP5A",-1.1609175126767,7.65795700303873,-5.94463884791741,3.07035847387078e-08,1.97213813501483e-06,8.61512216337886
"TM7SF2",-1.80302757770894,6.00306689773241,-5.91603273992612,3.50779178699967e-08,2.24206358385729e-06,8.48743930127347
"NSUN5P2",1.58328678317755,8.90985331323972,5.89793787338774,3.81552437084467e-08,2.41507875104096e-06,8.40683852022681
"ARHGEF4",-1.35181621324659,6.03891242683047,-5.89245174462492,3.9139571707531e-08,2.46541485746134e-06,8.38242686283755
"LDHB",1.34947249769797,10.9971429322945,5.87754667076097,4.19415424264656e-08,2.62921044085906e-06,8.31616371962127
"SERPINB7",-3.03609072132308,5.09049186627681,-5.86801645755269,4.38353990829306e-08,2.71870369557403e-06,8.27384162485616
"HOPX",-3.22201334740138,7.01256447280268,-5.8672335146205,4.3994668284847e-08,2.71870369557403e-06,8.27036630991462
"MRTFB",-1.00719706263384,7.02393568670013,-5.85288008651259,4.70172636408875e-08,2.86475747950248e-06,8.20669782436
"AQP9",-2.44054868877654,4.62986031273082,-5.85038452280615,4.75632053335215e-08,2.88431748112495e-06,8.1956364748742
"ELMO3",-1.60858760468655,5.22969146582541,-5.849308897379,4.78004296307027e-08,2.88431748112495e-06,8.19086963541854
"ANO1",-2.1263091156626,5.05279117833879,-5.84839945488897,4.80019091497901e-08,2.88431748112495e-06,8.18683962861177
"KCNJ1",1.15764385948257,5.33716567044987,5.83731883509008,5.05247221410651e-08,3.0219809724649e-06,8.13776476838945
"OGN",-1.71397313536063,2.9922900687108,-5.83595076696962,5.0845091222921e-08,3.02725636737748e-06,8.13170916072259
"AZGP1",-1.93695978953476,7.27113676775646,-5.8275869095202,5.28475265823607e-08,3.13217681412455e-06,8.09470380598061
"SLC16A4",2.33463437583916,6.04789022686626,5.81992537901329,5.47496381071806e-08,3.23022864832366e-06,8.06083058769289
"CERS6",-1.02231535690517,7.57158274494151,-5.81558961605207,5.58556807250907e-08,3.28064063502008e-06,8.04167178089352
"ULK1",-1.18790877401622,6.46582226706476,-5.81219765605882,5.67362262380504e-08,3.31741548842125e-06,8.02668873773112
"GP1BB",-2.14418179561881,4.72997756657728,-5.79229575676543,6.21840037195616e-08,3.60363210888606e-06,7.93887163487244
"IL1RN",-1.47644789190567,6.28487999388386,-5.791278966905,6.24757078718604e-08,3.60451661478402e-06,7.9343893757883
"ARHGEF5",-1.81749026285647,6.2960755748135,-5.7707104539742,6.86733888793868e-08,3.94463576034504e-06,7.84380899107572
"CRAT",-1.23294614654438,7.12036936803894,-5.76171022731174,7.15714729379055e-08,4.09307208612873e-06,7.80422797621335
"EPCAM",-1.26078594925377,4.97536529677191,-5.7563346529141,7.3359302824754e-08,4.17699541280335e-06,7.78060327282881
"BBOX1",-2.72845345779691,5.37490806196826,-5.74610162683781,7.68845543885523e-08,4.35868567248841e-06,7.73566384856955
"HAL",-1.99203279261466,5.80735608726618,-5.72088184195803,8.62975988286824e-08,4.87114455033416e-06,7.62509356369462
"KLF4",-2.29283453410975,7.27942661179488,-5.71847193813391,8.7254126299547e-08,4.90390755525773e-06,7.61454173802069
"SYBU",-1.13951789855201,6.15028513338978,-5.71185056313869,8.99361065761442e-08,5.01147060782863e-06,7.58556234912601
"LY6G6C",-2.23156327526206,8.0242376876263,-5.71184921458132,8.99366609580412e-08,5.01147060782863e-06,7.58555644883732
"CA12",-2.56307493102507,6.92045415903454,-5.68575969236885,1.01313688524342e-07,5.62140078582506e-06,7.47155058445741
"SDC4",-1.47861170789851,8.56824471651743,-5.68251783490301,1.02822427853868e-07,5.68093913892623e-06,7.4574043077119
"LAMB4",-1.02969341336592,5.3093892151691,-5.67491864203278,1.06445909839936e-07,5.85632159663681e-06,7.42426158998062
"LHFPL2",1.23007748175926,9.03099307581014,5.66844203508503,1.09632698715621e-07,5.98117472197902e-06,7.39603411685696
"CD101",1.31504817669962,6.33737262424029,5.66726037660426,1.10224134379423e-07,5.98838536738871e-06,7.39088592227919
"UGT1A3",-1.21656992999457,5.41371287360508,-5.65220659584677,1.18038073912133e-07,6.33373845983662e-06,7.32535214114706
"NMU",-2.18970334260303,6.04023179135618,-5.64497592600248,1.21981840365314e-07,6.50462112931646e-06,7.2939090419839
"PCP4",-1.43069755728115,5.11246123235065,-5.64454586867445,1.22220429226362e-07,6.50462112931646e-06,7.2920396080222
"GJB1",2.41241016024177,7.85619591358423,5.64343687399402,1.22837794032791e-07,6.51090242436406e-06,7.28721923721262
"GJB5",-2.86357131803664,4.91525877267129,-5.64202245037747,1.23629624145047e-07,6.52634279039381e-06,7.28107204633479
"ALDH3A1",-1.7255491606385,5.8838251456096,-5.63879601955672,1.2545462955812e-07,6.59597949519486e-06,7.26705293241268
"BIRC7",3.53815272342254,7.98958259650467,5.63233803048781,1.29187205739247e-07,6.7649476933094e-06,7.23900578912441
"SDCBP",1.4667694874709,11.3867413197333,5.63010065270916,1.30505574228697e-07,6.80664872947191e-06,7.22929298593637
"PTPRF",-2.02460320237697,6.86577834452262,-5.62271907142399,1.34949338334092e-07,6.98255723229455e-06,7.19726361381052
"MAB21L4",-1.40932744614874,5.76233880432527,-5.6186338424052,1.37472062449602e-07,7.08497321059429e-06,7.17954747447079
"AACS",-1.62381717647581,7.64798560541676,-5.61559578216052,1.39378039078926e-07,7.15492225019729e-06,7.16637717233291
"SPTBN2",-1.68918740259836,5.82580108865051,-5.61420743305574,1.40257639389034e-07,7.17184062742593e-06,7.16035985857344
"ESRP2",-1.37744859536162,6.79309704035888,-5.61203711456103,1.41643570958599e-07,7.21441610050456e-06,7.15095503412999
"CD63",1.0123542971777,11.9645825075775,5.6082097222901,1.44120452968419e-07,7.31201006324988e-06,7.13437441605334
"RENBP",2.36030408364102,6.73841701730228,5.60341390425784,1.4728401150506e-07,7.443551263622e-06,7.1136074045015
"CAT",-1.08384814736986,7.76445111523755,-5.59974236392973,1.49751825425309e-07,7.53905039274367e-06,7.09771548910779
"PAIP2B",-1.52716334510973,5.85963178112426,-5.59281320038739,1.5452009343943e-07,7.73099476539526e-06,7.06773914104104
"EREG",-1.74377394265147,4.22360611912856,-5.5924839401209,1.54750336204323e-07,7.73099476539526e-06,7.06631524104393
"CLDN8",-1.21539324377219,4.59065138616325,-5.58001769903298,1.63719262661296e-07,8.11686488912788e-06,7.01243904670482
"EFS",-1.45274269540586,6.42376994564059,-5.57045742915314,1.70940560001863e-07,8.41092061080867e-06,6.97116755589004
"EVPL",-3.31673019319361,5.88530637704789,-5.56719740342024,1.73473614383338e-07,8.44000917143413e-06,6.95710319851744
"PLOD3",1.56703476497932,10.6643854622849,5.56478342356932,1.75372939942665e-07,8.50069800710931e-06,6.94669182968926
"CHCHD3",1.12267013378169,8.62452476036556,5.536545578191,1.99160551791207e-07,9.54725895149098e-06,6.82509301558637
"SGMS1",-1.55016495112687,5.7263154766985,-5.52938716958324,2.05676091906813e-07,9.82348191345398e-06,6.79432291566539
"BCL11A",-1.28959374674819,6.91644495085357,-5.51571874505151,2.18701729043588e-07,1.03785187380249e-05,6.73563267853061
"PSRC1",1.37343881689372,7.37276401646593,5.51471966119894,2.19684881639303e-07,1.03785187380249e-05,6.73134600068932
"CPM",-1.23025868774189,5.63184453381751,-5.51274062022164,2.21645154130246e-07,1.04333255043476e-05,6.72285601704298
"HOOK2",-1.33878803209463,6.69090164408795,-5.51146013079194,2.22922611909448e-07,1.04557120024723e-05,6.71736370924836
"SORD",-1.19310966612983,7.7492221006154,-5.47555887231791,2.61822792661765e-07,1.21491366317322e-05,6.56367234265916
"DKK2",-1.711372377643,4.37891245521326,-5.47022162199589,2.68146194416281e-07,1.23546227172929e-05,6.5408730719889
"ZFP36L2",-1.11735256842453,8.9240273463824,-5.45922721183582,2.81646522928964e-07,1.29309472270097e-05,6.49394831753395
"PGAP6",1.24037586968061,8.20740006245116,5.45499887561859,2.87013750582609e-07,1.31311308556023e-05,6.47591603771203
"GPR87",-2.25846857360537,5.2629446819887,-5.45215595887004,2.90678517032887e-07,1.32522978447266e-05,6.46379659101669
"ARNT2",2.03551402813737,7.01102627044775,5.44962176685418,2.93983871063124e-07,1.33562916194846e-05,6.45299632470031
"FCGBP",-2.39618395778524,6.28000654204429,-5.44707840907737,2.97338137041083e-07,1.34617776697177e-05,6.44215991370805
"CFD",-2.99762179049911,7.47215010486599,-5.44325091971275,3.02456628968854e-07,1.36461314364183e-05,6.42585775516881
"S100A1",3.55645935741749,10.1435681006561,5.44145299513252,3.04890642674174e-07,1.37085141028571e-05,6.41820226961248
"GZMB",2.65014822967678,7.2098669869268,5.43599784766992,3.12393614499021e-07,1.39975956682225e-05,6.39498345144458
"PPP3CA",-1.15677401073263,7.50681861799934,-5.43474735080848,3.14138816541584e-07,1.40275891400196e-05,6.38966284624941
"PTPN13",-1.75385000207089,4.95036591087393,-5.43262498330537,3.17122657303357e-07,1.41124994149436e-05,6.38063423673987
"SPP1",4.46143730015934,8.85511972605188,5.42844310160968,3.23083310214167e-07,1.43288547002807e-05,6.362850385429
"AEN",1.47994769818227,7.33943808586154,5.42442102275547,3.28919489839584e-07,1.45382414509096e-05,6.34575361309905
"SCNN1A",-1.49313639613187,5.87640558198626,-5.41231308414885,3.47117830654334e-07,1.52907749793982e-05,6.29433052256919
"PDLIM2",-1.7687512258149,7.65433285078873,-5.40977385590754,3.51057356100072e-07,1.54122453407031e-05,6.28355476652846
"GDF11",1.21679544674744,5.20987014866822,5.40758904844826,3.54481973417182e-07,1.5510370642237e-05,6.27428542985134
"PKP3",-2.26995954974972,7.20504028130147,-5.39392644306729,3.76650504625943e-07,1.63704864327256e-05,6.21636958704779
"AQP5",-1.0111266107324,6.37512033768065,-5.38973000160073,3.83727579977379e-07,1.66226708150334e-05,6.19859804839087
"CTNND1",-1.15418949317454,8.63435235675972,-5.3875808840878,3.87402118676176e-07,1.67262788921148e-05,6.18949987081325
"ELOVL1",-1.11704965667816,8.81620872994894,-5.38562248909598,3.9078050091667e-07,1.6811609248633e-05,6.18121095775021
"MIA",3.14532856786105,9.04496708106209,5.38494429108107,3.91957144841202e-07,1.6811609248633e-05,6.1783408940452
"GAS2L1",-1.12194584646168,7.31622403098428,-5.38343661335551,3.94585320597052e-07,1.68688458861146e-05,6.17196131700305
"PTGFR",-1.14146744619004,4.93982751096187,-5.38144006262786,3.98092221521288e-07,1.69631518837126e-05,6.16351473772723
"JAG2",-1.48202783960984,7.48061900584654,-5.37971841437296,4.01140709800503e-07,1.69820575165219e-05,6.15623263224881
"IRF6",-1.75894419031444,8.11661409468681,-5.37869303308845,4.02967161608418e-07,1.69948269465775e-05,6.15189619678512
"TMCC2",1.11424311290527,6.75093988187995,5.37808776067753,4.04049110624974e-07,1.69948269465775e-05,6.14933666954361
"TNS4",-1.41693931196194,4.85382014016182,-5.369943976978,4.1888550437817e-07,1.74499939028337e-05,6.1149153412625
"KLF10",-1.49985045772449,8.06026886165126,-5.36620778692185,4.25869034021178e-07,1.76844150783508e-05,6.09913384676728
"C3orf52",-1.43733154078153,4.36112918256547,-5.34885010821056,4.59834033777055e-07,1.90342094172033e-05,6.02590067549591
"CLCA4",-1.29309334053849,4.70052436966331,-5.34591963366142,4.65823702425312e-07,1.92211242276065e-05,6.01355062512184
"SCGB1D2",-2.20396837916776,4.73441076672711,-5.34041867682144,4.77273787551057e-07,1.95337562608197e-05,5.99037845949102
"SOX15",-1.26940500291545,6.42535034824929,-5.34012409720583,4.77894642779469e-07,1.95337562608197e-05,5.98913797370808
"GSTA3",-1.1579249606821,5.49209394994824,-5.33096438882483,4.97598267670565e-07,2.02645390878814e-05,5.95058631134339
"PKP1",-3.47654266722221,6.68932869814021,-5.3260715303905,5.08446332513045e-07,2.05889184150236e-05,5.93000916823888
"SRD5A1",-1.36524056552089,6.52111094433116,-5.32349422823431,5.14253076105795e-07,2.07595847038497e-05,5.91917471134836
"ENTREP2",1.06940385590069,4.81282926769216,5.32026243220759,5.21626020923751e-07,2.09922274284716e-05,5.90559329381722
"EDNRB",2.62127180141409,9.37406983390931,5.3155507104763,5.32560564868103e-07,2.13663298625083e-05,5.88580136150075
"PALMD",-1.90946609231904,5.89941047299506,-5.30567664646991,5.56206558958806e-07,2.22465562032634e-05,5.84435847055566
"JAG1",-1.06075144758648,7.66803377010911,-5.29705635463934,5.77686080809534e-07,2.30350116442676e-05,5.80821538481632
"MAP3K6",-1.42854637724231,6.73795673931606,-5.29047415689264,5.94630563756433e-07,2.35665286347116e-05,5.78064122052298
"E2F3",1.21909962805051,7.51594695679293,5.27268196416036,6.42898647182303e-07,2.54022892745759e-05,5.70620878425191
"CD34",-1.02621070765537,7.58144487058286,-5.26596018324922,6.62112304638744e-07,2.60824239884731e-05,5.6781277941389
"MYL9",-2.37247218650344,7.70278974962684,-5.26520340180129,6.64310295150601e-07,2.60901865616527e-05,5.67496760221324
"ETS2",-1.29704215238383,6.63543484209056,-5.25877301746334,6.83276305705709e-07,2.66542029993035e-05,5.6481264139937
"COL21A1",-1.53943055958735,4.96077550118668,-5.2582626982468,6.84803896369864e-07,2.66542029993035e-05,5.64599712568246
"GREM1",-1.2967509900619,6.09263065332136,-5.24801741228856,7.16187016038363e-07,2.77102744870155e-05,5.60327536633762
"BCL6",-1.02423733861522,7.68227818527154,-5.24299976215031,7.32064766589218e-07,2.82408061880379e-05,5.58237061652251
"ALOX12B",-2.32460897623258,5.74339821164622,-5.24128933215459,7.37555328827615e-07,2.83686841669123e-05,5.57524730683636
"PLAGL1",-1.38151063043143,6.38292694587226,-5.23942378154877,7.4358965807187e-07,2.85166633870562e-05,5.56747957676638
"ZNF395",-1.35394654138483,7.87355528203795,-5.23747176469871,7.499552498507e-07,2.86764413571944e-05,5.55935360869892
"C5AR1",1.94942410366174,5.98847446146769,5.23430209745862,7.60405092488762e-07,2.88262342060747e-05,5.54616263287646
"RARG",-1.16548786282646,6.76228894550337,-5.23297057898037,7.64837137959282e-07,2.89064099763799e-05,5.5406227880621
"ZNF750",-3.18523587302944,5.13189062524002,-5.2321388176971,7.67618490227112e-07,2.8925912973033e-05,5.53716263884148
"SLC38A2",-1.16961714715097,9.27704885409432,-5.23149147135656,7.69789999359036e-07,2.8925912973033e-05,5.53446989090329
"KLF5",-3.00439457442481,7.41386458313252,-5.22527658173242,7.90945077123335e-07,2.94660938874605e-05,5.50862825327474
"DMXL2",1.19929456040723,6.68533084235895,5.2235058100227,7.97075803093921e-07,2.96098900186371e-05,5.50126875301282
"NSUN5P1",1.60906540259793,8.25228166425624,5.21150921914007,8.39848440154257e-07,3.10220504565761e-05,5.45144958731247
"CTSB",1.24922742531711,10.8872553043925,5.19437207435098,9.04856129144526e-07,3.30487929073263e-05,5.38040362017095
"CRYBG2",-1.84564083734036,5.02851261650201,-5.19234156655458,9.12876468317396e-07,3.32485929340517e-05,5.37199512581599
"CMC2",1.10286191347459,7.96184960055177,5.18982199621899,9.22925008194829e-07,3.33365867970262e-05,5.36156417128016
"IMPA2",-2.72311925296885,7.34006810768215,-5.18981264961596,9.22962484371996e-07,3.33365867970262e-05,5.3615254823389
"HMGCS1",-1.07438306802728,7.41318824788784,-5.18798114911865,9.3033478854048e-07,3.35100422866832e-05,5.35394506528613
"SLC6A9",-1.59477522098118,5.34361747506109,-5.18163779692308,9.56315176592979e-07,3.42565757900985e-05,5.32770312173583
"TIAM1",-1.59326660169877,6.77324066037971,-5.167867927797,1.01517073053657e-06,3.6067605328246e-05,5.27080583218147
"ZNF185",-1.34936149465464,7.69747245443981,-5.16508844535685,1.02747218245278e-06,3.63819579013925e-05,5.25933221730908
"HEBP2",-1.47898404080725,7.63451996430977,-5.16412485350794,1.03177068713503e-06,3.63819579013925e-05,5.25535542403032
"DOK4",-1.34965305421147,5.62107547534526,-5.16398649607672,1.03238932613814e-06,3.63819579013925e-05,5.25478445311748
"DKK3",-2.24285254397741,6.23825229350376,-5.14228091003463,1.13405562979801e-06,3.96433012250303e-05,5.16532661624564
"MOK",1.6908035423463,8.10518031730891,5.13995358544618,1.14551910125213e-06,3.99369613936539e-05,5.15574849315083
"RGS1",3.25391890466129,6.58468667641176,5.1318314439546,1.18641727123365e-06,4.11428053181266e-05,5.12234269361912
"EHD2",-1.20014828841455,6.53330447069283,-5.12419224980503,1.22618030956584e-06,4.22967329535157e-05,5.0909529770081
"TP63",-1.37040391682601,6.6651405121955,-5.12028879339786,1.24699671079566e-06,4.29012931716746e-05,5.07492469196952
"CCL4",1.7658141267242,7.00591193132122,5.11012046566245,1.3028526985138e-06,4.4704990357688e-05,5.03320722544634
"F2RL1",-1.22798351656685,5.69009226544393,-5.10064594820941,1.35708688251846e-06,4.62011902380111e-05,4.99438250729609
"KLK5",-3.09045382814271,6.6471520826778,-5.09239525881404,1.40610239254647e-06,4.76212184322425e-05,4.96060924189888
"LGALS3BP",1.44483779527323,10.9603692565272,5.07437107854656,1.51925415037378e-06,5.11874802757718e-05,4.88694769453705
"UPP1",2.17638937333748,7.5704524622163,5.06772345269805,1.5631857649363e-06,5.25319051262999e-05,4.85982118134406
"ICAM1",1.04523360476976,7.99963189440992,5.06645659074528,1.57169719252386e-06,5.26821585946495e-05,4.8546541042092
"ITGB4",-1.61398209846916,5.97031176529803,-5.04843888105621,1.69774649930769e-06,5.64717260318189e-05,4.78125383722357
"PTPRK",-1.03357401121509,7.3029499735152,-5.04306273696774,1.73722720063333e-06,5.76379274021831e-05,4.75938433749642
"EFEMP1",-1.70925431165115,6.92088231793652,-5.03256871125864,1.81688347171141e-06,6.01277756031602e-05,4.71673809239643
"LIMCH1",-1.0895859912406,5.61555217367471,-5.03059584488756,1.83225076844949e-06,6.03300953783154e-05,4.70872687914351
"FBXW4P1",-1.11946551607312,5.2486219444907,-5.02851760589974,1.84857566936299e-06,6.05947486314721e-05,4.70028991774925
"APOBEC3G",1.35541057358596,5.92960392682622,5.02692157787416,1.86120875255896e-06,6.08228093348779e-05,4.69381206306863
"ZSCAN18",-1.67299414608512,5.93921910409362,-5.02415803976448,1.88328205506637e-06,6.13902867900259e-05,4.68259865743762
"GAL",-1.64554861008294,6.02582429040357,-5.01712049269498,1.94065016030004e-06,6.28861804667477e-05,4.65406047338207
"FZD10",-1.30088346416216,5.17973343586385,-5.01677610067556,1.9435007701628e-06,6.28861804667477e-05,4.65266456577472
"C1GALT1",1.033983185982,6.86410851310929,5.01609935873884,1.94911419092502e-06,6.29071780580972e-05,4.6499217363834
"HBB",-1.49767064249292,7.44194900910063,-5.01410778439058,1.96572554617273e-06,6.32364685828344e-05,4.64185125722081
"SPINT2",-2.2262636950644,7.34046012550604,-5.01262112444497,1.97821522860024e-06,6.33757945103651e-05,4.63582816731267
"CTSL",1.43020164205771,9.57755203198201,5.01165408375541,1.9863809201546e-06,6.34814235732741e-05,4.6319108808387
"CEBPA",-2.30537732512476,6.90679170735392,-5.00655197269045,2.03000916376874e-06,6.47170892087546e-05,4.61125116625988
"NET1",-1.57631326102935,6.41089659520019,-5.00371613160673,2.0546601895809e-06,6.53432053949887e-05,4.59977389391289
"EFNA4",-1.38144036297749,5.39243789789361,-5.00080656166046,2.08025477759922e-06,6.58360243813501e-05,4.58800250048529
"DEFB1",-2.11048890723257,5.85942332834387,-4.99709103643153,2.11339045801331e-06,6.6722755888706e-05,4.57297671477663
"HSD11B1",-1.16915463224159,6.4085228503349,-4.9918283749165,2.16120400578228e-06,6.79034675455305e-05,4.5517063342406
"PPP1CB",-1.01431060315715,6.87451285214182,-4.98858863412583,2.19116006008126e-06,6.86791731331719e-05,4.53861916716153
"SLC30A1",-1.21467906307732,7.17662749987584,-4.97642634296482,2.30726456257094e-06,7.16295776937201e-05,4.48953685666624
"TRIB1",1.46470335314636,9.41133157724478,4.96004464886688,2.47314709452463e-06,7.6066763204555e-05,4.42354717766827
"MSMO1",-1.96792859832729,7.62977955734391,-4.96000845251165,2.47352615988429e-06,7.6066763204555e-05,4.42340152297803
"CLPS",1.82261383610343,6.7462883140407,4.95095430303983,2.57014162454845e-06,7.82992444917926e-05,4.38698879905833
"SPRY4",1.82726187951229,7.3672120795389,4.93544526608361,2.74422701186982e-06,8.25766084419845e-05,4.32471556177285
"SFTPD",-1.44109233301469,3.30826158717073,-4.93332481736895,2.76890186301681e-06,8.2997037682474e-05,4.31621107473802
"CCN5",-2.49838983056418,6.17110944906047,-4.92742414760395,2.83870627946261e-06,8.48826857648887e-05,4.29255758529526
"FCGR1BP",1.52306023262819,6.52693398006514,4.92691327899988,2.84482964025281e-06,8.48826857648887e-05,4.29051056616765
"DNASE1L2",-1.20019554163101,6.10700776314405,-4.9262515720392,2.85278006374676e-06,8.4925569066653e-05,4.2878593495137
"CORIN",-1.32075153453858,4.10725197697365,-4.92233061352652,2.9003354914338e-06,8.60640727080577e-05,4.27215420122412
"EPHX3",-2.74322481644166,5.91444719943152,-4.92125725929556,2.91348745555686e-06,8.60931554415853e-05,4.26785634998671
"CYP39A1",-1.68754879254724,3.99519778008617,-4.91848065303282,2.94777910834523e-06,8.67631868932583e-05,4.25674124851295
"TDRD1",1.27216029346472,5.14568723819505,4.91483778152982,2.99336473939911e-06,8.79064928761825e-05,4.24216449639462
"LSAMP",1.55881422623909,5.73044491678797,4.90179729308633,3.16223291644939e-06,9.25709085856448e-05,4.19004069752839
"KLK8",-1.63143322771585,7.39473333578895,-4.90001925910546,3.18596294832259e-06,9.29346104769089e-05,4.1829406787623
"LTBP4",-1.05968906768679,6.51790366678389,-4.89766550991075,3.21764288274187e-06,9.3649208812659e-05,4.17354427869985
"ENDOU",-1.30050101998634,5.70733973633444,-4.88704491026854,3.36443638199623e-06,9.72702571726139e-05,4.13118205572227
"EXTL1",2.21221607396089,6.39047663716072,4.88606397353471,3.37831809647816e-06,9.74555080972982e-05,4.1272724069675
"BARD1",-1.16694056412215,6.16160280445473,-4.88071387779914,3.45501476898285e-06,9.94479858118485e-05,4.10595785415581
"TAGLN",-1.93051019095273,8.18336662270788,-4.87966215264842,3.47028952543837e-06,9.95608862309853e-05,4.10176960384397
"SMAD1",-1.38992859891545,7.1888021760297,-4.87939304854317,3.47420839290577e-06,9.95608862309853e-05,4.10069805336191
"CD320",1.35528815222279,7.31524541039678,4.87649738196356,3.51664988321219e-06,0.000100336100278345,4.08917016840333
"SLURP1",-2.73682687140723,6.18692757811758,-4.86753813236945,3.65117876642068e-06,0.000103946986758426,4.05353076380121
"PARVB",1.01885154376983,8.01071724677864,4.86378833572956,3.70895633675183e-06,0.000105306407385085,4.03862690278887
"FCGR1A",1.08373815749762,5.8497148895181,4.85888645329674,3.78582591422023e-06,0.000107078924285288,4.01915523820371
"POU3F1",-2.30709640225574,5.81409972391805,-4.85748746497118,3.80804665461458e-06,0.000107241479510545,4.01360040127741
"MLPH",1.76114701840125,9.92328958649668,4.85713038208643,3.81373861524154e-06,0.000107241479510545,4.01218273103851
"PPL",-3.52963213030562,6.79572394637141,-4.85697317488723,3.81624714264075e-06,0.000107241479510545,4.01155861740749
"MAF",-1.38874374763688,7.41445936312684,-4.84474348668321,4.01638310950562e-06,0.000111900896078726,3.96304697326264
"LRIG1",-2.22912911924637,5.86064466043418,-4.84366913100607,4.03444377260905e-06,0.000112164418658954,3.95878912105958
"MIF",1.02541048715574,11.0651520465104,4.84286301909933,4.04804682328848e-06,0.00011230315431672,3.95559476823411
"ACSBG1",-1.63640663073387,5.99810853474335,-4.84134822554885,4.07372935747608e-06,0.000112775705078834,3.94959308398358
"TRIM29",-3.081515285353,7.45867263087478,-4.83193189350084,4.23696264845907e-06,0.000117046093163682,3.9123126098188
"ME1",-1.10388470914938,6.47641971054031,-4.82591667106368,4.34454198190878e-06,0.000119764234465346,3.88852238716712
"MTHFS",1.31445131492883,6.61165238952952,4.82491658262686,4.36268324987998e-06,0.000120010605264103,3.88456891297418
"EIF4EBP1",1.39851906790522,8.13607657564867,4.82278830641041,4.40153451693471e-06,0.000120570606231747,3.87615735603168
"INSIG1",-1.15754539230725,7.17250017073085,-4.81024588365591,4.63740650876431e-06,0.000125711316980827,3.82663548280471
"SH3YL1",-1.38133509648227,6.95955478029418,-4.80001777463996,4.83879357051039e-06,0.000129437486281128,3.78631395334017
"CDCP1",-1.68345169866834,6.40945088044345,-4.79974141446582,4.84435104725748e-06,0.000129437486281128,3.78522526085046
"ZIC1",2.06165135780777,5.66563384841915,4.79809226498843,4.87764365767032e-06,0.000130060522806469,3.77872946243408
"PRDM13",1.56776353009253,4.84812894164718,4.7854495554859,5.14035042372761e-06,0.000136229734095497,3.72898016255816
"PDCD4",-1.09455213115749,7.56921820216582,-4.78380473829716,5.17552159743832e-06,0.000136883622939144,3.72251413002157
"ANXA8L1",-2.88708086723496,8.12296240215424,-4.78028511939764,5.25156763137884e-06,0.000138613745638762,3.7086828820246
"HAS2",1.11019940226428,6.8867070332696,4.7745931898932,5.37684841820939e-06,0.000141633790959661,3.68632919132887
"RABGAP1",-1.00744018406688,6.97014620383507,-4.77198885283806,5.4351325301711e-06,0.00014271270469358,3.67610714277511
"GPSM2",-1.22317543511019,6.11433272567635,-4.77178602438198,5.43969738727735e-06,0.00014271270469358,3.6753111936732
"LYVE1",-1.18365523285029,4.7104905708869,-4.76864252907283,5.51092206435829e-06,0.000144290989552546,3.66297819678333
"NDRG2",-1.142235753423,7.08149830773706,-4.75982085874936,5.71566579889419e-06,0.000149053132703563,3.62839649674325
"AHNAK",-1.34501253263924,9.42099172594287,-4.75740257811275,5.7730681420231e-06,0.00015024957186395,3.61892403017579
"PBX1",-1.16421514569257,6.27523554113563,-4.7483827928239,5.9921407550259e-06,0.000155640484670882,3.58362143654697
"PLAT",1.91191620434326,8.99429283326763,4.74764242892375,6.01047642168526e-06,0.000155806365929133,3.58072569422696
"TNNI2",-1.62864729342384,4.2449488857175,-4.74308862196523,6.12445684144366e-06,0.00015844601737219,3.56292124252208
"DUSP6",1.63870943846073,8.94900760361661,4.73947296611174,6.21644527317679e-06,0.000160507385974163,3.54879284812589
"F10",-1.10804581085029,5.73992572382439,-4.73008303432027,6.46164066353009e-06,0.000164879320179587,3.51213457035961
"CITED2",-1.76140454059849,6.39237520239067,-4.72096254109028,6.70876031175505e-06,0.000168979052775923,3.47657450743148
"PLN",-1.21680756721895,4.81327363075229,-4.72080797306192,6.713026254922e-06,0.000168979052775923,3.47597225324585
"MYO5A",1.18400689283349,6.69150755637373,4.71384517141853,6.90794374921985e-06,0.000173550440358531,3.44885624211532
"AHNAK2",-2.88552726208857,7.59178281469941,-4.71092864453043,6.99120907139813e-06,0.000174968090368446,3.43750602401043
"MST1R",-1.13685686811469,5.92395110919526,-4.70300549244355,7.22235010321615e-06,0.00017937566284921,3.40669526391305
"GAS1",-1.37967768188052,7.03971909855677,-4.6973248332831,7.3926103525953e-06,0.000183255221268993,3.38462623145146
"CRCT1",-3.51236531557653,5.92752614260864,-4.69378456309488,7.50067887798357e-06,0.00018553356499649,3.37088151623378
"DENND4B",1.07366774815853,7.85142972560412,4.68293146939942,7.84159693648713e-06,0.000192554769218184,3.32878883801055
"CRYBG1",-1.90141062914244,7.70268034096463,-4.67720284809397,8.02754772180551e-06,0.000195647092980602,3.30659729464949
"CRISPLD2",-1.61200651590816,8.01236063260891,-4.67674576553595,8.0425671831313e-06,0.000195647450561285,3.30482743320109
"TRPM4",-1.30226153066273,6.27482085301055,-4.66800017046736,8.33523926932987e-06,0.000202003413335465,3.27098616111595
"LDOC1",-1.73715501086108,6.80059021088629,-4.66755758633851,8.35032132738825e-06,0.000202003413335465,3.26927470455551
"ITPKA",1.4290769878863,3.79322776440352,4.66417431307488,8.46649031175565e-06,0.000204056501247656,3.25619531949502
"CST6",-4.17222745045391,6.9462117549535,-4.66292564315531,8.50975905809532e-06,0.000204720937930821,3.2513697035116
"CIDEA",-1.38422557734905,6.4007647094481,-4.65014412348535,8.96515481064233e-06,0.000214425828625783,3.20202426118951
"SLC2A14",1.22775988421945,6.72163465002364,4.64880415340629,9.01424101012279e-06,0.000214875116144408,3.19685634784984
"AKR1C2",-1.79603614578467,6.8548581034836,-4.64669929839746,9.09187241115909e-06,0.000215613069666295,3.18874050408117
"AKR1C3",-1.54621515017216,5.24584944471804,-4.64662007356293,9.09480698799466e-06,0.000215613069666295,3.18843507954184
"COL4A5",-2.13120072203158,5.50745305997518,-4.64257336694363,9.24592710389877e-06,0.000218006588621584,3.17283905032706
"GSTA4",-1.00470401916087,8.50530983080034,-4.63850026369488,9.400485935366e-06,0.000221250787204399,3.15715056232014
"GRHL2",-1.40656564196115,6.30826135156529,-4.63490912840042,9.53882771084615e-06,0.000224102296435537,3.1433262092223
"FKBP11",1.66626650228553,8.61947523480643,4.62815696353166,9.80429606844139e-06,0.000229512058234124,3.1173528537248
"IL1R2",-2.22376122426412,5.23243646447586,-4.6197589918698,1.01444581191166e-05,0.000237049443396345,3.08508442845361
"SDC3",1.75749992130067,8.2791857124732,4.61747187637607,1.0239059201498e-05,0.000238832008816337,3.0763032872958
"CLDN1",-1.5217826814983,6.56646503439349,-4.61580086642154,1.03087155558091e-05,0.000240027396664634,3.06988948497106
"GIPC2",-1.29084698620477,4.50079845083482,-4.60919934410423,1.05884113624018e-05,0.000245226102583226,3.044566420798
"CBX3",1.29157982333359,9.78183737875029,4.60692746643388,1.06863542557394e-05,0.000247055626135791,3.03585732425232
"NOTCH3",-1.46180259570253,8.02574563594927,-4.60389510898643,1.08184485503356e-05,0.000249666815305886,3.0242375273177
"GNAI1",-1.26521831040852,6.67505394524001,-4.59710511982608,1.11199837305569e-05,0.000254896940208796,2.9982376136865
"RGS20",2.25231844535602,6.9234140947834,4.59703203419342,1.11232731788331e-05,0.000254896940208796,2.99795789968767
"SLC18A2",-1.04236851183986,4.35362477999154,-4.58164909822435,1.18369830982594e-05,0.000268233141617011,2.939151682741
"CHRDL1",-1.49162845923111,6.06156326252472,-4.58139275246743,1.18492437741697e-05,0.000268233141617011,2.93817285823793
"CDK5R1",1.24428888554147,5.67045684778232,4.57714860606083,1.20540290904211e-05,0.000272395988405547,2.92197254909589
"MOAP1",1.05870288048932,8.40674823630567,4.57481951944218,1.21678602283058e-05,0.00027354608537393,2.91308656568909
"GRPR",1.07467896492875,6.49586419976464,4.57044085812261,1.23846815013822e-05,0.000277463680578217,2.89638937276354
"ANXA9",-1.08175379037667,5.81536139682382,-4.56810649568786,1.2501795346498e-05,0.000279607048924507,2.88749219617794
"NYNRIN",-1.12743951547617,6.56130306835846,-4.56496857651204,1.26609111832885e-05,0.000282197642596408,2.87553725079499
"SLC23A2",1.05108869477413,6.89494583925406,4.56330520055658,1.27460487802808e-05,0.00028292161002246,2.86920234928414
"CPNE7",1.02101722512392,6.9812508427338,4.56306309629538,1.2758486593543e-05,0.00028292161002246,2.86828043663805
"SLC39A2",-1.45584338179146,5.85391200428508,-4.56079365956486,1.28756479838787e-05,0.000285034930495406,2.85964024223511
"RNF39",-2.11671321649087,6.85717272402347,-4.55867771859187,1.2985821358931e-05,0.000286986652032374,2.85158709053049
"KRT8",-1.47074468820866,6.00265880123873,-4.55219380279708,1.33291310040773e-05,0.0002935786134496,2.82692563593743
"LGI2",1.13785923640064,4.04308920715461,4.54779155220661,1.35672027610491e-05,0.000298318308265294,2.81019548978236
"EGR3",-1.5821498938643,7.24232065297091,-4.54574355788373,1.3679352891652e-05,0.000300277916421298,2.80241615925238
"ARG1",-1.98906629330169,6.57192862260714,-4.52866120383064,1.46503501077151e-05,0.000319441329522571,2.73762255499675
"SLC20A1",1.65717462165573,9.14797707479694,4.52435250233924,1.49055889292267e-05,0.000323923290080311,2.72130612895141
"IFI16",1.17885914668409,9.8190486765436,4.52364441372133,1.49479435503136e-05,0.000324303221218867,2.71862572494269
"BCL2A1",1.69770571588661,7.09228575946977,4.52248859431284,1.50173292454083e-05,0.000325144389285727,2.71425109911232
"TNXB",-1.98702389694125,6.30952414236535,-4.52147130385362,1.50786561436875e-05,0.000325514234201228,2.7104014254051
"PTPRG",1.41032171631508,5.96886857398027,4.5160179541588,1.54115551888708e-05,0.000331602752652947,2.68977481966321
"IRX4",-1.63061153673655,5.7217691925588,-4.50915144679681,1.58408261281175e-05,0.000340277647256217,2.66382758208538
"TACSTD2",-3.01497762586461,6.29598123446251,-4.50724324500062,1.59621562226396e-05,0.000341757889962229,2.65662169356962
"DSG1",-3.90150486680661,6.41376737614905,-4.49099912584785,1.70319923362301e-05,0.000362137183001582,2.59536500427334
"IRS1",-1.45279934244976,5.8223437799756,-4.47580148143583,1.80953578571124e-05,0.000380557050159498,2.53819352852691
"PPDPF",-1.16297016509432,7.70655191118715,-4.47427971600651,1.82052966741497e-05,0.000381638043945719,2.53247627120238
"SDC1",-2.45616224547491,7.81881851900748,-4.46700079227231,1.87401344923608e-05,0.000391590726996623,2.5051481395712
"DBF4",1.30615693107517,6.23966993033898,4.4556178645604,1.96070428361986e-05,0.000406044295428174,2.46247400226487
"GYG2",1.43025202330532,7.41667100188643,4.45546845181368,1.96186752143377e-05,0.000406044295428174,2.46191436473194
"COL7A1",-1.86324599255917,6.33482250701062,-4.44486784208802,2.04611873826416e-05,0.00042147460076187,2.42224236844465
"RAB25",-2.48137492108118,6.99799035623342,-4.44384577749095,2.05442390168491e-05,0.000422517874669867,2.41842085704473
"PCYOX1",-1.28870611353871,6.17281307649222,-4.43844532945386,2.09884987064223e-05,0.000430297224265788,2.3982387215215
"AP1S2",1.51788133281197,9.16564312019627,4.43459398335866,2.13109688280674e-05,0.000436222484378605,2.38385625909854
"PRSS8",-1.10587329380874,6.9749909776864,-4.43361608812927,2.13936047524063e-05,0.000437227605590323,2.38020579961582
"EFNA3",-4.00508151926272,5.0558990937472,-4.42946888214082,2.17475067131865e-05,0.000443071468801935,2.36473064538658
"LZTS1",1.29403358599652,6.98092433792324,4.42708220974387,2.19537257604618e-05,0.000446101070414165,2.35582946097756
"GYPC",1.25575856976378,8.93931927097064,4.42695654459543,2.19646358774364e-05,0.000446101070414165,2.3553608812657
"CXCL9",2.7595890923593,8.63670346566217,4.41737994979252,2.28116244500269e-05,0.000460082444052171,2.31967916155088
"PDZK1IP1",-1.93812708805785,6.40029999505623,-4.41640020474276,2.2900031151918e-05,0.000460082444052171,2.31603175827499
"DNAJC28",1.36897295898312,4.45571162058504,4.41517237485138,2.30112900741677e-05,0.000461606478887805,2.31146158477604
"ISYNA1",1.3213998687968,8.06568883358,4.4136982256461,2.31455575433671e-05,0.000463586674052171,2.30597575164592
"TMEM45A",-2.62707501052651,8.22337684338591,-4.40763785487109,2.37055216039096e-05,0.000473348079928602,2.28343648425632
"CD3G",1.32626550141964,5.89531950777212,4.40669659134709,2.37936554346461e-05,0.00047438145751124,2.27993776247621
"ALDH3B2",-2.5865292279681,6.34106692114732,-4.40571070047959,2.3886306510137e-05,0.000474776753941581,2.27627372224735
"AHDC1",-1.1375505821326,6.14381406417772,-4.40244892496493,2.41953233702348e-05,0.00047945717541716,2.26415552128376
"STAP2",-1.24706694961354,7.21625438845752,-4.39158141367075,2.52529495124389e-05,0.000498898801049531,2.22382598282406
"AKR1C1",-1.0667586540094,7.31511628114943,-4.39078975471307,2.53317106338647e-05,0.000499191979953959,2.22089086667304
"LIMD2",1.69731991663216,6.21168831313502,4.39058323225506,2.53522961828091e-05,0.000499191979953959,2.22012523544335
"LAMA3",-1.49863798648929,5.91830021514007,-4.39027907486393,2.53826430485064e-05,0.000499191979953959,2.2189976929497
"SEPTIN5",-1.18649051954074,4.24344214155669,-4.38505657310991,2.59092033782734e-05,0.0005064919083198,2.19964594248076
"ALCAM",-1.55735245488918,7.71843570413615,-4.38348956391717,2.60692396829859e-05,0.000507361587620392,2.19384262938908
"CAPN1",-1.41446081274337,7.6334208270924,-4.38213766447953,2.62080720490266e-05,0.000509280255510072,2.18883713747773
"CKB",-1.57426403685179,7.89335344133821,-4.38068789378032,2.63577467276807e-05,0.000511426576759268,2.18347048270921
"ADIRF",-2.66104211319821,5.85478906169424,-4.3716834971523,2.73059698195495e-05,0.000527470430336454,2.15016677265111
"PDGFRL",-2.39746847211568,5.79629898182939,-4.37054797121934,2.74278562735811e-05,0.00052904115081542,2.14597035101502
"IGFBP6",-1.20083324522396,7.13796658359065,-4.36767915246814,2.77381320246103e-05,0.000532395650498076,2.13537185143228
"PRRG4",-1.05352641067103,5.60439600465304,-4.36572291338706,2.7951643866863e-05,0.000535185733304004,2.12814759039562
"DPT",-1.72598182123009,6.0986394742418,-4.36272045417517,2.82824265661379e-05,0.000540725161284271,2.11706416601525
"SHH",-1.30377712439912,5.24446445124434,-4.35986531187317,2.86004742398263e-05,0.000546005246871296,2.10652956535433
"SYT17",-1.24971072320866,5.33598803121653,-4.35595433041391,2.90417320975458e-05,0.000552810430394014,2.09210717602811
"TUBB2B",2.14733472937874,5.89115294922074,4.35250161927037,2.94367278367112e-05,0.000558697953803315,2.07938236341655
"TOB1",-1.16565602183348,7.75051902255158,-4.34921327079003,2.98177263500795e-05,0.000564286406209996,2.06726995921352
"MINK1",-1.05356103373762,7.6355186963973,-4.34574227379145,3.02250366818466e-05,0.000570339006215047,2.05449183329611
"PLEKHB1",1.7670337652051,7.06601832377208,4.34318385477242,3.05286827612614e-05,0.000575236263763133,2.04507791086216
"ABCA12",-1.24899203538153,5.64587227680139,-4.33832786468649,3.11131125366568e-05,0.000583042761422981,2.02722071627112
"VPS51",-1.02042057627867,8.95298341445213,-4.336895880019,3.12875016248644e-05,0.000584897750521003,2.02195751396843
"PFAS",1.19907679514232,6.81920060989145,4.33670696367109,3.13105782547481e-05,0.000584897750521003,2.0212632517794
"CDH19",2.30768792666173,8.32032722930143,4.33227494810443,3.18566854175176e-05,0.000593399030227159,2.00498189583508
"TNNT1",-2.48877816413632,4.70806094961594,-4.32872123388704,3.23011809283379e-05,0.000599964527243017,1.9919356103202
"TRPV6",-1.28093056924643,3.88714808365435,-4.32805385117432,3.23853197021766e-05,0.000600402166595884,1.98948638603489
"PAM",-1.34549562578028,8.16610402720343,-4.32780429528304,3.24168360521131e-05,0.000600402166595884,1.9885706112943
"HLTF",1.08550658101676,7.68006496149123,4.32558751198016,3.26980917640701e-05,0.000604752366683277,1.9804375153126
"TECR",-1.02654738582096,8.95448563686662,-4.32438731941147,3.2851345354105e-05,0.000606726192736792,1.97603540054838
"SH2D2A",1.01672791539862,6.86026881302074,4.32374965799288,3.29330498320349e-05,0.000607374875190811,1.97369691445416
"SIAH2",-1.29729254532866,5.79013035475376,-4.32194987082192,3.31647154574545e-05,0.000610783509674788,1.96709790839139
"SLC31A2",-1.09709298474108,6.77884307134448,-4.32004586668533,3.34115025701767e-05,0.000613595185933147,1.96011891851756
"CLIP4",-1.01568751058129,4.80540293339127,-4.31950330076364,3.34821500606461e-05,0.000614027784304873,1.95813058382636
"F11R",-1.26698945984723,6.28378977341293,-4.31438811909889,3.41553017793002e-05,0.000623740868207696,1.93939380025962
"CCR1",1.04743316644939,6.87042376159093,4.3128991722339,3.43536798341004e-05,0.000626486197701867,1.9339428028719
"NES",1.14315780678454,9.71775817475205,4.30630179122216,3.52460912826045e-05,0.000640074908403732,1.90980612839522
"PDGFC",-1.2839196567649,6.73838443848977,-4.30258416629456,3.57587462704998e-05,0.000646751786984064,1.89621674534678
"KRT15",-4.78592509374365,5.72534167622348,-4.30255669257257,3.57625614246116e-05,0.000646751786984064,1.89611634931888
"SNCB",1.82088174808752,4.50224647619912,4.30007523468679,3.61087700474207e-05,0.000651206435198227,1.88705035709437
"LAG3",1.07136983664462,6.24701304512391,4.29658926137185,3.6600577054277e-05,0.000657348380455535,1.87432069623882
"DNAJB2",-1.15315177850465,7.4085869031911,-4.29077960227359,3.7434562213865e-05,0.000669560022917126,1.85312210620262
"MAGEA6",3.3384164759559,7.67220493218913,4.28595491287266,3.81410160987337e-05,0.000680329287156483,1.83553315049656
"GDF15",3.10078403228672,7.88565683281259,4.27496288973074,3.97987162329878e-05,0.000705075354567836,1.79551350812305
"CDKN2A",1.58970045021143,7.31223345396467,4.26481386276077,4.13906239989802e-05,0.000729313981517167,1.758628612806
"MAP7",-1.33645397177885,5.25311778912148,-4.2615340072776,4.19180395707868e-05,0.000736269720546215,1.74672202723663
"PTTG3P",1.18165112648457,6.81887930063924,4.26130699635415,4.19547819898641e-05,0.000736269720546215,1.7458981724325
"LHX1",1.24758115791122,5.1669760603615,4.2598448161409,4.21921832280866e-05,0.000738448157196001,1.74059247057433
"METRN",1.42645624465551,7.9161263881802,4.25790484943684,4.25091519929382e-05,0.000742998435436891,1.73355508549732
"FLNB",-1.0548296806905,7.26269167015752,-4.25696941979117,4.2662807296579e-05,0.000744685869263847,1.73016256449419
"MFAP4",-2.4056279967966,6.27127061281117,-4.24929685151227,4.39434195216925e-05,0.000763970996191131,1.70235675318369
"ACTA1",-1.71315321613662,4.1263052826227,-4.24069324934259,4.54233591287614e-05,0.000783432777354392,1.67121987379006
"WDR47",-1.06498890016868,6.76461962843862,-4.23396536027656,4.66138960967846e-05,0.000799734988428914,1.64690306165323
"THBD",-1.388765975233,6.52632940218099,-4.22726409289771,4.78294877573038e-05,0.00081629409799409,1.62271022783225
"SLC10A3",-1.07126682113714,6.46832579627989,-4.22251157618249,4.87099736102184e-05,0.000825079579468966,1.60556956315148
"SLC2A3",1.15532070335078,6.90191987486545,4.22243693062331,4.87239263893783e-05,0.000825079579468966,1.60530045413091
"NR4A1",1.03419393214025,7.11223393240289,4.21378478596549,5.03674585600073e-05,0.000850713322249062,1.57413147194259
"GOLM1",1.5126128792789,7.21816864309923,4.21378105357637,5.03681789076061e-05,0.000850713322249062,1.57411803617361
"ID4",-1.04379945581178,7.29701097185358,-4.2131206355878,5.04957948128969e-05,0.000850920347500727,1.57174081451344
"TUBA4A",-1.98657483094994,8.70492860751967,-4.20873922817797,5.13503320812061e-05,0.000862831159802638,1.55597647335454
"CXCL10",2.35747845332137,7.80650800726618,4.19520828911197,5.407790477615e-05,0.000900965138558261,1.50736727025503
"EHF",-1.36073588229059,4.43356094127555,-4.1930110464844,5.45337492869762e-05,0.000906971373664391,1.49948453177494
"CA6",-2.04116257389125,5.74187327040572,-4.18987711367204,5.51903076904048e-05,0.000916460998248283,1.48824656242171
"HEY1",1.55528050105686,7.99986373070962,4.1856110651581,5.60962463357397e-05,0.000929401468833176,1.47295877328634
"MMP9",1.75082176531737,8.99951964512776,4.17940855139373,5.7438911140312e-05,0.000948032863744973,1.45075172402563
"SCD",1.32358629163461,8.42555611747664,4.17825543319665,5.76919038847057e-05,0.000951004721558379,1.44662582680684
"SERPINB5",-3.70368227489199,6.64501648594108,-4.17697106126005,5.7974952155917e-05,0.000953260278891553,1.4420312767512
"WARS1",1.72902273062316,9.86982619245313,4.17550802336958,5.82989979220191e-05,0.000956415571481516,1.43679884524274
"LY6D",-3.7484681938514,6.42014536899029,-4.16799332271133,5.99909888458325e-05,0.000981458599198006,1.40994424237109
"CXCL11",1.99739827540555,5.1699521904995,4.16503632973558,6.0669609320667e-05,0.000989191778724526,1.39938679332974
"CLTB",-1.33785823033059,7.98754302089074,-4.16494248524983,6.06912664299119e-05,0.000989191778724526,1.39905182692932
"SMPDL3A",-1.34593083759839,7.08146689908657,-4.16099748093809,6.1608419024894e-05,0.00100038876172552,1.38497560860399
"LPXN",1.23660505090561,8.06801256807927,4.15118431712371,6.39478470092107e-05,0.00103067487905204,1.35000347654218
"S100B",2.81352702560962,8.60572390548691,4.1497280948171,6.43021831059204e-05,0.00103383004379543,1.34481894657226
"BOLA2",1.02175383438937,8.40982744937371,4.14876146404466,6.45384278715149e-05,0.00103581915455327,1.34137822563535
"ACTA2",-1.24859071075138,8.76092886899767,-4.14857219738957,6.45847820117958e-05,0.00103581915455327,1.34070459998582
"CKMT1B",-2.05560427858426,6.58086024797595,-4.14547663384967,6.53474763348236e-05,0.00104468265337938,1.3296902669273
"FBXW10B",1.0011634693738,5.09970818112748,4.14522793111863,6.54091258312744e-05,0.00104468265337938,1.32880561860332
"UBE2S",1.36595479588306,8.65236876378096,4.14117098004098,6.64226887280543e-05,0.00105569238954796,1.31438033207414
"MAGEA12",2.42671130671119,6.66474032097865,4.14033444251789,6.66335483241022e-05,0.00105569238954796,1.31140714699286
"LCP2",1.31101619803722,7.4438021644107,4.13877786938525,6.70276109383605e-05,0.00106064686774913,1.30587601580837
"SPINK5",-2.40782343310277,8.06492081224857,-4.13205322720995,6.87558451308617e-05,0.00108143240610531,1.28199820118847
"YBX3",-1.21569086814474,9.21188608525663,-4.11691741705045,7.28033716458057e-05,0.00113144596291974,1.22835850139597
"C2CD2",-1.20398996475628,6.78275651705295,-4.11594948557936,7.30698321922166e-05,0.00113423516899323,1.22493318323853
"EFNA1",-1.39302642809089,7.28517127673483,-4.10505854374639,7.61331225285004e-05,0.00117757981571663,1.18643320433087
"DUOX1",-1.89982340674628,6.17610110513817,-4.10451727706113,7.62885297405146e-05,0.00117858547308835,1.184521763623
"HOMER2",-1.1126964729329,6.64184487649338,-4.10368600209079,7.65277953145864e-05,0.00118088274923893,1.18158654353381
"EN1",-1.24531442289949,6.04245125309139,-4.09050940455318,8.0417768323809e-05,0.00123360856608723,1.13511879732649
"MAGEA3",2.88197816944936,8.05065163979321,4.08793754483914,8.11988003861068e-05,0.00123975545460708,1.12606192269568
"PIK3C2B",-1.30897757903949,7.09518520462063,-4.08066999528355,8.34452954620248e-05,0.00127256515500508,1.10049182703527
"HLA-DQB2",-2.26145994779925,6.67796838698346,-4.07106829769122,8.65046850979723e-05,0.00131307868334396,1.06676095119823
"INHBB",-1.41745695814962,6.31876544841106,-4.07045518830235,8.67036441364198e-05,0.00131456839057532,1.0646090910931
"GDF3",1.21666318863086,6.7854244809266,4.06718492218463,8.77722929422123e-05,0.00132922523539315,1.05313533782432
"GPC1",-1.8509673402483,7.08503469800436,-4.06331315108765,8.90538003160269e-05,0.00134239577574035,1.0395600453598
"CYP4F8",-1.60203629025192,3.41413766591582,-4.06300445889669,8.91567406849562e-05,0.00134239577574035,1.03847811475426
"PTPRM",1.01548259062209,7.7818181983509,4.05321969255222,9.24793399126731e-05,0.00137432056941286,1.00421527531399
"MMP11",1.02156200633289,6.21062542272458,4.05303878707175,9.25418713048923e-05,0.00137432056941286,1.0035823854112
"LGALS7",-4.49420473473758,7.08526710810437,-4.04881347778296,9.40139418742202e-05,0.0013898500998843,0.988806300779847
"CDSN",-3.18924155456051,6.08089512840445,-4.04668206408904,9.4764987329108e-05,0.00139936655694704,0.981357007484918
"PCOLCE2",-1.17218875889449,5.74587046010641,-4.04349863903232,9.58974270941467e-05,0.00141448704963866,0.970236369369784
"LORICRIN",-5.05209986591523,6.29278070908872,-4.03656757305462,9.84079564751836e-05,0.00144173184773025,0.946046665080813
"PHACTR1",1.65900537447447,7.95484462499765,4.03317683047278,9.96589114830485e-05,0.00145380327031861,0.934224099842196
"LTA4H",-1.02165315782336,8.75854802786154,-4.02706989514511,0.000101950415763435,0.00148105700340908,0.912949626029568
"RNF144A",1.3301241532121,7.79633046645069,4.02693694642559,0.000102000858122659,0.00148105700340908,0.912486745683077
"PDE2A",-1.25624678950703,6.38616862431447,-4.02586225847831,0.000102409484836523,0.00148368585864825,0.908745481670834
"EPN3",-1.03251190917654,6.02385307579143,-4.02110843890404,0.000104235871624006,0.00150679770521664,0.892205161395608
"KLK7",-2.73507382544667,6.06885649841152,-4.01992914584525,0.000104693746179437,0.00151174059405723,0.888104218303037
"ITM2A",-1.26829718740223,7.09277436720373,-4.0194865431735,0.000104866087696457,0.00151255411225011,0.886565317644695
"LAD1",-1.93331241003615,7.44767326462357,-4.0189841562255,0.000105062036789727,0.00151370596431078,0.884818704356138
"FLG",-4.75546764743635,6.11667436131534,-4.00810489138208,0.00010939221056683,0.00156743410283615,0.847035575109286
"AUTS2",-1.28050414799851,7.58710957006444,-4.00344492105215,0.000111298697559509,0.00158951119110454,0.83087518108605
"IRF4",1.03498430579758,7.05836255095416,3.99889199246083,0.000113192032004685,0.00161125644684398,0.815099598410368
"NEUROD1",1.17071911253608,4.41464076636493,3.9975941619524,0.000113737346766111,0.00161622827065054,0.810605169128416
"TNXA",-2.42748314362538,6.61106691718275,-3.99747103115493,0.000113789213318291,0.00161622827065054,0.810178819961483
"BMP2",-1.13881780183007,5.39403522602748,-3.99714006527827,0.000113928738562962,0.00161644920796786,0.809032875800348
"IL11RA",-1.39154154577208,6.73357946780199,-3.99103421270674,0.000116532297503847,0.00164443411372122,0.787904590419437
"UBD",2.99376152902174,7.62100564848929,3.99098908396709,0.000116551750547113,0.00164443411372122,0.787748520130358
"NAA80",-1.05307206774045,5.93012832000635,-3.99074309931331,0.000116657838422588,0.00164443411372122,0.786897846129436
"LAMB3",-1.15616858868471,6.54652769383279,-3.98755754921412,0.000118040057766967,0.0016595455751369,0.775885003246849
"TGFBI",-1.62335077993032,9.58131933728116,-3.98270510564269,0.000120175654165447,0.00167769845253027,0.759122191712137
"SLC15A1",-1.03801802483608,4.90478301952246,-3.98116611412973,0.000120860649808991,0.00168235269978614,0.753808933454615
"HBA1",-2.27270140451535,7.93368987155042,-3.98108665467688,0.000120896117777407,0.00168235269978614,0.753534647255466
"NRIP3",1.0300509672945,7.35153226640919,3.9798114490807,0.000121466687555563,0.0016877371671933,0.749133325984311
"ALDH2",-2.29957047735928,8.64549963249699,-3.97964371605949,0.000121541928061547,0.0016877371671933,0.748554481002392
"CYP26B1",-1.91076682312518,6.47293037032598,-3.97924197549642,0.000121722319067476,0.00168844395566044,0.747168152875672
"TPPP3",-2.5721916322206,5.4626979351136,-3.97738480528729,0.0001225595609725,0.00169482606161297,0.740760788834895
"RAB11FIP1",-1.2122293886565,6.71925836399615,-3.97605337859241,0.000123163171230388,0.00169656757206203,0.736168659724816
"ACKR3",-1.3269306678363,5.67273323116376,-3.97593106264857,0.000123218766066627,0.00169656757206203,0.735746846480736
"CLIC3",-2.28468397163771,3.16738404509273,-3.97526656404443,0.00012352121186522,0.00169780687355757,0.733455457080091
"C1QB",1.99981383060163,9.12630715779257,3.97055382750615,0.000125686642564125,0.0017129335678936,0.717212802804434
"CSPG4",1.53378987123766,7.44096231742798,3.97047946428312,0.000125721100120728,0.0017129335678936,0.716956622852967
"ALX1",1.63062294667407,6.77363812126577,3.96351563629141,0.000128988200037047,0.00174790488555841,0.692982370402717
"TNS3",1.01206500571883,9.35918347362533,3.96259901753094,0.000129424223785979,0.00175058345844957,0.689829103125464
"ECHDC2",-1.13426464599339,7.1279681992929,-3.96141083796055,0.000129991520091365,0.00175643464297545,0.685742455202315
"DTNB-AS1",1.04368246039554,5.19353324912312,3.95974581941201,0.000130790478623474,0.00176540067367648,0.68001731189699
"BMP4",-2.17224386006731,3.78785177533377,-3.9581251884749,0.000131572638409907,0.00177412164656337,0.674446537007279
"DCN",-1.48496539514753,9.32116222147733,-3.95376409855404,0.00013369965346091,0.00179722657884207,0.659464217639431
"RCN2",1.1636112365547,7.92880822019856,3.95245949887119,0.000134342291575893,0.00180236537363364,0.654984747677065
"ZNF280B",1.16200136608688,4.13042589327768,3.95242687959117,0.000134358397359605,0.00180236537363364,0.654872760497014
"FBN1",-1.22529316928876,7.75419260352152,-3.94873852828302,0.000136191456281824,0.00182320369451612,0.642214561816552
"CRIP1",-2.17731785713402,7.55383056057353,-3.94666574320579,0.000137232051891625,0.00183336959489231,0.635104804430061
"F2",1.19172464183024,5.09062843144024,3.94408167835622,0.000138539952564428,0.00184557759557592,0.626245279744817
"ST3GAL1",1.32351492109165,6.61022515089265,3.94350132624788,0.00013883532387757,0.00184721815106085,0.624256132185645
"EN2",1.10779770709308,6.85467048154183,3.9320749855256,0.000144774637572079,0.0019087123349872,0.585137605518415
"CHST6",1.3220846300606,8.83446945963802,3.93055937499549,0.000145580412836754,0.00191353125300245,0.579955303581973
"SLC25A32",1.26868473383527,7.40563784165634,3.9294833642642,0.000146155069526264,0.00191721926715589,0.576277035851319
"KIF23",1.17024074410465,5.22784175637001,3.92201830183531,0.000150201869158663,0.00196437529785337,0.550779241777294
"JUP",-3.1265003434127,7.47308438466969,-3.90044495545988,0.000162506099187397,0.00209586253937138,0.477299728606304
"GPR19",1.42163457792237,5.74770845954462,3.89964806344386,0.000162978516607381,0.00209948300374276,0.474591384813319
"HCAR3",-1.05116548416428,6.50284565327855,-3.89942860113536,0.000163108849052183,0.00209948300374276,0.47384558677682
"ST3GAL4",1.21745172457759,7.09023300485961,3.89892339888816,0.000163409252032702,0.00210127538190769,0.472128880938993
"RTP4",1.08878258587988,6.82173965238737,3.89765885701758,0.000164163486708555,0.00210889428885994,0.4678326375731
"BAMBI",1.9539226911114,8.59593518949498,3.89668428088443,0.000164747034519641,0.00211222869528181,0.464522267343001
"SAT1",1.10909137598962,9.83153554012988,3.89592206604728,0.00016520480384023,0.00211496934866127,0.4619336695117
"CCL14",-1.55651510008205,8.14199470580374,-3.89437251230769,0.000166139171704449,0.00211965622294942,0.456672336337668
"HRAS",-1.10154971920092,7.44558875807523,-3.89331167809475,0.000166781747837393,0.00212162654639197,0.453071312941963
"PLPP2",-1.38522853130934,6.24415275438508,-3.89257075432333,0.000167231949642082,0.00212408235460801,0.450556674869052
"F13A1",-1.06229125711182,8.32508445970866,-3.89035039693801,0.000168588034440306,0.0021341935738516,0.443023134844391
"ABLIM1",-1.83497279785326,7.44172420578034,-3.88743564263024,0.000170384136493127,0.0021465108751052,0.433138515500221
"CXCR4",1.51099809249651,7.61725305144502,3.87852720718106,0.000175987321049798,0.00220856465752484,0.402962902473076
"HSPA13",1.02185629685576,6.88779091292851,3.87534262453938,0.000178032606714826,0.00222779957673188,0.39218854852387
"CLCA2",-2.36125760558054,6.0667311796778,-3.87466257691233,0.000178472288966856,0.0022304441973331,0.389888627689503
"DPP4",-1.20402636817121,4.89494342367531,-3.87448685695948,0.000178586068104591,0.0022304441973331,0.38929439293867
"C1orf21",-1.07158744236301,5.61031629158739,-3.8583930848792,0.000189304908861079,0.00233744953280266,0.334957126114584
"PLIN2",-1.2986485627429,7.11677533178821,-3.85261898971304,0.000193297819027683,0.00237550448850325,0.315504249124728
"HOXA3",1.22654763953763,4.59414922194156,3.85172912050636,0.000193920268448461,0.00238090996261722,0.31250827008926
"SLC14A1",-1.00297780179407,3.72752647660112,-3.85027099689205,0.000194944329787613,0.00238674095408516,0.307600258243432
"PERP",-2.9310547932026,8.2151759157421,-3.84584711656839,0.000198082881960024,0.00242062108517034,0.292718283659399
"CRIM1",-1.42686645162895,6.53728544882502,-3.84401691283743,0.000199395347517211,0.00242982797782889,0.286565294078978
"SPAG16",-1.10630959911917,5.20065154184046,-3.84045744024267,0.000201971636285908,0.00245663075142907,0.274605077560858
"TGDS",1.25951754198894,7.4429870780657,3.83184944171746,0.000208333544871646,0.00251757283742483,0.245716390560701
"KLK10",-1.7752567450709,6.32486114066198,-3.83092655016788,0.00020902683251669,0.0025231647960459,0.242622093030473
"AQP3",-2.20878142547095,8.33064694637526,-3.82860195585559,0.000210782837991421,0.0025365857567766,0.234830661978757
"OR7E156P",1.59669887824218,7.1359532338505,3.82847441343414,0.000210879588952054,0.0025365857567766,0.23440327829303
"CTXND1",1.02598310583427,7.07315262179959,3.82708638039095,0.000211935256868606,0.00254458914761488,0.229752806005252
"ID1",-1.07651617314845,7.5887347796795,-3.8250041457884,0.00021352833257976,0.00255196693722043,0.222778906928063
"TFAP2C",-1.29143048647757,7.13545046821356,-3.81300736681824,0.000222931020048232,0.00263535591152212,0.182655682783754
"IGSF6",1.38289699114395,6.04396910248978,3.80781121926439,0.000227124650049113,0.00267281436100215,0.165307272983076
"STXBP1",1.37890206896105,9.0740107647936,3.8017685671081,0.000232095801774535,0.00272149025120339,0.145155553240544
"MALL",-1.83301922545194,6.626073617721,-3.799861178032,0.00023368632885691,0.00273031903401904,0.138799698684076
"KIR2DL2",1.13710945964208,4.7319760183955,3.78889360389269,0.000243034913488524,0.0028093370895185,0.102301004005741
"LPGAT1",1.1707837319714,7.43692655787754,3.78525236448151,0.000246216470226438,0.00283856459353008,0.0902014323601952
"PRRX2",-1.05514947393273,5.41021572131427,-3.78238687640088,0.00024874799714041,0.00285764329049675,0.0806859458036229
"UGT8",1.14288226788815,5.11917665029108,3.77820564658609,0.000252486335134386,0.00289072456005449,0.066811242772534
"DUSP7",-1.10917293087086,6.82993861060626,-3.7780576571285,0.000252619622137761,0.00289072456005449,0.0663203822551903
"CD68",1.25137576654692,7.10554745660934,3.77574912168157,0.000254707483966693,0.00290055098990542,0.0586652156465979
"SELL",1.06168798330215,7.79009862928727,3.77290077491443,0.000257306151912423,0.00292248685956976,0.0492250089342168
"CALML5",-3.26112438203194,6.29714431483097,-3.76240299953755,0.00026710285412079,0.00300496472379722,0.0144801219494868
"DNAJC12",1.42029154612045,5.68558944169089,3.76136177400944,0.000268093623577709,0.00301351099812909,0.0110380270506489
"SULT1C2",1.20328463231092,5.62674295494767,3.76039325202538,0.000269018344766043,0.00302130077295817,0.00783693931447083
"SLAMF7",1.83090604086126,5.91832733270293,3.75371642240226,0.000275476118703077,0.0030816410531313,-0.0142134309796624
"GPR31",1.34056853990447,3.99177833709928,3.7516129523512,0.000277540881390199,0.0030956848181752,-0.0211538867989134
"RAB20",1.15086611267045,7.21218562772243,3.74919925300362,0.00027992826652771,0.00311166638299643,-0.0291142316261022
"COCH",-1.29358215396293,5.45161244459578,-3.74815903389931,0.000280963145168839,0.00312050975285902,-0.0325436323161119
"PLA1A",2.25188507708935,7.27698962329308,3.74365098296678,0.000285490173566209,0.00316054829915528,-0.0473972588178562
"WNT5B",-1.0296609668607,4.43135917593308,-3.74341417153048,0.000285729885738801,0.00316054829915528,-0.0481771474719368
"FASN",-1.09155416427356,8.02827228667671,-3.74066912694744,0.000288522533206217,0.0031854744373208,-0.057214576110475
"DSP",-3.53130498521268,7.93105900633361,-3.7376199630018,0.000291654937479515,0.00321091200444665,-0.0672472055559759
"CELSR2",-1.05625857574588,7.53570144532072,-3.73222514619807,0.000297276244984915,0.00325226815940795,-0.084982119028008
"HR",-1.04069346312183,6.42242091493825,-3.72964184779939,0.000300004254604849,0.00327617711540421,-0.0934673918312763
"MITF",1.47989909203737,10.0966667375062,3.72707969077913,0.000302733388273346,0.00330321393280013,-0.101878703828207
"CPZ",-1.38950608133719,4.86166457496731,-3.72448385695218,0.000305522403258396,0.00332529767619885,-0.110395982206009
"MMP3",1.1861418155613,6.05626083442688,3.72285432029775,0.000307285644527349,0.00333891459916009,-0.115740348066798
"SCGB2A2",-1.70538715824488,6.31577826419384,-3.71667728706846,0.000314057549267402,0.0033955193904624,-0.13598251321614
"S100A14",-3.03452483740276,7.15270229086557,-3.71053767345005,0.000320928524703681,0.00343716061840965,-0.156076070994251
"TGM1",-1.13018989852703,5.77185247178152,-3.71046221048924,0.000321013857139907,0.00343716061840965,-0.156322882804105
"PPM1H",1.24156385506066,6.20833669724504,3.71041054391723,0.000321072293367816,0.00343716061840965,-0.156491863049395
"MRPL44",1.11183760999096,6.73472748623623,3.69986559414635,0.000333212350170624,0.00352372735918472,-0.1909416171591
"PLXDC2",-1.16018536688962,6.37881225698543,-3.69882829643208,0.000334429786535213,0.00353373580764395,-0.194326270957834
"PLPP3",-1.39130982012779,8.33413710117767,-3.68846402780462,0.000346827682089233,0.00363527825302372,-0.228103624237915
"SLAMF8",1.04492952035976,7.01477387117659,3.68274462457849,0.000353854552361968,0.00369694016027792,-0.246711498653262
"HJURP",1.38606175751193,6.92836298866952,3.68252403650671,0.000354128250647068,0.00369694016027792,-0.247428721040023
"TUBB4A",1.58757183647658,7.39910708627709,3.67789218267203,0.000359921834304282,0.00373350898766391,-0.262481003149706
"CKS2",1.71791754724937,7.25102639999195,3.67325166305313,0.000365816225621635,0.00377961788104635,-0.2775465502065
"IMPA1",1.06038580134511,7.88498402794716,3.66734758902975,0.000373447814485974,0.00384020982104307,-0.296692679788357
"BDKRB2",-1.12575663903846,5.30758690317607,-3.66706416254327,0.00037381793737734,0.00384098667097174,-0.297611186173611
"TMEM134",-1.03855888969439,8.55937526551158,-3.65817066442252,0.000385609883205604,0.00394969934573282,-0.326404209382871
"CPN2",1.28062512024907,5.88544102815798,3.65774417528986,0.000386184125351226,0.00395247630333959,-0.327783602854352
"ZNF710-AS1",1.16947530353559,7.5611764353193,3.65662321766298,0.0003876972908111,0.00395864132724035,-0.331408512352227
"SSBP2",-1.00658011190906,6.54227768716335,-3.65616965116346,0.000388311147738182,0.00396180677258072,-0.332874989945051
"GPM6B",1.37020726700323,9.12755360653055,3.65295055632075,0.000392694384374913,0.00399091354471121,-0.343278901843887
"ST3GAL6",1.56209998565438,6.89531066386634,3.64763616843864,0.000400033295779684,0.00405286258249519,-0.360438891076734
"GOLGA2P10",-1.08704481294169,5.76693180671792,-3.64683677950233,0.000401148381625312,0.00405785395501354,-0.363018391137842
"TMSB15A",1.34036936152785,5.76175200948456,3.64634417514578,0.000401836990969077,0.00406166862422154,-0.364607724846205
"DOCK10",1.24576659196697,6.01576731073833,3.63308494063674,0.000420797857308043,0.00419472710677378,-0.407323623475138
"RPL10L",1.328157402979,5.49437009076197,3.63286909330997,0.000421113412283678,0.00419472710677378,-0.408017981593857
"NLGN1",1.06879008344932,5.76103421871019,3.63210016236169,0.000422239360312885,0.0042027320756639,-0.410491287041014
"SAMSN1",1.20778342985506,5.44675687903551,3.63172705886584,0.000422786722610251,0.00420497030977503,-0.411691244571834
"LSR",-1.44887416043072,6.29661433550982,-3.63039405523413,0.000424747796732754,0.00422125497073047,-0.415977592388111
"GJA1",-2.00098450818059,8.54714908729644,-3.62822287015696,0.000427960410938185,0.004237398140726,-0.422956501356604
"ALDH1A3",2.22937490644765,7.81318249544927,3.62069899378722,0.000439271918392067,0.00432603213286568,-0.447115231844536
"QPRT",1.44300523167143,7.01699245299547,3.61846297897415,0.000442687704010745,0.00435309575610566,-0.454287309807639
"KRT33A",-1.46343108174988,4.22075162249185,-3.61677231087856,0.000445287064801345,0.0043720617755608,-0.459707848886062
"INPP4B",1.30140736357777,8.05822730770887,3.6144266888169,0.000448917311048903,0.00440228670760796,-0.467224953605864
"WLS",-1.09546533726531,7.44564596657551,-3.61429784503586,0.000449117527133255,0.00440228670760796,-0.467637752489765
"RASSF4",1.28553594987089,6.41652047898196,3.6141301152033,0.0004493782964818,0.00440228670760796,-0.468175119843211
"IL36RN",-1.42357313410928,6.54062392511888,-3.59870201043911,0.0004739861228496,0.00461906207461579,-0.517518772903914
"RAB17",1.51690031795215,7.1094287854332,3.59589745889168,0.000478594012024448,0.00465700546476625,-0.526470602055556
"APOC1",1.64736722109796,9.45643868551215,3.59055832518898,0.000487483467357382,0.00472236027553707,-0.54349725414292
"TSSK2",1.08479233599442,5.05239296571671,3.58874591303167,0.000490536367495222,0.0047421778409516,-0.549272527378059
"DSG3",-2.37155049288094,6.43484165483029,-3.58590301944105,0.000495361464009811,0.00476517700964397,-0.55832678149745
"TYMS",1.25860384137306,8.45707432037438,3.58519447610216,0.000496570998809705,0.00476788604821778,-0.560582515366903
"TJP2",-1.42206090642894,6.15233575990236,-3.58471680213518,0.000497387996666298,0.0047722164006857,-0.562103048860654
"TREM2",1.55923289172585,4.43271591606938,3.57575714829908,0.000512949566878631,0.00489630263728438,-0.590593637926634
"RBM47",-1.06781920788316,6.93498529343877,-3.57079356982859,0.000521767322952809,0.00496230789495382,-0.606352813300657
"IGFBP5",-1.35237241379003,7.54526291257693,-3.56799983620572,0.000526793117312278,0.00499241388399187,-0.615215156531705
"COX7A1",-1.40811870707553,6.06836358077688,-3.56581518640872,0.000530755005808798,0.00502214406439834,-0.622141506016227
"MICAL3",1.20805454999658,6.9817310630948,3.5597347923841,0.000541930486347333,0.00506371732537691,-0.641401387955273
"HPS5",1.18766762272635,8.21495277551015,3.55913270166965,0.000543049105484312,0.00506371732537691,-0.643307109400974
"CXCL13",2.35858577016159,6.137228678514,3.55287408990113,0.000554806711396623,0.00514152532134468,-0.663101490436928
"DLGAP5",1.0840787473728,6.09755101252098,3.53107630723191,0.000597659196762126,0.00547252687259927,-0.731825259963308
"OTUB2",-1.13076699442244,5.71139416520929,-3.52430116180233,0.000611602057526374,0.00557280169677595,-0.753117008535956
"PDLIM1",-1.09344719919596,9.34932549261867,-3.5228394780457,0.000614650068712408,0.00558885791209281,-0.757706244503694
"RXRG",1.2809311255902,7.02671647837391,3.5220785272056,0.000616242522149301,0.00559943292425417,-0.760094792418863
"CORO2A",-1.12740385823353,4.55315530467725,-3.51992907053045,0.000620761757986444,0.00562872918107458,-0.766839489405776
"TCHH",-1.44239299110595,4.83117972128376,-3.49694669306486,0.000671075111516838,0.00600971729331597,-0.838748720743719
"NKX2-2",1.70311857468745,5.44781374307777,3.49176593393833,0.000682935649754443,0.00609917666927957,-0.854906517110261
"CENPM",1.55402292224806,6.25758071191947,3.4908507139885,0.000685051312384761,0.0061138836839048,-0.857758913174672
"GREB1",1.0831244644355,6.02031746907425,3.48371044003861,0.000701770255125292,0.00622510563829927,-0.879991825290626
"TNC",1.59210748464524,7.52653018831298,3.48153879226403,0.000706930869446534,0.00626626213916611,-0.886746499328895
"SOX13",1.0404512629834,7.78776412720342,3.47754306948079,0.000716519606238675,0.00633833049236505,-0.899165907073074
"EVI2A",1.10274408584668,6.43484514409221,3.47493428984029,0.000722845939015272,0.0063683704046082,-0.907268258988579
"LYSET",1.00989259683655,6.85882346221988,3.46377665501946,0.00075050131823471,0.00653693165561949,-0.941866388341838
"MKNK2",-1.02174795897943,9.50974171558046,-3.46278996239761,0.000752994264031886,0.00654989473563159,-0.944921656529332
"NAMPT",1.06420080630476,7.98460716332471,3.45962071837012,0.000761054373392192,0.00660049371755245,-0.954730390634575
"SMPD3",-1.14242326291537,4.92130946581089,-3.45846467465913,0.000764014604428301,0.00661926008447881,-0.958306515032667
"PLA2G2A",1.26329583711085,7.38588705445417,3.4523634644806,0.000779817952628831,0.00673066364746098,-0.977164120751413
"C1QA",1.48213914708577,9.94582815308036,3.44259758553009,0.000805754864992299,0.0069029156929268,-1.00729250504479
"ASPM",1.39132034448511,6.2973946332055,3.44207584960562,0.000807163099442039,0.00691043969377856,-1.00890015432166
"CCL5",1.82062531017011,7.7910847044369,3.43429607141099,0.000828438144008048,0.00705552250798232,-1.03284897176424
"ADAMDEC1",1.63859033195743,6.43458611065901,3.43396449997982,0.000829356485535232,0.00705873316899079,-1.03386868802101
"TPSAB1",-1.96888368611599,7.08634541421035,-3.43067114748844,0.000838530056784641,0.00712750548266945,-1.04399275265033
"ATP6V0E2",1.19812982307616,8.32065592535198,3.41863453778691,0.00087287525577591,0.00732866739218422,-1.08092745207292
"TRPV2",1.12188055311238,7.91074953184484,3.41481555501208,0.000884045579478763,0.00739863306214608,-1.09262412620118
"ACP3",-1.13549752675938,5.19955735438694,-3.40619851732544,0.000909745082354757,0.00755082711304825,-1.11897717656337
"ROPN1",1.22101924798585,6.66827374489577,3.40213747715081,0.000922098436875475,0.00763380413867893,-1.13137810719658
"MPPED2",1.17025609784715,5.28137114139715,3.39770697188294,0.000935755198197313,0.00770284850334265,-1.14489353917774
"CTSS",1.33190034799493,7.7365984480136,3.39572900583239,0.00094191325325774,0.00772428107498595,-1.15092278096682
"GZMK",1.23712360541438,7.12573801833349,3.39181588464001,0.000954208293147557,0.00779983577084512,-1.16284235719036
"CITED1",2.03439169610463,6.4331818200991,3.38838090418762,0.000965124979389799,0.0078700841815282,-1.17329627671194
"BACE2",1.22727937484288,10.2354619793947,3.38766740122854,0.000967407207740713,0.00787883983868279,-1.17546664975446
"FCGR2A",1.60354328137976,7.61085158676514,3.38548583286783,0.000974416675158693,0.0079309731756518,-1.1821003582577
"GINS4",1.49517071802155,5.51191323161013,3.38094424827739,0.000989162091817868,0.00802593933740708,-1.19589923790817
"LYPD3",-2.95920993147354,7.89482381275023,-3.37718938841127,0.0010015109961774,0.00810596019811117,-1.20729638578105
"OSTM1",1.2137963209978,7.73139544919588,3.37183213871674,0.00101938030481136,0.00822506175398224,-1.22353940720055
"DDAH1",-1.05460402248758,6.86491060862051,-3.36870801495063,0.00102993849740758,0.00829356005303553,-1.23300195087772
"BAALC",2.17617825229431,6.48434823496847,3.36395356764501,0.00104620340768556,0.00837889616521912,-1.24738878897822
"IFI6",1.5534193449723,8.93383351760632,3.36366284075804,0.0010472057521597,0.00837889616521912,-1.24826798324079
"KHDRBS3",1.09032576916645,7.28872315767949,3.36179720119803,0.00105365940656165,0.00841314452061078,-1.25390843309951
"ETV4",1.40110406238956,5.58044197577861,3.36021754357666,0.00105915291378792,0.00844150051520827,-1.25868226683549
"TPSB2",-2.11186896468755,7.31016047851038,-3.35788332780731,0.0010673196771863,0.0084858422383123,-1.26573307291873
"OLFML3",-1.17723965036575,7.29820241066755,-3.35540757101061,0.00107604612281958,0.00853440717484461,-1.27320704860719
"CD8A",1.57247293959888,7.26344613613141,3.34240597453985,0.00112298159162398,0.00882481112590081,-1.31238312839726
"CDK18",1.08878345689186,5.37269451587057,3.33221688980382,0.00116109692063006,0.00905475044742542,-1.34299761213351
"LAMC2",-1.2116565746522,5.64302098409325,-3.33129680094575,0.00116459776973817,0.00907120090777536,-1.3457583745627
"ZEB2",1.01898501107522,6.2642780745811,3.32719476936288,0.00118032618446349,0.00913369324582756,-1.35805907687973
"SERPINA1",1.22512087458323,6.71805786787376,3.32046002561213,0.00120658113030341,0.00928725581937789,-1.37822750078981
"RIN2",-1.32270568665281,7.10775458554073,-3.32003718900837,0.00120824763144635,0.00929106298334332,-1.37949264398619
"MAFB",-1.45359370398557,7.94533540017398,-3.31943150114341,0.00121063854656801,0.00929106298334332,-1.3813046547809
"CXCL12",-1.30079111772044,8.26298581226266,-3.31916005322595,0.00121171150645856,0.00929382725453712,-1.38211664600883
"IFI30",1.31175049849823,9.7652236478425,3.30701851798398,0.00126062391751658,0.00959000890344146,-1.41838025701331
"CNIH3",1.87324437994077,5.47256859857438,3.30663468638034,0.00126219989774741,0.00959639910596415,-1.41952488196177
"MAP1B",-1.24150605170372,6.88107795629759,-3.29869090967729,0.00129523300877037,0.00976216370020629,-1.44318950729889
"CD200",1.06332869993164,6.94853291841262,3.29467853794778,0.00131222353337527,0.00985036422088665,-1.45512462200067
"BST2",1.65390187905829,8.64855373278554,3.29414387092731,0.00131450326802104,0.00986179983413481,-1.45671412838179
"AOPEP",-1.14543047971881,6.5968560937492,-3.29304752954452,0.00131918947750004,0.00988558137765694,-1.45997276688472
"GNAL",-1.04810804549314,5.73391392071868,-3.28733263952029,0.00134387116483633,0.0100129920676005,-1.47694458275476
"KIF20A",1.41534754067983,7.1352660559197,3.28543294493279,0.00135217076540995,0.0100570172828206,-1.48258083033269
"MANSC1",-1.23909367996872,5.76751634934731,-3.27751995323034,0.00138725995607252,0.0102717107139293,-1.50602917628492
"SRGN",1.53569776361734,8.65425978239652,3.26913130556647,0.00142538618154074,0.0104530992244712,-1.53083608543642
"FBLN2",-1.65578004133702,7.4966466106248,-3.2630032883047,0.00145385405189468,0.0105550127965784,-1.54892468134638
"CENPF",1.02005638710741,7.08030851551202,3.24693512437812,0.00153104002814109,0.0110013148711677,-1.59622121775361
"GNA15",-1.44507827527122,5.88843445814747,-3.24652765934617,0.00153304617845784,0.0110013148711677,-1.59741807711864
"MICB",1.24442860298243,6.5347690607942,3.24097113369846,0.00156064960747377,0.0111381008384513,-1.61372701565163
"TNFRSF21",1.07461930730686,7.95970178315844,3.2384117817087,0.0015735191781189,0.0111870864577384,-1.62123117675087
"FANCL",1.01360841418144,7.76350624592934,3.23230621574685,0.00160462154484194,0.0113401952971242,-1.63911319161057
"C2",1.37958619208222,8.19757563833553,3.23139283686513,0.00160932338823257,0.011351212067502,-1.64178589500238
"GPC1-AS1",-1.01001956234396,4.29960542488884,-3.22969774461897,0.0016180833577916,0.0113859627103317,-1.64674436589677
"FCMR",1.61932782574172,7.09788843224335,3.22481303158173,0.00164357608589318,0.0115280196793767,-1.66102101967916
"KLF13",-1.25831294029545,4.81873314461958,-3.22452681256384,0.00164508138017269,0.0115323742559525,-1.66185700194763
"GAREM1",-1.02344750470877,6.75290610383316,-3.22263973142863,0.00165503820729708,0.0115848679238177,-1.66736720583077
"ID3",-1.11886002233503,7.74021434035902,-3.21570697831759,0.00169210187582998,0.0117859595934546,-1.68758758125269
"AP1M2",-1.07681262027597,6.62075346360481,-3.21488552625426,0.00169654439131039,0.0117917069926952,-1.68998106801067
"MTHFD2",1.15992978307128,7.94592164644806,3.21271643535081,0.00170832740271402,0.0118609590010586,-1.69629876375604
"SV2A",1.02737904975494,5.59086384676279,3.20858454051982,0.00173098407899281,0.0119927212571665,-1.70832351780584
"GLTP",-1.33579273171429,7.49242015616489,-3.20480998842137,0.00175192568485987,0.0120697497132645,-1.71929707662853
"STEAP1B",1.52618898378805,6.14138766629903,3.20221079636707,0.0017664832175498,0.0121227235124378,-1.72684732550617
"CD2",1.24722967605029,7.44883283577901,3.1930939059847,0.00181844041611972,0.0123557293307895,-1.75329016266316
"KRT10",-2.03988534661624,10.268836219616,-3.18474372358261,0.00186727308833371,0.0126152195848618,-1.7774541148678
"PLP1",1.67366722414599,9.21095032881894,3.1832491416129,0.00187614129175479,0.012668568774309,-1.78177360575905
"KRT1",-3.17394343126788,8.50721566489851,-3.17532449959863,0.00192382114156828,0.0129369282438931,-1.80464835061303
"AQP1",-1.39857435771608,8.26435610887426,-3.17239520188609,0.0019417293002667,0.0130304726434264,-1.813091820851
"ITGAL",1.40861048927992,5.65193354077341,3.16861352888609,0.00196507775792179,0.013126357011036,-1.82398257285592
"GZMA",1.32935674996942,6.1817077467871,3.16685022399441,0.00197605361643055,0.0131861633084125,-1.82905696443091
"PPFIA2",1.33698556829294,3.92828660246877,3.16657297113502,0.00197778458105697,0.0131861975916103,-1.82985462059298
"MMP7",-1.0311597925519,5.89521229693946,-3.16323707341939,0.00199872233629157,0.013283048187006,-1.83944741931528
"TCN1",1.14179223304054,6.91771381808932,3.16209756044245,0.00200592158485635,0.0133037698600925,-1.84272229766891
"MYO10",1.25856270531978,8.64224224243712,3.15755043685409,0.00203489026322389,0.0134208063440446,-1.85578058103188
"CLDN5",-1.45964776798777,5.37628665099186,-3.15489874286556,0.00205196263000285,0.0134992637399633,-1.86338837571401
"BICDL1",-1.0218630968926,5.56083345811379,-3.15469564701276,0.0020532756930476,0.013501090147074,-1.86397084375326
"CYTL1",1.30665590301254,6.5202957055189,3.15071209769609,0.002079188694967,0.0136370932563756,-1.87538910662479
"SDHAF3",1.05214300047478,4.74315448024294,3.14544576215452,0.00211391280459755,0.0138182692259085,-1.89046575118347
"CX3CR1",-1.26812743589,5.51805459229869,-3.13879529083967,0.00215853320321827,0.0140655244561535,-1.90947476056254
"MACROH2A2",-1.21411733482801,5.8114248848334,-3.13781047700476,0.00216521455156604,0.0141020142546801,-1.91228678304332
"MMP17",1.25191077430758,7.05442996769267,3.13629710400953,0.00217551929133745,0.0141408753936934,-1.91660660356738
"ZBTB10",1.09659285859337,4.51730738780135,3.13111495603636,0.00221115116765052,0.014286894449534,-1.93138545598674
"SCG2",1.10964649401224,5.48200672804643,3.13009204690224,0.00221824830452373,0.0143009871985088,-1.93430024521737
"SOSTDC1",-2.2776939144462,5.0145687774155,-3.11019532962584,0.00236057179422409,0.0149851487949795,-1.99083703723651
"IFT81",1.05269172309095,6.43487958910109,3.10737637086831,0.00238140784849941,0.0150807075942612,-1.99882263977939
"CSAG3",1.780317876862,5.52580885932605,3.09411282719114,0.00248175300616671,0.0155649723171755,-2.03631407292721
"STAT1",1.13119006809953,9.2778760007714,3.08471973791374,0.00255517164999483,0.0159106414251589,-2.06278335437583
"CSTA",-2.74278256838029,7.76790509855034,-3.07824141703438,0.00260697483522475,0.0161330540467468,-2.08099941118985
"CEP55",1.14090939650765,6.34265946937478,3.07206043415143,0.00265730564043948,0.0163900701256814,-2.09834926856232
"KRT5",-3.17152033075885,8.91803204776571,-3.06282203007156,0.00273421205265997,0.0167613497671055,-2.12422631000689
"ACKR1",-1.62142806478328,6.84796952768059,-3.05850425935021,0.00277085787050936,0.0169065118266596,-2.13629792343085
"CFH",-1.21005674116827,6.46145335493753,-3.04731154463986,0.00286797936065178,0.0173207887371647,-2.16752340154191
"MAGEC1",1.0495242437706,6.00759848552886,3.04562937863651,0.00288284509441419,0.0173783713296655,-2.17220793753659
"NKG7",1.35853328942603,6.30982921220615,3.04486030200917,0.00288966533228743,0.0174114354286949,-2.17434895074676
"PLP2",-1.00994363118966,9.52652518344333,-3.03782805561993,0.00295272349301697,0.0176932728058126,-2.19390459955654
"GSTT1",-1.66026316096871,6.24806209568728,-3.03532848501713,0.00297544189998487,0.0177966912540838,-2.20084630778818
"TBXAS1",1.05918363582925,6.61978438703771,3.03110335319286,0.00301421151380608,0.0179738625590555,-2.21256915845678
"AIF1",1.04422109073383,6.78545606494373,3.019117398189,0.00312674912396901,0.0184144904369611,-2.2457494003994
"CALML3",-2.03171612696594,7.59292823627213,-3.01411522023353,0.00317485289794323,0.0186472553767035,-2.25956370852918
"SFN",-2.42413463043658,9.4076231606454,-3.01378950915639,0.00317800869549963,0.0186489898202609,-2.26046253638173
"GDF1",1.28684328696351,5.82688586797167,3.00999064206702,0.00321503023290952,0.0187985556981647,-2.27093974094568
"MLANA",1.66223541728141,10.677411284818,2.99977827123489,0.00331653685258917,0.019271089135878,-2.29904954585866
"E2F5",1.11132828243572,5.2516975587836,2.99948706038231,0.00331947426405288,0.0192795656699267,-2.29984991889607
"EVX1",1.36342735378496,5.58003468252693,2.99806381750264,0.00333386492342446,0.0193240144740676,-2.30376065268258
"CYBA",1.03217628060069,9.01930121149698,2.99450921154007,0.00337005794401267,0.0194612094153085,-2.31352096437789
"IGF2BP3",1.25940627049142,5.96374718519942,2.98602985318477,0.0034578632680799,0.0197837117825774,-2.33676393249423
"IGFBP4",-1.12220957208383,9.0033016351667,-2.98428743445345,0.00347616561841791,0.0198622802359996,-2.34153315983566
"LECT2",1.04270299382433,4.63983559326037,2.97053339656915,0.00362380355664741,0.0204461343949202,-2.37909639062294
"CFI",1.05861658029203,6.59415578295382,2.95992095668329,0.00374164434416237,0.0208671088980039,-2.40797842021907
"HBA2",-2.05264864652023,7.28577694567961,-2.94058873861534,0.00396542170672161,0.0218868549044122,-2.46036430324293
"GPR18",1.16730032197295,5.17437007825431,2.92840164658499,0.00411275177793278,0.022513085823873,-2.49323741061306
"GAPDHS",1.48455869698641,6.80756979870322,2.91870715258447,0.00423352453143579,0.0230194803445566,-2.51930342442111
"APOC2",1.97528833487898,7.08611400478695,2.91381071316247,0.0042957546231992,0.023309340213023,-2.53244049190855
"ST8SIA1",1.02897146562081,5.00963459944085,2.91213272605991,0.00431727318340282,0.0233871728451971,-2.53693814518697
"HMGA2",1.35338158291619,6.32645258058076,2.90970615453281,0.00434856677564368,0.0235000764453134,-2.54343835653595
"LY96",1.39662555926536,6.42042489671239,2.90313772185382,0.00443432282550043,0.023823294322909,-2.56101026619476
"RDH16",1.11504803779333,4.41778437817846,2.90114833376961,0.00446060056901063,0.0239348851108352,-2.56632555149356
"NPHS2",1.08660430442594,3.74236125588267,2.89442104147227,0.00455052372417254,0.0243372759801008,-2.58427643622785
"INPP5F",1.18969157775812,7.84266869651716,2.87891296807837,0.00476419137402825,0.02517051907727,-2.62552093126497
"OR2B6",1.0624347823348,4.39163726411648,2.87609089284763,0.004804048894272,0.0253398032089048,-2.63300584271909
"CD24",-1.68268489060699,6.83019764554836,-2.86671576597606,0.0049386629871085,0.0259344449008891,-2.65782576520843
"CD9",-1.3383382873023,9.79439482483672,-2.85091250347729,0.00517342197832313,0.0268002579163112,-2.69950525239317
"CDK2",1.14766429104449,7.56793894687397,2.83660796446581,0.00539468046339648,0.0275956212484216,-2.73706019248493
"TYR",1.78971588613066,10.4428410993887,2.83389672176505,0.00543758055356001,0.0277280456933395,-2.74415981664911
"MMP1",1.59885030059807,4.79513856219811,2.82847872960912,0.00552424576987339,0.0280144018778334,-2.75832967926594
"CXCL14",-2.50177203654323,9.05066002715725,-2.82371819975404,0.00560143473231896,0.0283089563855453,-2.77076066114093
"NCF1",1.07285565093156,5.42951040431273,2.81414293774909,0.00575968496912337,0.0289015927521754,-2.79570915794825
"CD69",1.13711539099918,5.29066469264747,2.80965397755646,0.00583527118393299,0.0291196185674569,-2.80737989375185
"CRTAC1",1.50593849035561,7.14698649855974,2.80963830146406,0.00583553672189317,0.0291196185674569,-2.80742062129271
"H2BC9",1.0881647791661,5.36449602111327,2.80889130690113,0.00584820289289348,0.0291605038319075,-2.80936113462285
"EAF2",1.17825985457067,4.24760708187258,2.80260979467672,0.00595571072404636,0.0295496621502437,-2.82566127179394
"PLAC8",1.19415907704101,6.482180359588,2.79251075238461,0.00613234294575395,0.0301734413847871,-2.85180117347585
"KRT14",-4.35730608714389,7.74752327398297,-2.7824447690545,0.00631314072384366,0.0309113938784069,-2.87777381627133
"COXFA4L2",-1.2213782851639,6.64915604058282,-2.77525147436734,0.00644530487327488,0.0313583321800862,-2.89628420361048
"GPR143",1.77647759617761,7.98077490832445,2.77365097670064,0.00647505207655635,0.0314516151715504,-2.90039706087935
"LTA",1.27927883320408,4.91042414007301,2.77320402538348,0.00648338153366486,0.0314622304862913,-2.90154523870137
"PIR",1.48912086213842,7.82193680172092,2.77306559599655,0.00648596330601665,0.0314622304862913,-2.9019008186685
"MEOX1",-1.25636055928297,5.41643625657172,-2.74307095135131,0.00706798704292928,0.0333609345498858,-2.97858196225623
"HSPB8",-1.63294975298276,7.1269402965884,-2.7314011945952,0.00730698775709848,0.0341735342054545,-3.00821870978281
"CRABP2",-1.22012749595215,8.39543507072788,-2.72944838615699,0.0073476920440447,0.0343269640137222,-3.01316730427068
"SLC7A5",1.11167158505525,9.59204718484374,2.71491319410413,0.0076571976990276,0.0352599953391886,-3.04990340618165
"HS3ST3A1",1.20975677172921,4.51697516102589,2.70809221018221,0.00780648270367024,0.0357781117656085,-3.06708342610404
"SLPI",-1.05914674238399,7.58674435278134,-2.70119358162235,0.00796014945490891,0.0362783602735258,-3.08442044945593
"MXRA5",-1.18388645560199,8.07156302268775,-2.6995544171835,0.00799706299821124,0.0363576375291759,-3.08853414674912
"ITGA4",1.04480723819701,4.93803010988511,2.69561640345454,0.00808638152141798,0.0366614494637583,-3.09840814679332
"PNRC1",-1.06902431732891,8.75398023093313,-2.69136158207056,0.00818390166539043,0.0369494092157291,-3.1090622687716
"RIPK4",-1.05477075407376,7.36288696810943,-2.68970309499175,0.00822220200541562,0.0370581721218853,-3.11321113502802
"ACP5",1.02504178856899,8.78356240844277,2.68586577895516,0.00831144293539823,0.0373313484101473,-3.12280193785272
"CCL18",1.24482253970339,8.03069965141097,2.68514818862894,0.00832822838748799,0.037380350568379,-3.12459411287473
"NDC80",1.13720710011558,5.19105263140082,2.6785590256015,0.00848380054627994,0.0378706865193236,-3.14103080039523
"PIM2",1.13796279470146,6.84983431880193,2.67183953988417,0.00864515661131077,0.0384424034019239,-3.15775599120249
"PVRIG",1.13157377524869,6.36146826814922,2.66647618330067,0.0087759365225465,0.0388554962028807,-3.17107916114258
"MAGEA1",1.39052313212472,4.6034512087224,2.65643988250234,0.00902548222911772,0.0395973293356211,-3.19594708641266
"LYPD1",1.06628860852323,5.93815945937485,2.65455623625699,0.00907302706067063,0.0396765217816257,-3.20060516999843
"FXYD1",-1.01391122998909,6.65045109972869,-2.64859435708541,0.00922500690999144,0.0401484863482571,-3.21532914303545
"PBK",1.19511488020192,6.51676318234735,2.6467509762151,0.00927246199694088,0.0402646297900257,-3.21987580584661
"IVL",-1.61979382539826,7.42802266166967,-2.62886396940817,0.00974452582998207,0.0415768561181728,-3.26384861608005
"PLXNC1",1.05517793922538,8.14664987169764,2.62736743863867,0.00978498878982059,0.0417358419465066,-3.26751569483755
"CHAC1",1.02623865504301,6.07053025005463,2.60800575415935,0.0103223360582356,0.0434310874034637,-3.31479275467217
"POPDC3",1.21342692468941,5.86487079986117,2.60222597885883,0.0104878222186406,0.0439854338722594,-3.32884571910207
"IGHG3",2.44199643114433,10.3868707450102,2.59908551808092,0.0105787388335186,0.044252863538739,-3.33646986346213
"CD72",1.01609050320984,4.84930855907902,2.5763945538027,0.0112570258077356,0.0463258615847491,-3.39131437407455
"MAGEA5P",1.08399657810655,5.01075054093654,2.55796785218235,0.0118363620653159,0.0480792289625092,-3.43553773896183
"EYA1",1.09506696795749,5.98345531324217,2.55596143151596,0.0119010344159672,0.048191797437825,-3.44033602808154
"TMEM47",-1.10667674251342,5.71182752764462,-2.55074744677869,0.012070581965468,0.0486885401172241,-3.45278943374706
"CHIT1",1.27333221198415,6.12069724462605,2.54522469918019,0.0122525324008895,0.0492936655276762,-3.46595561641638
