"Gene","Module"
"DDR1","brown"
"RFC2","blue"
"HSPA6","grey"
"PAX8","turquoise"
"GUCA1A","turquoise"
"UBA7","green"
"THRA","turquoise"
"PTPN21","brown"
"CCL5","green"
"CYP2E1","turquoise"
"EPHB3","brown"
"ESRRA","blue"
"CYP2A6","turquoise"
"GAS6","brown"
"MMP14","blue"
"TRADD","grey"
"FNTB","purple"
"PLD1","brown"
"DTX2P1-UPK3BP1-PMS2P11","turquoise"
"BAD","blue"
"PRPF8","blue"
"CAPNS1","blue"
"RPL35","salmon"
"RPL28","blue"
"EIF4G2","black"
"EIF3D","blue"
"PARK7","yellow"
"SRP14","yellow"
"GDI2","black"
"RPL11","salmon"
"ARF3","blue"
"RPL21","salmon"
"RPL24","salmon"
"HNRNPC","yellow"
"SEPTIN2","black"
"HNRNPA1","salmon"
"RPS27A","salmon"
"RPS13","salmon"
"FAU","salmon"
"TARDBP","red"
"CFL1","grey"
"RPL18","blue"
"EIF3F","grey"
"RPS5","blue"
"RPL27","salmon"
"RPL34","salmon"
"NARS1","yellow"
"STARD7","yellow"
"RPL19","salmon"
"SLC25A3","purple"
"RPS11","salmon"
"RPL9","salmon"
"DDX5","red"
"RPL6","salmon"
"CTDNEP1","grey"
"RPL10A","salmon"
"CBX3","yellow"
"RPL17","salmon"
"PSMB2","purple"
"KHDRBS1","yellow"
"DDX39B","blue"
"RTCB","purple"
"ERH","yellow"
"SRSF9","purple"
"ABCF1","blue"
"DAD1","purple"
"YY1","red"
"JTB","purple"
"KAT7","turquoise"
"ZNF146","yellow"
"SART1","tan"
"ILF2","purple"
"SPAG7","blue"
"ZPR1","yellow"
"TAF10","blue"
"C1D","black"
"NONO","yellow"
"SNRNP200","blue"
"RHOA","purple"
"RNPS1","blue"
"RPS24","salmon"
"RPL30","salmon"
"NPM1","yellow"
"HSP90AB1","blue"
"ARF1","blue"
"IK","grey"
"SNX3","grey"
"CANX","purple"
"SART3","grey"
"CNPPD1","tan"
"SMNDC1","black"
"HNRNPM","purple"
"HNRNPD","red"
"RPL14","salmon"
"GUK1","blue"
"KXD1","blue"
"OAZ1","blue"
"ATP6V0B","blue"
"KARS1","grey"
"H3-3A","grey"
"RPS6","salmon"
"RPS7","salmon"
"USP22","blue"
"C11orf58","black"
"ELOB","blue"
"COX4I1","tan"
"TMED2","black"
"RPL12","salmon"
"RPL4","salmon"
"FNTA","red"
"RPS25","salmon"
"RPL37","salmon"
"HINT1","salmon"
"EEF2","blue"
"RPS10","salmon"
"ATP6V0E1","grey"
"HNRNPK","purple"
"ANAPC5","grey"
"RPS3A","salmon"
"HNRNPU","yellow"
"EIF3A","black"
"HSP90B1","yellow"
"MSN","blue"
"ACTN4","blue"
"APP","grey"
"PRKAR1A","purple"
"DSP","brown"
"RAD21","yellow"
"WDR1","purple"
"NCL","yellow"
"AP2B1","blue"
"AP2M1","blue"
"CLTC","purple"
"MLEC","magenta"
"LASP1","grey"
"SF3B2","blue"
"TMEM59","black"
"CSRP1","blue"
"CALM2","purple"
"CALM3","grey"
"MATR3","black"
"CAP1","blue"
"PTGES3","black"
"WARS1","lightcyan"
"SET","yellow"
"NDRG1","brown"
"UBB","grey"
"PFN1","blue"
"PTPRF","brown"
"YWHAZ","yellow"
"SOD1","yellow"
"HDLBP","blue"
"MARCKSL1","magenta"
"GABARAP","blue"
"NUCB1","blue"
"EIF3C","blue"
"GLUL","green"
"LDHA","purple"
"RACK1","blue"
"SSR2","blue"
"CALM1","magenta"
"P4HB","blue"
"SLC25A5","purple"
"PHB1","blue"
"S100A11","blue"
"CTSA","blue"
"TOMM20","black"
"CD63","magenta"
"DNAJB1","blue"
"SPARC","cyan"
"UBE2D3","black"
"XBP1","green"
"SPTBN1","blue"
"LAPTM4A","cyan"
"RPL32","salmon"
"CD81","blue"
"UBE2L3","purple"
"PTTG1IP","magenta"
"GRN","blue"
"HMGB1","midnightblue"
"GLO1","purple"
"SRSF11","red"
"SF3B3","grey"
"EEF1G","grey"
"HSPA9","yellow"
"YWHAQ","black"
"DDX24","grey"
"PPP2R1A","blue"
"GSN","brown"
"HK1","grey"
"KDELR2","purple"
"NPC2","grey"
"DYNLL1","grey"
"LITAF","grey"
"EEF1B2","salmon"
"PRKCSH","blue"
"GOT2","blue"
"FKBP1A","purple"
"ACADVL","brown"
"SKP1","black"
"MAPRE1","purple"
"OS9","grey"
"RPL13A","salmon"
"RPL7","salmon"
"ACTR1A","blue"
"CAPRIN1","purple"
"RPL10","blue"
"PPP1CC","black"
"ACTR2","yellow"
"PTP4A1","purple"
"NACA","salmon"
"GPX1","blue"
"PGK1","purple"
"SUMO3","purple"
"RPS27","salmon"
"TPP1","purple"
"GNB1","blue"
"NUMA1","blue"
"FTH1","grey"
"RAN","purple"
"CAPN1","tan"
"SRSF2","yellow"
"CALU","purple"
"NFE2L1","blue"
"ARL6IP5","black"
"DPYSL2","cyan"
"RPLP1","grey"
"CTNNA1","grey"
"CTSD","blue"
"FAM120A","yellow"
"MAT2A","pink"
"LAMC1","cyan"
"PTMA","tan"
"BZW1","black"
"ATF4","grey"
"GNAS","magenta"
"RPS15A","salmon"
"ANXA5","magenta"
"STMN1","yellow"
"LRP1","brown"
"PSMB7","purple"
"PEA15","purple"
"ECH1","tan"
"ODC1","grey"
"IQGAP1","grey"
"XRCC6","purple"
"ACO2","purple"
"DAZAP2","black"
"SPARCL1","brown"
"MCL1","green"
"HSPA1A","grey"
"ACTB","grey"
"SARS1","grey"
"TMBIM6","purple"
"LMAN2","blue"
"HSPD1","yellow"
"ZYX","blue"
"CIRBP","brown"
"CCT7","blue"
"PAFAH1B1","black"
"PSME1","green"
"ATP5PO","salmon"
"RPS15","salmon"
"PSMD8","blue"
"LAMP2","purple"
"TPI1","blue"
"RPL29","blue"
"GSTP1","blue"
"HYOU1","blue"
"SNRPD2","blue"
"PLOD1","blue"
"ZNF207","purple"
"PSMD2","grey"
"SCD","magenta"
"RAP1B","black"
"RPS21","salmon"
"MAP4","tan"
"BCAP31","blue"
"CTSB","magenta"
"EPRS1","yellow"
"PRDX6","black"
"PPP1CA","blue"
"SARAF","black"
"AHCYL1","grey"
"IST1","greenyellow"
"GNB2","blue"
"H2AZ1","yellow"
"NCOR1","grey"
"RPS8","salmon"
"FLNA","blue"
"CNOT1","grey"
"DHCR24","brown"
"RAB11A","brown"
"PSAP","purple"
"RNF114","yellow"
"RPL18A","blue"
"STRAP","purple"
"S100A10","grey"
"CCT8","yellow"
"NOP56","yellow"
"PSMB1","grey"
"CCT4","purple"
"EPAS1","brown"
"DNAJA1","black"
"PSMD4","blue"
"UQCRC2","black"
"CKB","grey"
"PPM1J","blue"
"PGAM1","purple"
"STAT1","green"
"RPL23","salmon"
"SSR1","yellow"
"TRA2B","black"
"FKBP4","blue"
"HDGF","blue"
"PALLD","brown"
"OGA","pink"
"M6PR","purple"
"SELENOF","black"
"AHCY","blue"
"HLA-E","green"
"RPLP2","salmon"
"CCT3","blue"
"TACC1","grey"
"EIF4A2","red"
"PPM1G","blue"
"KTN1","red"
"TAGLN2","blue"
"SRPRA","blue"
"PHC2","blue"
"BTG1","greenyellow"
"KDELR1","blue"
"LGALS3BP","magenta"
"SLC3A2","magenta"
"COX6A1","blue"
"RPS23","salmon"
"RAB14","purple"
"TMED10","purple"
"VCL","brown"
"DCTN2","blue"
"RPS4X","salmon"
"DEK","black"
"CALR","blue"
"RPL8","blue"
"RPL5","salmon"
"RERE","grey"
"HSBP1","yellow"
"HMGN1","black"
"SEC31A","grey"
"GLUD1","purple"
"MLF2","blue"
"RPS20","salmon"
"ARPC1A","blue"
"CCND2","greenyellow"
"ATP6V0C","blue"
"IMMT","purple"
"SSRP1","blue"
"SDCBP","magenta"
"FUS","blue"
"CLTA","purple"
"SEPHS2","yellow"
"RPL31","salmon"
"UBA1","blue"
"ABLIM1","brown"
"ALDOA","blue"
"PPIB","blue"
"SERP1","black"
"TSPAN3","magenta"
"ACTA2","brown"
"PPT1","black"
"TAX1BP1","yellow"
"MDH1","purple"
"PDHA1","grey"
"ANXA6","blue"
"CD59","purple"
"SERPING1","greenyellow"
"PSME3","purple"
"HIF1A","black"
"TRIM28","blue"
"SNX17","purple"
"IPO7","yellow"
"ACTR3","black"
"RBM4","blue"
"CKAP4","brown"
"AARS1","blue"
"UBE2V1","grey"
"PEDS1-UBE2V1","blue"
"SSR4","blue"
"CD9","brown"
"PRDX2","brown"
"HADHB","black"
"TXNIP","greenyellow"
"RPN1","blue"
"ANXA1","brown"
"PAICS","purple"
"JUP","brown"
"EIF1AX","red"
"YWHAH","purple"
"DSTN","brown"
"TAF7","black"
"EIF5B","midnightblue"
"CD99","grey"
"LDHB","purple"
"HNRNPH1","red"
"BLCAP","brown"
"RPLP0","salmon"
"ADD3","red"
"HADH","grey"
"PFKP","grey"
"ANP32A","yellow"
"RAD23A","blue"
"GNAI2","blue"
"DUSP1","brown"
"TGM2","green"
"RAB6A","black"
"RPS18","salmon"
"PLD3","blue"
"PSMF1","blue"
"HNRNPA0","grey"
"GOLGB1","pink"
"MYL9","brown"
"CTTN","grey"
"STOM","black"
"RCN1","red"
"PABPC4","magenta"
"GTF2I","grey"
"CYC1","blue"
"PSMC2","yellow"
"MMP2","brown"
"SF3B1","red"
"SMARCC1","midnightblue"
"SNU13","purple"
"TM9SF2","purple"
"SYNGR2","green"
"PIP4K2B","blue"
"DCTN1","blue"
"BCLAF1","red"
"SON","red"
"PXN","grey"
"KPNA2","yellow"
"ATP6V1B2","purple"
"TUBA1B","yellow"
"RBBP7","yellow"
"SDHA","grey"
"RPS29","salmon"
"DAP","blue"
"ARF4","purple"
"COPB2","black"
"USP9X","red"
"PFKL","blue"
"NBPF12","red"
"NBPF14","grey"
"LGALS1","blue"
"GPX4","blue"
"THBS1","grey"
"CSE1L","yellow"
"TUFM","blue"
"PSMA7","blue"
"POLD2","blue"
"CPE","brown"
"PGD","blue"
"COX8A","blue"
"PGRMC1","black"
"EIF5A","blue"
"ITGB5","brown"
"MGAT1","blue"
"ACLY","yellow"
"SRSF7","red"
"CDH1","grey"
"HNRNPH2","black"
"PJA2","grey"
"COX7C","salmon"
"ECHS1","blue"
"PLP2","blue"
"HLA-DPB1","green"
"SSB","yellow"
"RAB5C","purple"
"GPNMB","magenta"
"EIF2S1","yellow"
"HAX1","blue"
"NFE2L2","black"
"TIMP3","grey"
"MBNL1","black"
"MFN2","tan"
"NMT1","magenta"
"YBX3","brown"
"IGFBP7","grey"
"PUM1","red"
"ARHGDIA","blue"
"BHLHE40","grey"
"NUDC","blue"
"TERF2IP","grey"
"TMX2","purple"
"ARCN1","black"
"UBA2","yellow"
"FBXO7","magenta"
"GNAI3","black"
"CHD4","blue"
"HTRA1","cyan"
"LRPAP1","magenta"
"ITPR3","blue"
"PITPNA","brown"
"IDH1","black"
"SELENOW","blue"
"SLC7A5","magenta"
"AMD1","red"
"PSMD1","purple"
"CREG1","greenyellow"
"CSTB","blue"
"PCNA","yellow"
"RRBP1","blue"
"TNFAIP1","brown"
"HDAC1","blue"
"DDX3X","black"
"LGMN","green"
"PPP1R7","blue"
"PLS3","black"
"ERP29","purple"
"RPL3","salmon"
"CTBP2","magenta"
"SNRNP70","pink"
"RAD23B","black"
"SRRM1","pink"
"NDUFB8","grey"
"ARIH2","red"
"ENO1","blue"
"PSMD13","blue"
"ILK","blue"
"BTG2","greenyellow"
"CAPZA2","black"
"SPCS2","purple"
"DDX1","black"
"ATP1B1","brown"
"RAF1","brown"
"OTUB1","tan"
"SREBF2","blue"
"SLC2A1","brown"
"PKM","blue"
"PSMC4","blue"
"CDIPT","grey"
"BAG6","blue"
"COX7A2L","yellow"
"RPS16","salmon"
"SYPL1","black"
"BGN","cyan"
"TARS1","yellow"
"COPE","blue"
"TXNRD1","purple"
"PSMC3","blue"
"NME2","blue"
"NUDCD3","turquoise"
"RALY","blue"
"AKR1B1","blue"
"SRP9","black"
"PSMA5","purple"
"FDPS","grey"
"RAB5B","tan"
"HNRNPAB","blue"
"DAB2","grey"
"ADRM1","blue"
"OGDH","blue"
"TRAK1","turquoise"
"APEH","blue"
"MKRN1","black"
"SDC1","brown"
"ARHGDIB","green"
"CCN1","greenyellow"
"SEC11A","yellow"
"TOP2A","yellow"
"PPIA","yellow"
"WSB1","pink"
"MOB1A","black"
"PRNP","black"
"ANXA4","grey"
"EIF4A3","purple"
"NDUFA5","black"
"ANP32B","yellow"
"SEPTIN11","black"
"NREP","turquoise"
"SH3BGRL","black"
"ENO2","magenta"
"STK25","blue"
"IFITM2","green"
"PSMA2","black"
"MYL12A","grey"
"SMARCC2","grey"
"ATP5F1B","purple"
"EBNA1BP2","yellow"
"EMP1","grey"
"CCT6A","yellow"
"ETS2","brown"
"RARS1","black"
"STAT6","grey"
"ARHGEF12","turquoise"
"VAMP3","blue"
"GTF3A","midnightblue"
"SCP2","black"
"ENC1","grey"
"SNRPC","blue"
"UBE2D2","black"
"ADIPOR2","magenta"
"GRHPR","salmon"
"GPX3","brown"
"NHERF1","brown"
"FLOT2","blue"
"YME1L1","black"
"BAZ2A","blue"
"SF3A1","purple"
"COPB1","yellow"
"CST3","greenyellow"
"TMEM109","purple"
"IVNS1ABP","yellow"
"OAZ2","blue"
"ANXA7","greenyellow"
"ZFP36L2","brown"
"CUL3","black"
"PLEC","blue"
"PPP2CB","black"
"HNRNPF","purple"
"UBAP2L","magenta"
"TPD52L2","blue"
"CRTAP","magenta"
"CACYBP","yellow"
"NBR1","black"
"DHX15","yellow"
"UCHL1","turquoise"
"PSMD3","blue"
"ITGA5","greenyellow"
"CSNK2B","blue"
"TRAP1","blue"
"IGF2R","blue"
"RBM5","pink"
"SGTA","blue"
"PHGDH","blue"
"TRAM1","yellow"
"PSMB3","blue"
"GRK2","green"
"MGST3","magenta"
"COPS6","magenta"
"RPL36A","salmon"
"PPP1CB","black"
"PLEKHB2","purple"
"LRP10","brown"
"HSD17B4","brown"
"NAP1L4","blue"
"GSS","blue"
"SOX4","magenta"
"BAP1","tan"
"WDR77","blue"
"IFI30","green"
"CUL4A","yellow"
"ALDH2","brown"
"VIM","purple"
"SELENOP","greenyellow"
"CLDN4","brown"
"RPL37A","salmon"
"DPYSL3","brown"
"CAT","brown"
"PTDSS1","blue"
"TTC1","grey"
"EIF4E","black"
"COL6A3","cyan"
"GBF1","turquoise"
"DDX23","blue"
"COX6B1","blue"
"ATP6AP2","black"
"CNN3","purple"
"TIA1","red"
"RHEB","yellow"
"NPEPPS","purple"
"BUB3","yellow"
"RUVBL2","blue"
"MAPKAPK2","blue"
"SCRN1","grey"
"TALDO1","grey"
"JUN","brown"
"NQO1","magenta"
"SHC1","grey"
"GSTO1","magenta"
"SQSTM1","blue"
"VBP1","black"
"JUNB","brown"
"ITGA3","blue"
"MARS1","yellow"
"RRM1","black"
"DKC1","yellow"
"SUPT5H","blue"
"PYGB","blue"
"QSOX1","blue"
"SUPT4H1","purple"
"RCN2","yellow"
"CTSC","green"
"PPIF","purple"
"AHSA1","blue"
"RPL41","salmon"
"PUM2","red"
"PRCP","greenyellow"
"MYH11","brown"
"USP7","grey"
"PPP1R11","blue"
"GRSF1","purple"
"NFKBIA","greenyellow"
"G3BP1","yellow"
"TSN","yellow"
"LAMB1","yellow"
"TGFBI","cyan"
"PFDN1","grey"
"IGFBP4","cyan"
"IDH3B","blue"
"ELF3","turquoise"
"AAMP","blue"
"TOMM70","black"
"SRM","blue"
"NCBP2","yellow"
"CBX1","black"
"SNRPN","green"
"UBE2N","yellow"
"APOD","grey"
"ARF5","blue"
"ATP6V1F","blue"
"RPA1","purple"
"EIF4A1","blue"
"ZFP36","brown"
"PSMA3","black"
"CTNNB1","yellow"
"UBL3","magenta"
"DUSP3","magenta"
"FHL1","brown"
"ZNHIT1","blue"
"SAR1A","black"
"PABPN1","blue"
"TRIP12","black"
"KDM5B","brown"
"ACTG1","grey"
"LAMP1","brown"
"GYG1","purple"
"MCM3","yellow"
"VAMP2","grey"
"RAE1","grey"
"CLIC4","black"
"CLSTN1","tan"
"SORD","brown"
"FSCN1","grey"
"ID2","brown"
"GOLGA4","red"
"UQCRQ","salmon"
"SAMM50","purple"
"DCTD","purple"
"ETF1","black"
"SNW1","red"
"GLB1","purple"
"NME1","yellow"
"PODXL","cyan"
"FAT1","grey"
"TMX4","black"
"SEC23B","black"
"DDX39A","blue"
"SFPQ","red"
"IRAK1","grey"
"TXNL1","yellow"
"SMC1A","yellow"
"ANXA2","brown"
"NISCH","turquoise"
"EIF3H","black"
"ZC3H15","yellow"
"PPP4R1","brown"
"KRT18","turquoise"
"COX7A2","salmon"
"INPPL1","blue"
"OAT","black"
"PHB2","blue"
"IFITM1","green"
"PPP1R12A","red"
"CNN2","brown"
"PWP1","yellow"
"ICMT","blue"
"ALDH9A1","brown"
"AP1G2","brown"
"RUVBL1","blue"
"CALD1","grey"
"GPAA1","blue"
"PRDX3","black"
"MBTPS1","blue"
"NBL1","grey"
"SND1","blue"
"DARS1","yellow"
"INSIG1","brown"
"RRAGA","brown"
"ACP1","black"
"IER3","grey"
"EIF2B1","purple"
"CYB5B","yellow"
"FXR1","midnightblue"
"CPSF1","blue"
"CLPTM1","blue"
"BST2","lightcyan"
"IFNGR2","blue"
"KDM3B","pink"
"GFUS","blue"
"TNC","grey"
"SCARB2","purple"
"JAK1","greenyellow"
"UBE2L6","green"
"KRT19","brown"
"PACSIN2","purple"
"COPS5","yellow"
"CNIH1","yellow"
"HSPG2","brown"
"ITGA6","brown"
"ARL1","black"
"ACSL3","yellow"
"SMC4","yellow"
"RPS17","salmon"
"TIMP1","blue"
"GJA1","brown"
"MARCKS","grey"
"USP14","yellow"
"GYS1","blue"
"AKAP1","grey"
"PSMA1","purple"
"HMCES","grey"
"SRRT","pink"
"DLG5","brown"
"PMPCB","yellow"
"TOX4","grey"
"API5","red"
"TPD52","black"
"SIGMAR1","blue"
"EGR1","turquoise"
"PNP","green"
"SRSF4","blue"
"DNMT1","yellow"
"PSMC6","black"
"CCND3","blue"
"PGRMC2","brown"
"PPP1R10","blue"
"ENTPD6","magenta"
"PSMD7","greenyellow"
"PEX19","purple"
"NIPSNAP1","grey"
"MYBL2","yellow"
"RANBP2","red"
"TUBG1","blue"
"ACIN1","blue"
"SNX1","grey"
"MRPL49","brown"
"EPB41L2","green"
"LAPTM5","green"
"GALNT1","red"
"CDC123","black"
"ELAVL1","yellow"
"BLTP2","blue"
"TPR","midnightblue"
"CLCN3","black"
"MARCHF6","red"
"EIF1B","black"
"SGK1","magenta"
"NDUFS3","blue"
"SRSF1","yellow"
"CD14","green"
"LUM","cyan"
"TWF1","black"
"TP53","tan"
"SAFB","blue"
"ECE1","grey"
"JOSD1","purple"
"COX6C","yellow"
"MCM5","yellow"
"RPA2","purple"
"NDUFS5","salmon"
"TSG101","black"
"TBCD","blue"
"WSB2","purple"
"MTHFD2","yellow"
"PSME2","green"
"DAXX","blue"
"TMEM106C","yellow"
"HEXA","magenta"
"ELAC2","blue"
"CLINT1","red"
"SNRPA","blue"
"SCAMP3","blue"
"AZIN1","yellow"
"ADNP","purple"
"NCAPD2","yellow"
"EFCAB14","brown"
"RNF13","black"
"AIP","blue"
"RELA","blue"
"RNASE1","green"
"ADAR","lightcyan"
"FBLN1","brown"
"DDX42","pink"
"DHRS7","purple"
"DHCR7","brown"
"AEBP1","blue"
"SMG7","grey"
"LBR","red"
"VARS1","blue"
"MYOF","brown"
"OSBP","grey"
"SLC29A1","grey"
"POLR2B","red"
"TBCB","blue"
"PRKAG1","blue"
"ATXN2L","turquoise"
"VPS26A","black"
"ENG","green"
"SH3BP5","greenyellow"
"TOMM7","salmon"
"TBC1D5","grey"
"NIPSNAP2","purple"
"UBE3C","magenta"
"LPCAT1","blue"
"SCARB1","magenta"
"KRT5","brown"
"TIMM17A","yellow"
"RNF14","purple"
"SCCPDH","yellow"
"SMARCD2","brown"
"RTL8C","blue"
"NET1","brown"
"USO1","black"
"HDAC2","yellow"
"PRKAB1","blue"
"SUPT7L","red"
"EPCAM","brown"
"NEDD8","purple"
"HSPB1","tan"
"EFEMP1","brown"
"RYBP","red"
"LIPA","green"
"BNIP3","grey"
"CAPG","blue"
"SH3GL1","tan"
"COL3A1","cyan"
"CDC25B","yellow"
"ATMIN","grey"
"ZFR","yellow"
"SRGN","green"
"PLAT","magenta"
"LRRFIP1","pink"
"FAM32A","grey"
"GDI1","blue"
"NR3C1","black"
"TBL1X","brown"
"TOMM34","blue"
"UBXN1","brown"
"ABCE1","black"
"MPZL1","pink"
"PON2","yellow"
"PPP2R5C","black"
"ARIH1","blue"
"B4GALT1","greenyellow"
"CEACAM5","turquoise"
"CYB5R3","grey"
"DCAF11","turquoise"
"IL13RA1","greenyellow"
"FAM3C","black"
"RRM2","yellow"
"B2M","green"
"IMPDH2","grey"
"DCN","brown"
"ARAF","blue"
"PSRC1","yellow"
"CKS1B","yellow"
"UBE2A","yellow"
"AKR1A1","green"
"UQCRC1","blue"
"CTDSPL","brown"
"DVL3","blue"
"RPS4Y1","grey"
"FARP1","magenta"
"GSPT1","yellow"
"COASY","blue"
"SEC63","red"
"SLC25A36","red"
"SLC20A1","yellow"
"DNAJC25-GNG10","red"
"NSA2","salmon"
"PRDX4","purple"
"AFF1","brown"
"CD55","grey"
"PKP4","brown"
"MCM6","yellow"
"ETFA","yellow"
"LRRC41","blue"
"CHMP1A","tan"
"WDR82","grey"
"EIF4G3","midnightblue"
"DNPEP","blue"
"CDK2AP1","magenta"
"PLK2","grey"
"CPD","black"
"HEXB","black"
"FURIN","grey"
"CCT2","yellow"
"GNL2","midnightblue"
"CAPZB","blue"
"ALCAM","grey"
"CIB1","blue"
"ARPC1B","magenta"
"CCNC","red"
"GNPAT","red"
"PPP1R12B","turquoise"
"MYCBP2","brown"
"RNF41","blue"
"ACSL1","brown"
"SETX","green"
"NDUFS2","blue"
"RBM6","pink"
"PGM1","purple"
"NASP","red"
"ATP6V1A","black"
"CCZ1","black"
"CLIP1","brown"
"MYO10","magenta"
"DELE1","turquoise"
"PPP5C","blue"
"RSU1","brown"
"PAPPA","turquoise"
"EGFR","brown"
"WASHC5","yellow"
"MED13","red"
"CREBL2","black"
"KIF5B","yellow"
"HNRNPDL","red"
"MORF4L2","yellow"
"EXT1","brown"
"SPEN","pink"
"ST6GAL1","green"
"DYNLT1","green"
"NDUFA6","yellow"
"ACAA2","brown"
"SDHC","purple"
"ST14","brown"
"PTPN12","black"
"NID1","cyan"
"TWF2","green"
"ZNF410","red"
"TJP1","brown"
"EXT2","purple"
"PPP1R15A","blue"
"METAP2","black"
"MEST","grey"
"EPHX1","blue"
"LTF","brown"
"LANCL1","black"
"EIF1","purple"
"ALDOC","brown"
"EFNA1","brown"
"GET3","blue"
"ACAA1","brown"
"SDHD","black"
"TMEM184B","magenta"
"RPL38","salmon"
"BCKDK","blue"
"WIPI2","blue"
"MAN2A2","magenta"
"RB1CC1","yellow"
"SFRP1","brown"
"UBE4A","red"
"MYO18A","brown"
"KDM5A","red"
"FIBP","blue"
"HARS1","tan"
"SMS","yellow"
"ARHGAP35","tan"
"CBX6","blue"
"ZMYM4","red"
"RAI14","yellow"
"ALDH3A2","brown"
"KPNA1","grey"
"CTR9","black"
"SEL1L","black"
"PPFIA1","yellow"
"LDLR","grey"
"IDH3A","yellow"
"SDC4","brown"
"HNRNPL","grey"
"OPTN","greenyellow"
"PLTP","blue"
"BIRC2","red"
"NDUFAB1","purple"
"COPS3","purple"
"IER2","grey"
"SEC14L1","green"
"TJP2","brown"
"MX1","lightcyan"
"CTSL","yellow"
"SLC39A6","yellow"
"UQCR11","salmon"
"ARL2BP","purple"
"PAF1","tan"
"BIRC5","yellow"
"TSPO","tan"
"NUP153","yellow"
"PRMT2","magenta"
"DGCR2","brown"
"RALB","black"
"BRD4","blue"
"SPG7","pink"
"IGBP1","salmon"
"GOLGA3","brown"
"MCM2","yellow"
"PEPD","grey"
"ARFIP2","blue"
"COX7B","red"
"SLC4A2","blue"
"VWF","cyan"
"SNX2","black"
"NOC2L","blue"
"DPF2","blue"
"ARHGAP1","brown"
"CPNE3","red"
"AP2S1","blue"
"CHMP2A","blue"
"PLIN3","tan"
"ABL1","blue"
"TRAK2","magenta"
"PRP4K","red"
"AREL1","magenta"
"RIOK3","pink"
"WWTR1","red"
"ACTR1B","tan"
"ZMYND11","red"
"AIMP2","purple"
"AKR7A2","purple"
"CLK3","blue"
"COPS8","purple"
"ADSL","yellow"
"LY6E","purple"
"IFRD1","yellow"
"PYCR1","turquoise"
"NEDD9","magenta"
"UBAC1","brown"
"USF2","blue"
"NUP62","blue"
"TUBB3","blue"
"NUP214","grey"
"CELF2","magenta"
"FARSA","blue"
"CREBBP","pink"
"PKN1","blue"
"CNOT8","black"
"PPP1R2","black"
"MMS19","blue"
"TAF9","yellow"
"AASDHPPT","yellow"
"VEZF1","yellow"
"PCM1","red"
"CHPF","turquoise"
"ERCC3","yellow"
"PRKCZ","brown"
"BLMH","brown"
"MVP","blue"
"SUSD6","greenyellow"
"KAT2A","pink"
"KIF22","blue"
"NUP133","red"
"PLOD3","blue"
"PPP2R5A","grey"
"NUP93","magenta"
"PTBP1","blue"
"CSTF1","purple"
"GAS7","grey"
"LIMK2","brown"
"TMED5","black"
"DKK3","brown"
"MTMR3","turquoise"
"SRPK1","red"
"BLVRB","brown"
"LAMA4","turquoise"
"AMFR","grey"
"VASP","blue"
"ARL4C","green"
"LSM3","yellow"
"GSK3A","turquoise"
"ARFGAP3","yellow"
"PES1","blue"
"CUL4B","black"
"NFYC","blue"
"GATD3","tan"
"FADS2","brown"
"SLC6A8","blue"
"KHDC4","red"
"EP300","grey"
"DES","brown"
"STT3A","blue"
"CRK","blue"
"BRD8","pink"
"NPTN","red"
"CHERP","yellow"
"EIF3M","black"
"UQCRH","salmon"
"SLC16A1","yellow"
"NNMT","greenyellow"
"PARP4","yellow"
"PLK1","yellow"
"TRIB1","magenta"
"TSPAN7","greenyellow"
"PSMB4","magenta"
"LSS","brown"
"CDK4","blue"
"MTA1","blue"
"E2F4","turquoise"
"DCAF8","grey"
"PRPF3","red"
"RAB13","grey"
"DNM2","blue"
"SIPA1L1","green"
"CD2BP2","blue"
"N4BP2L2","red"
"STXBP1","magenta"
"VPS72","blue"
"DDAH2","brown"
"CYB5R1","brown"
"TOMM40","blue"
"BMI1","red"
"TDP2","black"
"LAMC2","brown"
"NAE1","yellow"
"GBP1","green"
"FBXO28","red"
"PDGFRB","cyan"
"ACTG2","brown"
"G6PD","blue"
"SEM1","yellow"
"SPTLC1","black"
"ATP5MJ","yellow"
"GAK","grey"
"HSD17B10","blue"
"SERPINF1","brown"
"CDKN1A","tan"
"TACSTD2","brown"
"MTOR","grey"
"TACC2","brown"
"PDAP1","blue"
"MGP","greenyellow"
"LYPLA2","blue"
"STAG1","red"
"CTSH","grey"
"RER1","blue"
"NDUFA1","salmon"
"LAMTOR5","purple"
"RSRC2","red"
"SMARCA5","black"
"FNDC3A","midnightblue"
"FEZ2","red"
"POLR2G","grey"
"TAP1","green"
"SREBF1","grey"
"MTHFD1","yellow"
"COL1A1","cyan"
"PPP2R2A","purple"
"CYP51A1","yellow"
"BCR","brown"
"UBE4B","brown"
"SENP6","red"
"GTF3C1","blue"
"GGPS1","yellow"
"ACBD3","yellow"
"ATP5PF","purple"
"EHMT2","blue"
"PKD1","pink"
"CSK","blue"
"UNG","grey"
"BCKDHA","brown"
"CSNK1E","blue"
"UBE2B","red"
"PAM","brown"
"PMF1","blue"
"TK1","yellow"
"SYMPK","blue"
"NR4A1","grey"
"TRIM2","magenta"
"COX5B","blue"
"HSF1","blue"
"FABP5","brown"
"UBE2K","black"
"TOR1A","blue"
"MATN2","brown"
"ITGAV","black"
"PSMD12","yellow"
"GTF2F1","blue"
"CFB","green"
"SNX19","grey"
"MAML1","grey"
"SEC24C","blue"
"RAP1A","black"
"SPOCK1","grey"
"MXI1","magenta"
"UNC119B","grey"
"ACADS","turquoise"
"CUX1","blue"
"TRAM2","blue"
"CBFB","yellow"
"TCEAL4","black"
"RAB3GAP2","yellow"
"SEC24D","red"
"SERPINA3","grey"
"LEPROT","black"
"NKTR","pink"
"ADAM9","black"
"GNPDA1","magenta"
"KDM5C","grey"
"TCOF1","blue"
"MARF1","blue"
"BAG1","brown"
"RGS2","red"
"HTT","turquoise"
"BASP1","greenyellow"
"PISD","grey"
"KLF10","brown"
"ABCF3","blue"
"NSF","black"
"TCERG1","red"
"NUTF2","blue"
"AP3S2","turquoise"
"SRF","grey"
"CARS1","grey"
"COL1A2","cyan"
"TIAL1","red"
"PRPF31","blue"
"IGF2","brown"
"IFI27","green"
"USP1","black"
"ERCC5","pink"
"HSPBP1","tan"
"DNAJC7","blue"
"KEAP1","tan"
"YIF1A","blue"
"KDSR","brown"
"DHX9","yellow"
"IGSF3","magenta"
"ACSL4","black"
"KAT6A","pink"
"MAP2K2","blue"
"PPP3CA","brown"
"RXRA","brown"
"MPC2","black"
"DBI","grey"
"PLSCR1","lightcyan"
"MYC","purple"
"PPP3CB","red"
"SLC35B1","blue"
"CYP1B1","green"
"IDS","grey"
"DENND2B","blue"
"ERLIN1","black"
"AP3S1","red"
"NOTCH2","brown"
"DECR1","grey"
"ZER1","brown"
"CTSK","greenyellow"
"GTF2H1","red"
"ERBB3","magenta"
"HDAC5","tan"
"PRSS23","greenyellow"
"LPIN2","green"
"EIF2B2","yellow"
"DDX46","black"
"MBD3","blue"
"PFKFB3","turquoise"
"PCOLCE","cyan"
"TENT4A","turquoise"
"COPS2","yellow"
"CTNNAL1","black"
"CPSF6","black"
"IDH3G","blue"
"MPI","blue"
"HCFC1","blue"
"TMEM147","magenta"
"TUBGCP2","blue"
"TRIB2","magenta"
"DEDD","turquoise"
"DHRS3","brown"
"RANBP1","yellow"
"MBD2","greenyellow"
"AFG3L2","grey"
"H2AZ2","black"
"FXYD3","brown"
"ELP1","black"
"ATG9A","blue"
"CSH1","turquoise"
"PPIE","blue"
"TBCC","purple"
"EDC4","blue"
"SLC2A3","grey"
"DNAJB2","tan"
"MAPRE2","grey"
"ACADM","black"
"PCLAF","yellow"
"TRIM29","brown"
"SNRPB2","yellow"
"ITPRID2","black"
"SNAP25","turquoise"
"TNFAIP2","green"
"ATG5","black"
"PPP2R5D","turquoise"
"DLG1","red"
"CRMP1","turquoise"
"BCL7B","magenta"
"MLXIP","turquoise"
"MLH1","grey"
"CTCF","grey"
"PITPNB","yellow"
"SPOCK2","green"
"PRSS8","brown"
"SMAD4","black"
"GALE","magenta"
"PRPSAP1","grey"
"MAPK14","purple"
"IRF1","green"
"DHFR","yellow"
"FADD","purple"
"CHMP2B","black"
"HMGCR","brown"
"AIMP1","black"
"GMFB","black"
"PRKCD","blue"
"VAMP8","greenyellow"
"ARHGEF7","turquoise"
"VAPB","magenta"
"CRIM1","brown"
"SYF2","red"
"GSTM3","grey"
"MYLK","brown"
"MCRS1","blue"
"HSPA13","yellow"
"CHTOP","grey"
"TNKS","blue"
"ERG28","blue"
"ARL2","blue"
"SVIL","brown"
"SNRPD3","yellow"
"MARK3","red"
"DLGAP4","tan"
"CSNK1G2","blue"
"CRABP2","brown"
"DDX19B","blue"
"DDX19A","blue"
"HMGN4","black"
"FOXM1","yellow"
"HSPA1B","grey"
"RANBP9","black"
"NFX1","pink"
"POLR2L","blue"
"AK1","blue"
"TYMS","yellow"
"PDK2","tan"
"SSBP1","purple"
"BLOC1S1","grey"
"GDE1","purple"
"LEPROTL1","yellow"
"ENSA","brown"
"IRF6","brown"
"S100A13","magenta"
"NRIP1","red"
"HTATSF1","black"
"ADAM10","yellow"
"GUSB","grey"
"TLK1","red"
"NDST1","tan"
"EPS8","black"
"MED14","red"
"CTPS1","yellow"
"SLC30A9","black"
"GNAQ","yellow"
"MECP2","magenta"
"PLOD2","black"
"IRF3","blue"
"ATXN2","grey"
"EAPP","greenyellow"
"CABIN1","blue"
"LYN","green"
"SERPINE1","blue"
"APPBP2","red"
"DPH1","grey"
"TOPBP1","yellow"
"POLR2K","yellow"
"RNF103","brown"
"ICAM1","green"
"RANBP3","blue"
"ARL3","grey"
"TRRAP","magenta"
"TNFAIP3","green"
"MEN1","blue"
"CSDE1","red"
"NRAS","yellow"
"RPS19","blue"
"TMEM94","turquoise"
"LPGAT1","yellow"
"APBB1","turquoise"
"MARCHF7","red"
"MANF","grey"
"SERTAD2","black"
"PEX11B","purple"
"PSMB10","green"
"ITPR2","grey"
"WIPF1","green"
"ACTL6A","yellow"
"SLC39A7","blue"
"EFNB2","brown"
"MAP2K1","black"
"PDXK","blue"
"ATF3","turquoise"
"DPM1","black"
"LMO7","grey"
"SDHB","purple"
"FASTK","blue"
"RASA1","red"
"GTF2A2","purple"
"NPC1","magenta"
"GTF2E2","black"
"USP4","grey"
"RNMT","red"
"AXL","green"
"TNFSF10","greenyellow"
"RBM15B","blue"
"SNRPD1","yellow"
"UBTF","blue"
"STK17A","grey"
"OXSR1","black"
"NUDT21","purple"
"TMEM63A","turquoise"
"BMP1","blue"
"TRIM26","grey"
"DUSP11","black"
"TOB1","brown"
"CCNB2","yellow"
"UMPS","black"
"H2BC21","grey"
"FMOD","brown"
"BET1","yellow"
"EFNB1","brown"
"CKMT1B","brown"
"PRORP","grey"
"CAD","blue"
"PTPN1","blue"
"CDC16","magenta"
"IGFBP2","blue"
"TES","greenyellow"
"GFPT1","black"
"FOXO1","greenyellow"
"POLR2A","brown"
"LIG1","blue"
"IFNGR1","green"
"LTBP1","brown"
"PDCD4","brown"
"PKIG","grey"
"P4HA2","grey"
"TRIP10","grey"
"EBP","grey"
"LSM4","blue"
"PHKB","pink"
"ACY1","blue"
"PRKACB","red"
"PIK3R3","grey"
"SLC20A2","grey"
"USP8","midnightblue"
"ITM2A","greenyellow"
"GBP2","green"
"GET1","purple"
"TFIP11","grey"
"SLC7A8","magenta"
"PSMD6","purple"
"R3HDM1","red"
"GPC1","brown"
"NELFB","tan"
"RFXANK","blue"
"PALM2AKAP2","grey"
"SYNE2","tan"
"ROCK2","pink"
"CASP3","black"
"STIM1","brown"
"FBN1","cyan"
"ACP2","green"
"FOSB","turquoise"
"CCNG2","black"
"PIEZO1","blue"
"HMGCL","grey"
"SFSWAP","turquoise"
"DNTTIP2","red"
"SHOC2","red"
"ZMYM2","red"
"UBE2S","blue"
"OXCT1","black"
"INPP5K","blue"
"NNT","purple"
"NDUFA7","blue"
"STK39","red"
"MAPKAPK3","brown"
"PLCG1","blue"
"CLDN7","brown"
"PPP6R2","turquoise"
"LPCAT3","grey"
"INPP1","grey"
"TRIOBP","blue"
"SYNPO","brown"
"SACM1L","red"
"SEC24B","black"
"CLPP","blue"
"SLC1A3","green"
"PRKACA","grey"
"DHPS","blue"
"ITGB2","green"
"ABCC1","grey"
"DBN1","blue"
"TOM1","tan"
"WBP1L","brown"
"INTS3","red"
"DRG1","yellow"
"STAMBP","black"
"GAA","blue"
"TARBP1","pink"
"HEXIM1","grey"
"SS18","purple"
"ELOA","grey"
"AHR","black"
"LPP","brown"
"ELOC","purple"
"SLC25A4","magenta"
"SPINT1","brown"
"VAMP7","black"
"SLC37A4","blue"
"GPX2","brown"
"GCC2","black"
"SERPINA1","green"
"AGT","turquoise"
"TXNL4A","blue"
"TRAFD1","green"
"FUCA1","green"
"NDUFB7","blue"
"TAF15","grey"
"OGFR","turquoise"
"DNAJB9","black"
"RALBP1","brown"
"PIGC","grey"
"PCK2","greenyellow"
"GRK6","green"
"ABCD3","red"
"AAGAB","purple"
"RYK","red"
"HPRT1","yellow"
"SLC16A3","grey"
"CNPY2","magenta"
"U2AF1","blue"
"CXCL8","grey"
"DENND4B","red"
"PER1","turquoise"
"FAH","magenta"
"SP100","lightcyan"
"DNAJB12","blue"
"POP4","purple"
"OAS1","lightcyan"
"CDC20","yellow"
"TRAF4","blue"
"ATP6V1C1","purple"
"PBX2","grey"
"CD93","cyan"
"CYTH1","green"
"NOL7","purple"
"PPP2R1B","turquoise"
"DDIT4","blue"
"ANPEP","brown"
"MAP7","brown"
"NIT1","grey"
"CDC23","black"
"UNC13B","turquoise"
"EPHB4","brown"
"SIRPA","magenta"
"SDC3","magenta"
"SRSF3","yellow"
"E2F1","yellow"
"NUP88","black"
"CTSS","green"
"LSM5","yellow"
"NBN","midnightblue"
"WFS1","grey"
"EPM2AIP1","red"
"ADGRE5","green"
"MSH6","yellow"
"ADM","grey"
"ARHGEF11","magenta"
"FAM20B","yellow"
"S100A8","brown"
"MOB4","black"
"ANK2","grey"
"GCLC","grey"
"PLAGL2","turquoise"
"NBAS","blue"
"PIN1","blue"
"PHF1","turquoise"
"DDT","purple"
"SUCLA2","black"
"BIN1","green"
"YES1","red"
"HK2","grey"
"SOX9","brown"
"RRP7A","grey"
"ZMPSTE24","yellow"
"WNK1","grey"
"NDUFV2","blue"
"ETFB","grey"
"NAGA","grey"
"FPGS","blue"
"BTBD3","yellow"
"GYPC","magenta"
"IL1R1","brown"
"FHL2","grey"
"CRYZ","black"
"STK38","greenyellow"
"ADAM12","turquoise"
"C1QB","green"
"UBE2C","yellow"
"ARFGEF1","grey"
"HCLS1","green"
"PTPN9","magenta"
"MMUT","red"
"ATP5MF","magenta"
"KIF13B","brown"
"RFX5","grey"
"CAPN6","turquoise"
"GSTA4","brown"
"DYRK2","green"
"FAM13A","pink"
"MPP1","green"
"RHOBTB3","magenta"
"CREBZF","pink"
"SIAH1","red"
"ACOT2","grey"
"HLTF","yellow"
"BAG5","grey"
"ARNT2","magenta"
"TRAF3IP2","tan"
"RGS1","green"
"PYGL","grey"
"STARD3","blue"
"C7","green"
"HACL2","blue"
"POLD4","green"
"LOXL2","cyan"
"STMN2","brown"
"AMOTL2","brown"
"MEF2D","blue"
"LTBR","blue"
"INPP5A","brown"
"LYPLA1","black"
"TXNDC9","black"
"BCAM","brown"
"STAT5A","grey"
"IMPA1","yellow"
"RPL23A","salmon"
"ECD","grey"
"SGSM3","grey"
"SSX2IP","yellow"
"RABGAP1L","pink"
"SLPI","brown"
"RNASEH2A","yellow"
"NOP16","blue"
"C5orf15","black"
"NAA10","blue"
"ZBTB5","turquoise"
"MVD","grey"
"CYBA","blue"
"PTPRN2","green"
"UROS","blue"
"FH","magenta"
"RPL27A","salmon"
"PIAS3","turquoise"
"MTSS1","turquoise"
"PTPRK","brown"
"NDUFS1","yellow"
"HMBS","blue"
"ZBED1","tan"
"CHSY1","yellow"
"NINJ1","blue"
"TIMELESS","yellow"
"STK10","blue"
"SKIC3","red"
"TP53BP1","turquoise"
"BAHD1","turquoise"
"C2","green"
"BCAS2","black"
"TCTA","turquoise"
"ARHGEF1","green"
"PRDM2","turquoise"
"PAPSS2","grey"
"MDC1","yellow"
"PPM1F","turquoise"
"FOXK2","blue"
"CAV1","grey"
"CHST15","green"
"PDHX","red"
"KLHL21","grey"
"SV2A","yellow"
"SEMA3B","blue"
"MYO1E","blue"
"COG2","yellow"
"ANXA8L1","brown"
"SMAD2","yellow"
"CUL2","red"
"BAZ2B","red"
"CTNNBIP1","brown"
"BMS1","salmon"
"THBS2","cyan"
"TGFB1","green"
"KIF2A","yellow"
"FBLN5","brown"
"HTRA2","grey"
"SDF2","purple"
"FUBP1","red"
"TIMM44","blue"
"MAD2L1BP","magenta"
"MTIF2","yellow"
"RAPGEF2","red"
"CDYL","purple"
"MGAT2","black"
"PRPF19","blue"
"CSF1R","green"
"DNM1L","purple"
"VPS41","yellow"
"RPS2","blue"
"GPRC5A","grey"
"UBE2M","blue"
"PTK2B","green"
"NELFA","blue"
"EEF1D","salmon"
"ZNRD2","blue"
"FECH","black"
"PAN2","pink"
"PCSK7","tan"
"CCDC86","blue"
"TP53BP2","yellow"
"TRAPPC12","brown"
"SLC11A2","magenta"
"IMPA2","brown"
"SPTLC2","grey"
"KIF5C","grey"
"PDGFRA","cyan"
"RB1","yellow"
"SEC61B","black"
"PICALM","black"
"TBP","turquoise"
"RABAC1","blue"
"WTAP","green"
"HAT1","black"
"DAPK1","grey"
"BCL6","brown"
"AP3B1","blue"
"KIAA0040","green"
"SPAG5","yellow"
"GABBR1","pink"
"TRIM14","lightcyan"
"NECTIN2","brown"
"RABEPK","grey"
"MAP1A","turquoise"
"MRPL40","grey"
"IFIT1","lightcyan"
"PAK4","blue"
"SETDB1","grey"
"AKAP11","red"
"GLS","red"
"RNF8","yellow"
"KATNB1","tan"
"SLC33A1","black"
"CFDP1","red"
"TIMP2","magenta"
"ATF6B","turquoise"
"RGP1","brown"
"RRP8","grey"
"FXR2","blue"
"VPS35L","magenta"
"ARFRP1","blue"
"RHOG","green"
"TFAM","yellow"
"GATM","brown"
"GALT","brown"
"ALDH1A3","grey"
"SRPK2","yellow"
"SMARCD1","blue"
"FBN2","turquoise"
"RASSF2","green"
"S100A4","greenyellow"
"DOCK1","grey"
"B4GAT1","magenta"
"NDUFS8","blue"
"ABCB6","blue"
"NUP98","grey"
"ABCC4","grey"
"CZIB","grey"
"CDK9","blue"
"MTRR","yellow"
"PMM2","blue"
"KRR1","yellow"
"KDM4A","turquoise"
"FAM53B","tan"
"MTFR1","yellow"
"RFC5","yellow"
"MTMR2","yellow"
"CDK1","yellow"
"MYO6","brown"
"ST3GAL5","magenta"
"MAPK9","purple"
"APRT","blue"
"TLE1","grey"
"RABEP1","yellow"
"RFK","black"
"TSPAN31","grey"
"PAFAH1B3","blue"
"CLK2","blue"
"DVL1","grey"
"ATXN1","greenyellow"
"IL4R","greenyellow"
"UPP1","magenta"
"THOP1","blue"
"LGALS9","green"
"NOTCH3","brown"
"CNOT3","blue"
"FCGBP","brown"
"UVRAG","green"
"PDLIM5","brown"
"PEX5","grey"
"BRD3OS","blue"
"NPRL2","grey"
"ZNF24","midnightblue"
"EZH1","pink"
"SCAF8","red"
"CDK2AP2","blue"
"PPIP5K2","red"
"TLN1","blue"
"FBXO11","red"
"CDH3","blue"
"CSTPP1","brown"
"DRAP1","blue"
"HDDC2","yellow"
"DCTN6","black"
"FAM50A","blue"
"ARHGEF9","grey"
"MAP2K4","red"
"DRG2","blue"
"NSMAF","red"
"DTYMK","yellow"
"UNC119","blue"
"TUSC2","blue"
"F8A1","blue"
"IRF2","green"
"LMNB1","yellow"
"DFFA","grey"
"PHF21A","pink"
"EDEM1","green"
"SAFB2","pink"
"GBE1","yellow"
"HS2ST1","yellow"
"RNF44","green"
"LAD1","brown"
"GARRE1","pink"
"NPRL3","turquoise"
"HLA-DQA1","green"
"CNOT4","magenta"
"VPS11","turquoise"
"LMAN1","black"
"ATP1A2","turquoise"
"JARID2","magenta"
"AP1S2","magenta"
"DMTF1","red"
"DCK","black"
"DYNLT3","grey"
"BAMBI","magenta"
"F13A1","brown"
"SLC35A1","red"
"GNL1","turquoise"
"HPS1","magenta"
"STXBP3","red"
"ARF6","grey"
"TGIF1","magenta"
"GTPBP6","grey"
"NCK2","magenta"
"SNRPE","yellow"
"PSD4","green"
"ZNF148","grey"
"SH2B3","black"
"ADNP2","red"
"CAV2","grey"
"COL5A1","cyan"
"IDE","brown"
"PTPRM","magenta"
"STX5","brown"
"INPP5D","green"
"KIFAP3","purple"
"DHX8","blue"
"PHYH","turquoise"
"ITGB1BP1","magenta"
"PPP2R5E","yellow"
"SLC25A12","turquoise"
"CEBPZ","yellow"
"TIMM17B","blue"
"UGDH","black"
"RBBP8","yellow"
"MTF2","red"
"ETV5","magenta"
"AP1G1","grey"
"ORC4","red"
"MBD1","grey"
"PSD3","brown"
"CAPN7","purple"
"EZH2","yellow"
"MYCBP","grey"
"MAD2L1","yellow"
"ATG13","turquoise"
"MMP15","grey"
"POLG","blue"
"DUSP14","brown"
"CRELD1","blue"
"PDLIM7","blue"
"NDUFB3","yellow"
"SOCS2","red"
"TPP2","midnightblue"
"CDC40","green"
"PCF11","red"
"RPS6KA1","green"
"SRSF5","pink"
"APOE","blue"
"GOLGA1","turquoise"
"DGKA","brown"
"TBC1D4","red"
"ARRB2","green"
"KIF3C","magenta"
"FKBP2","blue"
"CTBP1","blue"
"HES1","brown"
"PSMA4","midnightblue"
"GALNT3","red"
"PSG3","turquoise"
"TF","turquoise"
"PRPS2","black"
"KCNAB2","magenta"
"RNF6","yellow"
"ARMCX2","grey"
"PSMG1","purple"
"MFAP1","black"
"PPL","brown"
"SATB1","greenyellow"
"DDB2","brown"
"AP3M2","magenta"
"LMNA","blue"
"LZTR1","turquoise"
"NELL2","brown"
"MMD","red"
"PDCD6","grey"
"CD53","green"
"MFAP2","grey"
"CCNA2","yellow"
"KMT2B","blue"
"FAM8A1","grey"
"TP53I11","brown"
"POLD1","blue"
"RBP1","brown"
"IGFBP5","brown"
"ASF1A","black"
"SUCO","red"
"HEBP2","brown"
"ARHGAP32","brown"
"TMPO","yellow"
"MTHFS","yellow"
"MME","black"
"RPP30","turquoise"
"TMEM11","brown"
"STC2","turquoise"
"CDH2","grey"
"EML3","tan"
"MTA2","grey"
"CTDSP2","brown"
"OCRL","grey"
"PSMD5","grey"
"TERF1","midnightblue"
"CBY1","grey"
"LDB1","tan"
"B3GAT3","blue"
"SCNN1A","brown"
"ATOX1","blue"
"SAT1","green"
"PRAF2","blue"
"STX7","magenta"
"SPR","blue"
"VPS16","blue"
"PSEN1","purple"
"CHD2","turquoise"
"EIF3B","blue"
"EPN2","brown"
"MRPL19","black"
"MPV17","blue"
"PMM1","grey"
"CDK10","pink"
"PLEK","green"
"SLCO2B1","green"
"IQGAP2","green"
"CYP19A1","turquoise"
"TPBG","brown"
"COL15A1","cyan"
"NDUFC1","grey"
"OTUD4","red"
"SLF2","red"
"SEC61G","purple"
"RTN1","greenyellow"
"ARMC8","red"
"ADGRL1","brown"
"SIVA1","blue"
"ELF4","greenyellow"
"CEP57","yellow"
"LRRC14","grey"
"MED1","blue"
"RCAN2","brown"
"EPHA2","brown"
"GCDH","blue"
"CPQ","blue"
"BPGM","yellow"
"PEX14","tan"
"ABCA1","green"
"MED12","grey"
"CD68","green"
"TNFRSF1B","green"
"SORL1","green"
"MET","magenta"
"TRAPPC3","blue"
"SPG11","red"
"MAP3K3","blue"
"PMVK","tan"
"SNTA1","turquoise"
"MTX2","yellow"
"LYST","magenta"
"UPF2","red"
"ZNF318","yellow"
"CCS","grey"
"LSP1","greenyellow"
"MPST","tan"
"APC","red"
"SEMA4D","green"
"PPP6C","grey"
"STX4","tan"
"CUL5","red"
"LSM1","yellow"
"S100A9","brown"
"CIAO1","yellow"
"PRPSAP2","red"
"CAMLG","red"
"GFAP","turquoise"
"KLF9","grey"
"STAM","black"
"ALG8","magenta"
"IPO13","magenta"
"CD4","green"
"LPL","turquoise"
"ENTREP3","magenta"
"COX11","yellow"
"MAP4K5","red"
"PTTG1","yellow"
"PTPN18","green"
"ZHX2","green"
"PCBD1","blue"
"CUL7","blue"
"AOC1","brown"
"GGH","yellow"
"FCGR2A","green"
"FEZ1","turquoise"
"AFAP1","grey"
"FANCG","turquoise"
"MNAT1","black"
"AGL","red"
"TRIM38","green"
"OFD1","pink"
"LOXL1","tan"
"ADIRF","brown"
"TAF6","blue"
"RABGGTA","tan"
"NFIL3","grey"
"CSNK2A2","brown"
"BCAT2","tan"
"GTF2H4","blue"
"SLC7A6","turquoise"
"RAB4A","black"
"UNC50","black"
"EMC2","yellow"
"ZNF185","brown"
"ARL4D","brown"
"TFDP2","grey"
"DYNC1LI2","blue"
"CSF3R","green"
"FSTL3","blue"
"CD2AP","black"
"RTCA","yellow"
"IFIT5","lightcyan"
"WBP4","grey"
"FAM193A","red"
"ZBTB17","turquoise"
"ZEB2","red"
"ZNF516","red"
"SRP54","black"
"NDUFS6","grey"
"INPP5F","yellow"
"ALDH5A1","pink"
"TERF2","grey"
"BYSL","blue"
"NDUFB6","purple"
"UTP14C","red"
"SULT1A1","pink"
"POLB","yellow"
"ELK1","blue"
"FAIM2","turquoise"
"FCHSD2","green"
"NDUFB5","black"
"PNO1","grey"
"PLXNA3","turquoise"
"AKAP17A","pink"
"SKP2","red"
"IGF1R","grey"
"COG5","yellow"
"GPRC5B","magenta"
"CPT1A","greenyellow"
"VPS26C","purple"
"MID1","grey"
"FGFR2","brown"
"MBNL2","red"
"COBLL1","turquoise"
"ERF","blue"
"MON1B","blue"
"CD163","green"
"FDX1","black"
"TATDN2","grey"
"PLA2G2A","turquoise"
"PROCR","greenyellow"
"ZFYVE16","yellow"
"MAP3K11","blue"
"COIL","yellow"
"XRCC1","blue"
"FIG4","grey"
"CTSF","tan"
"SLC25A20","brown"
"TRIM13","salmon"
"PCNT","turquoise"
"TMOD1","grey"
"COX5A","magenta"
"POLR2D","grey"
"HMOX1","green"
"CXCL12","greenyellow"
"TBCA","yellow"
"MAN2C1","blue"
"DGAT1","blue"
"TTLL3","pink"
"TPMT","grey"
"TG","turquoise"
"HELZ","red"
"NUCB2","black"
"GNS","grey"
"TARBP2","blue"
"FAN1","pink"
"TMED1","blue"
"PRKAR2B","greenyellow"
"IVD","grey"
"VEGFB","blue"
"BCL2","grey"
"MPG","blue"
"CX3CL1","brown"
"PKD2","red"
"FMR1","red"
"TUBGCP3","red"
"PI3","brown"
"E2F3","yellow"
"DHX16","blue"
"GSDME","magenta"
"FRZB","brown"
"DIO2","brown"
"TRMT1","blue"
"TTLL4","turquoise"
"RREB1","turquoise"
"FZD7","grey"
"ZNF263","grey"
"PDE4B","grey"
"PHKG2","grey"
"ITPR1","green"
"HIBCH","red"
"PUM3","red"
"LLGL2","brown"
"TBCE","yellow"
"DPP4","brown"
"PNPLA6","blue"
"ERCC1","blue"
"UTP18","yellow"
"ALDH4A1","blue"
"ITPKB","magenta"
"RUFY3","pink"
"GADD45A","grey"
"LAMA3","brown"
"SKIC2","blue"
"BAK1","blue"
"EMP3","blue"
"ZKSCAN5","magenta"
"TRIP4","grey"
"DEXI","blue"
"FOXJ2","brown"
"PPFIBP1","grey"
"PPRC1","blue"
"C5orf22","purple"
"ZNF217","red"
"MPHOSPH6","grey"
"ADCY7","greenyellow"
"TDG","red"
"HMGB3","yellow"
"HCCS","purple"
"AQP3","brown"
"RBMS1","black"
"RARA","blue"
"JUND","brown"
"TCF4","brown"
"BRF1","turquoise"
"BUB1B","yellow"
"ARHGEF17","blue"
"CEACAM6","brown"
"CTSO","green"
"ST3GAL4","magenta"
"SLA","green"
"DYNC2LI1","red"
"DLGAP5","yellow"
"GCA","green"
"LMOD1","turquoise"
"STS","turquoise"
"BLVRA","grey"
"MTR","yellow"
"SLC25A13","yellow"
"GPKOW","grey"
"RPS6KB2","brown"
"MANBA","green"
"MPZL2","brown"
"MRPL33","black"
"POLRMT","blue"
"DDX28","grey"
"TPD52L1","brown"
"SSBP2","brown"
"SEMA3C","grey"
"RIDA","yellow"
"DMXL1","red"
"PCGF2","blue"
"CDC42BPA","midnightblue"
"BCL7A","turquoise"
"VSNL1","brown"
"CD302","greenyellow"
"MRPS14","purple"
"NSUN5","magenta"
"PCYOX1","blue"
"LUC7L3","red"
"FANCA","yellow"
"CSH2","turquoise"
"AKT2","grey"
"DNAJB4","red"
"SLIT3","brown"
"NQO2","tan"
"GSTT1","brown"
"DGUOK","magenta"
"GUCY1B1","green"
"SF3A3","grey"
"IGF2BP3","yellow"
"HBEGF","grey"
"ELF2","red"
"RGS3","turquoise"
"TSPAN8","turquoise"
"BRD3","grey"
"PITPNM1","grey"
"WIPI1","magenta"
"IL32","green"
"ELP4","grey"
"C17orf75","yellow"
"R3HDM2","grey"
"SNRPF","yellow"
"TGOLN2","green"
"LRRC32","turquoise"
"MAP3K5","greenyellow"
"TNK2","turquoise"
"BLZF1","red"
"MAPRE3","grey"
"RPS6KA3","black"
"VHL","grey"
"KAT2B","red"
"TRIM32","magenta"
"AKAP8","turquoise"
"KIF1A","turquoise"
"IGFBP6","brown"
"SMN1","yellow"
"GAB2","grey"
"CFI","green"
"WDR47","brown"
"VRK1","yellow"
"PDIA5","greenyellow"
"COX10","turquoise"
"PALM","brown"
"PCCA","grey"
"ACTN2","turquoise"
"ADARB1","pink"
"NLE1","blue"
"VCAM1","green"
"USP46","red"
"SENP3","blue"
"ACTA1","brown"
"SMARCA1","red"
"MMP11","blue"
"PIK3CD","green"
"COX17","grey"
"DMD","turquoise"
"IRF9","green"
"RAB11FIP2","red"
"RAB21","black"
"FBLN2","brown"
"THBD","brown"
"SCG5","green"
"DAPK3","blue"
"WFDC2","turquoise"
"AK6","black"
"TUBG2","turquoise"
"PLCB4","pink"
"LYRM1","turquoise"
"CRCP","turquoise"
"SZT2","turquoise"
"TAB1","blue"
"HEPH","greenyellow"
"CD82","green"
"PARN","blue"
"IQSEC1","turquoise"
"SLC4A4","turquoise"
"SLC9A6","red"
"ARHGAP29","brown"
"RAP1GAP","turquoise"
"DNASE1L1","blue"
"HPGD","grey"
"CXCL9","green"
"NDST2","turquoise"
"CXADR","brown"
"PCDH1","brown"
"TCEA2","blue"
"NR1H3","green"
"CHST2","grey"
"CYBB","green"
"GSTA2","turquoise"
"GCLM","black"
"ATP5F1D","blue"
"NFKBIE","green"
"MAPT","turquoise"
"MRPL12","blue"
"HLA-DMB","green"
"RAB11FIP3","turquoise"
"KDR","greenyellow"
"ACVR1","black"
"MMP9","green"
"TAF1C","pink"
"NT5E","greenyellow"
"VASH1","green"
"INTS9","blue"
"MARK2","grey"
"KIF3B","grey"
"BTN2A1","yellow"
"ARG2","grey"
"CSTF3","yellow"
"MPO","turquoise"
"CLCN6","pink"
"CNN1","brown"
"ATF6","blue"
"CLDN3","pink"
"PPP1R26","magenta"
"MORC2","grey"
"E2F6","yellow"
"ZBTB40","turquoise"
"IFT25","red"
"NEBL","brown"
"CA12","brown"
"NMI","lightcyan"
"USP20","grey"
"PPM1A","purple"
"CDC6","yellow"
"PEX3","brown"
"SLC31A1","grey"
"CEBPD","brown"
"PUDP","yellow"
"CHAF1A","yellow"
"TAFAZZIN","turquoise"
"NUBP1","grey"
"CYP27A1","magenta"
"FABP4","turquoise"
"ABCD4","turquoise"
"TSNAX","yellow"
"CASP9","grey"
"ZNF212","blue"
"STBD1","grey"
"FZD6","black"
"FUT8","red"
"F2R","black"
"KDM6A","red"
"CFAP410","turquoise"
"PTPN3","brown"
"SYT1","turquoise"
"GNB5","grey"
"SNAPC3","turquoise"
"ICA1","brown"
"NUP42","yellow"
"PAWR","brown"
"FCGR3B","green"
"DNAL4","grey"
"KRAS","red"
"SPRY2","yellow"
"LCMT2","grey"
"DUSP4","magenta"
"LARS2","yellow"
"KDELR3","yellow"
"HBA1","grey"
"SH3YL1","brown"
"PURA","pink"
"WWP2","turquoise"
"RFC4","yellow"
"OSGIN2","turquoise"
"PDCD2","yellow"
"ZWINT","yellow"
"METTL1","grey"
"RABGAP1","tan"
"CELSR2","brown"
"SCHIP1","grey"
"PCBP2","blue"
"BCAR3","grey"
"TRIP13","yellow"
"ETHE1","blue"
"SCG2","grey"
"LPAR1","brown"
"CEBPA","brown"
"RNF144A","yellow"
"MAOB","brown"
"WASF3","turquoise"
"TCN2","green"
"QPRT","magenta"
"TCEAL1","black"
"PLCB2","turquoise"
"PHACTR2","green"
"SFRP4","green"
"PTEN","yellow"
"MIA2","pink"
"MVK","turquoise"
"IRF8","green"
"ME1","brown"
"PRKX","brown"
"ULK2","grey"
"THOC1","pink"
"CHST10","magenta"
"AGAP1","grey"
"SUOX","turquoise"
"STK3","yellow"
"MEIS1","turquoise"
"PLAAT4","green"
"TOPORS","red"
"FRY","brown"
"MYRF","turquoise"
"CEP104","blue"
"ENTPD4","red"
"P3H4","grey"
"TPST2","grey"
"TOE1","grey"
"NRGN","turquoise"
"PBX3","greenyellow"
"TPM2","brown"
"CLN5","black"
"PRAME","grey"
"SLC5A6","turquoise"
"P2RX4","blue"
"MAP3K4","brown"
"WHR1","brown"
"PDE6D","blue"
"AURKA","yellow"
"CCNH","black"
"TSC22D2","red"
"ELL","turquoise"
"RBMX2","grey"
"SMARCD3","blue"
"MTM1","red"
"CCL4","green"
"SNAPC2","blue"
"NRCAM","grey"
"TESK1","turquoise"
"NFYA","yellow"
"HNMT","green"
"CELF1","pink"
"NID2","cyan"
"GNG11","grey"
"IL2RG","green"
"PREP","blue"
"CD48","green"
"ADK","brown"
"GADD45G","turquoise"
"TYROBP","green"
"LIG3","blue"
"SLC34A2","turquoise"
"NDUFAF1","grey"
"CDC45","yellow"
"RFC3","yellow"
"BCL9","grey"
"HSD11B2","brown"
"FOXO3","brown"
"RRP9","blue"
"PDE2A","brown"
"FILIP1L","brown"
"COL7A1","brown"
"GPR137B","magenta"
"MZF1","pink"
"TPST1","yellow"
"TUBB2A","brown"
"ENOSF1","pink"
"PIGQ","blue"
"FRG1","black"
"RAD51AP1","yellow"
"TFDP1","purple"
"POMZP3","blue"
"GSTM4","blue"
"STAB1","green"
"AKR1C1","brown"
"MFNG","green"
"CDO1","turquoise"
"SIK3","brown"
"TCIRG1","green"
"CDKN2C","yellow"
"ENPP4","greenyellow"
"NDC80","yellow"
"EMILIN1","grey"
"SIPA1","green"
"WASF1","red"
"SBNO2","blue"
"BTD","grey"
"MGST2","brown"
"IMPDH1","blue"
"CKS2","yellow"
"RPS6KB1","red"
"CPOX","yellow"
"MYL6B","blue"
"ALOX5AP","green"
"ZNF593","blue"
"KLHL20","red"
"RBM14","blue"
"MB","turquoise"
"ZBTB43","grey"
"GRK3","green"
"PPID","purple"
"GMPR","magenta"
"RARG","brown"
"USPL1","red"
"IFNAR1","green"
"CD37","green"
"CHKB","pink"
"BACH1","grey"
"PKNOX1","grey"
"RUNX3","magenta"
"RALGPS1","turquoise"
"PDGFB","turquoise"
"PTPN13","brown"
"IQCE","blue"
"CEBPG","brown"
"SLC31A2","brown"
"APOBEC3G","green"
"MNT","grey"
"RNGTT","red"
"PCYT1A","turquoise"
"EIF2AK2","lightcyan"
"ACOT8","blue"
"PIGR","turquoise"
"RAB32","magenta"
"TMEM243","red"
"ZC3H14","red"
"RTN2","blue"
"ANAPC15","brown"
"PSMC1","grey"
"GMFG","green"
"GLIPR1","green"
"PRELP","turquoise"
"GCH1","green"
"HDAC4","grey"
"STAU2","red"
"TK2","grey"
"PPIH","blue"
"SLC17A7","turquoise"
"FAAH","brown"
"FCER1G","green"
"CHKA","magenta"
"ZNF195","pink"
"GULP1","red"
"FLI1","green"
"DNPH1","blue"
"NNAT","turquoise"
"SMC2","yellow"
"ACOX3","brown"
"RLF","pink"
"DBF4","yellow"
"RPP14","turquoise"
"DCTN3","grey"
"CDK5","blue"
"GNA11","blue"
"LMO2","greenyellow"
"CEP164","pink"
"CDK2","magenta"
"VDR","brown"
"ELOVL6","red"
"FADS3","grey"
"CHD1","midnightblue"
"MMP7","brown"
"CHGB","turquoise"
"PSEN2","magenta"
"CPT2","purple"
"GPSM3","green"
"PKMYT1","yellow"
"S100A2","brown"
"PIM2","green"
"SKI","grey"
"EDNRB","magenta"
"LGALS4","turquoise"
"EBAG9","red"
"CAPN15","tan"
"PSMB9","green"
"RGS14","brown"
"TEAD4","blue"
"FARS2","grey"
"PPP1R3C","grey"
"PMAIP1","grey"
"SYNGR1","magenta"
"SORBS2","brown"
"ALDH6A1","grey"
"ZNF518A","red"
"STK11","tan"
"SGSH","turquoise"
"AMT","turquoise"
"SURF1","tan"
"SLC4A5","grey"
"PIK3C3","yellow"
"LOX","brown"
"SRSF10","yellow"
"GATB","grey"
"KBTBD11","turquoise"
"CTIF","turquoise"
"PROM1","pink"
"MIPEP","grey"
"CD151","blue"
"TECPR2","grey"
"CYP11A1","turquoise"
"NPR2","grey"
"ATP1B2","turquoise"
"CREB1","red"
"GTSE1","turquoise"
"RGS10","green"
"COL11A1","grey"
"NEO1","grey"
"GOLIM4","grey"
"NF1","pink"
"MT1X","tan"
"ZNF202","turquoise"
"TMC6","grey"
"MRPS12","blue"
"AGA","black"
"KLF7","turquoise"
"YJU2","blue"
"RGS19","green"
"RGS4","turquoise"
"TMEM187","grey"
"TRIM16","brown"
"SLC25A24","black"
"ABCA3","grey"
"SEC23A","black"
"COL16A1","brown"
"RASSF1","blue"
"AK4","grey"
"MED7","red"
"S100P","brown"
"TRAF5","pink"
"POT1","yellow"
"DHX30","blue"
"LIMK1","blue"
"FLRT2","brown"
"NAGLU","blue"
"SKAP2","green"
"F3","brown"
"REEP1","turquoise"
"GTF3C2","grey"
"SP2","purple"
"SLCO2A1","brown"
"PIK3CA","red"
"CLP1","grey"
"KHSRP","magenta"
"CEP350","midnightblue"
"GALK1","grey"
"CLSTN3","brown"
"DCAF1","turquoise"
"BCAS1","grey"
"FGFR3","brown"
"LRP3","brown"
"NAT9","pink"
"ESS2","turquoise"
"GOLGA2","blue"
"KYNU","green"
"MRPL57","salmon"
"MAOA","brown"
"TRIM24","red"
"CAMK1","grey"
"ACP3","brown"
"SLC43A1","turquoise"
"GRK5","green"
"EML2","tan"
"EFS","brown"
"KCNN4","grey"
"RHBDD3","turquoise"
"TCAF1","yellow"
"SLC12A2","turquoise"
"DIMT1","yellow"
"FLT1","turquoise"
"TTF2","yellow"
"APEX2","blue"
"EIF1AY","grey"
"KIF21B","turquoise"
"NEFH","grey"
"TRAF2","grey"
"LARGE1","turquoise"
"IFI6","lightcyan"
"APOC1","green"
"GALC","green"
"GSTM2","brown"
"HBG2","grey"
"FOSL1","grey"
"FGF2","turquoise"
"MKLN1","magenta"
"LMO3","turquoise"
"ARHGAP4","green"
"LCAT","pink"
"SLC2A5","turquoise"
"TLE2","turquoise"
"SOX12","magenta"
"SPATA2","grey"
"NUP58","red"
"PLEKHO2","magenta"
"FOLR1","grey"
"MRC1","greenyellow"
"IFI44L","lightcyan"
"CD83","turquoise"
"POLA2","yellow"
"LTBP4","brown"
"ARSA","grey"
"KIF11","yellow"
"ALOX5","green"
"LZTS3","turquoise"
"PDCL","pink"
"APOA1","turquoise"
"FZD1","cyan"
"ZNF84","turquoise"
"LDOC1","brown"
"DST","brown"
"GAS1","brown"
"PLA2G15","blue"
"CSTF2","grey"
"RAD1","yellow"
"SLC16A2","brown"
"EDNRA","brown"
"INA","turquoise"
"SNCA","magenta"
"TIE1","greenyellow"
"PTPRZ1","grey"
"CXCL1","grey"
"GAP43","turquoise"
"GEM","greenyellow"
"ZNF592","blue"
"ZNF142","turquoise"
"MMP1","grey"
"PC","grey"
"RABIF","magenta"
"OSTF1","greenyellow"
"BBLN","tan"
"BRPF1","grey"
"CLDN5","brown"
"ENO3","turquoise"
"PIK3C2B","brown"
"TOM1L1","yellow"
"KCNQ1","green"
"DOLK","blue"
"CD44","grey"
"PDE4D","turquoise"
"ARHGAP11A","yellow"
"BID","grey"
"C15orf39","turquoise"
"STRN3","red"
"ADCY9","magenta"
"AGTPBP1","pink"
"CCN3","grey"
"SAMHD1","green"
"EVPL","brown"
"HIRIP3","blue"
"DMTN","grey"
"PPP3R1","grey"
"CDC7","yellow"
"FARP2","blue"
"HIVEP1","grey"
"ELMO1","green"
"DPH2","grey"
"HSD3B1","brown"
"ATXN7","pink"
"PPIC","brown"
"PLLP","brown"
"BRD1","red"
"FAM216A","yellow"
"DXO","blue"
"ZNF140","red"
"PDPK1","turquoise"
"PHF14","red"
"TBC1D8","brown"
"MYO5A","magenta"
"NAP1L1","yellow"
"TOX","green"
"BRCA1","yellow"
"UGT1A9","brown"
"CXCL10","green"
"VTN","turquoise"
"REST","red"
"GABRE","brown"
"NPIPA1","pink"
"CELSR1","brown"
"EEF1A2","grey"
"SEC14L2","grey"
"ST6GALNAC2","magenta"
"RAPGEF1","grey"
"HPS5","magenta"
"PEX6","blue"
"KIAA0513","brown"
"RAB40B","brown"
"STAR","brown"
"IKBKE","green"
"GSTM1","grey"
"AHSG","turquoise"
"INPP4A","green"
"PPP1R3D","grey"
"DZIP1","red"
"RAD54L","yellow"
"LSM7","blue"
"FKBP5","grey"
"APOC2","grey"
"IRF4","green"
"SELL","green"
"PCGF3","pink"
"ACOT13","yellow"
"PPM1D","yellow"
"ABCG1","green"
"ATG14","pink"
"CILK1","red"
"COX7A1","brown"
"PIN4","red"
"CROT","pink"
"MMP19","turquoise"
"CLUAP1","grey"
"PPIP5K1","brown"
"FGFR4","turquoise"
"MMP12","green"
"CD22","green"
"KLK3","turquoise"
"L1CAM","magenta"
"BSN","turquoise"
"SLC25A14","turquoise"
"SLC7A7","green"
"NUAK1","brown"
"VPS33A","grey"
"CHL1","grey"
"DLG4","grey"
"MIEF1","yellow"
"STC1","grey"
"UBOX5","turquoise"
"MRPL28","blue"
"N4BP1","turquoise"
"DKK1","turquoise"
"EXO1","yellow"
"CDK14","turquoise"
"CGRRF1","red"
"CCL21","green"
"HMGCS2","turquoise"
"ASL","grey"
"CCDC85B","blue"
"PPP2R5B","tan"
"PKIA","turquoise"
"PLCG2","green"
"SERPINB2","brown"
"IDI1","black"
"UCHL3","brown"
"ACD","blue"
"GABPB1","red"
"VCAN","cyan"
"NR4A2","red"
"TFF3","turquoise"
"ATP7B","turquoise"
"ITGB3","turquoise"
"PARVB","magenta"
"GOSR1","pink"
"MYH2","grey"
"RPS6KA4","green"
"RPS6KA5","red"
"NEK4","yellow"
"COL17A1","brown"
"CGA","turquoise"
"ACP5","green"
"ADA","green"
"SPOP","grey"
"NEK2","yellow"
"S1PR1","turquoise"
"ENOX2","red"
"CCNT2","red"
"DPYD","green"
"HOMER3","blue"
"NPR1","turquoise"
"TROAP","turquoise"
"APBB3","turquoise"
"NRF1","turquoise"
"TFAP2A","magenta"
"SHB","brown"
"TRA2A","pink"
"GFER","grey"
"CD52","green"
"CCP110","red"
"ME3","turquoise"
"ALPP","turquoise"
"SIKE1","pink"
"FOXA1","turquoise"
"RNF24","blue"
"HLA-DRB5","green"
"ANKRD6","red"
"MUC2","turquoise"
"IRAG2","green"
"SRD5A1","brown"
"TMEM186","grey"
"CDH5","cyan"
"KCNK1","brown"
"RAPGEF5","brown"
"LTBP2","turquoise"
"ICAM2","green"
"NPTX1","grey"
"ATP2B2","turquoise"
"IRS1","grey"
"PARM1","brown"
"SGCE","grey"
"HHEX","green"
"STX8","grey"
"PLA2G6","turquoise"
"LRCH4","green"
"CDC42EP1","blue"
"AFP","turquoise"
"CDC25A","yellow"
"CHGA","turquoise"
"ISG20","green"
"UTP25","yellow"
"STOML1","tan"
"NFE2L3","green"
"IFT88","turquoise"
"ALDOB","turquoise"
"INPP5E","pink"
"MAPK4","turquoise"
"KIF23","yellow"
"KIAA0753","pink"
"WIF1","brown"
"F5","turquoise"
"PANX1","grey"
"CCDC6","brown"
"SLC29A2","grey"
"EPHB6","brown"
"ABCA8","brown"
"DNAJC6","yellow"
"SCN3B","turquoise"
"COL9A3","grey"
"NCK1","black"
"CDH13","brown"
"WDHD1","yellow"
"STX1A","turquoise"
"RIMS3","brown"
"TGFBR3","brown"
"TRIM23","red"
"KLK6","brown"
"KRT15","brown"
"PDE4A","brown"
"CSPG4","magenta"
"MYH7","grey"
"KRIT1","midnightblue"
"CENPC","red"
"CNKSR1","brown"
"BICD1","pink"
"PDS5B","red"
"TAGLN3","turquoise"
"IARS1","purple"
"MT1G","grey"
"PICK1","turquoise"
"IFIT3","lightcyan"
"PTGS2","grey"
"NAP1L3","greenyellow"
"DSC2","brown"
"PARP2","red"
"HLF","brown"
"MAP2K5","grey"
"C2CD2L","turquoise"
"RCBTB2","red"
"NR1D1","turquoise"
"USP6NL","black"
"GNAO1","turquoise"
"ARHGEF5","brown"
"NUDT1","blue"
"FEN1","yellow"
"TAP2","green"
"TTF1","midnightblue"
"IL11RA","brown"
"EVI2A","green"
"CHAF1B","yellow"
"THBS4","cyan"
"MAL","grey"
"HOXB7","blue"
"FAS","green"
"MLF1","yellow"
"IFNAR2","green"
"VSIG4","green"
"PPOX","pink"
"FMNL1","green"
"SMAD7","greenyellow"
"NR2C1","pink"
"IFT140","blue"
"GPRASP1","pink"
"DUSP2","green"
"PRR3","blue"
"EML1","brown"
"MYB","turquoise"
"ZBED4","grey"
"DHRS12","turquoise"
"RRAD","brown"
"TRIM21","lightcyan"
"H1-10","blue"
"HLA-F","green"
"RXYLT1","yellow"
"CLPX","black"
"CKM","turquoise"
"CACNA2D2","pink"
"ZW10","grey"
"MAPK10","turquoise"
"CADPS","turquoise"
"DHX34","turquoise"
"ESPL1","yellow"
"HSD17B2","brown"
"FGD1","magenta"
"BTN3A3","green"
"TTK","yellow"
"NAV3","grey"
"ENDOG","blue"
"MELK","yellow"
"CCNF","grey"
"RAD9A","turquoise"
"FOLR2","green"
"PSG5","turquoise"
"CDK8","yellow"
"BMPR1A","red"
"ATG12","red"
"FGL2","green"
"POLA1","yellow"
"GLDC","grey"
"MTMR9","turquoise"
"MLH3","turquoise"
"POP5","grey"
"EEA1","red"
"PRKAR2A","grey"
"ENPEP","turquoise"
"CP","green"
"ZBTB11","red"
"HBG1","turquoise"
"TCFL5","magenta"
"DCX","turquoise"
"PTPN7","green"
"ORC2","yellow"
"P3H3","grey"
"SERPINB5","brown"
"B3GNT3","turquoise"
"MAD1L1","blue"
"TYMP","green"
"APAF1","turquoise"
"NAIP","pink"
"NME3","blue"
"IL6ST","black"
"CA3","brown"
"JADE3","grey"
"GCHFR","green"
"MRPL58","grey"
"PCSK2","brown"
"MTERF1","yellow"
"TLE4","brown"
"PEX1","red"
"BAIAP3","brown"
"GMDS","grey"
"ZNF646","grey"
"TAOK2","blue"
"PDPN","greenyellow"
"MGMT","brown"
"UGCG","yellow"
"ARHGAP25","green"
"HUS1","yellow"
"MSLN","grey"
"PLK4","yellow"
"NEURL1","turquoise"
"LCK","green"
"EEF1A1","salmon"
"ZFYVE9","turquoise"
"AOC3","brown"
"MUC4","turquoise"
"PTGER4","green"
"SAP30","black"
"BTRC","turquoise"
"ATG4B","blue"
"GJA4","greenyellow"
"EEF1E1","yellow"
"RPS6KA2","grey"
"BCL3","green"
"DDX6","turquoise"
"TRIM3","turquoise"
"IL10RA","green"
"SOX11","turquoise"
"RAMP1","grey"
"MLLT3","green"
"PRR4","turquoise"
"CPS1","turquoise"
"DRC4","turquoise"
"TOP6BL","grey"
"SASH3","green"
"TLR2","green"
"CTNS","blue"
"INHBA","turquoise"
"RASSF7","turquoise"
"SLC10A3","brown"
"VAMP5","green"
"BNIP1","turquoise"
"TCF21","turquoise"
"TNFRSF11B","grey"
"HPN","grey"
"PTPN2","pink"
"MAP4K2","grey"
"ZNF274","greenyellow"
"PLN","brown"
"ALDH3B2","brown"
"PTPRG","yellow"
"PTPRN","turquoise"
"TOP3A","turquoise"
"FST","turquoise"
"ICAM3","green"
"CARD8","green"
"RHOH","green"
"LYPD3","brown"
"SNAP91","turquoise"
"DYRK1B","blue"
"SRPX","yellow"
"MTAP","grey"
"ORC5","yellow"
"PLK3","grey"
"MNDA","green"
"PTPRCAP","green"
"NCF1","green"
"CENPA","yellow"
"SSPN","grey"
"GC","turquoise"
"ADGRB2","blue"
"SHROOM2","blue"
"C6orf47","grey"
"RDX","black"
"MAFG","blue"
"CSTA","brown"
"OAS2","lightcyan"
"GJB1","magenta"
"RAB3A","turquoise"
"EMP2","brown"
"AMMECR1","grey"
"DDX10","red"
"CLASRP","turquoise"
"SH3BGR","turquoise"
"CLOCK","turquoise"
"SLC67A1","blue"
"GIT2","purple"
"GPC4","turquoise"
"TRAPPC6A","tan"
"ITIH2","turquoise"
"FGB","turquoise"
"ITGB4","brown"
"NF2","blue"
"PFN2","yellow"
"GNAZ","turquoise"
"MX2","lightcyan"
"CDK5R1","magenta"
"GPD1","brown"
"ATF5","green"
"DDX3Y","grey"
"AHDC1","grey"
"DOCK4","red"
"NKRF","red"
"NMT2","turquoise"
"CIB2","blue"
"TFF1","turquoise"
"GNL3L","turquoise"
"VWA5A","brown"
"HAGH","blue"
"ADORA2A","green"
"FGFBP1","brown"
"TGFA","turquoise"
"VIPR1","brown"
"ARL4A","red"
"FOXN3","brown"
"RAD51","turquoise"
"ZBTB48","grey"
"STAT5B","green"
"MAP3K8","green"
"TRO","pink"
"FABP7","grey"
"EFNB3","turquoise"
"ITGA2","brown"
"DEFA1","turquoise"
"CCNE2","yellow"
"CTDP1","blue"
"LSM6","red"
"IFT27","blue"
"IKZF1","green"
"ORM1","turquoise"
"GNE","black"
"CFTR","turquoise"
"GABRP","turquoise"
"AKAP10","pink"
"CENPE","yellow"
"ASNS","grey"
"PSPHP1","grey"
"CD79A","green"
"MAPK8IP2","turquoise"
"KIT","magenta"
"AUH","red"
"PRIM1","yellow"
"NEB","turquoise"
"ITGAE","red"
"GPR162","turquoise"
"IDUA","turquoise"
"PARG","yellow"
"EXOSC9","yellow"
"ARID4A","pink"
"GEMIN2","red"
"SPRR1B","brown"
"ENPP1","grey"
"IL1B","turquoise"
"ARHGAP26","turquoise"
"ING3","red"
"XRCC4","yellow"
"CYP2J2","brown"
"SLC22A5","pink"
"SERPINF2","turquoise"
"MTMR11","turquoise"
"PIGF","black"
"MPDZ","yellow"
"RARB","turquoise"
"CRIP1","brown"
"AOX1","turquoise"
"BCAP29","yellow"
"ORC1","yellow"
"NCAPH2","turquoise"
"RWDD3","red"
"MAMLD1","grey"
"ZNF7","red"
"NAGPA","blue"
"RECQL","yellow"
"ZBTB1","red"
"PLEKHA6","grey"
"PEX12","turquoise"
"ATP6V0A1","blue"
"POM121","magenta"
"SLC26A2","grey"
"CCR1","green"
"GFPT2","cyan"
"CIITA","turquoise"
"TMPRSS2","turquoise"
"MIR9-1HG","turquoise"
"SNPH","grey"
"MAN2A1","green"
"MTCP1","grey"
"EFNA4","brown"
"APOB","turquoise"
"ARHGEF4","brown"
"FGF13","red"
"PLCE1","turquoise"
"NEFM","grey"
"CCL3","green"
"RBM19","grey"
"LAMA2","brown"
"FGF1","turquoise"
"FPR1","green"
"SGCB","grey"
"TMEFF1","yellow"
"BORCS8-MEF2B","green"
"PLCD1","brown"
"VRK2","black"
"PTGS1","brown"
"NPM3","blue"
"MOK","magenta"
"CLEC11A","blue"
"ACTC1","turquoise"
"HSPE1","yellow"
"NUFIP1","yellow"
"USH1C","turquoise"
"UST","grey"
"FPGT","red"
"ANG","brown"
"ABCD1","blue"
"NCAN","turquoise"
"MYL5","turquoise"
"APBA3","grey"
"NCF4","green"
"CLCN4","turquoise"
"TRIL","turquoise"
"SLC6A1","turquoise"
"CD40","green"
"LRRN2","turquoise"
"SPTBN2","brown"
"ASIC1","turquoise"
"KRT17","brown"
"RNASE4","brown"
"CSF2RB","green"
"PEX11A","grey"
"ERCC8","turquoise"
"MYL11","grey"
"GCAT","blue"
"CELSR3","turquoise"
"CAPN5","turquoise"
"CDC25C","turquoise"
"DDR2","grey"
"RBBP5","blue"
"STAT2","grey"
"PTPN4","red"
"CLTB","brown"
"CD58","black"
"QPCT","magenta"
"KHK","turquoise"
"ITGB3BP","yellow"
"TNNI1","grey"
"RBBP6","midnightblue"
"ADAM8","green"
"ZSCAN9","grey"
"ZNF324","tan"
"GNG4","turquoise"
"SPINK5","brown"
"DNALI1","grey"
"SMAD5","grey"
"FANCC","turquoise"
"PLS1","turquoise"
"RP2","red"
"MAP3K14","grey"
"MAFF","grey"
"PSPH","yellow"
"AP1S1","blue"
"ATP7A","red"
"CA9","turquoise"
"CLEC3B","brown"
"GLI3","blue"
"PCMT1","purple"
"NMB","grey"
"RELB","green"
"ANOS1","turquoise"
"IL6","brown"
"ALDH1L1","turquoise"
"ACVR1B","brown"
"TGFBRAP1","magenta"
"RIN1","brown"
"ACAP1","green"
"STK17B","green"
"RNF2","yellow"
"APOH","turquoise"
"TIMM8A","red"
"POLR3F","yellow"
"GALK2","blue"
"HCAR3","brown"
"HGD","turquoise"
"EHHADH","red"
"DEPDC5","grey"
"SURF2","grey"
"ESR1","turquoise"
"PDGFRL","cyan"
"IL1RAP","yellow"
"RBMS2","turquoise"
"COCH","brown"
"RPH3A","grey"
"EPM2A","turquoise"
"PAFAH2","turquoise"
"SLC16A4","magenta"
"KIF20B","yellow"
"SOD3","brown"
"FCN1","green"
"TRMT2B","turquoise"
"AREG","brown"
"GPSM2","brown"
"SCO2","grey"
"CXCL13","green"
"SLC13A3","grey"
"PARD6A","blue"
"PEX13","black"
"NOTCH4","turquoise"
"DOP1B","turquoise"
"EGR2","greenyellow"
"CEP290","red"
"PER2","brown"
"ZNF174","grey"
"PBX1","brown"
"TCF7","pink"
"ZBTB39","turquoise"
"AMPH","green"
"INHBB","brown"
"NR3C2","brown"
"ACYP1","yellow"
"PGC","turquoise"
"KCNH2","turquoise"
"BCL10","black"
"POLR1G","grey"
"SPEG","turquoise"
"LIF","grey"
"POU2AF1","green"
"ADD2","turquoise"
"LCP2","green"
"CDK20","turquoise"
"PRH1","turquoise"
"PITRM1","magenta"
"GTPBP1","turquoise"
"GAD1","turquoise"
"GLRB","turquoise"
"PIGA","red"
"LRP8","yellow"
"FKTN","pink"
"URB2","yellow"
"FYB1","green"
"TFAP2C","brown"
"CDC14A","turquoise"
"BMP2","brown"
"IL2RB","green"
"HNRNPA2B1","yellow"
"BAIAP2","brown"
"CKMT2","grey"
"RBL1","yellow"
"CD79B","green"
"BTN2A2","yellow"
"SNRNP35","brown"
"OGG1","turquoise"
"IGFBP1","turquoise"
"KCNJ8","turquoise"
"FGL1","turquoise"
"KMO","green"
"ZC2HC1A","grey"
"SMPDL3B","grey"
"FBXO46","grey"
"DDC","grey"
"SPI1","green"
"HNF1B","turquoise"
"SNTB2","turquoise"
"SLC15A2","turquoise"
"KIF5A","turquoise"
"PSCA","grey"
"APC2","grey"
"EIF2S3","blue"
"MTF1","tan"
"FTSJ1","grey"
"PHYHIP","brown"
"RAMP3","green"
"ACVR2A","turquoise"
"CLDN10","brown"
"SNX4","yellow"
"MN1","brown"
"REEP2","turquoise"
"RCE1","grey"
"S100A1","magenta"
"SRP19","black"
"PVALB","turquoise"
"DCT","grey"
"STIL","yellow"
"ZBTB24","red"
"EHD2","brown"
"SULT1C2","turquoise"
"CSPG5","grey"
"BARD1","red"
"ST3GAL2","turquoise"
"TMSB15A","red"
"DYNC1I1","grey"
"GNA15","brown"
"CRABP1","brown"
"GGCX","turquoise"
"SERPINI1","grey"
"PEBP1","magenta"
"GAMT","blue"
"ACADSB","red"
"USP13","magenta"
"AGTR1","turquoise"
"GRIA2","turquoise"
"AKAP6","turquoise"
"PFDN4","yellow"
"BBOX1","brown"
"ACOX2","turquoise"
"HOXB6","turquoise"
"SH2B2","pink"
"FAM131B","grey"
"DBT","pink"
"PLAG1","pink"
"CTNNA2","magenta"
"SLN","turquoise"
"MDFI","grey"
"INPP4B","magenta"
"ACHE","turquoise"
"CBR3","grey"
"PDZK1","brown"
"LRRC17","turquoise"
"CFD","brown"
"ZBTB20","pink"
"FXYD1","brown"
"MDM2","grey"
"CGB3","turquoise"
"TNNC2","turquoise"
"ANK1","turquoise"
"CCL14","brown"
"CHEK1","yellow"
"MRE11","red"
"SMAD3","turquoise"
"DCLK1","brown"
"WAS","green"
"AGPS","yellow"
"PRSS2","brown"
"IL1R2","brown"
"HSD11B1","brown"
"SEMA5A","blue"
"SPA17","grey"
"RECK","turquoise"
"MLLT10","pink"
"FOSL2","brown"
"ATP2B4","brown"
"STK4","green"
"ACAT1","black"
"MPPED2","magenta"
"ARHGAP44","turquoise"
"ATXN3","pink"
"DAG1","blue"
"FES","green"
"GPR183","green"
"PEX7","turquoise"
"SLC22A3","greenyellow"
"ITGBL1","turquoise"
"AP1B1","blue"
"TBKBP1","turquoise"
"HIP1","magenta"
"ZNF354A","red"
"CALB2","brown"
"PALS2","yellow"
"BMP5","turquoise"
"OVGP1","green"
"BCHE","yellow"
"AAK1","turquoise"
"H2AX","yellow"
"ZNF211","pink"
"GSTT2","grey"
"NPY1R","brown"
"OCEL1","turquoise"
"MFAP3L","grey"
"SNAPC1","yellow"
"ATP2A1","turquoise"
"PRL","turquoise"
"ATF2","red"
"MAP3K12","magenta"
"SAC3D1","grey"
"PHKA1","turquoise"
"FOXO4","brown"
"PIGB","magenta"
"HOXB2","grey"
"HPCA","grey"
"MST1R","brown"
"CD3E","green"
"ILRUN","grey"
"MC1R","magenta"
"NPAS2","grey"
"RAB35","grey"
"HPCAL1","blue"
"PDGFA","grey"
"SCNN1B","brown"
"HS3ST1","magenta"
"CASP10","turquoise"
"IRF5","turquoise"
"KLK11","brown"
"DACH1","turquoise"
"ATP6V1B1","turquoise"
"CRLF3","green"
"SCRG1","grey"
"CCL20","grey"
"AMBP","turquoise"
"PPP1R1A","turquoise"
"PLAU","cyan"
"UGP2","black"
"ADORA1","turquoise"
"SNX15","brown"
"ISG15","lightcyan"
"SIT1","green"
"RYR1","grey"
"TESK2","turquoise"
"VGLL1","turquoise"
"GZMA","green"
"CRYM","turquoise"
"GJB3","brown"
"DPYSL4","turquoise"
"ZNF821","turquoise"
"GNLY","green"
"KIAA0408","turquoise"
"ZNF175","pink"
"GHR","brown"
"SRPX2","turquoise"
"C5","turquoise"
"PDE10A","turquoise"
"CYP17A1","grey"
"PTPN14","blue"
"BTK","green"
"GCNT1","green"
"VIL1","turquoise"
"ARHGEF15","turquoise"
"SCN1B","turquoise"
"CPB1","turquoise"
"GABPB1-IT1","grey"
"AIFM1","purple"
"TCN1","grey"
"ZNF415","turquoise"
"PRSS12","brown"
"CIZ1","blue"
"GATA4","grey"
"CMAHP","green"
"WDR76","grey"
"STRN","pink"
"EXOG","pink"
"HOXD4","pink"
"HAPLN1","grey"
"KATNA1","greenyellow"
"GEMIN4","grey"
"RUNX1T1","turquoise"
"ETFDH","brown"
"GLS2","brown"
"CDH6","turquoise"
"PCDH7","grey"
"VAV2","grey"
"CORO2A","brown"
"AVIL","red"
"RRAGB","grey"
"GSPT2","black"
"STEAP1","yellow"
"HSPA4L","grey"
"CR2","green"
"DNAJC8","yellow"
"TYK2","blue"
"TAGLN","brown"
"BTG3","yellow"
"PCP4","brown"
"BABAM2","brown"
"SV2B","grey"
"CSRP3","turquoise"
"DNASE1L3","green"
"MSX2","grey"
"BPI","grey"
"TRAF6","turquoise"
"PCSK5","brown"
"KCTD17","turquoise"
"RPP38","brown"
"KISS1","grey"
"PAGE4","turquoise"
"FXN","grey"
"ABHD2","magenta"
"CHST1","turquoise"
"AQP9","brown"
"LAMP3","greenyellow"
"PIP4K2A","grey"
"LIPT1","red"
"ANGPT2","grey"
"SNX7","black"
"C1QL1","turquoise"
"SERPIND1","turquoise"
"PYGM","turquoise"
"ROR2","turquoise"
"HRH1","turquoise"
"NOS3","turquoise"
"GGT5","greenyellow"
"ALG13","red"
"ETV6","grey"
"VGF","grey"
"CEP43","turquoise"
"MYL3","turquoise"
"RASGRP1","green"
"OLFM1","grey"
"SLC4A1","turquoise"
"PDE9A","turquoise"
"ZNF652","pink"
"DSG3","brown"
"SMURF2","red"
"SLC44A4","turquoise"
"TRAIP","yellow"
"TRAF1","green"
"HOXB5","turquoise"
"PSG7","grey"
"DIAPH2","pink"
"HOXD9","turquoise"
"LRP6","grey"
"SCYL3","red"
"ANGPT1","turquoise"
"MYOM1","turquoise"
"TNFSF12","grey"
"MMRN1","turquoise"
"SYT17","turquoise"
"MST1","turquoise"
"CPA1","grey"
"KCNA6","grey"
"PRRG2","turquoise"
"PRRG1","red"
"MEOX1","brown"
"F10","brown"
"ALKBH1","grey"
"SMPD2","blue"
"ALDH3A1","brown"
"CPA3","brown"
"CALB1","turquoise"
"CDA","brown"
"PRIM2","yellow"
"CRH","turquoise"
"KIAA0586","turquoise"
"PIP5K1B","turquoise"
"ALAS1","purple"
"MBOAT7","blue"
"KALRN","turquoise"
"SH3GL3","turquoise"
"ADGRB3","pink"
"AOAH","green"
"ALDH3B1","grey"
"CNTRL","pink"
"PPP2R2B","turquoise"
"SNRPG","yellow"
"REPS2","grey"
"PAX6","grey"
"RAD52","pink"
"WNT2","turquoise"
"FGA","turquoise"
"RAPGEF4","pink"
"TTLL1","blue"
"CTSG","brown"
"C4BPA","turquoise"
"MDM4","grey"
"PCDH17","grey"
"HAAO","turquoise"
"SNAPC4","turquoise"
"HDAC9","turquoise"
"OASL","lightcyan"
"FLAD1","blue"
"B9D1","turquoise"
"PCBP3","turquoise"
"KIN","red"
"TSPAN9","brown"
"FMO1","brown"
"WRN","red"
"LY75","green"
"NCAM2","turquoise"
"GAL3ST1","turquoise"
"HLA-DOB","green"
"XPA","brown"
"ASB9","grey"
"FXYD2","turquoise"
"MTTP","turquoise"
"CYP27B1","turquoise"
"DLEU1","yellow"
"AP3B2","turquoise"
"ACAN","grey"
"MMP10","grey"
"BCL2A1","yellow"
"APOM","grey"
"TPSAB1","brown"
"DENND4C","brown"
"CD86","green"
"UBFD1","yellow"
"TFAP4","turquoise"
"PCNX2","turquoise"
"BUD31","blue"
"SYNGR3","grey"
"CD38","green"
"TNNT3","turquoise"
"TYRP1","magenta"
"SDS","grey"
"GFRA1","grey"
"SCGN","turquoise"
"MAP2K6","turquoise"
"HSD17B6","turquoise"
"IPO8","grey"
"PHTF1","turquoise"
"ATP6V0A2","grey"
"ANKRD26","turquoise"
"IL17RA","grey"
"TRPM2","turquoise"
"CDS1","brown"
"LRP2","grey"
"ATP5F1C","black"
"PTPRD","turquoise"
"COMP","brown"
"ZMYND10","turquoise"
"BST1","grey"
"SLC25A40","yellow"
"PCDHGC3","blue"
"ITGB7","green"
"PAH","turquoise"
"POMC","grey"
"GFRA2","turquoise"
"CNTFR","turquoise"
"PKP1","brown"
"SCGB1A1","grey"
"TEP1","turquoise"
"TENM1","turquoise"
"OSMR","grey"
"ABLIM3","greenyellow"
"NCOA2","red"
"BLM","yellow"
"AFF3","turquoise"
"PGAM2","turquoise"
"KCNQ2","turquoise"
"FABP3","turquoise"
"ZNF107","red"
"RBM42","blue"
"DTNA","turquoise"
"TNNI3","grey"
"STAC","turquoise"
"DOC2A","pink"
"ADAM17","red"
"CBLN1","turquoise"
"RNF126","tan"
"CYP1A1","turquoise"
"BPHL","grey"
"SH3GL2","turquoise"
"GSTM5","turquoise"
"CRP","turquoise"
"F2","turquoise"
"ITIH3","green"
"F8","grey"
"ENTPD5","turquoise"
"CD8A","green"
"SULT2B1","brown"
"DUS4L","yellow"
"DDX18","yellow"
"CSNK1A1","brown"
"CYP3A5","brown"
"TCAP","grey"
"EREG","brown"
"SLC27A2","brown"
"GSR","purple"
"AKAP7","turquoise"
"CPEB3","turquoise"
"F12","grey"
"FAM50B","grey"
"FMO5","turquoise"
"DUSP9","magenta"
"KLK7","brown"
"RAMP2","grey"
"BIK","grey"
"VPS9D1","grey"
"FGF7","pink"
"KLK13","brown"
"ARVCF","turquoise"
"ITGAM","green"
"ZC3H11A","red"
"CD1D","green"
"SKAP1","green"
"ZNF230","red"
"CCN5","brown"
"TNK1","brown"
"NOVA1","turquoise"
"NRXN3","grey"
"TCP11L1","green"
"IL7R","green"
"SLC3A1","turquoise"
"RASGRP3","green"
"TRPC1","pink"
"TRAF3IP3","green"
"ROR1","turquoise"
"ROM1","turquoise"
"TUFT1","brown"
"ASPH","red"
"WASL","blue"
"POLG2","red"
"SULT1C4","grey"
"MAT1A","magenta"
"GRM3","turquoise"
"REG3A","turquoise"
"ITGB8","turquoise"
"SIX1","turquoise"
"BRINP1","turquoise"
"MARCO","green"
"APOC3","grey"
"KLRK1","green"
"HMGCS1","brown"
"RGS12","magenta"
"HSPB2","grey"
"PCSK1","grey"
"MYOM2","brown"
"CCK","grey"
"MMP3","grey"
"HSD17B1","brown"
"CLGN","grey"
"CD2","green"
"CPA4","brown"
"PART1","turquoise"
"YTHDC2","red"
"GYPA","turquoise"
"TSPOAP1","brown"
"GH1","turquoise"
"JAK2","green"
"CRAT","brown"
"VNN1","green"
"CACNA1H","turquoise"
"PTPRB","turquoise"
"PRSS22","brown"
"GAS2","red"
"UQCRB","yellow"
"GABRB3","grey"
"NME6","grey"
"CDK5R2","grey"
"ZBTB7B","grey"
"TULP3","blue"
"ZNF197","turquoise"
"SLC14A1","brown"
"SLC18A2","brown"
"NGFR","grey"
"LY86","green"
"FOLH1","turquoise"
"SPIB","green"
"GREB1","magenta"
"S100A12","grey"
"SLC7A4","turquoise"
"ARID3A","grey"
"FCN3","green"
"PTPN11","yellow"
"PRSS1","turquoise"
"BDKRB2","brown"
"PLGLB2","pink"
"PDE4DIP","green"
"PIGL","turquoise"
"ITPKA","grey"
"TREX1","tan"
"LIFR","turquoise"
"ZC3H7B","pink"
"POU6F1","turquoise"
"RET","turquoise"
"PRKD1","yellow"
"ZNF74","blue"
"ZBTB16","brown"
"ITGA4","green"
"REG1B","grey"
"MSH3","yellow"
"JAKMIP2","turquoise"
"UBD","green"
"ADORA2B","grey"
"FABP1","grey"
"NLGN1","yellow"
"ARSL","blue"
"NOLC1","yellow"
"SLC22A4","turquoise"
"NFATC4","turquoise"
"CX3CR1","brown"
"CCNA1","turquoise"
"KRT1","brown"
"PNOC","green"
"KCNN3","turquoise"
"MICA","magenta"
"FOXJ1","grey"
"OMD","brown"
"POLE2","yellow"
"CEL","pink"
"PTH1R","brown"
"PNLIP","turquoise"
"PLIN1","turquoise"
"GRIN1","turquoise"
"S100A7","brown"
"ZNF264","pink"
"SLC4A3","pink"
"HBE1","turquoise"
"SLC6A6","grey"
"VNN2","green"
"RELN","turquoise"
"RAB3B","grey"
"IL27RA","green"
"CTSE","turquoise"
"ZNF443","pink"
"GPA33","turquoise"
"GTF2E1","black"
"CREB5","grey"
"MSX1","grey"
"SETBP1","brown"
"PLCL1","grey"
"FOXF1","turquoise"
"HK3","grey"
"CGREF1","blue"
"PPM1E","turquoise"
"CYP3A7","turquoise"
"MYH3","grey"
"COL10A1","turquoise"
"ACSM3","turquoise"
"TDO2","green"
"CLTCL1","turquoise"
"IL6R","magenta"
"VIPR2","turquoise"
"PTPRT","turquoise"
"CA1","turquoise"
"MYH1","grey"
"KCNK3","turquoise"
"LRIG2","pink"
"RXRG","grey"
"PSMC3IP","yellow"
"PLXNB3","blue"
"CSHL1","turquoise"
"MMP13","turquoise"
"PDK4","grey"
"PSIP1","red"
"PAK2","black"
"DNAJA3","blue"
"ZNF426","grey"
"BATF","green"
"TAF13","grey"
"H4C3","yellow"
"KCNS3","turquoise"
"AADAC","turquoise"
"MT3","turquoise"
"CTRB1","turquoise"
"SLC38A3","pink"
"HOXD1","turquoise"
"FASTKD2","yellow"
"EPHA1","brown"
"KL","turquoise"
"SCGB2A1","turquoise"
"PRR5","grey"
"ING2","brown"
"SFTPC","turquoise"
"DPEP1","turquoise"
"CRHBP","turquoise"
"CLCNKB","grey"
"AATK","turquoise"
"CD1C","greenyellow"
"CD84","green"
"MOG","turquoise"
"WNT5A","brown"
"PRRX1","grey"
"IL15","green"
"TBX2","magenta"
"ELK4","turquoise"
"IQCB1","pink"
"AK2","magenta"
"ADAM28","green"
"CYP3A4","pink"
"MEP1A","turquoise"
"NPY","turquoise"
"ADGRG2","grey"
"CEP135","red"
"TGM3","brown"
"CEP162","pink"
"PRG4","turquoise"
"TGM1","brown"
"ITGA9","grey"
"HABP2","turquoise"
"CASP1","green"
"LEFTY2","turquoise"
"ACTL6B","turquoise"
"FOXJ3","pink"
"CCDC22","blue"
"KIAA0319","turquoise"
"FOXG1","grey"
"SOCS6","yellow"
"SCAND2P","turquoise"
"NDP","turquoise"
"NMU","brown"
"HPD","turquoise"
"TNFAIP6","grey"
"S100A3","grey"
"MERTK","turquoise"
"ANKRD1","turquoise"
"ASPA","grey"
"USP5","blue"
"DSC3","brown"
"SERPINB8","brown"
"REL","green"
"KYAT1","turquoise"
"NR2C2","turquoise"
"RAB33A","yellow"
"MAPK11","brown"
"SNURF","grey"
"ATP2C2","brown"
"BRAF","turquoise"
"NOL4","grey"
"ADAM23","grey"
"GNB3","grey"
"OVOL2","turquoise"
"SELP","greenyellow"
"RNH1","tan"
"ELAVL4","turquoise"
"SLBP","black"
"ZNF510","turquoise"
"KNG1","turquoise"
"SNRPA1","red"
"SPN","turquoise"
"SLC6A12","turquoise"
"ZNF91","grey"
"PTPN22","green"
"DICER1","red"
"PPIL2","turquoise"
"DPYS","turquoise"
"RAD51C","purple"
"WT1","turquoise"
"ACADL","turquoise"
"EPHA3","grey"
"UCN","grey"
"COLQ","pink"
"HMGA1","blue"
"CSNK2A1","blue"
"LRRC23","turquoise"
"KEL","green"
"CHML","red"
"PLCH2","brown"
"SLC24A1","turquoise"
"HCP5","green"
"ADGRB1","turquoise"
"PTPRR","turquoise"
"CTH","yellow"
"HFE","turquoise"
"LRRC37A","pink"
"NELL1","grey"
"DISC1","magenta"
"MATN3","grey"
"RTEL1","turquoise"
"TNXA","brown"
"UGT1A6","brown"
"ZNF35","grey"
"SLC67A1-AS","turquoise"
"ZBTB6","grey"
"PRKCH","greenyellow"
"CPM","brown"
"ECM2","brown"
"GINS1","yellow"
"RAC3","blue"
"ISL1","turquoise"
"AFF2","turquoise"
"MAPK12","blue"
"RGS11","turquoise"
"SRSF6","red"
"FUT1","brown"
"H3C10","grey"
"RNASE2","green"
"ANKRD7","turquoise"
"RAB5A","brown"
"EPHA4","brown"
"EGR3","grey"
"TPM1","brown"
"STAT4","green"
"BHMT","turquoise"
"CD33","green"
"AMPD1","turquoise"
"SOX15","brown"
"LLGL1","turquoise"
"KLK8","brown"
"CXCR5","green"
"ELK3","black"
"ADRA2C","grey"
"ARSB","turquoise"
"ASGR2","turquoise"
"CLPS","turquoise"
"MCC","turquoise"
"XAF1","green"
"ADAMDEC1","green"
"ST18","turquoise"
"FZD5","turquoise"
"RIMS2","turquoise"
"PI4KB","blue"
"LHX2","grey"
"MOCS3","turquoise"
"ZNF135","turquoise"
"SLC26A3","turquoise"
"MAGI1","turquoise"
"RHAG","turquoise"
"SCML2","grey"
"IL3RA","green"
"CHP2","brown"
"CD27","green"
"CELA3B","turquoise"
"AGAP2","turquoise"
"CYP4F11","turquoise"
"RLBP1","grey"
"ABCC2","grey"
"GJB5","brown"
"PTX3","grey"
"CNBP","black"
"GDF10","turquoise"
"APOBEC2","turquoise"
"SYT5","turquoise"
"MAB21L1","turquoise"
"CLCA2","brown"
"ARHGAP6","turquoise"
"ADRB2","brown"
"ADORA3","turquoise"
"IL13RA2","grey"
"ZNF222","grey"
"BMP6","turquoise"
"ARG1","brown"
"PLA2G5","turquoise"
"TPPP","tan"
"ZNF747","turquoise"
"SLAMF1","green"
"ZNF134","grey"
"HERC3","turquoise"
"CRKL","grey"
"CRYBB1","turquoise"
"MPP3","turquoise"
"PTGIR","turquoise"
"ZNF623","yellow"
"UNC5C","turquoise"
"GPR17","turquoise"
"ENTPD3","brown"
"CDSN","brown"
"HOXC4","turquoise"
"GH2","turquoise"
"RUNDC3A","turquoise"
"NME5","grey"
"CEACAM7","turquoise"
"ANXA11","grey"
"MEOX2","brown"
"RCVRN","turquoise"
"GRB14","turquoise"
"MPHOSPH9","yellow"
"CD180","green"
"CLC","turquoise"
"CA4","turquoise"
"CETP","green"
"SELE","greenyellow"
"CPA2","turquoise"
"WNT10B","turquoise"
"PLA2G7","green"
"OPCML","turquoise"
"SRPK3","turquoise"
"EDA","turquoise"
"MAGEB2","grey"
"VAV1","green"
"RASA3","grey"
"TNFRSF10C","turquoise"
"LMTK2","turquoise"
"CST1","grey"
"ZNF507","turquoise"
"HRG","turquoise"
"CILP","turquoise"
"PAX2","turquoise"
"LHX1","turquoise"
"KCNN1","turquoise"
"B4GALT6","yellow"
"MMP17","blue"
"LIG4","grey"
"GPR4","turquoise"
"NRG1","turquoise"
"YAF2","grey"
"SPINK1","turquoise"
"ZNF136","pink"
"KPNA5","grey"
"TM4SF5","turquoise"
"TIMP4","turquoise"
"CR1","turquoise"
"PFKFB4","turquoise"
"MICB","green"
"PRKCE","turquoise"
"MAP3K13","turquoise"
"AVPR1A","turquoise"
"DLG2","turquoise"
"EGF","turquoise"
"BLK","green"
"CPN1","grey"
"CCDC9","turquoise"
"ST8SIA5","turquoise"
"PROC","turquoise"
"TGM4","turquoise"
"ZNF239","turquoise"
"ADH1C","turquoise"
"FMO4","turquoise"
"GPLD1","turquoise"
"MATK","green"
"LEFTY1","turquoise"
"GCM1","turquoise"
"PRKCG","turquoise"
"TLR3","grey"
"PRELID3A","turquoise"
"CROCC","turquoise"
"MICAL2","blue"
"LY6D","brown"
"P2RY2","brown"
"PTAFR","green"
"PRKY","turquoise"
"CDH18","turquoise"
"ADCYAP1","turquoise"
"NEUROD1","turquoise"
"TAL1","turquoise"
"NPHP1","turquoise"
"CRIPTO","grey"
"ITIH4","turquoise"
"PGGT1B","turquoise"
"HOXA4","grey"
"RGS7","turquoise"
"NTS","pink"
"SULT2A1","turquoise"
"HSD3B2","turquoise"
"IL18","brown"
"MAP4K1","green"
"CTRC","turquoise"
"ARHGAP22","green"
"NALF2","turquoise"
"PTHLH","turquoise"
"TEC","turquoise"
"NUDT4","yellow"
"MYBPH","turquoise"
"C8A","turquoise"
"RYR3","turquoise"
"FOXD1","blue"
"TRDMT1","turquoise"
"CNMD","turquoise"
"SPINK2","turquoise"
"PLA2G1B","turquoise"
"GUCY2C","turquoise"
"HLA-DOA","turquoise"
"ZKSCAN7","pink"
"CRLF1","brown"
"KNTC1","yellow"
"ABCB8","blue"
"EPPIN","turquoise"
"SMAD9","turquoise"
"RFX1","turquoise"
"SYN3","grey"
"OPHN1","turquoise"
"DAPK2","turquoise"
"SERPINA6","turquoise"
"GRP","turquoise"
"CDH15","turquoise"
"EXTL1","grey"
"SHC3","turquoise"
"CALCRL","turquoise"
"IFI16","magenta"
"MSI1","turquoise"
"LIPF","turquoise"
"GALNS","turquoise"
"CXCL6","turquoise"
"CCR7","green"
"ELAVL3","turquoise"
"CARTPT","turquoise"
"NR1H4","turquoise"
"IL2RA","green"
"PON1","turquoise"
"PRLR","turquoise"
"PDK3","grey"
"LGI1","turquoise"
"APCS","turquoise"
"PEX10","blue"
"COX6A2","brown"
"SLCO1B3","grey"
"GNAL","brown"
"OPA3","blue"
"PRM1","turquoise"
"SOCS3","turquoise"
"PTGDR2","turquoise"
"MAP3K10","turquoise"
"MAF","brown"
"KIF14","yellow"
"XCL1","green"
"REN","turquoise"
"CPLX2","turquoise"
"PIK3CG","green"
"FOLR3","turquoise"
"MYF6","turquoise"
"ZIC1","grey"
"DUSP8","tan"
"HSPB3","turquoise"
"SLC6A15","magenta"
"FOXF2","magenta"
"SCGB2A2","brown"
"EYA3","grey"
"CFP","green"
"SCN2A","turquoise"
"BDNF","turquoise"
"G3BP2","black"
"CACNG3","turquoise"
"ANK3","brown"
"SERPINA7","turquoise"
"CDX2","turquoise"
"PDE3A","turquoise"
"PF4","turquoise"
"RARRES1","green"
"TNNI2","brown"
"MYBPC2","grey"
"DGKG","turquoise"
"SLC1A1","turquoise"
"GDF1","blue"
"CD19","green"
"CACNA1A","turquoise"
"LGALS7","brown"
"NPFF","turquoise"
"ZNF536","turquoise"
"FGF9","turquoise"
"USP6","red"
"SMCP","turquoise"
"CCL13","brown"
"LRRTM2","grey"
"TIAM1","brown"
"NR0B2","turquoise"
"ABL2","magenta"
"FER","grey"
"TCL1B","green"
"ASAP2","red"
"TLL1","turquoise"
"ZNF205","grey"
"CNGA1","turquoise"
"NOX1","turquoise"
"RORC","turquoise"
"IGSF6","green"
"SERPINB7","brown"
"GCG","grey"
"ANGPTL7","grey"
"CYP26A1","turquoise"
"TRPC3","turquoise"
"MLANA","magenta"
"ZNF143","red"
"F2RL1","brown"
"CDX1","turquoise"
"TBC1D9B","grey"
"HAS2","red"
"SPOCK3","turquoise"
"B4GALNT1","turquoise"
"MPPED1","turquoise"
"S1PR4","green"
"TCTN2","turquoise"
"EPYC","grey"
"LIN7A","turquoise"
"COMMD4","blue"
"SEMG1","turquoise"
"RORB","turquoise"
"PDE1B","turquoise"
"PRMT1","blue"
"CELA1","turquoise"
"ZNF365","grey"
"MASP1","turquoise"
"DBH","turquoise"
"TBCCD1","grey"
"PTPA","blue"
"NDRG2","brown"
"RHO","turquoise"
"GABRA5","turquoise"
"DIO1","turquoise"
"WNT2B","turquoise"
"AJAP1","turquoise"
"MT1H","grey"
"NTRK3","turquoise"
"DHRS2","turquoise"
"BMX","turquoise"
"ACSBG1","brown"
"TNFRSF6B","green"
"METTL13","purple"
"AKR7A3","purple"
"PLXNC1","magenta"
"TLE3","blue"
"MBTPS2","turquoise"
"CDK17","yellow"
"NOVA2","turquoise"
"FAM30A","green"
"TRPM1","magenta"
"LTC4S","brown"
"LDB2","brown"
"PTK6","brown"
"DNAAF11","turquoise"
"XPNPEP2","turquoise"
"CD5","green"
"LAG3","green"
"SUN1","pink"
"CD36","brown"
"DLGAP1","turquoise"
"NAPA","blue"
"FHIT","turquoise"
"ITGA2B","turquoise"
"HINFP","grey"
"FMO3","greenyellow"
"COA1","yellow"
"OCA2","grey"
"RCC1","blue"
"MIS18BP1","midnightblue"
"ETV1","yellow"
"INSM1","turquoise"
"PML","blue"
"CYP24A1","turquoise"
"UGT2B4","grey"
"SUPT3H","turquoise"
"ZSCAN12","red"
"CD70","grey"
"PIP","brown"
"SIX2","turquoise"
"AIM2","green"
"CYP4F3","brown"
"AMH","grey"
"CDH16","grey"
"RGS9","grey"
"SIGLEC6","turquoise"
"GTF2A1","grey"
"MGAM","grey"
"CYTH3","purple"
"TBXT","turquoise"
"GABRR1","turquoise"
"RIBC2","grey"
"ABAT","brown"
"TRPC6","turquoise"
"SLC26A4","pink"
"RAB30","turquoise"
"DPF1","turquoise"
"SMARCB1","blue"
"CHRNA5","grey"
"GRIN2A","grey"
"SLC2A2","turquoise"
"XIAP","yellow"
"MRAS","grey"
"CYP4F12","turquoise"
"GLB1L","grey"
"KLKB1","turquoise"
"SMARCA2","brown"
"CD28","green"
"SYCP2","red"
"PPEF1","turquoise"
"INSL4","turquoise"
"NUP155","yellow"
"KLHL24","pink"
"TAC1","turquoise"
"SETMAR","red"
"THUMPD1","red"
"CLUL1","turquoise"
"ZNF702P","grey"
"SIM2","turquoise"
"MIA","grey"
"AKR1B10","brown"
"OPRL1","turquoise"
"GUSBP14","pink"
"SLC7A1","magenta"
"PHF20","pink"
"TNP1","turquoise"
"IL24","turquoise"
"PSG11","turquoise"
"MAP4K4","yellow"
"ZNF85","pink"
"KCNQ3","turquoise"
"PTP4A3","grey"
"CDKL5","turquoise"
"CEACAM1","grey"
"VIP","turquoise"
"NKX2-5","grey"
"ZKSCAN8","turquoise"
"EFEMP2","cyan"
"BNC1","brown"
"ADGRG1","magenta"
"KRABD4","red"
"LY96","green"
"MKRN3","turquoise"
"CNR2","turquoise"
"CCT6B","black"
"DAZL","turquoise"
"GFI1","green"
"DRD2","turquoise"
"RAG1","grey"
"AP3D1","magenta"
"MED22","blue"
"PASK","turquoise"
"CST6","brown"
"NRL","turquoise"
"INS","turquoise"
"SLC16A5","turquoise"
"HOXD3","turquoise"
"SLC2A4","turquoise"
"OVOL1","brown"
"ENDOU","brown"
"LIPC","turquoise"
"CBL","turquoise"
"RPGRIP1","turquoise"
"MAGEC1","grey"
"F11","turquoise"
"LINC03124","turquoise"
"CACNG1","turquoise"
"TAF1A","yellow"
"GDF5","turquoise"
"ADAM22","turquoise"
"RENBP","magenta"
"IL18R1","turquoise"
"DKK4","turquoise"
"GRAP","grey"
"EIF4H","blue"
"TRH","turquoise"
"PDE6A","turquoise"
"USP9Y","grey"
"PRPH2","turquoise"
"SSX1","green"
"SLC5A1","turquoise"
"ADAMTSL2","turquoise"
"TYR","magenta"
"PTGER2","green"
"APOBEC3B","yellow"
"CHRNA1","turquoise"
"SIX3","turquoise"
"CHRNB2","turquoise"
"RASA2","grey"
"P2RY14","brown"
"HTR2B","grey"
"HTN1","turquoise"
"GAGE12I","grey"
"TNFRSF17","green"
"DSG1","brown"
"HAL","brown"
"NR0B1","turquoise"
"GLI1","turquoise"
"HBZ","turquoise"
"ZNF571","grey"
"TFE3","brown"
"IQCC","grey"
"CPB2","turquoise"
"ZMYM5","red"
"POLR3G","yellow"
"GP1BB","brown"
"APMAP","grey"
"MYOD1","turquoise"
"UPK3B","turquoise"
"IGLL1","green"
"DBF4B","blue"
"GLRX","greenyellow"
"SP4","turquoise"
"SI","turquoise"
"BCL2L1","blue"
"GZMK","green"
"SCAMP1","red"
"SAG","turquoise"
"AQP2","turquoise"
"GPR176","grey"
"FLT3","turquoise"
"SKIL","pink"
"CEACAM8","grey"
"KRT31","brown"
"GABRA1","turquoise"
"APBA1","turquoise"
"CD5L","turquoise"
"GP2","turquoise"
"CLEC10A","greenyellow"
"ZNF165","brown"
"ATF7","turquoise"
"HCG4","grey"
"PDK1","grey"
"PTPN6","green"
"CPSF4","magenta"
"KAT5","tan"
"ASIC2","grey"
"PDIA2","turquoise"
"KCNJ10","grey"
"IL7","green"
"PNLIPRP1","turquoise"
"ZNF43","brown"
"GPR143","magenta"
"HP","turquoise"
"XK","grey"
"NPAS1","grey"
"KDM5D","grey"
"TEK","turquoise"
"CHRNB1","grey"
"CLCN5","turquoise"
"TULP1","turquoise"
"NTF3","turquoise"
"RIPOR2","green"
"FOXN2","grey"
"GPT","brown"
"EPB41L3","grey"
"GRTP1","turquoise"
"NTNG1","turquoise"
"ALOX15B","brown"
"TFEC","green"
"UMOD","turquoise"
"MYH8","turquoise"
"LMO1","turquoise"
"SYNGR4","turquoise"
"MGAT5","grey"
"CCDC181","turquoise"
"LPAR2","brown"
"CBX4","blue"
"HPGDS","brown"
"C9","grey"
"EEF1AKMT4-ECE2","turquoise"
"TNFRSF8","turquoise"
"GRIA3","turquoise"
"CNKSR2","turquoise"
"SLITRK3","turquoise"
"TULP2","turquoise"
"JRKL","red"
"CHRNA4","turquoise"
"WNT11","brown"
"APOC4","turquoise"
"HOXC5","grey"
"SYCP1","turquoise"
"SSUH2","grey"
"VEGFD","turquoise"
"ASGR1","turquoise"
"HOXC11","turquoise"
"BFSP1","grey"
"GPRIN2","turquoise"
"SPAG9","yellow"
"CD1B","brown"
"MAFK","turquoise"
"PCYT1B","brown"
"DFFB","red"
"RDH16","turquoise"
"CYP2B6","turquoise"
"CHST7","greenyellow"
"PDE5A","turquoise"
"EDN2","brown"
"FCER2","green"
"CD96","green"
"KCNA5","turquoise"
"FKBP6","turquoise"
"MPPE1","grey"
"KCNJ2","grey"
"ITGA10","grey"
"RBMS3","grey"
"RPL3L","turquoise"
"TMSB4Y","green"
"SLC35A3","red"
"UPK3A","turquoise"
"PTH2R","turquoise"
"LY6H","turquoise"
"FRMPD1","turquoise"
"CUBN","grey"
"ACRV1","turquoise"
"CRYBB2","blue"
"ASMT","grey"
"GAD2","turquoise"
"DNAJC4","tan"
"FGF4","turquoise"
"AQP8","turquoise"
"KLRC2","green"
"HTN3","turquoise"
"BRDT","grey"
"POU2F1","turquoise"
"NDUFB1","salmon"
"PDE4C","pink"
"PNMT","turquoise"
"ERBB4","turquoise"
"F2RL2","turquoise"
"CCN4","turquoise"
"NAT2","turquoise"
"DLEC1","turquoise"
"SCGB1D2","brown"
"MTHFR","turquoise"
"NPPB","turquoise"
"PAX5","green"
"PDYN","turquoise"
"CD3G","green"
"SEMA3A","grey"
"DGKI","turquoise"
"HNRNPA3P1","yellow"
"ZNF44","pink"
"ADCY8","turquoise"
"ADRB3","turquoise"
"CTF1","turquoise"
"NGF","turquoise"
"SPAG8","grey"
"CELF3","turquoise"
"CNNM2","turquoise"
"POM121L9P","turquoise"
"AGFG2","turquoise"
"L3MBTL1","turquoise"
"CES1P1","turquoise"
"OXTR","turquoise"
"PMP2","grey"
"TRPV6","brown"
"TXK","green"
"ZNF430","pink"
"SLC4A10","turquoise"
"ARSD","grey"
"SEMA3F","brown"
"ACYP2","grey"
"HBD","turquoise"
"STATH","turquoise"
"SLC6A3","turquoise"
"ALX1","magenta"
"TBX19","turquoise"
"C22orf31","turquoise"
"AFM","brown"
"PDE6H","turquoise"
"KCND1","turquoise"
"CRYBA4","turquoise"
"FBP2","turquoise"
"RNF40","blue"
"HDAC6","turquoise"
"HOXA7","pink"
"GABRG2","turquoise"
"RASL10A","turquoise"
"RNASE3","turquoise"
"EPHA7","turquoise"
"MAP3K7","red"
"HYAL2","blue"
"LILRB5","turquoise"
"FKBP1B","grey"
"HOXC6","pink"
"PAEP","grey"
"MIOS","red"
"CGGBP1","magenta"
"ZNF254","pink"
"HRK","magenta"
"CDH4","turquoise"
"GCKR","turquoise"
"STARD8","turquoise"
"CHAD","turquoise"
"PPARA","turquoise"
"ELANE","turquoise"
"SLC17A1","turquoise"
"CA6","brown"
"SLK","red"
"SIM1","turquoise"
"MXD1","grey"
"DAO","turquoise"
"NRG2","turquoise"
"P2RX6","turquoise"
"LILRA3","green"
"SLC1A6","brown"
"GP9","grey"
"SCEL","brown"
"ACKR2","turquoise"
"ARHGDIG","turquoise"
"IL12RB1","grey"
"ACTN3","turquoise"
"AMHR2","turquoise"
"SALL1","grey"
"APOA4","grey"
"PPP1R3A","turquoise"
"GNG7","magenta"
"PAGE1","turquoise"
"CDH19","yellow"
"NTSR2","turquoise"
"ZNF253","turquoise"
"BRME1","turquoise"
"MATN1","turquoise"
"ICAM5","grey"
"TNFSF9","grey"
"CLDN11","turquoise"
"CFHR2","greenyellow"
"TRIM25","turquoise"
"FOXE1","turquoise"
"BAAT","grey"
"CRTAM","green"
"NKX2-2","turquoise"
"TAT","turquoise"
"GNA13","grey"
"CPNE1","blue"
"GLE1","grey"
"VCY","turquoise"
"PRKCA","pink"
"IL11","turquoise"
"ST8SIA4","green"
"GUCY1A2","turquoise"
"ZNF124","midnightblue"
"NFIC","tan"
"GLYAT","turquoise"
"ZNF141","turquoise"
"CH25H","greenyellow"
"H6PD","turquoise"
"SIRPB1","turquoise"
"PCDH8","turquoise"
"SPTA1","turquoise"
"SRD5A2","turquoise"
"DCC","turquoise"
"POU4F1","turquoise"
"SEMA3E","grey"
"PMCH","grey"
"TGFBR1","grey"
"HTR6","turquoise"
"LCT","turquoise"
"HCN4","turquoise"
"B3GALT5","turquoise"
"NEU3","turquoise"
"RUSC1","brown"
"SCN9A","grey"
"H4C5","turquoise"
"G6PC1","brown"
"ADGRL2","brown"
"WT1-AS","turquoise"
"AQP7","turquoise"
"BGLAP","turquoise"
"AGXT","turquoise"
"UPF3A","red"
"LPAR4","turquoise"
"MED20","yellow"
"NAT8B","turquoise"
"KLF12","pink"
"CCNT1","pink"
"NFRKB","pink"
"KRT34","turquoise"
"CNTN2","turquoise"
"GPR161","magenta"
"PPFIA2","turquoise"
"CXCR6","green"
"LTA","turquoise"
"HSPH1","yellow"
"PTH","grey"
"CCR2","green"
"C8B","turquoise"
"FLT3LG","greenyellow"
"SCN4A","turquoise"
"CRYBA1","grey"
"CCR6","green"
"RIT2","turquoise"
"HSD17B3","turquoise"
"FGF18","turquoise"
"CCL25","turquoise"
"SCAF11","grey"
"TNR","turquoise"
"CCR5","green"
"DMAC2L","grey"
"CST4","grey"
"SCARF1","turquoise"
"CACNB1","turquoise"
"HS6ST1","turquoise"
"PRB3","turquoise"
"IL12RB2","magenta"
"PPP3CC","turquoise"
"TSC22D3","greenyellow"
"PLAGL1","brown"
"GUCA1B","turquoise"
"CCDC106","blue"
"NR1I3","grey"
"CXCR2","brown"
"PHOX2B","turquoise"
"GABRB1","turquoise"
"PTK7","blue"
"MMP16","grey"
"GABRA2","turquoise"
"ALDH1A2","turquoise"
"RAB27B","brown"
"AKAP4","turquoise"
"HSF2BP","turquoise"
"ZPBP","turquoise"
"LDHC","purple"
"KRT10","brown"
"CHRND","turquoise"
"GJC2","turquoise"
"ATP2B3","turquoise"
"HGFAC","grey"
"MYCNOS","turquoise"
"KITLG","turquoise"
"CSRP2","brown"
"NKX3-2","turquoise"
"CRISP1","turquoise"
"CBLIF","turquoise"
"GLI2","turquoise"
"SLC30A3","turquoise"
"GRIN2D","turquoise"
"TNFRSF11A","grey"
"SLC16A6","magenta"
"CDKN2A","magenta"
"ST13","black"
"MASP2","turquoise"
"E2F2","turquoise"
"SLC6A9","brown"
"THRB","turquoise"
"VPS50","grey"
"H4C14","grey"
"CLCNKA","turquoise"
"SLC6A11","grey"
"SCN8A","turquoise"
"CACNA2D1","turquoise"
"SLC17A4","turquoise"
"HAVCR1","turquoise"
"SLC8A1","turquoise"
"IMPG1","grey"
"GPR37L1","grey"
"SLC4A8","grey"
"SLC16A7","brown"
"PRKN","grey"
"PAX9","turquoise"
"EN2","magenta"
"ERN1","grey"
"IAPP","grey"
"TTTY14","turquoise"
"AOC2","turquoise"
"KRT75","brown"
"HRC","turquoise"
"HDC","turquoise"
"ZFP37","pink"
"SMAD6","turquoise"
"RGR","turquoise"
"ACO1","turquoise"
"IL18RAP","turquoise"
"CDKL2","turquoise"
"SLC18A1","turquoise"
"NLRP3","green"
"ASS1","brown"
"CELA2B","turquoise"
"MED6","black"
"PYY","turquoise"
"PI4KA","grey"
"CSF1","green"
"CC2D1A","blue"
"POU3F2","grey"
"CSF2RA","green"
"GAGE4","grey"
"SLC25A11","blue"
"NRAP","grey"
"ZFP30","red"
"P2RX7","blue"
"LEP","turquoise"
"OMG","turquoise"
"CXCR1","turquoise"
"SLC10A2","turquoise"
"SAA4","turquoise"
"SLC17A2","turquoise"
"MFN1","black"
"CHM","grey"
"VAMP1","green"
"AKR1D1","turquoise"
"KCND2","turquoise"
"LILRB1","green"
"PIK3R2","blue"
"LTK","turquoise"
"RPE65","turquoise"
"NIPBL","red"
"POU2F3","brown"
"KCNJ12","brown"
"ADGRE1","turquoise"
"GAB1","turquoise"
"TNF","turquoise"
"LY6G6C","brown"
"MBTD1","pink"
"GAPDHS","magenta"
"ZNF117","turquoise"
"MMP23B","brown"
"PRKG1","turquoise"
"ZNF667","grey"
"MAPK6","black"
"SULT1A2","pink"
"MATN4","brown"
"ZNF225","grey"
"UGT1A1","brown"
"HNRNPH3","red"
"ZNF223","turquoise"
"CA5B","turquoise"
"ZMYND8","red"
"GGT1","turquoise"
"PFDN5","salmon"
"ALPK1","pink"
"TPSB2","brown"
"HTR2A","turquoise"
"ARR3","turquoise"
"TONSL","grey"
"PHF2","grey"
"ATP4A","turquoise"
"ALPI","turquoise"
"KCNJ3","turquoise"
"CDK6","grey"
"CITED1","magenta"
"MSTN","pink"
"KRT32","turquoise"
"DLX2","turquoise"
"MYOZ2","turquoise"
"CDH12","pink"
"SLC18A3","turquoise"
"ADCYAP1R1","turquoise"
"NTRK2","brown"
"GLMN","pink"
"DIO3","turquoise"
"TBX5","turquoise"
"H2AC11","grey"
"GNG5","purple"
"APOBEC1","grey"
"CRTC1","turquoise"
"IL12A","turquoise"
"KIAA0087","turquoise"
"CACNA1B","turquoise"
"AKT1","blue"
"ZBTB18","red"
"HMMR","yellow"
"GNGT1","turquoise"
"CD101","turquoise"
"MACROH2A1","grey"
"LETMD1","grey"
"CDH11","cyan"
"GPC5","turquoise"
"ADIPOQ","turquoise"
"CD80","turquoise"
"PTGFR","brown"
"FRK","grey"
"TLX1","turquoise"
"HTATIP2","grey"
"CASP7","black"
"GABRA6","turquoise"
"GPR19","yellow"
"SLC6A13","turquoise"
"SLC10A1","turquoise"
"BPTF","midnightblue"
"JAK3","turquoise"
"CDK3","turquoise"
"ZZEF1","turquoise"
"ISLR","cyan"
"DNASE1L2","brown"
"AGRP","turquoise"
"ICAM4","turquoise"
"CNTN6","pink"
"TNIP1","green"
"ZIC3","turquoise"
"LIMS1","red"
"TERT","turquoise"
"OTC","turquoise"
"SLC22A1","turquoise"
"NR1I2","turquoise"
"FSCN2","turquoise"
"CEACAM4","turquoise"
"ALOX12","brown"
"RBMXL2","turquoise"
"CETN1","turquoise"
"GABRA3","turquoise"
"USP2","turquoise"
"SLC9A3","turquoise"
"SPINK4","turquoise"
"GSTT4","turquoise"
"TNFSF8","turquoise"
"F9","turquoise"
"ZFP69B","grey"
"ART4","turquoise"
"F2RL3","turquoise"
"PLA2G10","turquoise"
"PTBP3","green"
"SIGLEC7","turquoise"
"AANAT","turquoise"
"H2BC15","turquoise"
"RFPL2","turquoise"
"PRKACG","turquoise"
"KLRA1P","grey"
"CDON","grey"
"DZIP3","red"
"MITF","magenta"
"RFX3","cyan"
"GRM5","turquoise"
"ZNF345","red"
"KCNA3","green"
"PTPRC","green"
"CDK16","blue"
"LHCGR","turquoise"
"LINC01587","turquoise"
"GRIK1","turquoise"
"UGT2B17","grey"
"ZFY","grey"
"KCNA4","grey"
"SLC28A2","turquoise"
"SIX6","turquoise"
"MEP1B","turquoise"
"INE1","turquoise"
"UBN1","grey"
"SLC15A1","brown"
"LEPR","turquoise"
"MBL2","grey"
"EPO","turquoise"
"DSCR4","turquoise"
"ANKRD40CL","grey"
"FEV","turquoise"
"CNGA3","grey"
"APOF","grey"
"VEZT","pink"
"RIPPLY3","turquoise"
"ABI2","yellow"
"DEFA4","turquoise"
"CD300C","turquoise"
"SPAG11B","turquoise"
"ZNF80","grey"
"CHRNE","grey"
"CDR1","grey"
"CD209","turquoise"
"RNF185-AS1","turquoise"
"VCX2","grey"
"MYOG","turquoise"
"RPL23AP32","pink"
"BIN3-IT1","turquoise"
"ASMTL-AS1","turquoise"
"MMP25","turquoise"
"PLXNA2","brown"
"PRRG4","brown"
"MAPK7","grey"
"AGTR2","turquoise"
"SCNN1G","turquoise"
"ZNF343","grey"
"SLC17A3","turquoise"
"GRM1","turquoise"
"F7","turquoise"
"EFNA5","turquoise"
"SGCG","turquoise"
"PDE1C","turquoise"
"ZNF45","red"
"TRAPPC8","red"
"TCF15","turquoise"
"HTR2C","turquoise"
"SLCO1A2","turquoise"
"NOS1","turquoise"
"DOC2B","turquoise"
"PHKG1","turquoise"
"KIR3DL2","turquoise"
"CD226","turquoise"
"HAS1","turquoise"
"CASQ2","brown"
"CDK13","pink"
"STAU1","black"
"ABCB9","grey"
"ITSN1","turquoise"
"MBP","magenta"
"DSC1","brown"
"MAGEA1","grey"
"BTC","turquoise"
"EYA4","grey"
"ALOX15","turquoise"
"MMP8","grey"
"PZP","turquoise"
"CENPF","yellow"
"TFRC","yellow"
"NMBR","turquoise"
"TGFBR2","greenyellow"
"ATP5ME","salmon"
"SOX5","magenta"
"CTAG2","grey"
"ZNF200","yellow"
"LTB","green"
"PRTN3","grey"
"CNGB1","turquoise"
"LYZL6","green"
"AKAP3","turquoise"
"STX2","yellow"
"ERCC6","turquoise"
"UCP3","turquoise"
"VAMP4","red"
"SH2D2A","green"
"GABRB2","turquoise"
"HMX1","turquoise"
"CCL16","turquoise"
"SLC1A7","turquoise"
"DEFB4A","grey"
"GALNT10","green"
"MACF1","brown"
"CAMKK2","grey"
"NTSR1","turquoise"
"HBP1","black"
"SLC30A4","turquoise"
"RS1","turquoise"
"TEX28","turquoise"
"USP34","pink"
"KCNS1","turquoise"
"ATP12A","brown"
"HTR1D","turquoise"
"BRS3","turquoise"
"IBSP","grey"
"ENTPD2","turquoise"
"HOXD10","turquoise"
"PLSCR2","turquoise"
"IL15RA","greenyellow"
"VENTX","turquoise"
"PPP1R2C","turquoise"
"TREH","turquoise"
"EDIL3","turquoise"
"ALOX12B","brown"
"TP63","brown"
"RHBDL1","turquoise"
"PGLYRP1","turquoise"
"TFDP3","pink"
"CYP7B1","grey"
"GK","turquoise"
"PTGES","brown"
"GP1BA","turquoise"
"SMTN","grey"
"PIP5K1A","blue"
"UGT2B15","turquoise"
"HCRTR2","turquoise"
"ZNF137P","pink"
"BTN1A1","turquoise"
"ALG3","blue"
"HOXD13","grey"
"BFSP2","grey"
"NPY5R","turquoise"
"PROX1","turquoise"
"ZNF132","grey"
"IRS4","turquoise"
"HTR1E","turquoise"
"RAD17","turquoise"
"CYP7A1","grey"
"CYP4A11","turquoise"
"SLC22A14","turquoise"
"LECT2","turquoise"
"TLX2","turquoise"
"CELP","turquoise"
"SCN5A","grey"
"PCSK6","turquoise"
"PLA2R1","turquoise"
"NFATC3","green"
"ZNF177","turquoise"
"DDO","grey"
"RAC2","green"
"COLEC10","turquoise"
"CA5A","turquoise"
"ADAM20","turquoise"
"MYF5","turquoise"
"SEPTIN9","magenta"
"TNFSF4","turquoise"
"ACR","turquoise"
"CDK11B","pink"
"SLC22A2","turquoise"
"MSMB","brown"
"DEGS1","brown"
"BEST2","turquoise"
"IL10","green"
"SRRM2","pink"
"SORBS1","pink"
"SNUPN","magenta"
"SLC35A2","blue"
"SMR3B","turquoise"
"CSF3","turquoise"
"NR2E1","magenta"
"SLC22A13","turquoise"
"CCR9","turquoise"
"TLR6","turquoise"
"MGAT4C","turquoise"
"POFUT2","turquoise"
"POU6F2","turquoise"
"NKX2-8","grey"
"CNTN5","grey"
"DNAJB5","turquoise"
"GRIK3","turquoise"
"P2RY1","turquoise"
"HNF4G","turquoise"
"LY6G6D","turquoise"
"RHPN1-AS1","turquoise"
"GYPB","turquoise"
"GZMM","pink"
"GLRA2","turquoise"
"PRSS3","brown"
"GAL","brown"
"CAST","brown"
"SFRP5","turquoise"
"PIR","magenta"
"RARS2","turquoise"
"MLN","green"
"SNRK","black"
"FABP2","turquoise"
"MEIS2","red"
"TP53TG5","turquoise"
"CAND1","black"
"BTN3A1","green"
"CHN2","turquoise"
"RPS2P45","turquoise"
"TUBA4B","brown"
"MOGAT2","turquoise"
"NGLY1","red"
"SSX2","green"
"ZNF76","blue"
"RAB28","black"
"MS4A2","brown"
"CYP2D6","turquoise"
"UNC45A","blue"
"CASP5","grey"
"FGF12","turquoise"
"GUCA2B","grey"
"TCP10L3","turquoise"
"CA7","turquoise"
"PRKG2","turquoise"
"GLRX3","purple"
"ATP5MC3","purple"
"LAIR2","green"
"BDKRB1","brown"
"ZNF189","pink"
"GNAT1","turquoise"
"POLR1C","grey"
"CHRNB4","turquoise"
"DGKE","turquoise"
"SLC6A4","turquoise"
"RO60","midnightblue"
"ATP2A3","green"
"TSBP1","turquoise"
"ST7","magenta"
"GIPC1","blue"
"IL1RL1","turquoise"
"KCNJ9","turquoise"
"SLC7A11","yellow"
"DEFA5","turquoise"
"CDKN2B","grey"
"CRYGC","turquoise"
"CRYGD","turquoise"
"CCL1","grey"
"MAGEB1","grey"
"NFKB2","green"
"TNFRSF9","green"
"PFKFB1","turquoise"
"IL4","turquoise"
"SYK","green"
"EXOSC10","red"
"AQP1","brown"
"P4HA1","yellow"
"ADH6","turquoise"
"NUMB","black"
"ATP4B","turquoise"
"FAM107A","brown"
"GRM7","turquoise"
"CD46","black"
"MPL","turquoise"
"MSL3","green"
"ATP5MC2","blue"
"OPRK1","turquoise"
"TBXA2R","turquoise"
"DGKZ","grey"
"RYR2","turquoise"
"PITX2","grey"
"ZMYM3","turquoise"
"SLC28A1","turquoise"
"ASIC3","turquoise"
"DGKQ","grey"
"OGT","pink"
"MR1","green"
"SLC13A2","grey"
"CHRNA6","turquoise"
"ROS1","turquoise"
"SHOX","turquoise"
"THEMIS2","green"
"DRC8","turquoise"
"ATP5MG","salmon"
"GADD45B","greenyellow"
"GOLGA6B","turquoise"
"OXT","turquoise"
"HTR4","turquoise"
"MAGEB3","turquoise"
"MAGEB4","turquoise"
"PIN1P1","turquoise"
"ABCD2","turquoise"
"LPA","grey"
"RPL36AL","grey"
"SHH","brown"
"CRYGA","turquoise"
"ADRA1B","grey"
"CENPI","yellow"
"ARID1A","grey"
"HCN2","blue"
"ABCG4","turquoise"
"SYNJ1","turquoise"
"ADAM18","turquoise"
"XRCC2","pink"
"MMP20","turquoise"
"KCNC3","turquoise"
"SULT1B1","turquoise"
"TMPRSS11D","turquoise"
"SLC4A7","red"
"ARHGAP12","red"
"ASCL2","grey"
"CYP1A2","turquoise"
"ADGRE2","green"
"H2BC13","turquoise"
"WNT8B","turquoise"
"CAMK2A","turquoise"
"CUL1","blue"
"GAS8-AS1","turquoise"
"TANK","black"
"BCS1L","blue"
"HCRTR1","turquoise"
"CASK","grey"
"PEMT","blue"
"ABCF2-H2BK1","blue"
"RPGR","red"
"CBFA2T2","turquoise"
"SLC7A2","turquoise"
"TFCP2","grey"
"BUD23","blue"
"ARHGEF2","yellow"
"CREM","yellow"
"NBR2","pink"
"MUSK","turquoise"
"PDCD1","turquoise"
"KCNH1","turquoise"
"SERPINI2","turquoise"
"WSCD2","turquoise"
"TMPRSS15","turquoise"
"FZD9","turquoise"
"NTN3","grey"
"TNFRSF13B","turquoise"
"HCRT","turquoise"
"TNFRSF1A","brown"
"FOXH1","turquoise"
"CHD1L","yellow"
"CDY1","turquoise"
"DRP2","turquoise"
"KRT37","turquoise"
"PTGER1","turquoise"
"GPR171","green"
"CMKLR1","turquoise"
"FOXD2","grey"
"DR1","black"
"BLNK","green"
"ACOX1","grey"
"TNPO1","yellow"
"MOBP","turquoise"
"SH3PXD2A","brown"
"TBX1","turquoise"
"ADAM2","grey"
"ADAM21","turquoise"
"SSX3","turquoise"
"MAP2K3","brown"
"PDIA6","purple"
"KRT83","grey"
"KRT85","brown"
"BEST1","turquoise"
"RFX4","turquoise"
"NPHS1","pink"
"FCAR","turquoise"
"ARTN","turquoise"
"ONECUT2","turquoise"
"SOX30","grey"
"PAX3","magenta"
"CXCR3","green"
"KIF25","turquoise"
"FOXN1","brown"
"TBX6","turquoise"
"CRYBB3","turquoise"
"CASP8","green"
"INHBC","turquoise"
"TBX10","turquoise"
"ALX3","turquoise"
"ENTPD1","green"
"CACNB4","turquoise"
"POU3F4","turquoise"
"IGSF1","turquoise"
"FUT9","turquoise"
"LILRB2","green"
"LINC01558","turquoise"
"ZFHX2","turquoise"
"NCOA3","green"
"YWHAH-AS1","turquoise"
"MAGI2","red"
"NLGN4Y","turquoise"
"NINL","pink"
"USH2A","turquoise"
"SEC13","purple"
"ALOXE3","brown"
"PRKAA2","pink"
"LCE2B","brown"
"MTCL2","pink"
"BAGE","turquoise"
"RBCK1","grey"
"SERPINH1","blue"
"CRYGB","turquoise"
"KRT38","turquoise"
"PKP2","turquoise"
"CYP2A7","turquoise"
"CEP170","midnightblue"
"LORICRIN","brown"
"BTBD2","blue"
"KLRC3","grey"
"SPAST","red"
"POU4F2","turquoise"
"ESRRB","turquoise"
"MUTYH","turquoise"
"ATF7IP","grey"
"CDH9","turquoise"
"TNFAIP8L1","pink"
"DLG3","turquoise"
"PSG9","turquoise"
"LAX1","green"
"RNF125","pink"
"TNP2","turquoise"
"NCKAP1","black"
"GAGE2C","grey"
"NR6A1","turquoise"
"CABP2","turquoise"
"POLQ","turquoise"
"DOK4","brown"
"PPP2R3A","brown"
"PRB1","turquoise"
"ZNF304","red"
"RASSF8","grey"
"ZFP2","turquoise"
"NCOR2","turquoise"
"TMT1A","brown"
"LPAL2","turquoise"
"S100A5","turquoise"
"HIPK3","turquoise"
"ATOSB","blue"
"CDKL1","grey"
"EGR4","turquoise"
"PQBP1","blue"
"SLC5A2","grey"
"PRMT8","turquoise"
"CYP3A43","turquoise"
"ATG10","turquoise"
"MGC4859","grey"
"CACNB2","turquoise"
"SP140","green"
"REG1CP","turquoise"
"CYLC2","turquoise"
"ZNF711","turquoise"
"HUWE1","salmon"
"RBPJ","red"
"CYP2R1","grey"
"KRT33B","turquoise"
"SORBS3","tan"
"DPP6","turquoise"
"LRRC1","turquoise"
"RAB1A","black"
"OPRD1","turquoise"
"EPB41","turquoise"
"KLRD1","green"
"LRP2BP","turquoise"
"ARMCX4","turquoise"
"AKAP5","turquoise"
"RNF10","tan"
"CRISP3","turquoise"
"CSN3","turquoise"
"FCN2","turquoise"
"PSMD9","grey"
"PROS1","black"
"ATP6AP1","blue"
"F13B","pink"
"KRT12","turquoise"
"GORASP2","purple"
"FDXR","blue"
"DEFA6","turquoise"
"PF4V1","grey"
"LALBA","turquoise"
"IFNW1","turquoise"
"HTR7","turquoise"
"ABCB4","grey"
"ADH1A","turquoise"
"PTK2","yellow"
"FGFR1","turquoise"
"AIF1","green"
"MAZ","blue"
"GHRHR","turquoise"
"ID3","brown"
"PPP1R8","yellow"
"HLCS","grey"
"RBPMS","grey"
"PBXIP1","green"
"TMEM8B","turquoise"
"CD160","turquoise"
"SPIN2A","turquoise"
"CASC3","grey"
"CYB5A","brown"
"IL13","turquoise"
"ANAPC10","black"
"POU1F1","grey"
"MUC1","brown"
"AVP","turquoise"
"IL2","turquoise"
"CXCL3","grey"
"INSR","brown"
"CXCL5","grey"
"SNCB","grey"
"GYPE","grey"
"CLCC1","red"
"SMPD4","blue"
"LILRA2","green"
"PKLR","turquoise"
"CHRNB3","turquoise"
"NCR1","turquoise"
"CCL22","brown"
"UPK2","turquoise"
"ADPRH","turquoise"
"SCN7A","pink"
"BMP8B","turquoise"
"PAX4","turquoise"
"CHRNA2","turquoise"
"CACNA1G","turquoise"
"AKAP9","pink"
"LILRA1","turquoise"
"SEZ6L","turquoise"
"CFHR4","turquoise"
"FLNC","brown"
"NVL","yellow"
"KRT76","turquoise"
"ADAM11","turquoise"
"TFR2","pink"
"GUCY2D","grey"
"S100G","turquoise"
"CALCR","turquoise"
"SARDH","turquoise"
"HAUS7","grey"
"CD40LG","green"
"SRY","turquoise"
"TCL6","turquoise"
"NAALADL1","grey"
"CRHR2","turquoise"
"GIP","grey"
"CCL17","grey"
"IL12B","turquoise"
"IL5RA","turquoise"
"LNPEP","grey"
"IL3","grey"
"TNFSF14","grey"
"KRT2","brown"
"DAZ2","turquoise"
"SCGB1D1","turquoise"
"TGM5","brown"
"DAZ1","grey"
"CYP2F1","turquoise"
"EVX1","pink"
"RBMY2BP","turquoise"
"NUDT13","turquoise"
"TSPY1","turquoise"
"ART1","turquoise"
"ZFX","grey"
"MAEA","grey"
"CST5","grey"
"GP5","turquoise"
"GLRA3","turquoise"
"GRPR","turquoise"
"LCN1","turquoise"
"PFKFB2","turquoise"
"IFNA8","turquoise"
"ZP2","turquoise"
"RFPL1","grey"
"KRT13","brown"
"RFPL3","turquoise"
"PI15","turquoise"
"CNR1","turquoise"
"RBM39","red"
"OCM2","turquoise"
"CSNK1D","blue"
"MAML3","grey"
"CSN2","turquoise"
"IL5","grey"
"GATA2","brown"
"CCL27","brown"
"PRKCB","green"
"UGT2A1","grey"
"DNAH9","turquoise"
"CAPN11","turquoise"
"KIF25-AS1","turquoise"
"IFNA4","turquoise"
"NEUROG3","grey"
"GLG1","blue"
"VPS45","red"
"MEF2C","green"
"CEP68","brown"
"GLRA1","turquoise"
"KLHL18","brown"
"DPT","brown"
"NR4A3","yellow"
"CD8B","green"
"CITED2","brown"
"ESRRG","turquoise"
"H1-6","turquoise"
"STAG2","yellow"
"MPP2","turquoise"
"CYB561","brown"
"GNRH1","pink"
"ARPC2","green"
"OPRM1","turquoise"
"AMPD3","greenyellow"
"CHP1","brown"
"CLEC4M","turquoise"
"LDLRAD4","turquoise"
"CACNA1D","turquoise"
"GML","turquoise"
"ACOT7","blue"
"NFAT5","red"
"OPRPN","turquoise"
"NTN1","turquoise"
"FOXI1","turquoise"
"CES3","turquoise"
"TBC1D29P","turquoise"
"ARHGEF16","turquoise"
"SP110","lightcyan"
"MCF2","turquoise"
"HCK","green"
"ZNF157","turquoise"
"CACNA1C","turquoise"
"RFC1","black"
"CDC14B","turquoise"
"TNFRSF4","green"
"DGCR6","tan"
"HMGA2","red"
"H4C6","turquoise"
"TLL2","turquoise"
"GPX5","turquoise"
"LAPTM4B","purple"
"ADD1","blue"
"RFX2","blue"
"ZFHX3","blue"
"PROZ","green"
"GRM6","turquoise"
"OPN1SW","turquoise"
"MADCAM1","turquoise"
"IL1RL2","turquoise"
"SLC9A2","turquoise"
"MYBPC3","turquoise"
"GRK1","turquoise"
"AGGF1","black"
"PPARD","grey"
"H4C1","turquoise"
"NAB1","pink"
"TACR1","turquoise"
"CASP2","turquoise"
"PAIP1","black"
"CEACAM3","turquoise"
"GUCY2F","turquoise"
"HERC4","grey"
"CBFA2T3","turquoise"
"MGAT3","turquoise"
"CCR8","turquoise"
"PAX7","turquoise"
"CAPN9","turquoise"
"ST8SIA3","turquoise"
"GTF2B","black"
"UTY","grey"
"REV3L","red"
"LAIR1","green"
"DGKD","pink"
"TTC3","midnightblue"
"CCL7","green"
"H4C4","turquoise"
"ZEB1","brown"
"ZNF442","brown"
"ITGB6","brown"
"ZBP1","green"
"CFHR5","turquoise"
"TDRD3","magenta"
"AIRE","grey"
"VOPP1","green"
"CYRIA","green"
"NDEL1","brown"
"YJU2B","pink"
"CAMK2G","blue"
"COL21A1","brown"
"TMX1","black"
"OR5V1","turquoise"
"TTLL5","turquoise"
"SEMA6C","turquoise"
"URM1","blue"
"PSD","turquoise"
"ANP32E","yellow"
"TSC22D4","blue"
"GIPR","grey"
"PSG6","turquoise"
"REXO5","turquoise"
"AVPR2","grey"
"LINC00597","pink"
"MED25","turquoise"
"EHD1","green"
"PABPC3","midnightblue"
"ISG20L2","grey"
"EDRF1","red"
"MAN1A1","greenyellow"
"LAS1L","pink"
"SLC7A5P1","yellow"
"ZNF93","grey"
"PTPRO","grey"
"KIR2DS3","turquoise"
"KCNB2","turquoise"
"SEMA4F","turquoise"
"CYP2C18","brown"
"SOCS5","black"
"RUNX1","turquoise"
"TBXAS1","green"
"PTGIS","turquoise"
"PRRC2A","blue"
"PSG2","turquoise"
"ZNF205-AS1","grey"
"ZNF611","pink"
"GAST","turquoise"
"DRC3","turquoise"
"DOHH","tan"
"EDDM3A","turquoise"
"TCEANC2","grey"
"CPVL","green"
"CYP2C8","turquoise"
"MYH4","grey"
"DDX11","turquoise"
"DDX17","pink"
"DDX21","yellow"
"FAT2","brown"
"GAGE6","grey"
"EPPK1","brown"
"OSBPL1A","magenta"
"ABCC3","greenyellow"
"OSBPL7","turquoise"
"IL9R","turquoise"
"PRSS16","turquoise"
"CHIT1","green"
"PTGER3","turquoise"
"TRIM31","turquoise"
"IFNB1","turquoise"
"ZRSR2","turquoise"
"DMP1","turquoise"
"DUX1","turquoise"
"SLC34A1","turquoise"
"TRIO","blue"
"KIR2DL3","turquoise"
"H4C8","grey"
"IFNA14","turquoise"
"TACR3","turquoise"
"TRAPPC10","pink"
"LIPE","turquoise"
"KRT9","brown"
"MYO7A","turquoise"
"LSR","brown"
"PSG4","turquoise"
"IL9","turquoise"
"STAM2","black"
"TTN","green"
"NFATC1","turquoise"
"KIR2DS1","grey"
"ZBTB14","grey"
"IL1A","turquoise"
"DUX4L8","turquoise"
"JADE2","grey"
"KIR2DS5","turquoise"
"CAV3","grey"
"PCDHA9","green"
"RASGRP2","green"
"MYH13","turquoise"
"C4BPB","turquoise"
"MAS1","turquoise"
"ALK","turquoise"
"KCNAB1","turquoise"
"ADRB1","turquoise"
"DRD4","turquoise"
"DLX4","turquoise"
"GABRR2","turquoise"
"AMELY","grey"
"SLIT1","turquoise"
"HOXB1","turquoise"
"GAGE7","grey"
"RAX","turquoise"
"BMP3","turquoise"
"RAB9BP1","grey"
"ERC2-IT1","turquoise"
"APLP2","grey"
"TGDS","yellow"
"DMBT1","turquoise"
"KCNC4","grey"
"CHST3","blue"
"SIGLEC8","turquoise"
"FKBP8","blue"
"EFNA2","turquoise"
"PSG1","turquoise"
"GAS2L1","brown"
"IFNA7","turquoise"
"AVPR1B","turquoise"
"IFNA10","turquoise"
"MEFV","grey"
"SRP72","black"
"EIF3J","black"
"SLC19A4P","turquoise"
"C8orf17","turquoise"
"TRPV5","turquoise"
"RNPEP","blue"
"PAPOLB","grey"
"ZNF695","pink"
"UTF1","turquoise"
"PITX3","turquoise"
"FBXW10B","turquoise"
"DAZ3","grey"
"GAGE1","grey"
"OR7A5","magenta"
"POU5F1","turquoise"
"HCG9","turquoise"
"ABCB11","turquoise"
"EI24","tan"
"EIF5","grey"
"TH","grey"
"BMP10","turquoise"
"TNFAIP8","green"
"EVI5","red"
"CACNA1I","turquoise"
"PTPRH","turquoise"
"HMHB1","turquoise"
"CRLF2","turquoise"
"CCR3","turquoise"
"PGR","grey"
"HLA-DRB4","green"
"RBMY1A1","turquoise"
"GPI","blue"
"MALT1","grey"
"FSTL1","cyan"
"GPR50","turquoise"
"PRAMEF1","turquoise"
"SF1","blue"
"RRH","turquoise"
"TRAF3","grey"
"XYLB","turquoise"
"RBM3","grey"
"CABP1","turquoise"
"ST3GAL1","blue"
"ANXA13","turquoise"
"AKAP13","tan"
"CYP2A13","turquoise"
"MEF2A","red"
"PBOV1","turquoise"
"ALX4","turquoise"
"BPY2","grey"
"PRY","turquoise"
"LHX5","turquoise"
"NDST4","turquoise"
"ACKR1","brown"
"TECR","tan"
"NR5A2","turquoise"
"P2RX3","turquoise"
"XKRY","turquoise"
"CASP4LP","turquoise"
"IFNA13","turquoise"
"POU3F1","brown"
"PPBPP2","turquoise"
"CBLB","green"
"TRPA1","turquoise"
"CSN1S1","turquoise"
"MAPK1","black"
"SLC12A3","turquoise"
"UGT8","red"
"KCNJ4","turquoise"
"ERVH-4","turquoise"
"POLR3D","blue"
"GRK4","turquoise"
"PCDH11X","turquoise"
"BRCA2","yellow"
"RCAN1","grey"
"RING1","blue"
"P2RY6","turquoise"
"CAPZA1","red"
"IFNA1","turquoise"
"CCR4","turquoise"
"CACNA1F","turquoise"
"FGF5","turquoise"
"NPY2R","turquoise"
"LBX1","turquoise"
"SGPL1","brown"
"DMC1","turquoise"
"PCK1","turquoise"
"MID2","turquoise"
"NR2E3","turquoise"
"MMP24","turquoise"
"SLC1A2","turquoise"
"GLP1R","turquoise"
"RAD50","red"
"ESM1","grey"
"URB1","turquoise"
"PDE1A","turquoise"
"KCNJ5","turquoise"
"TBPL1","grey"
"EDN3","turquoise"
"IL17A","turquoise"
"MAX","grey"
"CD164","black"
"GRAP2","pink"
"CTNND1","brown"
"PTN","brown"
"SLC14A2","turquoise"
"AMELX","turquoise"
"PPEF2","turquoise"
"HOXB3","turquoise"
"ING1","grey"
"SPTB","turquoise"
"FGF6","turquoise"
"SUPT6H","blue"
"MSR1","turquoise"
"CIAPIN1","purple"
"TANC2","grey"
"KIR2DL4","turquoise"
"ELAVL2","turquoise"
"HNF4A","turquoise"
"TUB","turquoise"
"CACNA1E","turquoise"
"MECOM","turquoise"
"AQP6","turquoise"
"IRF7","lightcyan"
"CLCN1","grey"
"FGR","turquoise"
"LINC01565","turquoise"
"ATM","red"
"SHOX2","grey"
"BAZ1B","yellow"
"PRPS1","purple"
"IFNA16","turquoise"
"FGF8","grey"
"LGALS2","greenyellow"
"C4A","green"
"MYO9B","blue"
"XPNPEP1","magenta"
"NECTIN1","turquoise"
"RRAS2","greenyellow"
"GABRD","turquoise"
"SCNN1D","turquoise"
"XPO7","blue"
"GJC1","turquoise"
"HIC1","grey"
"ABCC9","turquoise"
"GABRA4","turquoise"
"GRIA4","turquoise"
"GRM2","turquoise"
"RAB3D","turquoise"
"SOX21","turquoise"
"EGFL8","grey"
"HPR","green"
"IKZF4","turquoise"
"CLDN6","blue"
"FRMD4A","pink"
"KCNC1","turquoise"
"BAX","blue"
"KCNA1","turquoise"
"ABCC6","turquoise"
"ASB4","turquoise"
"SSTR1","turquoise"
"KRT33A","brown"
"H1-1","turquoise"
"CFLAR","green"
"DRD5","turquoise"
"LMX1B","turquoise"
"GJA8","turquoise"
"H2BC7","purple"
"PGM5","turquoise"
"RFXAP","grey"
"HOXA11","turquoise"
"SLC6A7","turquoise"
"TLX3","turquoise"
"H3C8","grey"
"NEUROG1","turquoise"
"AMY1A","pink"
"DNAJC3","yellow"
"FOXD3","grey"
"GFI1B","grey"
"PITX1","grey"
"GATAD1","yellow"
"PCDHB11","turquoise"
"FUT2","brown"
"H3C7","grey"
"OR7C2","grey"
"OR2J2","turquoise"
"OR7A17","turquoise"
"PPARG","greenyellow"
"PTTG3P","yellow"
"AFDN","turquoise"
"FOXB1","grey"
"KCNE1","grey"
"H2BC14","grey"
"MTNR1B","turquoise"
"BTF3","salmon"
"GNRH2","turquoise"
"OR10H3","turquoise"
"OR5I1","turquoise"
"PTCH1","turquoise"
"H2BC10","grey"
"GPR15","turquoise"
"OR2F1","turquoise"
"H2BC6","purple"
"SSX5","grey"
"BTF3P11","grey"
"SERPINA2","grey"
"KRTAP5-8","turquoise"
"SOX1","turquoise"
"RASA4","brown"
"COL13A1","brown"
"BCL2L11","turquoise"
"S1PR2","turquoise"
"ANP32CP","turquoise"
"SPRR2D","brown"
"ZNF208","grey"
"OR10H2","grey"
"ADRA2B","grey"
"TAF4","red"
"H2BC9","purple"
"H2BC3","grey"
"IFNA6","turquoise"
"KCNG2","grey"
"H4C7","turquoise"
"GRIK4","turquoise"
"H1-4","turquoise"
"POU4F3","grey"
"CST2","grey"
"GPR31","turquoise"
"HOXA6","turquoise"
"OR10H1","turquoise"
"PDX1","turquoise"
"KCNA10","turquoise"
"POU3F3","grey"
"KCNA2","grey"
"MC5R","grey"
"MC2R","turquoise"
"H2AC4","grey"
"WNT1","turquoise"
"ANP32D","turquoise"
"H3-4","grey"
"OR2H2","turquoise"
"SOX14","green"
"H3C1","turquoise"
"H3C2","grey"
"H3C3","turquoise"
"SCN10A","turquoise"
"H2BC12L","purple"
"H4C11","yellow"
"DUX3","turquoise"
"H2AC14","grey"
"SNCG","turquoise"
"BTN2A3P","turquoise"
"SSX4","grey"
"OR1E2","turquoise"
"TPT1P8","turquoise"
"TRPC7","grey"
"GJA3","turquoise"
"PDE3B","turquoise"
"CD1E","brown"
"CRHR1","turquoise"
"LILRA6","green"
"UGT1A3","brown"
"CNTF","turquoise"
"GPR39","grey"
"TUBB1","grey"
"CD6","green"
"HOXA3","turquoise"
"NTRK1","turquoise"
"WNT4","brown"
"SAA2","brown"
"SNTB1","grey"
"TNXB","brown"
"SPTAN1","brown"
"PDIA3","purple"
"FLNB","brown"
"PTP4A2","yellow"
"DDB1","blue"
"PCBP1","purple"
"EZR","grey"
"EIF4G1","blue"
"VAT1","magenta"
"YBX1","purple"
"HADHA","blue"
"ACTN1","blue"
"RAC1","grey"
"XRCC5","yellow"
"PARP1","yellow"
"RPS14","blue"
"FDFT1","purple"
"VCP","blue"
"CD24","brown"
"PPP2CA","black"
"CCNI","purple"
"PDIA4","grey"
"CLIC1","blue"
"CS","grey"
"HMGN2","purple"
"EID1","yellow"
"SERINC1","black"
"DDOST","blue"
"PA2G4","blue"
"BSG","blue"
"ATP6V1E1","magenta"
"PRDX1","grey"
"MAGED2","magenta"
"CAPN2","grey"
"COPA","blue"
"BRD2","blue"
"HSPA8","purple"
"RPN2","blue"
"PDLIM1","brown"
"RPS3","salmon"
"GARS1","yellow"
"PRKDC","yellow"
"RPL39","salmon"
"CCT5","yellow"
"EIF3E","yellow"
"TKT","blue"
"NRDC","grey"
"CCND1","magenta"
"HNRNPUL1","tan"
"NDUFV1","blue"
"TMCO1","yellow"
"OXA1L","purple"
"USP11","blue"
"EIF2S2","purple"
"CDC42","grey"
"HLA-B","green"
"RAB2A","yellow"
"ARPC3","grey"
"ATP6V1G1","yellow"
"SUMO2","yellow"
"SAP18","grey"
"YWHAB","grey"
"C1S","greenyellow"
"FLOT1","magenta"
"EIF3I","blue"
"TMED9","blue"
"ATIC","yellow"
"NCSTN","blue"
"UBE2I","blue"
"SUMO1","black"
"HNRNPR","yellow"
"RPL22","salmon"
"EIF4EBP2","turquoise"
"LTA4H","green"
"ANKHD1","grey"
"XPO1","yellow"
"PSMD11","blue"
"TCP1","grey"
"VAPA","black"
"KLHDC3","blue"
"MAP1LC3B","purple"
"MRPL3","yellow"
"ELOVL5","black"
"CAVIN1","tan"
"CLU","brown"
"SMARCA4","magenta"
"MCM7","yellow"
"CCNG1","black"
"GOLGA8A","pink"
"PSMB5","purple"
"PSMA6","green"
"CHD3","tan"
"HMGB2","red"
"C6orf62","yellow"
"TMEM135","purple"
"HLA-C","green"
"GOT1","blue"
"HSPA4","yellow"
"ANXA2P2","brown"
"COMT","blue"
"RAB8A","green"
"SNRPB","blue"
"DAP3","yellow"
"PSMB6","purple"
"POLE3","purple"
"TAPBP","green"
"ATXN10","black"
"ATP1B3","brown"
"TMED3","blue"
"VDAC3","grey"
"ADH5","black"
"THY1","cyan"
"STK24","grey"
"ESYT1","blue"
"ATRX","red"
"TXN","salmon"
"GABARAPL1","brown"
"ATN1","turquoise"
"REEP5","brown"
"PRPF6","blue"
"UBR5","red"
"LCP1","green"
"H1-0","tan"
"EIF3G","blue"
"PLXNB2","blue"
"DUSP6","yellow"
"HLA-DRA","green"
"ATP6V1D","purple"
"TOP1","midnightblue"
"RPS28","salmon"
"CYCS","yellow"
"BSCL2","blue"
"MRPS18B","purple"
"UQCRFS1","purple"
"C1QBP","purple"
"PDHB","black"
"CNP","magenta"
"GGA2","green"
"SLC1A5","blue"
"NADK","grey"
"SRI","black"
"NXF1","grey"
"CYFIP1","greenyellow"
"RNF11","black"
"CLDND1","purple"
"NEU1","purple"
"POR","blue"
"RPL13","salmon"
"ILF3","blue"
"PPP4C","blue"
"LGALS8","grey"
"ID1","brown"
"PRCC","blue"
"SEPHS1","red"
"SEC62","red"
"BECN1","purple"
"UPF1","blue"
"LGALS3","magenta"
"ALDH7A1","grey"
"LARP4B","brown"
"DUT","midnightblue"
"ERP44","green"
"KLF6","tan"
"FADS1","grey"
"NDUFA9","grey"
"UROD","grey"
"ATP5MC1","blue"
"ERI3","blue"
"KPNB1","yellow"
"TUBB4B","blue"
"CRIP2","blue"
"NCOA6","grey"
"UBC","blue"
"PECAM1","greenyellow"
"RBM10","blue"
"TCF12","red"
"KDM2A","brown"
"STAT3","blue"
"PPIG","midnightblue"
"POLR2C","grey"
"UCP2","green"
"SEPTIN8","brown"
"ANAPC13","black"
"CALCOCO1","turquoise"
"FBXL5","black"
"RSRP1","red"
"KRT8","brown"
"ESD","purple"
"MAGED1","purple"
"DNAJB6","blue"
"KRT7","brown"
"LONP1","blue"
"PINK1","brown"
"OSER1","grey"
"SYNCRIP","red"
"TUBB","blue"
"ABI1","black"
"COPS7A","blue"
"CADM1","grey"
"DYRK1A","red"
"PNRC1","greenyellow"
"MDK","grey"
"MDH2","blue"
"PSMB8","green"
"UBE2G2","blue"
"PAPSS1","black"
"SF3B4","magenta"
"GABARAPL2","black"
"RALGDS","tan"
"NSD2","yellow"
"CDC5L","purple"
"EDF1","tan"
"H3-3B","purple"
"RGS5","brown"
"ISCU","greenyellow"
"WDR45B","red"
"TXN2","blue"
"PCDHGA1","blue"
"COL18A1","tan"
"CORO1A","green"
"MCAM","grey"
"SH3GLB1","black"
"GLOD4","purple"
"GBA1","magenta"
"DDAH1","brown"
"DLD","black"
"UBE2V2","black"
"JAG1","brown"
"IFRD2","blue"
"CCN2","cyan"
"UFD1","turquoise"
"NHP2","blue"
"NCOA1","brown"
"TSPAN6","black"
"RGL2","grey"
"RNF5","purple"
"CDKN1B","black"
"HMG20B","blue"
"TSPAN1","turquoise"
"UBA3","red"
"HBB","brown"
"WBP2","blue"
"TUBA1A","grey"
"NR2F2","red"
"PLIN2","greenyellow"
"QDPR","magenta"
"MYD88","green"
"KRT6A","brown"
"KRT6B","brown"
"TRIP6","blue"
"SNAP23","black"
"USP10","blue"
"IGLC1","green"
"PRKRA","purple"
"UBE2G1","purple"
"CLNS1A","purple"
"MSMO1","brown"
"PLPP1","brown"
"RXRB","turquoise"
"TM9SF1","purple"
"TCF3","grey"
"TAX1BP3","brown"
"NT5C2","grey"
"COL6A2","cyan"
"DNAJA2","purple"
"CYTH2","blue"
"NDRG4","brown"
"AKR1C3","brown"
"PRPF4","yellow"
"AATF","blue"
"MAN2B1","blue"
"GPM6B","magenta"
"ITPA","blue"
"AGR2","brown"
"QRICH1","grey"
"SEC23IP","yellow"
"NDUFAF3","blue"
"DHX38","blue"
"RABGGTB","red"
"DEPP1","green"
"IRS2","magenta"
"ATP2A2","magenta"
"FOS","greenyellow"
"DIAPH1","grey"
"TUBB6","grey"
"PIM1","brown"
"CETN2","blue"
"ADCY6","blue"
"WDR46","blue"
"SYT11","grey"
"CXCR4","green"
"EXTL3","blue"
"BICD2","brown"
"LMO4","grey"
"SEC22B","purple"
"MPDU1","purple"
"FERMT2","black"
"KLF5","brown"
"CBR1","purple"
"EWSR1","yellow"
"SLC75A1","blue"
"WDR45","blue"
"SQLE","grey"
"NELFE","blue"
"GPC3","brown"
"OSBPL2","brown"
"NDUFA2","salmon"
"TUSC3","black"
"PPP6R1","blue"
"NUPR1","brown"
"DCTN5","green"
"EMG1","grey"
"KIF1B","tan"
"CLCN7","blue"
"SLC23A2","magenta"
"STX3","magenta"
"NFKB1","green"
"MINK1","brown"
"PEG3","turquoise"
"KIF1C","tan"
"ABCF2","magenta"
"GHITM","purple"
"TUBA1C","purple"
"HARS2","grey"
"KLHDC10","yellow"
"SMC3","yellow"
"SFN","brown"
"NR2F6","blue"
"TSPAN4","blue"
"METTL3","pink"
"SLC39A8","black"
"LAMB3","brown"
"ISCA1","black"
"CLN3","blue"
"TFPI2","grey"
"NSDHL","brown"
"MRC2","brown"
"ATP2B1","grey"
"PRKD2","turquoise"
"CRYAB","grey"
"TASOR","red"
"CDC42EP3","magenta"
"NFIB","brown"
"ID4","brown"
"TNFRSF10B","magenta"
"PPM1B","red"
"NECAP1","yellow"
"CA2","brown"
"POLR2H","salmon"
"NDUFS4","black"
"SWAP70","red"
"BNIP2","red"
"AZGP1","brown"
"CASP4","green"
"BCL2L2","brown"
"HLA-DRB1","green"
"GPN1","grey"
"HBS1L","grey"
"ADCY3","grey"
"SH2B1","tan"
"THAP12","black"
"RGS16","turquoise"
"HIGD2A","blue"
"ULK1","brown"
"LOC102724159","blue"
"SIAH2","greenyellow"
"UAP1","black"
"IKBKB","pink"
"EFHD1","grey"
"TPM4","purple"
"PI4K2A","blue"
"GPS2","blue"
"KRT14","brown"
"SIN3B","pink"
"FAM163A","grey"
"TNFRSF14","magenta"
"PLPP3","brown"
"TAF11","red"
"PCBP4","grey"
"MED21","purple"
"ECM1","blue"
"STXBP2","green"
"EPHX2","brown"
"ANXA3","brown"
"SH3BP2","turquoise"
"MALL","brown"
"IGHM","green"
"XPC","grey"
"HMGN3","red"
"CCSER2","grey"
"ABCC5","pink"
"SF3A2","turquoise"
"POLR3C","purple"
"DDIT3","turquoise"
"PLPBP","blue"
"TM4SF1","brown"
"PAPOLA","yellow"
"TSC1","pink"
"DPM2","blue"
"ENPP2","green"
"EIF4E2","grey"
"ASMTL","brown"
"CHI3L1","brown"
"ME2","yellow"
"H1-2","grey"
"SLC12A4","turquoise"
"TBC1D3E","pink"
"TMED7","black"
"FAM3A","blue"
"BAG2","red"
"DEAF1","blue"
"KIF2C","yellow"
"GRB10","yellow"
"GGA3","blue"
"B4GALT2","tan"
"FZR1","blue"
"IFI35","lightcyan"
"THOC5","grey"
"SMPD1","blue"
"MSH2","yellow"
"AMACR","grey"
"ZFPL1","blue"
"EIF2B4","grey"
"BTAF1","red"
"PATZ1","turquoise"
"CREB3","blue"
"PPAT","yellow"
"SPON1","brown"
"PHKA2","turquoise"
"RHOBTB2","blue"
"SERPINA5","grey"
"RAP1GDS1","red"
"SYNE1","green"
"LSM2","purple"
"OSGEP","green"
"VTI1B","purple"
"SLC9A1","blue"
"TEAD3","brown"
"FBXW11","black"
"DUSP5","grey"
"WDR18","blue"
"APLP1","grey"
"TAF12","grey"
"AURKB","yellow"
"MKNK1","green"
"LRP5","tan"
"GPM6A","turquoise"
"KYAT3","grey"
"USP15","black"
"EMD","blue"
"CENPX","blue"
"CCDC28A","green"
"HLA-DQB1","green"
"POP7","grey"
"NSL1","yellow"
"UTP3","black"
"PPT2","turquoise"
"PDZD2","brown"
"CEP250","turquoise"
"RARRES2","green"
"RBM4B","pink"
"TNFSF13","green"
"CDR2","grey"
"PSMC5","grey"
"PLEKHB1","purple"
"NR2F1","grey"
"RPA3","yellow"
"DPAGT1","blue"
"RNF139","black"
"POLR2F","blue"
"HSDL2","brown"
"RAB27A","magenta"
"SMYD5","blue"
"ASH2L","grey"
"NCBP1","yellow"
"AMOT","turquoise"
"TAF2","yellow"
"HDGFL3","yellow"
"EXOSC2","red"
"TELO2","blue"
"PLPP2","brown"
"CACNB3","turquoise"
"GSTZ1","grey"
"PLAA","grey"
"EHD4","purple"
"EXTL2","yellow"
"ZNF32","grey"
"ARHGEF6","green"
"IGF1","greenyellow"
"CD34","brown"
"RIPK2","grey"
"APOL1","green"
"SUGP1","grey"
"NDN","brown"
"YIPF4","yellow"
"VPS8","turquoise"
"NCDN","blue"
"HIP1R","brown"
"DLK1","grey"
"THBS3","turquoise"
"RNF113A","grey"
"INSIG2","grey"
"RRS1","yellow"
"RGL1","green"
"NSG1","magenta"
"CIRSR","grey"
"EED","red"
"IL10RB","grey"
"GNAI1","brown"
"PCYT2","blue"
"MBD4","black"
"PLAAT3","grey"
"CD200","green"
"APOBEC3C","grey"
"MINPP1","yellow"
"PRUNE1","grey"
"EPHB2","turquoise"
"BMP7","turquoise"
"DCAF7","blue"
"TOR1B","grey"
"GTF2F2","black"
"MXRA5","cyan"
"PNMA2","turquoise"
"GATA3","brown"
"TST","brown"
"CYTIP","green"
"SULT1A3","pink"
"ACAT2","grey"
"MRPL9","purple"
"SLC1A4","blue"
"ADH1B","brown"
"PAK1","grey"
"CES1","turquoise"
"CTNND2","turquoise"
"CD74","green"
"ABCB7","red"
"PDLIM3","grey"
"STK16","blue"
"MCCC2","grey"
"PIGH","purple"
"OSBPL3","grey"
"NXT2","black"
"FBXW2","red"
"GPR37","grey"
"BUB1","yellow"
"PLD2","brown"
"ALDH1B1","grey"
"TBC1D22A","grey"
"TGFB1I1","tan"
"PGF","pink"
"KPNA4","black"
"ICE1","red"
"TMEM47","brown"
"HSF2","red"
"TTR","turquoise"
"KIFC3","blue"
"CETN3","red"
"ITGA7","brown"
"CYB561D2","blue"
"CHUK","yellow"
"CES2","brown"
"SERBP1","black"
"TRAC","green"
"CRY1","red"
"TFPI","greenyellow"
"PRKCI","red"
"SMAGP","brown"
"KIFC1","yellow"
"SLC19A2","yellow"
"RIN2","brown"
"S100B","magenta"
"CCDC93","pink"
"EYA2","brown"
"ASTN2","grey"
"PTS","yellow"
"FBP1","green"
"CCHCR1","grey"
"AKR1C2","brown"
"FTO","grey"
"NKX3-1","turquoise"
"PIGK","red"
"MOXD1","grey"
"SLC35D1","grey"
"CDKN3","yellow"
"CBX5","red"
"SERPINB3","brown"
"IFFO1","turquoise"
"SERPINB9","green"
"UTP20","blue"
"CA11","grey"
"GM2A","green"
"NTHL1","blue"
"CLEC2B","black"
"NCKAP1L","green"
"ABCG2","turquoise"
"SOX13","magenta"
"PNPLA4","grey"
"SCAPER","turquoise"
"MYL2","turquoise"
"ITCH","grey"
"COQ7","turquoise"
"TGFB3","brown"
"ACE","grey"
"NR1D2","grey"
"TRAPPC2B","grey"
"REG1A","grey"
"NMNAT2","turquoise"
"MYCN","turquoise"
"MFAP5","brown"
"ECI1","grey"
"TMEM131L","green"
"CHRDL1","brown"
"ADAM19","turquoise"
"SEPTIN5","grey"
"SEPT5-GP1BB","grey"
"CXCL2","green"
"SLC19A1","magenta"
"TRIP11","grey"
"LLPH","turquoise"
"PHTF2","yellow"
"KHDRBS3","yellow"
"DBP","grey"
"JAG2","brown"
"PLA2G4C","grey"
"ERAP1","green"
"CORO2B","grey"
"CASP6","pink"
"PADI2","turquoise"
"KLK10","brown"
"GRIA1","turquoise"
"SRGAP3","turquoise"
"CD69","green"
"NPAT","turquoise"
"PRKAA1","red"
"KRT16","brown"
"PHLDA2","magenta"
"DCLRE1A","yellow"
"PMS2","magenta"
"H2BC12","purple"
"NFIX","brown"
"SFTPB","turquoise"
"TRGV9","green"
"ZNF330","black"
"HABP4","turquoise"
"TBL3","tan"
"IL33","greenyellow"
"VLDLR","magenta"
"BMAL1","greenyellow"
"UCK2","yellow"
"PPT2-EGFL8","green"
"IL16","grey"
"NHERF2","grey"
"DNASE2","grey"
"CDT1","blue"
"CRADD","grey"
"BOLA2","yellow"
"AP4M1","blue"
"DNM3","turquoise"
"LRRN3","turquoise"
"SOX10","magenta"
"HOXB13","grey"
"BTN3A2","green"
"CDH17","turquoise"
"PMEL","magenta"
"CDC42EP2","turquoise"
"ZC3H13","magenta"
"KLK2","turquoise"
"SPHK2","turquoise"
"TRIM9","yellow"
"FRAT2","brown"
"ADGRL3","brown"
"ADRA2A","greenyellow"
"APBA2","grey"
"PKP3","brown"
"SPP1","yellow"
"SELPLG","green"
"LAT","green"
"RIT1","yellow"
"COLGALT2","turquoise"
"RHOD","brown"
"MYL1","turquoise"
"SEC31B","turquoise"
"TSPAN5","brown"
"SPC25","yellow"
"FUT4","green"
"SLIT2","turquoise"
"ITSN2","pink"
"PUF60","blue"
"ATR","red"
"TNNC1","grey"
"HOXA9","brown"
"C3AR1","green"
"TGFB2","turquoise"
"SLC25A16","pink"
"H2BC5","grey"
"AP5Z1","pink"
"NRXN1","turquoise"
"DHTKD1","blue"
"TP53TG1","grey"
"BMPR2","blue"
"BRAP","grey"
"CCL18","green"
"OCLN","turquoise"
"BORCS8","grey"
"MSC","grey"
"IKBKG","turquoise"
"NFE2","turquoise"
"CD300A","turquoise"
"ATP2C1","red"
"TM4SF4","turquoise"
"TADA2A","turquoise"
"PARP3","blue"
"RIPK1","purple"
"MAGEA3","grey"
"FBXL4","black"
"GSK3B","grey"
"VEGFC","turquoise"
"KCNMB1","turquoise"
"NCF2","green"
"VILL","turquoise"
"MAP2K7","turquoise"
"CDC37","blue"
"FAP","cyan"
"CAMK2B","turquoise"
"NPPA","turquoise"
"BBS9","yellow"
"HGF","turquoise"
"EPOR","turquoise"
"RAD51D","turquoise"
"NCAM1","turquoise"
"NFKBIL1","blue"
"PLG","turquoise"
"SHMT1","grey"
"CSDC2","turquoise"
"NRXN2","grey"
"KDM4C","pink"
"ASCL1","turquoise"
"ZNF268","pink"
"GABBR2","turquoise"
"ABCB1","grey"
"TCL1A","green"
"PIGO","turquoise"
"SOCS1","green"
"GATA6","grey"
"OLR1","grey"
"GART","yellow"
"ABHD14A","blue"
"GPD2","yellow"
"GOSR2","turquoise"
"SLC25A1","blue"
"HPX","turquoise"
"MAP2","turquoise"
"MYT1L","grey"
"CALML3","brown"
"CCNO","grey"
"PCGF1","blue"
"UBE2E3","black"
"CARD10","brown"
"APEX1","purple"
"ORC3","red"
"IDO1","green"
"CD247","green"
"SPAG6","turquoise"
"NOS2","grey"
"PRKCQ","green"
"SLC12A5","turquoise"
"PGM3","black"
"CTSZ","purple"
"FRMD8","turquoise"
"LYL1","green"
"IDH2","brown"
"NAPG","yellow"
"SERPINC1","turquoise"
"RAPGEF3","turquoise"
"TPX2","yellow"
"TAF5","red"
"HAUS3","yellow"
"TSHR","turquoise"
"RND1","turquoise"
"SMG1","grey"
"MAPK13","brown"
"PDE6G","turquoise"
"ZNF589","turquoise"
"UPK1B","turquoise"
"AQP4","turquoise"
"CPT1B","pink"
"CCL19","green"
"ST8SIA1","magenta"
"CTSV","brown"
"MARCHF2","tan"
"CELA3A","turquoise"
"AGER","turquoise"
"ABCA4","turquoise"
"SEMA7A","turquoise"
"ANXA9","brown"
"HR","brown"
"MYL4","turquoise"
"ARC","grey"
"MAGOH","blue"
"PARD3","brown"
"IGFBP3","grey"
"CYP4B1","brown"
"ABCA2","turquoise"
"FOXA2","turquoise"
"FYN","grey"
"RDH5","turquoise"
"CLCA1","turquoise"
"SND1-IT1","pink"
"NLRP1","brown"
"INVS","turquoise"
"RPL39L","black"
"SH2D1A","green"
"SPAG1","red"
"KCNJ15","turquoise"
"B3GALT2","turquoise"
"PRM2","grey"
"CHRNA7","grey"
"BANF1","blue"
"RAB6B","magenta"
"LTB4R","brown"
"TM7SF2","brown"
"EFNA3","brown"
"CCL11","turquoise"
"RGS20","magenta"
"PMP22","grey"
"CST7","green"
"INHA","brown"
"ANXA10","turquoise"
"PLA2G4A","black"
"ART3","red"
"ATP5PD","grey"
"LAMA5","brown"
"DYRK3","turquoise"
"LILRB4","green"
"MYOC","turquoise"
"URI1","black"
"ERCC4","turquoise"
"PAFAH1B2","grey"
"CXCL11","green"
"GZMB","green"
"DNASE1","grey"
"TLR5","green"
"TEF","turquoise"
"C6","turquoise"
"SEC14L5","turquoise"
"PTPRJ","turquoise"
"GCFC2","red"
"TLR1","green"
"TRIM15","turquoise"
"KCNJ13","grey"
"CORT","turquoise"
"PNN","blue"
"ITGAX","green"
"GABPA","black"
"HSPA1L","green"
"STX11","grey"
"ATP8A1","pink"
"ITPK1","magenta"
"PLP1","magenta"
"CRYAA","turquoise"
"B3GALT4","brown"
"HSP90AA1","yellow"
"CMC4","salmon"
"EIF6","blue"
"FZD2","grey"
"CHRNA3","turquoise"
"LILRB3","green"
"DLGAP2","turquoise"
"CSF2","turquoise"
"GRM4","turquoise"
"IRX5","brown"
"CDKN2D","blue"
"ST20","yellow"
"B4GALT3","blue"
"CAMP","grey"
"ABCC8","turquoise"
"SYN2","turquoise"
"WNT7A","turquoise"
"MADD","turquoise"
"MS4A3","green"
"RAD51B","turquoise"
"RGS13","green"
"KCNK2","grey"
"CRISP2","grey"
"KCNF1","turquoise"
"GPR35","turquoise"
"POU5F1P3","turquoise"
"TRIM33","red"
"NIPAL3","grey"
"RGS6","turquoise"
"NEUROD2","turquoise"
"CYP2B7P","turquoise"
"MAGEA8","turquoise"
"ZFAND5","black"
"AP4S1","grey"
"GPR18","green"
"MPZ","grey"
"TAB2","black"
"KLRG1","brown"
"NAT8","magenta"
"MAGEA10","grey"
"PEX2","red"
"REM1","turquoise"
"XDH","turquoise"
"MAB21L2","turquoise"
"PDE6B","grey"
"KLHL25","turquoise"
"RECQL5","turquoise"
"IFT20","pink"
"LILRA4","turquoise"
"FLT4","grey"
"YWHAE","yellow"
"RBP3","turquoise"
"DDX52","red"
"GZMH","green"
"TEKT2","turquoise"
"C8G","turquoise"
"CD1A","brown"
"GNMT","turquoise"
"SGCD","magenta"
"HECW1","turquoise"
"NR5A1","turquoise"
"RASSF9","turquoise"
"MYT1","turquoise"
"TPO","grey"
"SLC22A6","grey"
"CLK4","red"
"BCL11A","brown"
"SEPTIN4","blue"
"CAMK4","turquoise"
"SLC6A2","turquoise"
"IFNG","green"
"MS4A1","green"
"SMOX","turquoise"
"SCN2B","turquoise"
"SLCO1B1","grey"
"PCDHGA8","pink"
"LY9","turquoise"
"RBBP4","yellow"
"SSNA1","blue"
"CCKBR","turquoise"
"SCTR","turquoise"
"SCN1A","grey"
"MTX1","blue"
"NCALD","turquoise"
"TUBD1","grey"
"CCL15","grey"
"LGR5","turquoise"
"BOLA2-SMG1P6","yellow"
"DEFB1","brown"
"FUT6","turquoise"
"GRIN2C","grey"
"P2RX1","turquoise"
"KCNJ1","turquoise"
"RAB6C","black"
"CPNE6","turquoise"
"AFDN-DT","turquoise"
"MSH5","midnightblue"
"GRIN2B","turquoise"
"SERPINB4","brown"
"FLRT1","turquoise"
"ODF2","blue"
"CHEK2","yellow"
"BARX2","brown"
"SLC11A1","turquoise"
"RORA","brown"
"HGS","blue"
"RHD","turquoise"
"ALPG","turquoise"
"SCN3A","turquoise"
"POFUT1","blue"
"ARL17A","turquoise"
"MAGEA9","turquoise"
"ICOS","green"
"NPY6RP","turquoise"
"FABP6","grey"
"GATA1","turquoise"
"GLUD2","purple"
"P2RX5","green"
"IGHV5-78","green"
"CYP4F2","turquoise"
"KCNJ6","turquoise"
"R3HCC1L","grey"
"LINC00588","grey"
"MAGEA12","grey"
"ADGRA3","yellow"
"CDK11A","blue"
"MAPK8","turquoise"
"LOC254896","turquoise"
"ANKMY1","brown"
"DNTT","grey"
"FN1","cyan"
"EIF3K","blue"
"MAGEA11","grey"
"KLF1","turquoise"
"ADH7","grey"
"FUT7","green"
"NRP1","cyan"
"VEGFA","grey"
"HLA-G","green"
"HNF1A","turquoise"
"AKAP12","black"
"CDH8","turquoise"
"FETUB","turquoise"
"BMPR1B","turquoise"
"EFCAB11","turquoise"
"TUBA3C","grey"
"MSH4","turquoise"
"SPAM1","turquoise"
"BIRC3","green"
"B4GALT4","grey"
"TRIM27","purple"
"SLCO3A1","brown"
"CTAG1B","grey"
"CCL23","turquoise"
"RASGRF1","turquoise"
"AKR1C4","turquoise"
"GBX2","turquoise"
"GCGR","pink"
"SIGLEC9","grey"
"PCDHA2","turquoise"
"CYP4F8","brown"
"CASR","turquoise"
"TRIM10","turquoise"
"POLDIP3","grey"
"TNPO2","blue"
"INHBE","grey"
"GBA1LP","magenta"
"ZNF235","turquoise"
"MAGT1","purple"
"ZNF614","turquoise"
"NAA11","turquoise"
"GNAT2","turquoise"
"MFGE8","blue"
"TP53I3","grey"
"SYNJ2","turquoise"
"TTPA","turquoise"
"PHEX","turquoise"
"HYAL1","brown"
"MOGS","blue"
"LST1","green"
"SGCA","brown"
"FBXO9","red"
"GPER1","brown"
"CCIN","grey"
"TNFSF11","green"
"PCLO","grey"
"TTC39A","grey"
"BCKDHB","grey"
"TNFRSF10D","turquoise"
"FOXO3B","grey"
"LOC102724023","blue"
"PPY","turquoise"
"NKX2-1","turquoise"
"PCDHA12","turquoise"
"RGPD5","red"
"SOAT2","turquoise"
"AGPAT2","blue"
"MORN3","pink"
"LPO","turquoise"
"NRTN","grey"
"CLDN14","turquoise"
"KLRC4","grey"
"SLC43A3","magenta"
"SPPL2B","turquoise"
"ZNF514","pink"
"WWOX","turquoise"
"ZNF257","turquoise"
"TRIM5","red"
"LINC00260","pink"
"LDHAL6B","turquoise"
"SPINT2","brown"
"NECAB3","blue"
"PAK5","turquoise"
"ADGRE3","turquoise"
"CALCA","turquoise"
"ONECUT1","grey"
"EPB42","turquoise"
"RGN","turquoise"
"MLX","yellow"
"EPHB1","turquoise"
"GRB7","turquoise"
"DLC1","grey"
"NCR3","green"
"FPR2","turquoise"
"NCOA4","greenyellow"
"MXD4","tan"
"ESR2","turquoise"
"MEG3","turquoise"
"HTR1B","grey"
"TXNRD2","blue"
"POSTN","cyan"
"SLC6A5","turquoise"
"DDX49","tan"
"CALCOCO2","greenyellow"
"RPL13P5","grey"
"PTPRS","grey"
"ARNT","grey"
"ACVRL1","greenyellow"
"NRP2","purple"
"PLAUR","grey"
"TNFRSF25","brown"
"AASS","red"
"SCN11A","turquoise"
"CCN6","turquoise"
"FASLG","green"
"APOBEC3A","green"
"NAA80","grey"
"ANXA2P1","turquoise"
"RAB11FIP5","brown"
"SPAG11A","turquoise"
"EVC","grey"
"ITIH1","turquoise"
"FCGR2B","green"
"KIR2DL1","turquoise"
"POU5F1P4","turquoise"
"PDCD10","black"
"ID2B","grey"
"CDH20","grey"
"TXNDC16","turquoise"
"TRBV19","green"
"PHLPP1","magenta"
"POTEKP","blue"
"ERBB2","brown"
"ST3GAL6","yellow"
"CAPN3","magenta"
"COL4A6","brown"
"LEF1","magenta"
"NPY4R","turquoise"
"MAST4","brown"
"ADRA1D","turquoise"
"GYG2","magenta"
"LARP1","magenta"
"RTN4","brown"
"PKN2","midnightblue"
"IBTK","red"
"TRDV2","green"
"PFKM","purple"
"HSF4","turquoise"
"ASAH1","magenta"
"FCGR2C","green"
"SMAD1","brown"
"KCNB1","turquoise"
"ZNF271P","midnightblue"
"COL19A1","grey"
"GCNT2","magenta"
"MGLL","brown"
"CLIP2","blue"
"HECTD4","pink"
"CROCCP2","red"
"KCNH6","turquoise"
"LOC100288069","grey"
"KCNG1","turquoise"
"CPZ","brown"
"ZNF493","turquoise"
"WASHC2C","grey"
"MLLT11","grey"
"CD47","black"
"PRKD3","magenta"
"NEK1","red"
"NEK3","pink"
"PDE6C","grey"
"AURKC","turquoise"
"AR","brown"
"HGC6.3","turquoise"
"DOK1","green"
"SLC5A5","turquoise"
"TARP","green"
"IFNA21","turquoise"
"IGKC","green"
"DLAT","black"
"THPO","turquoise"
"FAM153A","turquoise"
"GCK","turquoise"
"CCKAR","turquoise"
"GPR45","turquoise"
"PSTPIP1","green"
"LOC102723996","grey"
"ICOSLG","turquoise"
"FSHR","turquoise"
"CNTN1","turquoise"
"ACSL6","turquoise"
"TADA3","blue"
"HAP1","turquoise"
"PROP1","turquoise"
"FUT5","grey"
"GALR2","grey"
"PCDH11Y","turquoise"
"ADAM7","turquoise"
"TMX2-CTNND1","tan"
"ANXA2P3","grey"
"CHRD","turquoise"
"GPR68","grey"
"PTCRA","turquoise"
"ZNF638","red"
"HESX1","turquoise"
"TCEAL2","turquoise"
"UBE3A","red"
"CDK7","black"
"ALB","turquoise"
"KCND3","brown"
"FOLH1B","grey"
"PTPRU","turquoise"
"DSTNP2","grey"
"TUBGCP4","turquoise"
"IFNA2","turquoise"
"ITK","green"
"LRIT1","grey"
"SERPINB13","brown"
"NSMCE4A","black"
"B3GALNT1","grey"
"WDR37","grey"
"KIR3DS1","turquoise"
"N4BP2L1","turquoise"
"KIR2DL2","green"
"IFNA17","turquoise"
"IER3IP1","grey"
"KIR2DL5A","turquoise"
"PADI4","turquoise"
"GGTLC1","turquoise"
"TRPM3","turquoise"
"SC5D","red"
"IGHG3","green"
"TYRO3","grey"
"CCRL2","green"
"TRHR","turquoise"
"NACA4P","pink"
"RGSL1","turquoise"
"FKSG49","turquoise"
"MT1HL1","grey"
"GABARAPL3","brown"
"TTTY9A","turquoise"
"CSPG4P1Y","turquoise"
"TBL1Y","turquoise"
"ZIC4","turquoise"
"RAB36","turquoise"
"SERPINB6","grey"
"DSCAM","turquoise"
"ADRA1A","turquoise"
"PDC","turquoise"
"DSTYK","blue"
"BMP4","brown"
"CYTH4","green"
"GNRHR","turquoise"
"KIR2DS2","turquoise"
"HSPA2","brown"
"ALAS2","turquoise"
"PDLIM4","grey"
"RAPSN","grey"
"MAST2","turquoise"
"MRPS11","blue"
"LRIG1","brown"
"HOPX","brown"
"ETV4","blue"
"TRBV10-2","turquoise"
"ERVH-6","turquoise"
"LRPPRC","yellow"
"ALDOAP2","turquoise"
"FBL","blue"
"DRD3","turquoise"
"ERG","turquoise"
"FTH1P5","grey"
"IGHG1","green"
"IGHV1-69","green"
"IGH","green"
"IGHV3-73","green"
"IGKV1-17","green"
"IGK","green"
"LBP","turquoise"
"GPR135","turquoise"
"POU2F2","green"
"VDAC2","grey"
"PTGDS","greenyellow"
"SOS2","turquoise"
"TRAV12-2","grey"
"ARPC4","blue"
"MOCS1","turquoise"
"MDFIC","black"
"CADM3","turquoise"
"UGT2B28","turquoise"
"DYNC1I2","black"
"MAK16","yellow"
"KIR3DL1","turquoise"
"BBC3","blue"
"TSSK1B","turquoise"
"USP32","yellow"
"TM2D1","black"
"SPIN2B","red"
"CDK19","midnightblue"
"BDH1","brown"
"ANKRD40","grey"
"MGC2889","turquoise"
"ZNF551","grey"
"FMO2","turquoise"
"HYAL3","turquoise"
"FCER1A","brown"
"EVI2B","green"
"PRG2","grey"
"NDUFS7","blue"
"RLN1","turquoise"
"SLC25A17","yellow"
"ATP5PB","black"
"UBE2D1","red"
"PNLIPRP2","turquoise"
"GINS4","yellow"
"LAT2","green"
"SERINC3","purple"
"ZKSCAN3","turquoise"
"MMACHC","grey"
"AP2A2","grey"
"TREX2","brown"
"KMT2D","turquoise"
"IGLJ3","green"
"PCDHGB5","turquoise"
"PCDHA6","grey"
"TNIK","turquoise"
"IGKV1-5","green"
"PCDHA5","grey"
"CYP3A7-CYP3A51P","brown"
"ATRN","purple"
"PCDHA10","turquoise"
"PCDHA3","turquoise"
"PCDHGA9","turquoise"
"KAT6B","grey"
"PCDHGA10","turquoise"
"PCDHGA11","blue"
"PCDHGA3","blue"
"PARD6B","turquoise"
"TUBB7P","turquoise"
"MYO1A","brown"
"PAPPA2","turquoise"
"ZNF471","turquoise"
"PLCB1","turquoise"
"MYH9","blue"
"DYNC1H1","blue"
"HNRNPA3","red"
"GANAB","blue"
"ARL6IP1","yellow"
"HSPA5","purple"
"EIF4B","grey"
"TPT1","salmon"
"PRRC2C","midnightblue"
"ITGB1","black"
"UBR4","brown"
"IPO5","yellow"
"RAB7A","magenta"
"ZFP36L1","brown"
"ARPC5","purple"
"COL4A2","cyan"
"TMEM123","black"
"NUDT3","magenta"
"ARFGAP2","tan"
"GPR107","grey"
"COL4A1","cyan"
"XPO6","blue"
"AHNAK","brown"
"TOP2B","red"
"SMARCE1","midnightblue"
"HLA-DPA1","green"
"NPIPB3","pink"
"SUGP2","pink"
"SZRD1","blue"
"UBXN4","red"
"STIP1","blue"
"CDV3","black"
"PXDN","cyan"
"FAM168B","grey"
"RSL1D1","purple"
"MKI67","yellow"
"FLII","blue"
"EXOC7","grey"
"RBM25","midnightblue"
"PTOV1","blue"
"VDAC1","blue"
"ATP6V0D1","purple"
"MAPK3","tan"
"RNF167","tan"
"YARS1","grey"
"WIPF2","brown"
"PDXDC1","magenta"
"TPGS2","grey"
"GSE1","brown"
"U2SURP","yellow"
"TRPC4AP","blue"
"ATP9A","grey"
"C1R","greenyellow"
"PRRC2B","blue"
"KMT2A","pink"
"MYL6","brown"
"TEX261","blue"
"SLC25A6","blue"
"ERAL1","blue"
"PMPCA","blue"
"GRINA","blue"
"COL6A1","cyan"
"PEG10","yellow"
"MTUS1","grey"
"RHOB","grey"
"KPNA6","blue"
"RBFOX2","grey"
"FAF2","grey"
"JPT2","grey"
"SLC39A14","yellow"
"STX12","black"
"ATXN7L3B","grey"
"RHOQ","magenta"
"TCTN3","grey"
"ZMIZ1","grey"
"RANGAP1","blue"
"NIPA2","purple"
"LSM14A","red"
"PHLDB1","turquoise"
"PDS5A","red"
"GCN1","grey"
"MCM4","yellow"
"SUN2","greenyellow"
"MRPS27","purple"
"PLEKHM2","blue"
"SMG5","grey"
"EFR3A","red"
"POGZ","pink"
"SDC2","cyan"
"RNF187","grey"
"VPS39","brown"
"XPOT","yellow"
"KIDINS220","red"
"TMEM183A","grey"
"RBM12","yellow"
"FKBP9","grey"
"PNISR","red"
"MT2A","blue"
"ACACA","grey"
"KCTD12","greenyellow"
"COG4","grey"
"SERPINE2","magenta"
"TM9SF4","blue"
"MPRIP","grey"
"MRFAP1L1","black"
"ANKLE2","grey"
"TMEM87A","brown"
"IFITM3","green"
"MED13L","pink"
"INTS1","blue"
"ANKRD17","yellow"
"OPA1","red"
"PREPL","yellow"
"FASN","blue"
"PSME4","red"
"ALDH1A1","green"
"COQ9","blue"
"FBXO21","grey"
"FNBP4","red"
"MAP1B","grey"
"ASXL1","grey"
"PLXND1","green"
"PIK3R1","grey"
"POLR2M","yellow"
"TUBA4A","brown"
"MCFD2","black"
"NUP205","yellow"
"MTDH","yellow"
"GIGYF2","blue"
"QKI","red"
"WAPL","red"
"SERPINB1","green"
"MCM3AP","turquoise"
"LPIN1","pink"
"SRCAP","turquoise"
"MTMR4","yellow"
"TMEM97","grey"
"AGRN","blue"
"ANKRD12","red"
"SUZ12","yellow"
"FNBP1","green"
"HIPK1","black"
"GNG12","black"
"PSMD14","yellow"
"ATP13A3","yellow"
"NEK9","grey"
"TXLNA","blue"
"RTF1","black"
"MIA3","grey"
"CLASP2","red"
"SEL1L3","green"
"CHMP7","grey"
"NUP210","green"
"TNPO3","magenta"
"SGSM2","pink"
"VPS13D","brown"
"LIMCH1","brown"
"SCAP","tan"
"RBL2","black"
"FAM98A","black"
"EPB41L1","turquoise"
"TUG1","pink"
"MYO1D","blue"
"YIPF6","yellow"
"SULF1","green"
"CREB3L2","grey"
"KDM1A","blue"
"TBC1D1","green"
"EIF2B5","brown"
"KHNYN","brown"
"FAM168A","grey"
"CLIP3","turquoise"
"ZSWIM8","tan"
"AMPD2","pink"
"MYO1B","yellow"
"ZNF292","red"
"FEM1B","grey"
"ZNF384","turquoise"
"WASHC2A","grey"
"DESI2","yellow"
"MYH10","grey"
"EP400","turquoise"
"CMTR1","blue"
"USP24","red"
"SBF1","blue"
"EMC1","grey"
"VGLL4","grey"
"EEIG1","grey"
"UBE3B","turquoise"
"PCMTD2","red"
"TOR1AIP1","purple"
"MICU2","black"
"IMP4","blue"
"SEPTIN6","green"
"ELF1","blue"
"ZCCHC24","cyan"
"KIAA0930","brown"
"PDCD11","blue"
"ECPAS","red"
"RBM38","green"
"HMGXB3","turquoise"
"GRPEL1","purple"
"CENPB","blue"
"SNRNP27","black"
"IP6K1","blue"
"KIAA0232","red"
"CERS6","grey"
"NBEAL2","brown"
"NEDD4L","magenta"
"KBTBD2","red"
"SECISBP2L","yellow"
"KIFBP","purple"
"YTHDC1","red"
"CLUH","brown"
"SPRED2","yellow"
"SUCLG2","black"
"SPTSSA","black"
"SETD3","brown"
"DNAJC13","yellow"
"AVL9","red"
"ACAP2","black"
"RMND5A","grey"
"SPECC1L","red"
"FAM89B","blue"
"GPATCH8","red"
"KDM4B","grey"
"SETD2","pink"
"TNS2","grey"
"MAPK1IP1L","purple"
"ADO","yellow"
"CEBPB","brown"
"DIP2C","grey"
"MAU2","turquoise"
"TMEM131","black"
"MOAP1","grey"
"MXRA7","grey"
"GPD1L","red"
"CARM1","blue"
"USP33","red"
"ARAP1","green"
"PIP5K1C","blue"
"UBE2E1","black"
"PDE8A","red"
"SPIDR","brown"
"SPART","black"
"DESI1","grey"
"LSM12","blue"
"NEK7","black"
"LCN2","brown"
"WEE1","red"
"ATP11B","red"
"DOCK9","brown"
"CDC34","blue"
"PHIP","red"
"CRYBG1","brown"
"ZNHIT3","purple"
"ZHX3","brown"
"FRYL","red"
"CAP2","grey"
"RPRD2","pink"
"PRKAR1B","grey"
"SCRIB","magenta"
"ZNF451","red"
"SPRY1","grey"
"DENND5A","grey"
"BOP1","blue"
"KCTD2","turquoise"
"STK38L","pink"
"SMCHD1","red"
"ENDOD1","grey"
"CHD8","blue"
"TMEM259","blue"
"MGRN1","magenta"
"GAPDH","blue"
"OSBPL8","red"
"AQR","red"
"RBM34","yellow"
"JCHAIN","green"
"HMGXB4","red"
"WDFY3","greenyellow"
"AUTS2","brown"
"MRPS31","midnightblue"
"AKT3","midnightblue"
"DTX4","green"
"RCOR1","black"
"ARID5B","grey"
"CHD9","red"
"ZNF609","blue"
"NEMP1","yellow"
"TMEM41B","black"
"CHN1","grey"
"STX10","blue"
"EXOSC7","brown"
"EXOC3","brown"
"UFL1","red"
"WWP1","red"
"HACD2","black"
"HIVEP2","greenyellow"
"RFTN1","green"
"RRAS","greenyellow"
"DHX29","red"
"EHBP1","yellow"
"RHOBTB1","yellow"
"ZCCHC14","magenta"
"TSFM","grey"
"IL1RN","brown"
"LHFPL2","yellow"
"PVR","turquoise"
"FKBP15","green"
"TUBB4A","magenta"
"TIPARP","brown"
"SMURF1","blue"
"ELN","brown"
"METAP1","red"
"TBL2","yellow"
"PPP1R14B","blue"
"LMF2","blue"
"SLC25A44","magenta"
"ZNF3","grey"
"PPM1H","magenta"
"PIK3CB","grey"
"KDM3A","red"
"DDHD2","red"
"NUP188","tan"
"LRBA","brown"
"MDN1","pink"
"PCCB","blue"
"CRY2","brown"
"RNF4","purple"
"RETREG3","tan"
"SEPTIN10","black"
"SCAMP5","grey"
"PLEKHM1","brown"
"TLN2","turquoise"
"TUT4","pink"
"PNPLA2","turquoise"
"MSL1","grey"
"NUP160","red"
"CAMSAP1","grey"
"MFAP4","brown"
"LARP4","yellow"
"MICAL3","magenta"
"SREK1","red"
"JMJD6","grey"
"RND3","brown"
"SYNM","turquoise"
"ANKRD46","red"
"RUBCN","turquoise"
"BMERB1","brown"
"ARHGAP19","red"
"NME4","magenta"
"PIK3R4","red"
"RNF115","grey"
"RCHY1","black"
"BBS4","magenta"
"ANKS1A","magenta"
"MRTFA","turquoise"
"PPP1R16B","green"
"CLASP1","grey"
"MON2","pink"
"UBR2","red"
"TCF7L2","brown"
"CAMSAP2","midnightblue"
"MTG1","grey"
"OLFM4","grey"
"FAM171A1","brown"
"OBSL1","blue"
"SOS1","pink"
"PACS2","tan"
"BLTP1","pink"
"POLR2J","blue"
"CIC","blue"
"LARP7","red"
"CLEC16A","blue"
"YLPM1","grey"
"FTL","green"
"NCAPD3","yellow"
"C1orf216","magenta"
"DPY19L1","yellow"
"DAAM2","magenta"
"WASHC4","midnightblue"
"TBC1D2B","grey"
"SORT1","magenta"
"ANKMY2","black"
"STX6","red"
"CIT","yellow"
"GAPVD1","pink"
"NAB2","blue"
"PRUNE2","grey"
"NFATC2IP","pink"
"SERINC5","black"
"JAM3","grey"
"AHCYL2","magenta"
"ASCC3","black"
"CBS","grey"
"ASB1","pink"
"DMXL2","yellow"
"PLEKHG3","turquoise"
"HEG1","greenyellow"
"FUBP3","black"
"PAXIP1","yellow"
"MEGF9","grey"
"CKAP5","yellow"
"SLC25A46","black"
"ABRAXAS2","red"
"POLD3","red"
"DNMBP","brown"
"UBXN7","red"
"PPFIBP2","brown"
"RRP1B","yellow"
"SAMD4A","grey"
"AOPEP","brown"
"AXIN1","blue"
"LRP4","brown"
"DCUN1D4","red"
"NBPF1","pink"
"GRAMD4","grey"
"SUB1","black"
"PAQR4","blue"
"MT1E","grey"
"ZDHHC18","green"
"SLC61A1","tan"
"CDS2","magenta"
"COL14A1","turquoise"
"R3HCC1","tan"
"MAPKAPK5","purple"
"ARHGAP45","green"
"C2CD2","brown"
"KLC1","blue"
"PIAS4","grey"
"WDR7","red"
"MPHOSPH10","red"
"CCDC69","greenyellow"
"GADD45GIP1","blue"
"SLC38A10","blue"
"ZNF282","blue"
"ZZZ3","red"
"SUPV3L1","red"
"ABR","blue"
"MTREX","red"
"TTI1","yellow"
"SEC24A","red"
"CSTF2T","grey"
"LRRC47","grey"
"GRAMD1B","turquoise"
"SLC30A1","brown"
"DNAJC16","grey"
"LYPD1","purple"
"THAP11","grey"
"SAPCD1","pink"
"CBX7","brown"
"PDZRN3","grey"
"PHF8","pink"
"DCP2","red"
"SMYD2","yellow"
"PXDC1","grey"
"MISP","turquoise"
"SMC5","red"
"TSPYL4","grey"
"TCF20","turquoise"
"RAB3GAP1","pink"
"UBXN2B","yellow"
"MCF2L","grey"
"ARB2A","red"
"CEMIP","grey"
"C2CD5","red"
"SLC5A3","pink"
"MGA","red"
"VWA8","red"
"SLC9A8","blue"
"CAMTA2","turquoise"
"NCAPH","yellow"
"ADGRF5","greenyellow"
"DYRK4","magenta"
"POLR2I","blue"
"TBC1D9","green"
"LINC01278","turquoise"
"GNPTAB","yellow"
"EOLA2","blue"
"SYDE1","turquoise"
"HIC2","turquoise"
"RFNG","blue"
"APBB2","turquoise"
"RPIA","red"
"DENND3","green"
"LRRC8B","red"
"ACKR3","brown"
"ZDHHC17","red"
"HRAS","tan"
"TLK2","yellow"
"SGMS1","brown"
"AHNAK2","brown"
"NACC2","blue"
"THOC2","midnightblue"
"MORC3","red"
"ANGPTL2","brown"
"KANK1","grey"
"FANCI","yellow"
"TRIM37","yellow"
"CAVIN3","blue"
"NEDD4","grey"
"MAPK8IP1","turquoise"
"BBX","yellow"
"ABHD3","red"
"RANBP6","red"
"UTRN","grey"
"TMF1","red"
"WDR73","turquoise"
"ANKRD28","yellow"
"RNF19B","purple"
"ARHGEF18","grey"
"NPTXR","turquoise"
"MED24","blue"
"ROCK1","black"
"MAST3","green"
"RALGAPA1","pink"
"COBL","brown"
"ZC3HAV1","grey"
"HAUS5","turquoise"
"FRMD4B","grey"
"ATPAF2","tan"
"TTC28","red"
"CREB3L1","turquoise"
"CHI3L2","brown"
"NTAN1","grey"
"ZFC3H1","pink"
"RUSC2","turquoise"
"PIK3C2A","red"
"ZFTRAF1","brown"
"ZFYVE26","pink"
"OLFML2A","brown"
"ITPKC","brown"
"LPCAT4","turquoise"
"TSR2","blue"
"ZBTB22","grey"
"SLC35D2","yellow"
"WWC1","brown"
"DNAJC9","yellow"
"ADGRG6","grey"
"TMCC2","magenta"
"DNAJC2","red"
"CNOT9","turquoise"
"ANGEL1","turquoise"
"UNC5B","turquoise"
"STARD13","red"
"TSR3","blue"
"COL4A5","brown"
"PIKFYVE","red"
"ATG4A","green"
"KLHL9","red"
"BLTP3B","red"
"SLC36A1","grey"
"TSPYL5","turquoise"
"MFAP3","pink"
"ZNF473","grey"
"OLFML2B","cyan"
"MED8","brown"
"GCSH","purple"
"MCAT","blue"
"ARID5A","green"
"SNAI2","grey"
"SS18L1","red"
"PSKH1","blue"
"GSAP","red"
"C2orf72","turquoise"
"FBXL14","purple"
"KDM6B","tan"
"HOXA10","grey"
"SEPTIN7","yellow"
"SRSF8","grey"
"SETD1B","turquoise"
"WSCD1","turquoise"
"PCNX1","pink"
"DOCK2","green"
"MZT2A","blue"
"SP3","red"
"GPX7","grey"
"TTC9","turquoise"
"MAPK8IP3","turquoise"
"CDKN1C","grey"
"SENP5","turquoise"
"KATNIP","turquoise"
"RIOX2","black"
"COG7","blue"
"TICAM1","grey"
"THAP3","turquoise"
"ROBO1","brown"
"LYRM9","brown"
"ZNF629","turquoise"
"ASTN1","turquoise"
"C2CD3","pink"
"SYP","turquoise"
"TNNT1","brown"
"SETD1A","grey"
"SNAPC5","magenta"
"CUL9","pink"
"RAD54L2","grey"
"BICRAL","red"
"TAF6L","turquoise"
"GOLGA6L5P","red"
"DIDO1","turquoise"
"OTUD3","pink"
"ADCY2","grey"
"ZSCAN26","red"
"BBIP1","red"
"SIK2","brown"
"PDE8B","turquoise"
"CDR2L","grey"
"DMWD","turquoise"
"FAM234B","brown"
"KNOP1","blue"
"SASH1","grey"
"ATP10D","greenyellow"
"PIBF1","yellow"
"KRT4","turquoise"
"CEP170B","tan"
"VPS13B","red"
"SCAMP4","blue"
"ADCY1","grey"
"LYSET","purple"
"SVEP1","turquoise"
"LOC730101","red"
"FBXL7","grey"
"TNRC6B","grey"
"MARCHF3","brown"
"SARM1","turquoise"
"FOXC1","brown"
"TRANK1","green"
"SACS","yellow"
"PGA5","turquoise"
"DOP1A","brown"
"CAMTA1","grey"
"ZNF248","pink"
"LDAF1","grey"
"TENM4","turquoise"
"DHRS1","brown"
"RAP1GAP2","brown"
"APOOL","black"
"SALL2","turquoise"
"CDC50B","brown"
"MBOAT2","brown"
"SNX13","grey"
"TRIM22","green"
"CYLD","green"
"RMND5B","turquoise"
"ZBTB7A","brown"
"ATG2A","brown"
"PFAS","yellow"
"TOGARAM1","red"
"SHANK2","turquoise"
"PLCL2","green"
"AGO2","red"
"TCF25","blue"
"SMIM8","pink"
"GPR21","pink"
"EOLA1","blue"
"JCAD","brown"
"CLIC5","turquoise"
"PRMT3","yellow"
"OARD1","black"
"SRC","blue"
"NECTIN3","grey"
"USP12","grey"
"SRGAP2","grey"
"TMEM158","blue"
"GFOD3P","turquoise"
"FEM1C","black"
"YAP1","grey"
"GDPD5","turquoise"
"TEX30","yellow"
"TMCC1","brown"
"ABCA5","pink"
"GTF2H5","grey"
"MTCL1","turquoise"
"TDRD7","magenta"
"CA5BP1","grey"
"ERI2","red"
"LOC155060","pink"
"PPFIA3","brown"
"CDHR1","brown"
"SFMBT1","pink"
"LDB3","turquoise"
"PAQR3","red"
"RPS12","salmon"
"COQ2","black"
"VSTM4","brown"
"MST1L","turquoise"
"PLCB3","turquoise"
"PGAP4","turquoise"
"ATAD2B","red"
"ZC3H4","grey"
"DPY19L4","yellow"
"IQCK","turquoise"
"SLC67A2","turquoise"
"MAPKBP1","brown"
"MLC1","grey"
"SDR39U1","turquoise"
"ZNF787","blue"
"RAB22A","black"
"PHLPP2","turquoise"
"PI4KAP1","grey"
"TJP3","brown"
"STON1","red"
"CLIC2","greenyellow"
"DHX57","grey"
"MXRA8","brown"
"MATCAP2","red"
"RPP40","yellow"
"BICC1","turquoise"
"SFI1","pink"
"MUC5B","turquoise"
"SATB2","red"
"NFASC","turquoise"
"SPDEF","turquoise"
"ZNF862","turquoise"
"ZC3H3","turquoise"
"IPW","pink"
"POP1","turquoise"
"ZNF184","red"
"CENPS","yellow"
"FAM114A1","black"
"SOSTDC1","brown"
"MFHAS1","blue"
"FAM149B1","grey"
"NSUN5P1","midnightblue"
"SHC2","tan"
"RAB40C","turquoise"
"RND2","turquoise"
"ERCC2","blue"
"PGAP1","pink"
"NPHP4","turquoise"
"KCTD7","magenta"
"ITGAL","green"
"KAZN","magenta"
"NPTX2","grey"
"DOCK3","turquoise"
"PPWD1","red"
"ABCC10","turquoise"
"COPG2IT1","turquoise"
"SNED1","turquoise"
"COL2A1","grey"
"PLPPR4","grey"
"ABTB2","grey"
"CLCN2","turquoise"
"GUSBP11","green"
"USP32P2","red"
"MTMR1","brown"
"CLBA1","pink"
"RECQL4","blue"
"CCNE1","yellow"
"G0S2","greenyellow"
"LIN37","grey"
"ZNF688","blue"
"METTL18","red"
"CD3D","green"
"HSD17B8","brown"
"ZNF710","turquoise"
"DKFZP586I1420","pink"
"CAND2","grey"
"PDZD8","black"
"GLCE","yellow"
"RWDD2A","grey"
"PINLYP","brown"
"CDK12","turquoise"
"ZNF467","greenyellow"
"MCM9","turquoise"
"RNASE6","green"
"OSR2","brown"
"VASH1-AS1","turquoise"
"ATP11A","blue"
"ATP6V0E2","magenta"
"QTGAL","brown"
"APLNR","greenyellow"
"OIP5","yellow"
"SIPA1L3","brown"
"SRRD","blue"
"KLHL23","red"
"AQP5","brown"
"ARAP2","brown"
"COL9A2","turquoise"
"KIF3A","yellow"
"SMPDL3A","brown"
"ZKSCAN4","grey"
"CBR4","red"
"MT1F","grey"
"NACAD","grey"
"DHODH","pink"
"SH3BP1","brown"
"TRMU","grey"
"PHF24","turquoise"
"PHACTR1","magenta"
"ZNF500","pink"
"INPP5B","pink"
"CEP112","turquoise"
"DNA2","red"
"INPP5J","turquoise"
"TAF5L","turquoise"
"ZNF75D","turquoise"
"TOP3B","blue"
"PAMR1","brown"
"RETREG1","grey"
"TMEM265","brown"
"FCHO1","grey"
"NENF","turquoise"
"IGHD","green"
"PARVA","grey"
"TMEM151B","turquoise"
"PMS1","red"
"IFT70A","red"
"NUP50","black"
"ELOA-AS1","grey"
"VPS13A","pink"
"RPL35A","salmon"
"DIPK1A","grey"
"PTOV1-AS2","pink"
"RSBN1","red"
"PON3","brown"
"TMEM35B","green"
"RLIG1","red"
"LINC00342","pink"
"DLX5","brown"
"GPRASP3","turquoise"
"KRT81","turquoise"
"ELOVL2","grey"
"GLB1L2","tan"
"KANK3","brown"
"SECTM1","greenyellow"
"SOX2","turquoise"
"XYLT1","turquoise"
"PRPF40A","yellow"
"MYO1F","green"
"GOLGA8N","red"
"ATP5F1A","purple"
"LOC103344931","grey"
"CATSPERH","turquoise"
"ATRNL1","turquoise"
"TRIM66","turquoise"
"PPP1R37","blue"
"MORN1","turquoise"
"SAXO6","red"
"RBMX","yellow"
"HIPK2","blue"
"KSR1","turquoise"
"IRF2BP1","grey"
"ZNF276","grey"
"EMID1","turquoise"
"TCHH","brown"
"IPO9","magenta"
"PENK","turquoise"
"HOMER1","pink"
"NGDN","red"
"PTPRA","blue"
"SPRR1A","brown"
"RSAD2","lightcyan"
"CFH","brown"
"RPSA","salmon"
"ABHD5","brown"
"CACTIN","turquoise"
"IRAK3","turquoise"
"TMEM223","grey"
"STARD5","brown"
"OLIG2","turquoise"
"ARHGAP33","turquoise"
"IQSEC3","turquoise"
"GTPBP3","turquoise"
"CLMN","red"
"NSUN5P2","midnightblue"
"HOXA5","turquoise"
"GRIK2","grey"
"PRPH","turquoise"
"DUSP7","brown"
"STIMATE","grey"
"RBM8A","red"
"DNAJC24","red"
"ZNF250","grey"
"EEF1AKMT3","grey"
"OAZ3","turquoise"
"DCBLD2","turquoise"
"SAMD14","turquoise"
"COL11A2","turquoise"
"SERPINA4","turquoise"
"PYROXD1","red"
"POLR2E","blue"
"PMS2P5","red"
"THSD7A","turquoise"
"MRPL23","blue"
"ENTREP1","turquoise"
"FRRS1L","turquoise"
"MYBL1","yellow"
"WHAMMP3","turquoise"
"LRRC15","cyan"
"TBC1D30","turquoise"
"NKG7","green"
"ZNF20","turquoise"
"CUX2","brown"
"SST","turquoise"
"TTBK2","pink"
"RAP2B","magenta"
"STUM","turquoise"
"AGFG1","yellow"
"MAP3K9","turquoise"
"EXPH5","brown"
"HLA-A","green"
"ZNF23","red"
"ERC2","grey"
"MEGF6","brown"
"TWIST1","grey"
"KRT20","turquoise"
"FAM169A","grey"
"MYOZ3","turquoise"
"RPGRIP1L","red"
"C10orf95-AS1","turquoise"
"CHD5","turquoise"
"RALYL","grey"
"RABL3","brown"
"ADAMTSL3","turquoise"
"LYZ","green"
"MTSS2","turquoise"
"SETD4","pink"
"YPEL1","blue"
"ENTREP2","grey"
"ATP9B","brown"
"SOCS7","turquoise"
"GRIP1","turquoise"
"TUBB2B","magenta"
"DGCR6L","turquoise"
"SLC25A42","grey"
"CRYBG3","brown"
"ZAP70","green"
"CCL8","green"
"LIAS","grey"
"CD7","green"
"TMSB15B","turquoise"
"DOK2","green"
"MYCL","brown"
"IFI44","lightcyan"
"TBC1D31","yellow"
"NFKBIB","blue"
"BEAN1","grey"
"ACSM2A","brown"
"ATP10B","brown"
"GFOD2","brown"
"MEIS3P1","grey"
"PAK3","turquoise"
"PLXDC1","turquoise"
"MYBPC1","turquoise"
"FUT3","turquoise"
"SHMT2","yellow"
"BTBD8","turquoise"
"PDE4DIPP2","turquoise"
"RAP2A","yellow"
"NPEPPSP1","pink"
"LSP1P5","brown"
"RFPL1S","turquoise"
"NOP14-AS1","turquoise"
"DAGLA","grey"
"TXLNGY","grey"
"MUC6","turquoise"
"CRACDL","grey"
"CLDN18","turquoise"
"ZNF79","turquoise"
"ARID4B","red"
"ZG16","turquoise"
"PPBP","grey"
"MROH7","green"
"ITFG2","turquoise"
"CCPG1","black"
"MYRIP","turquoise"
"PRDM10","turquoise"
"ASXL3","turquoise"
"U2AF2","blue"
"MAN1C1","green"
"TKTL1","grey"
"HCG26","green"
"DIS3","red"
"SFTPD","brown"
"PRODH","brown"
"PACRG","turquoise"
"PPIL6","turquoise"
"KLHL35","grey"
"XIST","turquoise"
"ALMS1","pink"
"DNAH7","turquoise"
"PRSS53","brown"
"DNAH17","turquoise"
"GDF7","turquoise"
"MAN1A2","pink"
"SERHL2","turquoise"
"DTNB","turquoise"
"MAGEA4","grey"
"ATP10A","magenta"
"ITGA8","brown"
"CADM4","grey"
"SLC49A3","turquoise"
"H2AC18","grey"
"IZUMO4","turquoise"
"MUC5AC","turquoise"
"RPS9","salmon"
"ALOX12P2","turquoise"
"ATXN7L1","turquoise"
"TACR2","turquoise"
"CTAGE15","turquoise"
"C1orf105","turquoise"
"MTERF4","grey"
"TPM3","grey"
"TSSK2","turquoise"
"ERN2","turquoise"
"CTRL","turquoise"
"SEPTIN7P11","turquoise"
"UNC93A","brown"
"SLC5A12","turquoise"
"BCAT1","green"
"IRGC","turquoise"
"INSL3","turquoise"
"PAX1","turquoise"
"RFPL3S","turquoise"
"TRPM1-AS1","turquoise"
"CTRB2","turquoise"
"H2AB3","turquoise"
"HRG-AS1","turquoise"
"CT62","turquoise"
"CYP2C9","turquoise"
"NOP2","blue"
"MTMR6","black"
"GLA","magenta"
"GMPS","yellow"
"ATP1A3","turquoise"
"SELENBP1","brown"
"HSPA12A","grey"
"RALA","yellow"
"FBXL2","turquoise"
"HLX","grey"
"NAT1","grey"
"PIAS2","grey"
"ELL2","brown"
"ETS1","green"
"CTSW","green"
"TFAP2B","brown"
"ADAMTS2","turquoise"
"H2BC4","grey"
"HOXA2","grey"
"TRAF3IP1","grey"
"LSAMP","grey"
"H4C12","yellow"
"ORM2","turquoise"
"GJA5","turquoise"
"GPR65","green"
"MYH6","grey"
"H2AC8","grey"
"KLRB1","green"
"LHB","pink"
"H3C4","grey"
"PMS2P3","midnightblue"
"PRKAB2","turquoise"
"TFF2","turquoise"
"MLLT1","grey"
"SPP2","turquoise"
"GFRA3","turquoise"
"ETV3","turquoise"
"H2AC17","grey"
"ZBTB25","turquoise"
"ARFIP1","black"
"ODF1","turquoise"
"FSHB","turquoise"
"ARSF","turquoise"
"SSTR3","turquoise"
"PATJ","brown"
"CACNG2","turquoise"
"NHLH2","turquoise"
"ASIP","turquoise"
"H2BC11","grey"
"ABO","turquoise"
"ACKR5","turquoise"
"H3C11","turquoise"
"GPR20","turquoise"
"FCGR1BP","green"
"OR1E1","turquoise"
"H4C2","turquoise"
"KRTAP5-9","turquoise"
"PDHA2","turquoise"
"RLN2","turquoise"
"FOXC2","turquoise"
"HES2","turquoise"
"H2AC7","grey"
"CEBPE","grey"
"GHRH","grey"
"PMS2P1","turquoise"
"TSHB","turquoise"
"POU5F1B","turquoise"
"CMA1","brown"
"H1-5","turquoise"
"SLURP1","brown"
"H1-3","grey"
"SERPINB10","turquoise"
"H2BC17","grey"
"H2AC13","grey"
"P2RY11","green"
"ADCY10","turquoise"
"ARPP19","yellow"
"H2AC16","grey"
"SSTR5","turquoise"
"SSTR4","turquoise"
"PTTG2","grey"
"GPR12","turquoise"
"FPR3","turquoise"
"LILRP2","turquoise"
"H4C13","turquoise"
"SMR3A","turquoise"
"XCL2","green"
"TPSD1","turquoise"
"IFNA5","turquoise"
"POM121L1P","turquoise"
"FGF3","turquoise"
"AZU1","grey"
"KRT36","grey"
"TNFRSF21","grey"
"DDI2","red"
"ACACB","turquoise"
"VPS52","turquoise"
"COL8A1","turquoise"
"KLHL4","turquoise"
"ATP8B1","pink"
"CHRM3","grey"
"SSTR2","turquoise"
"CLDN8","brown"
"IVL","brown"
"TEAD1","grey"
"TPH1","turquoise"
"COL4A4","turquoise"
"MAGEA2","grey"
"HOXD11","pink"
"CMKLR2","pink"
"TSPAN2","grey"
"EYA1","grey"
"PHOX2A","grey"
"CYP11B1","turquoise"
"MAGEA6","grey"
"GPR3","turquoise"
"MNX1","blue"
"P2RY10","green"
"H3C6","turquoise"
"PRF1","green"
"GYS2","turquoise"
"CYP21A2","turquoise"
"FBXW4P1","turquoise"
"UPK1A","brown"
"EPX","turquoise"
"NHLH1","turquoise"
"CYP11B2","turquoise"
"ZBTB33","black"
"SOX3","turquoise"
"H4C9","turquoise"
"CLDN9","turquoise"
"CALCB","grey"
"OSM","turquoise"
"HOXA1","grey"
"COL4A3","turquoise"
"MAGEA5P","grey"
"H2AC15","turquoise"
"H3C12","turquoise"
"DRD1","turquoise"
"GPR6","grey"
"MYO1C","blue"
"NEAT1","pink"
"ITGA1","red"
"NOP14","salmon"
"WDR43","yellow"
"IREB2","grey"
"SPRYD7","grey"
"ZKSCAN1","blue"
"USP19","turquoise"
"MUC3B","turquoise"
"PKD1P6-NPIPP1","red"
"CLK1","red"
"ZNF266","pink"
"TAF1B","yellow"
"MINDY2","purple"
"JRK","turquoise"
"MIR22HG","brown"
"RIF1","yellow"
"MAN2B2","grey"
"CCNB1","yellow"
"GATC","yellow"
"SNX29P2","pink"
"ZNF394","blue"
"ZNF160","pink"
"BMP2K","green"
"LINC01963","grey"
"SLC46A3","green"
"CDC42EP4","brown"
"NOTCH2NLA","pink"
"ANKRD36","pink"
"DIXDC1","grey"
"SBSPON","grey"
"POLR1F","grey"
"SP1","grey"
"YIPF1","grey"
"IPCEF1","brown"
"LRCH3","red"
"POLR2J3","pink"
"ZNF131","red"
"CEP131","blue"
"PLCH1","turquoise"
"ARMCX6","grey"
"PLAC4","turquoise"
"ZNF468","red"
"TET3","turquoise"
"UAP1L1","magenta"
"PMS2P2","blue"
"DCAF4","turquoise"
"ZNF337","turquoise"
"ZNF423","brown"
"ATP6V1G2","turquoise"
"ACOT11","turquoise"
"RRP15","yellow"
"NAAA","turquoise"
"AHCTF1","midnightblue"
"HSPB6","turquoise"
"IGKV2D-28","green"
"KIAA1549L","magenta"
"TIPRL","midnightblue"
"TOX3","turquoise"
"N4BP3","turquoise"
"IGKV4-1","green"
"MEGF8","blue"
"SHANK1","turquoise"
"MAP3K1","grey"
"DENND4A","red"
"DDN","turquoise"
"SP140L","green"
"TRMT9B","turquoise"
"CDK18","grey"
"TOR1AIP2","grey"
"PLXDC2","brown"
"TRIM56","blue"
"LINC03219","grey"
"RIMBP2","brown"
"FAAP24","grey"
"UNC13A","turquoise"
"CCDC57","turquoise"
"IQSEC2","turquoise"
"BRWD1","red"
"BRINP2","turquoise"
"ZNF204P","turquoise"
"NALF1","turquoise"
"PDE12","turquoise"
"RRP7BP","blue"
"SLC38A6","yellow"
"PWAR5","pink"
"SFT2D2","grey"
"MIR124-1HG","turquoise"
"TOM1L2","grey"
"CNIH3","magenta"
"DOK5","grey"
"ALPK3","turquoise"
"KCTD20","turquoise"
"RALGAPA1P1","red"
"GPC1-AS1","brown"
"FSTL4","turquoise"
"SLC9A7","turquoise"
"TET1","pink"
"DOT1L","grey"
"ZSWIM8-AS1","turquoise"
"PIWIL1","turquoise"
"LRP5L","grey"
"TUBGCP5","grey"
"CDKAL1","blue"
"ZNF37A","red"
"KAT8","grey"
"FAM149A","magenta"
"CTXND1","magenta"
"ZNF780B","green"
"ZNF8","turquoise"
"SYT2","turquoise"
"ZNF41","grey"
"CEACAM21","turquoise"
"ADAMTS3","red"
"FAM13C","turquoise"
"ZNF362","turquoise"
"IGHA1","green"
"EIF4EBP3","tan"
"KCNMA1","turquoise"
"ZNF484","turquoise"
"SLITRK5","turquoise"
"LRCH1","turquoise"
"SMG6","turquoise"
"FAM153B","turquoise"
"OTULINL","green"
"SLC26A10P","turquoise"
"SUSD5","grey"
"TMPRSS6","turquoise"
"ACTL8","turquoise"
"MTUS2","pink"
"SPATA2L","grey"
"GRIK5","turquoise"
"DDX51","turquoise"
"PPFIA4","red"
"TTTY15","turquoise"
"PLEKHA5","magenta"
"ASPHD1","grey"
"APOBEC3F","grey"
"SCAI","turquoise"
"NECAB2","turquoise"
"THAP9-AS1","red"
"BRSK2","turquoise"
"SNHG3","turquoise"
"BICDL1","grey"
"FNBP1L","red"
"CEP295","pink"
"ZNF528","grey"
"ZNF33B","turquoise"
"CCZ1B","grey"
"SEMA6A","magenta"
"AKIRIN1","blue"
"IGLV6-57","green"
"LINC01140","turquoise"
"RNASEH2B","turquoise"
"GUSBP15","pink"
"KANSL1L","grey"
"TRIM58","grey"
"ZNF280B","magenta"
"FRMPD4","grey"
"PGBD5","turquoise"
"EOLA2-DT","turquoise"
"DENND5B","blue"
"LOC101927610","turquoise"
"EEF1AKMT2","turquoise"
"LRRC40","red"
"FBXL18","blue"
"H2AC6","black"
"GRB2","green"
"SOD2","green"
"MINAR1","magenta"
"LRRC42","black"
"SPICE1","grey"
"ADTRP","turquoise"
"DPY19L1P1","turquoise"
"NRIP2","turquoise"
"N4BP2L2-IT2","pink"
"TTC22","turquoise"
"RC3H1","turquoise"
"MBL1P","turquoise"
"TSC22D1","black"
"MCF2L2","grey"
"DNM1","turquoise"
"RAG2","grey"
"MYO16","turquoise"
"ZNF550","turquoise"
"UGT1A10","brown"
"PIK3C2G","brown"
"EXOSC8","yellow"
"ARHGEF10","pink"
"H2AP","turquoise"
"DPY19L2P2","yellow"
"CNTNAP2","turquoise"
"YOD1","grey"
"DOCK10","grey"
"NOS1AP","turquoise"
"SKIC8","yellow"
"PABPC1","blue"
"FRG1CP","black"
"CAMK1G","turquoise"
"IGSF9B","turquoise"
"SLC35E2A","pink"
"CEP152","pink"
"PTPN20","turquoise"
"DNAAF1","turquoise"
"FMO6P","turquoise"
"IGKV1D-39","green"
"CDH22","turquoise"
"LINC00963","grey"
"LINC01949","turquoise"
"KRT86","turquoise"
"PMS2P4","grey"
"REPS1","pink"
"NUS1P3","purple"
"DLSTP1","blue"
"RRN3P1","pink"
"NUP54","red"
"IGLV3-25","green"
"WDR62","turquoise"
"SNORA21","red"
"CERNA1","turquoise"
"PRKAG2","turquoise"
"ZNF273","brown"
"ANO3","turquoise"
"DGCR5","turquoise"
"LOC100288570","grey"
"EMC3","grey"
"ERGIC3","blue"
"ZXDA","turquoise"
"EMX1","turquoise"
"DNAH3","turquoise"
"SLC8A2","turquoise"
"LFNG","brown"
"TNN","brown"
"WFDC8","grey"
"LINC00667","turquoise"
"TRPC2","grey"
"ZNF749","grey"
"PGAP2","brown"
"LINC02981","grey"
"LINC02172","turquoise"
"SYCE1L","turquoise"
"ZNF529","red"
"ZNF674","grey"
"ZNF549","turquoise"
"MICOS10P1","pink"
"ATP8B3","turquoise"
"SPATA31C2","grey"
"RUNDC3B","turquoise"
"LONRF1","pink"
"LUZP2","turquoise"
"SEMA3D","turquoise"
"CBARP","turquoise"
"EFR3B","turquoise"
"MYH15","turquoise"
"DNAH6","turquoise"
"CCDC88C","green"
"TRGV7","turquoise"
"BTBD18","pink"
"GIMAP5","green"
"PELP1","grey"
"TDRD12","grey"
"ZNF37BP","pink"
"DOCK5","turquoise"
"KIAA1614","turquoise"
"MED27","grey"
"IGLC2","green"
"GGCT","yellow"
"SPG21","magenta"
"CFHR1","greenyellow"
"TNNT2","brown"
"PRSS3P2","brown"
"ADGRV1","turquoise"
"PMS2P6","turquoise"
"STOML2","purple"
"EXOC6B","turquoise"
"ZFR2","grey"
"IHH","turquoise"
"ZNF428","blue"
"GK2","turquoise"
"ACSM1","grey"
"BEX4","grey"
"TSPO2","turquoise"
"SUMO4","yellow"
"ZNRF4","turquoise"
"OR7E24","turquoise"
"ABCA12","brown"
"DHX9-AS1","turquoise"
"GTF2H2B","pink"
"PRPS1L1","turquoise"
"FAM182B","turquoise"
"IBA57","turquoise"
"WDTC1","turquoise"
"SNX29","turquoise"
"DUSP10","purple"
"SPINT3","grey"
"ANKRD10-IT1","pink"
"DIRAS3","turquoise"
"ETV2","grey"
"HYMAI","brown"
"LAMB4","brown"
"PYGO1","grey"
"STXBP5L","grey"
"PHC3","pink"
"SORCS3","turquoise"
"ZNF391","turquoise"
"KHDRBS2","turquoise"
"DIP2A","pink"
"ZNF492","turquoise"
"AGPAT1","blue"
"HLA-DQB2","brown"
"C14orf93","turquoise"
"SCFD1","black"
"CTAGE9","brown"
"MTRF1L","pink"
"DTNB-AS1","green"
"FCF1","grey"
"GTF2IRD2","turquoise"
"ACVR2B-AS1","turquoise"
"ERV9-1","grey"
"LTN1","red"
"TTC12","turquoise"
"FBXW12","pink"
"FGD2","turquoise"
"ERC1","grey"
"SPATS2L","grey"
"PHF7","turquoise"
"TSC2","blue"
"LOC102723769","turquoise"
"ERICH2-DT","turquoise"
"DLEU2","red"
"BRMS1","blue"
"NEUROG2","turquoise"
"CEP41","turquoise"
"SH2D3C","turquoise"
"FLCN","turquoise"
"TMEM238L","turquoise"
"GSDMB","turquoise"
"EPHA5","turquoise"
"PLXNB1","grey"
"PRODHLP","turquoise"
"LUNAR1","turquoise"
"RBFADN","turquoise"
"ASCC2","blue"
"SHBG","turquoise"
"DDX27","grey"
"AFG2B","grey"
"SEC16A","grey"
"FLG","brown"
"IGFALS","turquoise"
"PHF3","red"
"DGCR11","turquoise"
"DTX2","brown"
"KCNV1","turquoise"
"LINC00563","turquoise"
"AKAP8L","blue"
"GORASP1","grey"
"RBM26","red"
"BTG2-DT","turquoise"
"ANKRD53","grey"
"GSTA1","turquoise"
"ZNF804A","turquoise"
"TRAV16","turquoise"
"OR7E2P","turquoise"
"INSRR","turquoise"
"IGLV4-60","green"
"H2BC8","grey"
"RAB40AL","turquoise"
"ALPL","turquoise"
"CYFIP2","green"
"CFAP74","turquoise"
"DNAJC11","blue"
"MTMR7","turquoise"
"MYH7B","grey"
"TRAV13-2","green"
"PDXP-DT","turquoise"
"DUOX1","brown"
"RADX","grey"
"TRGC2","green"
"CYP2D7","turquoise"
"PTCD1","magenta"
"NUDT7","turquoise"
"RHCE","turquoise"
"ZNF835","turquoise"
"CROCCP3","turquoise"
"LILRA5","turquoise"
"DNAH2","turquoise"
"HERC2P3","grey"
"CFAP70","grey"
"SIGLEC15","turquoise"
"NCLN","blue"
"SYT12","turquoise"
"ZNF217-AS1","pink"
"LOC105376196","turquoise"
"UBQLN2","black"
"SSX2B","turquoise"
"ZNF277","yellow"
"ZNF440","pink"
"PTGDR","brown"
"ZNF81","grey"
"SNRNP40","purple"
"LOC105375582","turquoise"
"RAD21L1","grey"
"PDXDC2P-NPIPB14P","turquoise"
"CD72","green"
"ARFGEF2","red"
"LINC00837","grey"
"MAGEC2","turquoise"
"SPATA31A3","turquoise"
"LINC01361","turquoise"
"IGLL3P","green"
"SMG7-AS1","turquoise"
"SLC5A4","grey"
"GK3","purple"
"LOC100130331","turquoise"
"HCG4B","turquoise"
"ZNF721","pink"
"IGHMBP2","turquoise"
"GPR176-DT","turquoise"
"UBXN8","yellow"
"POLR1HASP","pink"
"CBX2","turquoise"
"PRAMEF12","turquoise"
"SLC39A9","turquoise"
"ZXDB","grey"
"IFIH1","lightcyan"
"POLE","turquoise"
"SEMG2","turquoise"
"ZNF280A","turquoise"
"CCDC144A","pink"
"PRINS","turquoise"
"FAM182A","turquoise"
"CYP2C19","turquoise"
"DAAM1","brown"
"HBBP1","turquoise"
"ANKRD34C","turquoise"
"SPATA31F2P","turquoise"
"OBSCN","turquoise"
"SV2C","turquoise"
"HTR7P1","turquoise"
"NCKIPSD","grey"
"SPEF1","turquoise"
"LINC00663","turquoise"
"TRAV21","green"
"LRRC37BP1","turquoise"
"SBNO1","pink"
"GARNL3","grey"
"RIMS1","turquoise"
"TRDV3","grey"
"HERC2P8","turquoise"
"IGKV1D-13","green"
"LINC00939","turquoise"
"TASOR2","red"
"CPN2","turquoise"
"TAF4B","turquoise"
"SLC2A14","grey"
"PVT1","turquoise"
"TCEA1","yellow"
"POLR2J4","blue"
"LPXN","green"
"TTLL12","grey"
"GRM8","turquoise"
"TGIF2","blue"
"LAMB2","brown"
"TMEM115","blue"
"ZNF460","turquoise"
"ADAM3A","turquoise"
"CYSLTR1","pink"
"ADGRD2","grey"
"XRCC3","turquoise"
"HNRNPCL1","grey"
"DGKB","turquoise"
"TAOK1","pink"
"OVOL3","turquoise"
"PCDHB17P","turquoise"
"TUBA3D","grey"
"RTEL1-TNFRSF6B","green"
"HDAC3","grey"
"CYP2A7P1","turquoise"
"YIPF3","purple"
"SEC14L3","turquoise"
"PPP1R13B","brown"
"DGKH","grey"
"ZNF10","turquoise"
"DAZ4","grey"
"MUC7","turquoise"
"RRP12","grey"
"IGLV3-19","green"
"TAPT1","turquoise"
"ANOS2P","grey"
"LOC220077","turquoise"
"ATXN8OS","turquoise"
"LCOR","turquoise"
"IGKV1D-37","green"
"SEC14L4","brown"
"SP3P","turquoise"
"VAC14","blue"
"OR2B2","turquoise"
"FAM227B","grey"
"HOXB9","grey"
"TMEM92-AS1","turquoise"
"KIR3DX1","turquoise"
"TTC38","turquoise"
"TMSB4X","greenyellow"
"ZNF287","turquoise"
"CHST12","turquoise"
"SLC66A3","turquoise"
"DDR1-DT","turquoise"
"ZNF682","pink"
"ZNF355P","turquoise"
"DUX4L1","grey"
"GRIP2","turquoise"
"MYDGF","blue"
"RPLP2P1","grey"
"LOC101929073","turquoise"
"MIR1244-1","grey"
"IGKV1D-8","green"
"BRCC3","black"
"OR2B6","turquoise"
"CADM3-AS1","turquoise"
"OR7E19P","turquoise"
"ATXN3L","turquoise"
"RBMY2FP","turquoise"
"HMGB3P1","grey"
"TBC1D22B","grey"
"KIR2DS4","turquoise"
"PRR14L","grey"
"IGLV3-10","green"
"FOXL1","turquoise"
"IGLV1-50","green"
"RPE","yellow"
"GJB4","turquoise"
"POM121L2","turquoise"
"H2AC10P","grey"
"FZD8","turquoise"
"GNAT3","turquoise"
"MAGEC3","turquoise"
"FAM186A","turquoise"
"LINC02249","grey"
"CCL2","green"
"AOC4P","turquoise"
"DKFZP434A062","turquoise"
"HTR3A","turquoise"
"MAG","turquoise"
"LOC101927446","turquoise"
"DSCC1","yellow"
"DHFRP3","turquoise"
"MYO7B","turquoise"
"LOC101929148","turquoise"
"MGAM2","turquoise"
"RNASE2CP","turquoise"
"PDSS2","red"
"MUC8","grey"
"TTTY1","turquoise"
"KIR3DL3","green"
"ZNF154","turquoise"
"IFT122","turquoise"
"SUPT20H","pink"
"ANKRD36BP2","grey"
"OR7C1","grey"
"PRODH2","turquoise"
"OR7E12P","turquoise"
"KLK1","brown"
"KPLCE","brown"
"TAF1","turquoise"
"TMEM132A","grey"
"LINC00302","brown"
"RAB11FIP4","turquoise"
"VENTXP1","turquoise"
"DCLK2","turquoise"
"TM6SF2","turquoise"
"LOC105375061","turquoise"
"PYHIN1","turquoise"
"OSBPL10","red"
"PLAAT2","turquoise"
"USP53","turquoise"
"CYLC1","turquoise"
"FAM224A","pink"
"LOC100289518","turquoise"
"MIR622","turquoise"
"KRTAP4-7","turquoise"
"OR2H1","turquoise"
"MLLT10P1","grey"
"HERC2","brown"
"SNHG14","pink"
"GDF11","magenta"
"TRBV21-1","grey"
"ATP8B2","turquoise"
"LOC100505498","turquoise"
"PRB4","turquoise"
"GABRG3","turquoise"
"FAM76A","grey"
"RRN3","yellow"
"MICU1","tan"
"KRT35","brown"
"FCGR1A","green"
"LMNB2","blue"
"ZNF133","pink"
"RPAIN","green"
"ZNF224","pink"
"RUNX2","turquoise"
"MKRN2","grey"
"ADAM5","turquoise"
"ADAM15","grey"
"PGK2","grey"
"GBX1","turquoise"
"AZGP1P1","grey"
"TMEM212","pink"
"LOC101929550","turquoise"
"KRT84","turquoise"
"FOXD4","grey"
"ELK2AP","blue"
"RDH11","yellow"
"NCR2","turquoise"
"DIAPH2-AS1","turquoise"
"MUC3A","turquoise"
"TRAV36DV7","turquoise"
"TRBV16","turquoise"
"DMPK","turquoise"
"HOMER2","brown"
"ZCWPW2","turquoise"
"MKRN7P","grey"
"PMCHL1","turquoise"
"PPIAL4A","turquoise"
"BTBD7","turquoise"
"TRDC","green"
"TRAT1","green"
"IGLV2-14","green"
"PTGER4P2-CDK2AP2P2","turquoise"
"HERPUD1","green"
"TRAV8-6","turquoise"
"ZPR1P1","turquoise"
"PRDM1","green"
"RASAL2","grey"
"BTNL3","turquoise"
"LOC100287387","brown"
"OR1E3","turquoise"
"NOMO2","blue"
"SFXN3","blue"
"MAST1","turquoise"
"IGLV@","green"
"ADAM3B","turquoise"
"IGHV3-47","green"
"COX7A2P2","grey"
"TTTY2","turquoise"
"RPL15","salmon"
"PRAMEF10","turquoise"
"NDRG3","grey"
"OR2F2","turquoise"
"OR1F2P","brown"
"CDC37P1","turquoise"
"OR7A10","grey"
"HERC2P2","red"
"IGHV3-72","green"
"HLA-DRB6","green"
"KRT3","grey"
"IL23A","grey"
"CTAGE11P","turquoise"
"OR2J3","turquoise"
"KRT19P2","turquoise"
"PRICKLE3","blue"
"PRAMEF11","turquoise"
"TRGV5","turquoise"
"LOC100289473","turquoise"
"IGKV1OR2-108","green"
"ADD3-AS1","turquoise"
"UBE2NL","grey"
"TRAV13-1","green"
"MT4","pink"
"TRAV10","turquoise"
"ZNF227","grey"
"TRAV9-2","green"
"HBA2","brown"
"PIWIL2","turquoise"
"HIRA","blue"
"HLA-J","green"
"IGFBP-AS1","turquoise"
"DYNC1LI2-DT","turquoise"
"LOC729815","turquoise"
"LINC01482","turquoise"
"HLA-DMA","green"
"SHISA6","turquoise"
"IGKV1OR1-1","green"
"PTENP1","yellow"
"OR7E37P","yellow"
"IFIT2","lightcyan"
"ABCA6","turquoise"
"ARK2N","turquoise"
"CRX","turquoise"
"KAZALD1","turquoise"
"MILR1","green"
"CACNA1S","turquoise"
"LOC283683","turquoise"
"KCNV2","turquoise"
"OLFML1","brown"
"ORAI2","blue"
"PWWP2A","grey"
"CYRIB","yellow"
"NXPE3","red"
"ZNF816","grey"
"MYH14","brown"
"MT1M","brown"
"ZNF675","grey"
"ARPIN","turquoise"
"OR7E14P","turquoise"
"STEAP1B","yellow"
"RPL10L","grey"
"GGA1","blue"
"BRINP3","grey"
"CATSPER2","pink"
"RAB40A","grey"
"ZSWIM1","turquoise"
"ZSCAN18","brown"
"CINP","blue"
"SCUBE3","turquoise"
"USP27X","grey"
"SREK1IP1","grey"
"SPDYE2","pink"
"ERICH1","turquoise"
"TIMM50","grey"
"TMEM144","turquoise"
"MYLK3","grey"
"ZNF573","pink"
"ANGEL2","red"
"GTPBP4","black"
"SKA1","yellow"
"COX16","turquoise"
"FXYD5","grey"
"SIX5","turquoise"
"ZNF234","grey"
"ZNF813","salmon"
"SEC14L1P1","pink"
"LRRC75B","grey"
"ZBTB7C","brown"
"PLEKHA2","grey"
"WNT7B","brown"
"HAPSTR1","grey"
"MAGOH2P","grey"
"CNPY4","grey"
"SEC61A1","blue"
"EIF3L","salmon"
"CHCHD2","yellow"
"NGRN","grey"
"COPZ1","purple"
"VPS35","grey"
"S100A6","grey"
"TLE5","blue"
"TMBIM1","brown"
"ITM2B","greenyellow"
"TMSB10","green"
"WDR6","pink"
"EIF2AK1","blue"
"RTF2","blue"
"NAMPT","black"
"RPL7A","salmon"
"WAC","black"
"CDC50A","black"
"PERP","brown"
"NAA50","black"
"PDCD6IP","grey"
"ADIPOR1","purple"
"COPG1","blue"
"UBE2Z","blue"
"GSTK1","blue"
"CNDP2","magenta"
"RPS26","salmon"
"DDX56","blue"
"JPT1","yellow"
"SERF2","blue"
"A2M","grey"
"TM9SF3","black"
"TRIM44","yellow"
"ADI1","grey"
"RAB31","greenyellow"
"NRBP1","blue"
"TMEM50A","grey"
"C3","greenyellow"
"RTRAF","black"
"POMP","purple"
"PIGT","blue"
"GOLM1","yellow"
"MTCH2","purple"
"COXFA4","yellow"
"TRMT112","blue"
"HACD3","purple"
"SLC39A1","blue"
"PNRC2","black"
"WDR83OS","blue"
"ZNF106","yellow"
"GPS1","blue"
"YPEL5","greenyellow"
"YKT6","blue"
"PRMT5","purple"
"GALNT2","purple"
"SNX6","grey"
"SSR3","yellow"
"ALDH18A1","blue"
"SNX5","grey"
"RAB11B","blue"
"PRR13","green"
"TMEM43","brown"
"NPLOC4","blue"
"UFC1","purple"
"CNOT2","red"
"UBE2H","blue"
"NDFIP1","black"
"ATP5F1E","yellow"
"NUCKS1","midnightblue"
"GOLPH3","black"
"POLDIP2","grey"
"NOP53","brown"
"MAPKAP1","blue"
"BZW2","yellow"
"LARS1","pink"
"SELENOT","purple"
"YTHDF2","yellow"
"SPIN1","purple"
"CCDC47","red"
"SUPT16H","yellow"
"PCNP","black"
"GOLGA7","red"
"ENAH","red"
"WBP11","purple"
"UBE2J1","green"
"SLTM","red"
"USP39","blue"
"NSFL1C","tan"
"RAB5IF","purple"
"YY1AP1","grey"
"CHMP3","brown"
"EVL","green"
"TFG","black"
"DDX41","blue"
"PPME1","tan"
"LUC7L2","red"
"MED4","black"
"CTDSP1","tan"
"HIGD1A","black"
"QARS1","blue"
"THRAP3","blue"
"PPA1","black"
"CDC42BPB","blue"
"GNL3","yellow"
"PRELID3B","black"
"ARL8B","black"
"TNS3","black"
"SDF4","blue"
"ARMCX3","yellow"
"NDUFA10","blue"
"PREB","blue"
"PIAS1","grey"
"RNF130","grey"
"CPSF7","pink"
"BACE2","magenta"
"METTL9","magenta"
"HSD17B12","black"
"CMPK1","black"
"MIF","blue"
"PIH1D1","grey"
"CAB39","black"
"SUCLG1","grey"
"PMEPA1","cyan"
"GTF3C5","grey"
"GPBP1L1","greenyellow"
"CDC27","yellow"
"MMADHC","black"
"NAT10","blue"
"EPS15","red"
"ARFGAP1","blue"
"CYBRD1","grey"
"RUSF1","magenta"
"LIMA1","grey"
"KCTD3","yellow"
"PTCD3","yellow"
"PSME3IP1","blue"
"FXYD6","green"
"EMC7","purple"
"TMEM214","blue"
"IARS2","yellow"
"DSG2","grey"
"STRN4","blue"
"BACE1","brown"
"MCMBP","red"
"KLHDC2","black"
"MRPL18","grey"
"DCAF6","black"
"BAG3","grey"
"DUS1L","blue"
"VPS4A","blue"
"TPCN1","grey"
"RSL24D1","yellow"
"DYNLRB1","blue"
"MRPL42","yellow"
"PEF1","tan"
"C19orf53","blue"
"SPCS1","purple"
"PPP6R3","turquoise"
"KIAA0319L","blue"
"TOLLIP","blue"
"CNPY3","blue"
"MRPS7","blue"
"LAP3","lightcyan"
"STUB1","blue"
"UQCC1","grey"
"ARHGAP5","red"
"HDAC7","pink"
"KCMF1","black"
"AFTPH","brown"
"NAXD","grey"
"ERBIN","red"
"MRPS35","yellow"
"MAP7D1","blue"
"POMGNT1","blue"
"BTBD1","yellow"
"SAE1","blue"
"CMTM6","green"
"RTL8A","blue"
"VKORC1","blue"
"NOSIP","green"
"BCL2L13","purple"
"ENOPH1","yellow"
"CFAP20","purple"
"TRAPPC4","grey"
"TOMM22","purple"
"SLC25A38","green"
"NOP10","purple"
"BEX3","purple"
"TTC19","red"
"SAP30BP","grey"
"NIBAN1","brown"
"EIPR1","blue"
"VPS51","brown"
"CNOT6","black"
"LAMTOR3","red"
"CHCHD3","yellow"
"DCXR","blue"
"TM7SF3","blue"
"TCEAL9","black"
"DYNC1LI1","black"
"MSRB1","brown"
"UBE2Q1","yellow"
"TSPAN13","turquoise"
"MRPL16","grey"
"TIMM10B","grey"
"MORF4L1","yellow"
"RNASET2","green"
"BAZ1A","red"
"ASNSD1","black"
"CCNB1IP1","yellow"
"HSD17B11","black"
"GMPR2","purple"
"SSBP3","brown"
"EFHD2","green"
"MAT2B","black"
"INTS11","blue"
"SQOR","greenyellow"
"PHLDA1","magenta"
"MRPS2","blue"
"CXCL14","brown"
"FKBP3","yellow"
"BSDC1","tan"
"ZNF22","green"
"RPS27L","yellow"
"TMEM248","purple"
"PRC1","yellow"
"PPDPF","tan"
"UBL5","yellow"
"TSPYL2","pink"
"DCTN4","purple"
"NUP85","yellow"
"WRNIP1","pink"
"POLR3E","grey"
"HGSNAT","brown"
"ZFAND3","blue"
"DHRS4","brown"
"VRK3","blue"
"FAM53C","grey"
"MPC1","grey"
"ECI2","purple"
"COA3","purple"
"MRPL15","purple"
"ELOVL1","tan"
"RIPOR1","blue"
"GIT1","blue"
"SNN","greenyellow"
"FIS1","blue"
"RBM47","greenyellow"
"NMD3","grey"
"RETREG2","blue"
"DMAC2","blue"
"NUSAP1","yellow"
"PRPF38B","red"
"SLC38A2","brown"
"COPS4","black"
"AZI2","red"
"PTMS","blue"
"MRPS16","blue"
"OSBPL9","magenta"
"COMMD3","red"
"MRPL13","yellow"
"UFM1","red"
"NT5DC2","blue"
"ATP13A1","blue"
"WDR41","grey"
"BFAR","magenta"
"EMC8","blue"
"CXXC1","turquoise"
"ZNF706","grey"
"USB1","blue"
"MEA1","magenta"
"TMEM9B","brown"
"SLC12A7","grey"
"ARGLU1","red"
"ZNF672","grey"
"DCTPP1","yellow"
"GMPPA","blue"
"COMMD9","grey"
"NDC1","yellow"
"CIAO2B","blue"
"AAAS","blue"
"ARHGAP17","green"
"ZDHHC3","brown"
"GGNBP2","red"
"FAF1","grey"
"ADISSP","blue"
"UBP1","red"
"PTGES2","blue"
"CHMP5","black"
"NPDC1","blue"
"RRAGC","grey"
"AAR2","tan"
"WDR11","red"
"ANKRD10","pink"
"DBNDD2","brown"
"TMEM165","black"
"AGPAT5","yellow"
"CUEDC2","blue"
"TEX2","magenta"
"IFT57","black"
"NDUFC2","purple"
"DERA","magenta"
"FTSJ3","blue"
"TEX10","red"
"MRPL4","blue"
"MRPS10","purple"
"WDR26","purple"
"UBR7","black"
"MFSD1","black"
"XAB2","grey"
"CMAS","black"
"MRPS34","blue"
"CEMIP2","black"
"ASF1B","yellow"
"C9orf78","grey"
"RBX1","yellow"
"TIMM23","purple"
"HMOX2","blue"
"SENP2","purple"
"CFAP298","yellow"
"RETSAT","blue"
"CCDC25","pink"
"RMDN3","turquoise"
"NFYB","red"
"CYBC1","green"
"GATAD2A","blue"
"TSEN34","blue"
"NIF3L1","yellow"
"RBM22","greenyellow"
"ERGIC2","black"
"SLC25A37","grey"
"SMAP1","greenyellow"
"MKKS","yellow"
"AP5M1","black"
"SRPRB","purple"
"UBE2O","blue"
"CRBN","red"
"SCAMP2","blue"
"INF2","blue"
"TRIB3","blue"
"GLT8D1","black"
"CENPT","brown"
"ZNF395","brown"
"ARL5A","black"
"SLC52A2","blue"
"HMG20A","magenta"
"CARS2","blue"
"GSDMD","green"
"TSR1","pink"
"CDC42SE1","grey"
"APPL1","red"
"DDRGK1","blue"
"NDUFA8","magenta"
"CLN6","magenta"
"OLFML3","cyan"
"MCTS1","purple"
"SPATA20","blue"
"MEAF6","black"
"RSF1","red"
"AMZ2","yellow"
"COQ8A","grey"
"ISOC1","brown"
"VPS4B","black"
"DERL1","blue"
"NSD3","turquoise"
"TMEM254","brown"
"CCDC92","blue"
"MAGEF1","red"
"CHMP1B","purple"
"TRAPPC11","red"
"EPS8L2","brown"
"CLDN1","brown"
"CDIP1","pink"
"TULP4","grey"
"ARMC1","yellow"
"RAB25","brown"
"C8orf33","blue"
"TIMM13","blue"
"NANS","magenta"
"UQCR10","purple"
"LMBRD1","greenyellow"
"IP6K2","turquoise"
"GOLT1B","yellow"
"REXO2","black"
"DCPH1","black"
"OSTM1","magenta"
"OXR1","red"
"DHX32","salmon"
"NOL6","grey"
"NDUFB2","yellow"
"MRPL44","magenta"
"ALG5","yellow"
"FYCO1","tan"
"MKNK2","brown"
"SCAND1","blue"
"STMN3","blue"
"SLC66A2","brown"
"RPRD1A","yellow"
"FN3KRP","grey"
"MLPH","magenta"
"MOCS2","yellow"
"TMEM258","grey"
"ATG101","blue"
"NR1H2","blue"
"ARL6IP4","blue"
"SCPEP1","green"
"APPL2","grey"
"LANCL2","magenta"
"MYG1","blue"
"PLEKHO1","green"
"PNMA1","purple"
"ECSIT","blue"
"NDUFB4","grey"
"NUBP2","blue"
"TNKS2","grey"
"POGK","blue"
"NAGK","green"
"C1QA","green"
"PRICKLE4","purple"
"ING4","turquoise"
"UTP11","yellow"
"SLC38A1","green"
"NKIRAS2","tan"
"GOLGA5","black"
"KMT5B","red"
"RUFY1","brown"
"NOL8","red"
"TSKU","tan"
"MUL1","blue"
"MEX3C","yellow"
"FAM111A","green"
"ZDHHC6","yellow"
"CNOT7","yellow"
"MID1IP1","grey"
"CKAP2","yellow"
"EIF2D","grey"
"SAR1B","black"
"FBRS","tan"
"UGGT1","yellow"
"POLR1D","purple"
"MRTFB","brown"
"DDA1","blue"
"AP1M2","brown"
"ZBED5","red"
"BCCIP","grey"
"SECISBP2","red"
"NCS1","blue"
"TBC1D15","red"
"DROSHA","yellow"
"MRPL24","blue"
"PARL","grey"
"PDP1","yellow"
"ANKZF1","pink"
"SLC25A10","blue"
"SAV1","red"
"DHX40","midnightblue"
"WDR74","blue"
"MRPL48","salmon"
"EDEM2","blue"
"SS18L2","pink"
"BDH2","red"
"RNF7","red"
"AGO1","grey"
"CCDC90B","black"
"UBA5","red"
"PLEKHJ1","grey"
"LAMTOR2","blue"
"MSTO1","magenta"
"MINDY3","red"
"DGLUCY","brown"
"C11orf24","magenta"
"PAGR1","grey"
"RNPEPL1","tan"
"PSENEN","blue"
"KRCC1","red"
"OSBPL11","black"
"IPO4","blue"
"HERC1","pink"
"RSAD1","grey"
"TACC3","yellow"
"CAMK2N1","cyan"
"RABGEF1","red"
"MAP4K3","red"
"GALNT7","black"
"NKAPD1","grey"
"CDK5RAP1","grey"
"TIMM9","red"
"SLX1B","blue"
"NLK","magenta"
"PELI1","black"
"NDUFB11","blue"
"STYXL1","magenta"
"ACSL5","green"
"RHOT1","red"
"SPATS2","yellow"
"LGR4","brown"
"SNAP29","purple"
"COQ4","tan"
"PRDM4","grey"
"NAV2","magenta"
"BEX1","turquoise"
"DERL2","grey"
"THOC7","black"
"TNIP2","green"
"PFDN2","yellow"
"FHIP2B","tan"
"PHC1","magenta"
"MRPL22","salmon"
"UBA6","grey"
"PPCS","black"
"ERMP1","grey"
"GTF3C3","yellow"
"RCOR3","red"
"TMEM176A","green"
"SESN1","brown"
"TYW1","grey"
"ZC3H7A","red"
"ZWILCH","yellow"
"GMNN","yellow"
"COMMD8","black"
"RCBTB1","yellow"
"TRAPPC2L","purple"
"KIF4A","yellow"
"MRM2","purple"
"TIMM8B","salmon"
"CRELD2","grey"
"NRSN2","magenta"
"GOLPH3L","grey"
"EXD2","turquoise"
"LRRFIP2","grey"
"DARS2","turquoise"
"METTL17","pink"
"USP21","blue"
"TNFRSF12A","blue"
"EXOSC1","grey"
"S100PBP","red"
"PSPC1","red"
"MED9","blue"
"AKTIP","brown"
"FERRY3","red"
"NUDT9","yellow"
"MICAL1","magenta"
"RWDD2B","grey"
"PRKRIP1","pink"
"RBM7","black"
"SMIM48","turquoise"
"HAUS4","grey"
"CARHSP1","grey"
"MRPS18A","blue"
"USP16","red"
"PGLS","blue"
"APH1A","blue"
"FAM204A","grey"
"SNF8","blue"
"SFXN1","yellow"
"SMU1","grey"
"ROGDI","grey"
"ACTR6","red"
"VPS13C","red"
"FANCL","yellow"
"MRPS30","yellow"
"CDCA4","grey"
"OAS3","lightcyan"
"ZNF281","grey"
"HPS4","magenta"
"TRIAP1","grey"
"SNX10","yellow"
"ABT1","blue"
"TIMM10","purple"
"DNAJC1","grey"
"BRICD5","grey"
"MBIP","red"
"GTF2IRD1","grey"
"ZNF639","grey"
"NDE1","blue"
"VPS33B","magenta"
"SLC48A1","brown"
"KANK2","grey"
"TMUB2","grey"
"PROSER1","turquoise"
"CERK","grey"
"VPS54","red"
"STEAP3","brown"
"RNF216","blue"
"ENTR1","grey"
"REV1","red"
"SHFL","lightcyan"
"RFX7","grey"
"VIPAS39","turquoise"
"FBXO3","red"
"PANK3","red"
"AACS","brown"
"DNAJC15","yellow"
"SIL1","brown"
"LZTFL1","red"
"MED28","purple"
"COMMD10","purple"
"MCCC1","brown"
"RPAP1","grey"
"TTC4","grey"
"DAZAP1","blue"
"ALG12","blue"
"MACROH2A2","brown"
"TVP23B","red"
"CMC2","yellow"
"GID8","brown"
"UFSP2","black"
"HEBP1","purple"
"CDCP1","brown"
"SMARCAL1","magenta"
"TMEM242","turquoise"
"PLBD1","brown"
"NFS1","grey"
"CAPRIN2","pink"
"DNMT3A","grey"
"GMCL2","yellow"
"TOR3A","green"
"DNAAF5","yellow"
"GPN3","yellow"
"RPF1","black"
"MUS81","grey"
"FAM222B","magenta"
"TMEM33","purple"
"TBC1D17","tan"
"PSMG2","red"
"GREM1","greenyellow"
"YARS2","grey"
"BBS1","grey"
"PELO","black"
"COLGALT1","blue"
"KCTD5","blue"
"TRMT2A","blue"
"POMT1","grey"
"TMEM14A","purple"
"ZCCHC8","red"
"XPO4","yellow"
"AGBL5","blue"
"EXOSC5","blue"
"ENY2","yellow"
"IFT46","grey"
"COXFA4L2","brown"
"SLC35C1","turquoise"
"KLF11","brown"
"ALAD","grey"
"EIF2B3","grey"
"ZNF302","red"
"THYN1","grey"
"THAP7","tan"
"SNRNP25","yellow"
"SLC2A4RG","tan"
"UXT","grey"
"RNASEH1","purple"
"ERO1A","grey"
"STK26","black"
"THEM6","blue"
"ARHGEF3","greenyellow"
"TRPS1","brown"
"FOCAD","grey"
"FAHD2A","blue"
"WDR59","pink"
"GLYR1","grey"
"HILPDA","grey"
"DCP1A","grey"
"PLPPR2","blue"
"PNPO","grey"
"WDR12","yellow"
"TMA16","black"
"SMG8","purple"
"PAXBP1","red"
"BPNT2","purple"
"JADE1","pink"
"FAM13B","red"
"SLC35A5","black"
"TBK1","red"
"UBE2W","yellow"
"MAP1S","blue"
"LHPP","brown"
"E4F1","turquoise"
"HIF1AN","tan"
"RANGRF","blue"
"APTX","red"
"RNF38","black"
"CD320","blue"
"FHOD1","blue"
"TMEM134","brown"
"UCKL1","grey"
"RIOK2","yellow"
"MRS2","yellow"
"HCFC1R1","tan"
"FBXO34","red"
"THTPA","grey"
"TCIM","greenyellow"
"CEP55","yellow"
"PARP12","lightcyan"
"RCL1","turquoise"
"CCDC91","black"
"C1orf115","brown"
"DHDDS","brown"
"TEX264","blue"
"RMDN1","yellow"
"LRRC20","turquoise"
"MIIP","turquoise"
"ECHDC2","brown"
"KCTD15","grey"
"ASH1L","turquoise"
"ANAPC2","grey"
"ORMDL2","purple"
"NIT2","grey"
"MRPL39","yellow"
"MAFB","greenyellow"
"JMJD4","turquoise"
"LYRM4","purple"
"MACO1","grey"
"NDUFA3","blue"
"RFWD3","blue"
"SPOUT1","blue"
"CHORDC1","red"
"DPP3","blue"
"AGK","yellow"
"KBTBD4","black"
"CHMP4A","greenyellow"
"MAGEH1","black"
"LMCD1","cyan"
"ANAPC1","yellow"
"DUSP12","yellow"
"CDC73","black"
"DHX35","grey"
"AURKAIP1","blue"
"ABHD4","turquoise"
"MARCHF5","black"
"DCUN1D1","red"
"TCTN1","blue"
"DTL","yellow"
"MRGBP","yellow"
"POGLUT1","grey"
"FAM114A2","red"
"LPAR6","red"
"TWNK","grey"
"NOL10","red"
"HDHD5","grey"
"RBM28","yellow"
"HEATR1","yellow"
"TBC1D13","turquoise"
"CISD1","grey"
"RINT1","yellow"
"REC8","pink"
"LIMD2","green"
"URGCP","blue"
"HAUS6","red"
"HECA","brown"
"LEMD3","red"
"TFB2M","yellow"
"ZDHHC7","tan"
"SDAD1","grey"
"ATP13A2","blue"
"NUDT2","grey"
"CPPED1","blue"
"IER5","grey"
"TSSC4","blue"
"RESF1","green"
"TMEM39A","red"
"INTS12","purple"
"TRIT1","pink"
"FNDC3B","grey"
"SUV39H1","turquoise"
"HEMK1","blue"
"NUP37","yellow"
"NSG2","turquoise"
"CENPBD2P","blue"
"NRN1","grey"
"EIF4ENIF1","grey"
"DRAM1","green"
"WASHC3","red"
"SMO","blue"
"MKS1","turquoise"
"AVPI1","grey"
"HECTD3","grey"
"ABHD10","red"
"PHLDA3","blue"
"MAN1B1","blue"
"IMPACT","red"
"SPON2","grey"
"ZXDC","grey"
"PLEKHF2","black"
"ZFTA","red"
"CHCHD7","red"
"CRIPT","yellow"
"PLEK2","brown"
"HPF1","black"
"YRDC","yellow"
"CRTC3","magenta"
"NEMF","red"
"DGCR8","turquoise"
"LARP6","turquoise"
"PIGG","red"
"SLC25A15","yellow"
"MRPS33","yellow"
"CWC25","turquoise"
"LHFPL6","greenyellow"
"RAPGEFL1","brown"
"ACTR8","grey"
"ASXL2","grey"
"DYSF","green"
"NAA60","grey"
"NCAPG","yellow"
"MECR","blue"
"FZD4","turquoise"
"STX17","turquoise"
"PJA1","purple"
"RAP2C","red"
"PUS1","blue"
"ATP5IF1","brown"
"SCNM1","blue"
"ATG7","grey"
"TRAPPC13","red"
"SLC22A17","turquoise"
"PCTP","grey"
"S100A14","brown"
"NES","blue"
"VPS28","blue"
"HYPK","purple"
"SDF2L1","blue"
"SLC4A1AP","black"
"PTBP2","red"
"LRRC8D","magenta"
"SMUG1","grey"
"RHBDF1","blue"
"MUC13","brown"
"TKFC","blue"
"FANCF","red"
"SYBU","brown"
"TSPAN15","turquoise"
"ARMCX1","red"
"EXOSC4","blue"
"EIF2AK3","grey"
"APIP","yellow"
"RAB29","green"
"LACTB2","yellow"
"SARS2","turquoise"
"SEC22A","pink"
"RNF43","brown"
"SNX24","black"
"GRAMD2B","brown"
"ZNF444","turquoise"
"NXT1","grey"
"IFT52","grey"
"TTC27","red"
"CAVIN2","brown"
"AIRIM","yellow"
"ICE2","red"
"PRR14","turquoise"
"UTP6","yellow"
"MTO1","red"
"P3H2","brown"
"PDGFC","cyan"
"GINS3","yellow"
"SEZ6L2","grey"
"ODR4","yellow"
"CCDC51","grey"
"RGCC","greenyellow"
"SLC25A22","turquoise"
"HJURP","yellow"
"SLC38A7","blue"
"CNIH4","yellow"
"LXN","green"
"OGN","brown"
"VWA1","grey"
"PTRH2","yellow"
"MSL2","green"
"NAA40","pink"
"ZNF544","pink"
"PALMD","brown"
"RNF138","black"
"CDK5RAP3","red"
"CENPM","yellow"
"CIAO3","blue"
"CHMP6","blue"
"PACSIN3","grey"
"TMEM161A","blue"
"TAPBPL","green"
"EXOC5","purple"
"SLC8B1","green"
"TAF1D","red"
"FBXW7","brown"
"ZMAT5","blue"
"XKR8","turquoise"
"NOL9","grey"
"KIF20A","yellow"
"DHRS11","blue"
"UPF3B","red"
"RRP1","blue"
"DVL2","grey"
"COQ6","grey"
"RNF111","black"
"ZNF574","blue"
"STX18","grey"
"SIDT2","brown"
"WARS2","grey"
"REXO4","blue"
"NUP107","red"
"ANKRA2","red"
"TMEM39B","blue"
"PANK4","turquoise"
"TMEM38B","yellow"
"MSRB2","magenta"
"DCPS","blue"
"WWC2","yellow"
"TMEM62","turquoise"
"REEP4","brown"
"EPS8L1","brown"
"HOOK2","brown"
"SMC6","yellow"
"ATAD2","yellow"
"INTS7","yellow"
"SAYSD1","grey"
"IFT22","grey"
"NT5DC3","magenta"
"CWF19L1","blue"
"SMYD3","magenta"
"C11orf71","grey"
"TMLHE","turquoise"
"KATNBL1","turquoise"
"BSPRY","brown"
"SCML1","red"
"TXNL4B","pink"
"ACP6","grey"
"FERMT1","brown"
"SIRT7","grey"
"KRI1","blue"
"GPN2","grey"
"SRD5A3","turquoise"
"UGGT2","red"
"MCUB","green"
"CHFR","green"
"ANO1","brown"
"VAV3","brown"
"DALRD3","blue"
"PANK2","yellow"
"ZC3H12A","brown"
"SH3GLB2","tan"
"PACC1","turquoise"
"TMEM51","magenta"
"SPCS3","grey"
"FHL3","grey"
"INTS6","yellow"
"C14orf132","brown"
"NPEPL1","turquoise"
"KCTD9","red"
"PNMA8A","magenta"
"EGFL7","turquoise"
"SLC35F2","brown"
"CEP192","red"
"PLSCR3","brown"
"CHD7","red"
"RPL26L1","yellow"
"FCGRT","green"
"ARRB1","grey"
"MAP3K20","turquoise"
"SFTPA2","grey"
"RPP21","blue"
"UBE2D4","turquoise"
"TTC31","grey"
"HEY1","magenta"
"NADSYN1","grey"
"ASB8","brown"
"RPAP3","black"
"FNDC4","turquoise"
"ACSF2","brown"
"DUSP22","brown"
"MED23","red"
"IGF2BP2","grey"
"THOC6","blue"
"PPP1R13L","brown"
"LIMD1","turquoise"
"WDR33","grey"
"PPP2R3C","yellow"
"MOSPD1","yellow"
"DSE","greenyellow"
"TPRA1","tan"
"ASRGL1","grey"
"DEPTOR","turquoise"
"ESF1","midnightblue"
"NOC4L","blue"
"RNF25","blue"
"ASB13","grey"
"TNS1","brown"
"MTARC1","turquoise"
"POLR3K","purple"
"SPRING1","turquoise"
"ACTR3B","red"
"MLYCD","grey"
"ARHGAP15","green"
"CSGALNACT2","pink"
"TESC","greenyellow"
"GON4L","pink"
"ATAT1","turquoise"
"FBXO5","yellow"
"TPPP3","brown"
"TRMT11","red"
"SIRT1","red"
"MTHFSD","turquoise"
"WDR3","yellow"
"CENPU","yellow"
"GUF1","grey"
"GALNT12","red"
"PAK1IP1","yellow"
"MRPL2","grey"
"NETO2","yellow"
"NOC3L","yellow"
"MRPL35","yellow"
"ARMH3","brown"
"DCHS1","brown"
"ISOC2","blue"
"MAGOHB","yellow"
"GPATCH3","blue"
"NCBP3","pink"
"TMEM177","grey"
"TLCD3A","brown"
"BAALC","grey"
"CNNM4","grey"
"PLSCR4","brown"
"NOTCH1","brown"
"NABP2","blue"
"C9orf40","grey"
"INTS8","yellow"
"KLC2","blue"
"LRRC61","grey"
"ASPSCR1","blue"
"RPS6KC1","yellow"
"ANO10","brown"
"YEATS4","yellow"
"GCC1","grey"
"GMIP","green"
"METTL25B","grey"
"ZNF768","blue"
"ZFAND1","red"
"FAM193B","pink"
"SIGIRR","blue"
"CERS4","brown"
"CTBS","black"
"CFAP68","turquoise"
"MYNN","turquoise"
"SLC37A1","grey"
"CDKN2AIP","black"
"TMEM106B","yellow"
"RAB17","magenta"
"ZNHIT6","red"
"HSPB7","turquoise"
"EHD3","grey"
"CCDC59","yellow"
"ZSCAN32","turquoise"
"FBXL15","tan"
"LETM1","turquoise"
"VCPKMT","red"
"PIP4K2C","magenta"
"RIGI","lightcyan"
"PYCR3","blue"
"METTL22","grey"
"NFU1","black"
"MTPAP","grey"
"QRSL1","grey"
"ARAP3","grey"
"PLCXD1","brown"
"PCSK1N","blue"
"PCYOX1L","pink"
"BRF2","turquoise"
"PAAF1","magenta"
"REX1BD","grey"
"HOXC10","turquoise"
"TMPRSS4","brown"
"PNKP","blue"
"TMEM168","pink"
"KRT23","brown"
"ARID3B","grey"
"TUT1","grey"
"MYO5C","turquoise"
"PTER","red"
"ZFP64","grey"
"PAM16","blue"
"CUTC","pink"
"WDR91","magenta"
"TTC17","pink"
"EFL1","yellow"
"SOBP","turquoise"
"COL5A3","brown"
"DNAJC12","turquoise"
"TRNAU1AP","grey"
"RMI1","yellow"
"FHOD3","blue"
"SDHAF3","yellow"
"MRPS17","purple"
"C1RL","greenyellow"
"PUS7","yellow"
"SLC2A8","brown"
"DDX60","lightcyan"
"SLC35E3","yellow"
"SLC30A5","black"
"SPRR3","brown"
"HEATR6","grey"
"PLGRKT","purple"
"MRM3","blue"
"STAG3L4","red"
"EDN1","brown"
"TFPT","blue"
"POLR1E","grey"
"ABITRAM","grey"
"TMEM140","green"
"DCAF10","grey"
"FASTKD1","yellow"
"MANEA","red"
"MIS18A","yellow"
"TMEM59L","grey"
"NDUFAF4","yellow"
"NUP43","red"
"LDAH","turquoise"
"INAVA","brown"
"PLEKHA4","blue"
"EMSY","red"
"GALNT11","grey"
"PLAC8","green"
"FASTKD5","grey"
"ETNK1","yellow"
"CCDC85C","turquoise"
"PIDD1","brown"
"HS1BP3","blue"
"RNF121","grey"
"C12orf43","grey"
"AP1AR","yellow"
"PLEKHA1","brown"
"CD248","brown"
"MYO9A","grey"
"TMEM267","red"
"TPRKB","yellow"
"NIP7","yellow"
"OPN3","grey"
"PARP8","green"
"PARP16","turquoise"
"RNF34","green"
"CEP70","red"
"MORC4","brown"
"SEMA4C","magenta"
"CORO7","blue"
"REPIN1","magenta"
"LZTS1","magenta"
"PDCL3","grey"
"THNSL2","grey"
"RHOF","green"
"PKNOX2","grey"
"ZNF668","blue"
"PIGN","red"
"CSGALNACT1","grey"
"ZNHIT2","turquoise"
"METRN","blue"
"HPS6","tan"
"VPS37C","grey"
"NPR3","turquoise"
"SRBD1","black"
"RABEP2","brown"
"TINAGL1","brown"
"LYVE1","greenyellow"
"NTAQ1","grey"
"LAGE3","blue"
"ZCCHC2","pink"
"C1orf35","grey"
"ITIH5","brown"
"MEMO1","red"
"PPCDC","blue"
"ATAD3A","blue"
"ANKRD49","pink"
"MOSPD3","blue"
"HGH1","turquoise"
"BCL7C","blue"
"TMEM184C","grey"
"YIPF2","blue"
"PXMP2","brown"
"GPATCH2","red"
"CYB5R4","green"
"CTPS2","turquoise"
"AMDHD2","blue"
"SHQ1","yellow"
"NSD1","pink"
"GEMIN7","turquoise"
"ZNF839","turquoise"
"ASPN","brown"
"ZNF576","turquoise"
"SLC24A3","brown"
"MMRN2","brown"
"IPPK","brown"
"PID1","brown"
"JMJD7-PLA2G4B","brown"
"ARMC7","blue"
"SMIM7","grey"
"MYBBP1A","grey"
"TIGAR","purple"
"STN1","brown"
"ABHD8","grey"
"RCN3","cyan"
"ASAP3","brown"
"RNF141","grey"
"ORC6","pink"
"KLHL41","grey"
"BCAN","magenta"
"SPAG16","brown"
"GAR1","grey"
"DDX54","grey"
"RAPGEF6","red"
"HSD17B14","magenta"
"C3orf18","grey"
"IL20RA","brown"
"DCUN1D2","pink"
"FKBP11","grey"
"LSM8","black"
"WDCP","turquoise"
"ESRP1","grey"
"THG1L","turquoise"
"ZNF232","grey"
"TTI2","blue"
"SLC50A1","grey"
"PHF10","grey"
"PRR15L","turquoise"
"C2orf42","grey"
"SAP30L","grey"
"TRMT13","red"
"UBIAD1","brown"
"PELI2","grey"
"OXSM","grey"
"ADGRL4","cyan"
"LMF1","grey"
"MFF","black"
"RBP4","turquoise"
"AMBRA1","blue"
"RASL11B","turquoise"
"RPP25","magenta"
"DUSP26","turquoise"
"TEFM","yellow"
"NMRK1","brown"
"PBK","yellow"
"DBR1","grey"
"ADAP1","turquoise"
"RABL2B","grey"
"PODXL2","blue"
"THSD4","turquoise"
"TMEM120B","blue"
"PITPNC1","turquoise"
"SYNJ2BP","yellow"
"KLHL2","red"
"NAA15","yellow"
"SLAMF7","green"
"PAPOLG","brown"
"CKLF","yellow"
"MRPL11","grey"
"ZNF562","pink"
"ATG2B","red"
"PDLIM2","brown"
"DNAAF2","black"
"RASL12","brown"
"TFB1M","turquoise"
"FSD1","turquoise"
"ZNF236","turquoise"
"UBTD1","turquoise"
"MYO15B","pink"
"IFT74","red"
"SLC41A3","blue"
"MAIP1","yellow"
"BRIX1","yellow"
"QTRT2","yellow"
"DACT1","grey"
"PEX26","grey"
"LIPG","grey"
"CHST5","turquoise"
"TIMM22","grey"
"SIRT5","turquoise"
"FKBPL","blue"
"MACROD1","blue"
"FBXL6","blue"
"AGO4","turquoise"
"BIN2","green"
"UBAP2","grey"
"WDR70","grey"
"SEMA4G","turquoise"
"PPARGC1A","red"
"SCG3","grey"
"SCUBE2","brown"
"GTF3C4","grey"
"AFF4","turquoise"
"FASTKD3","yellow"
"TWSG1","black"
"RHBDF2","grey"
"EMC9","grey"
"SRR","grey"
"TMBIM4","pink"
"EDC3","blue"
"RAB8B","grey"
"USP18","lightcyan"
"HSPA14","black"
"JAM2","brown"
"RBAK","blue"
"SLC39A4","grey"
"ETAA1","red"
"NARS2","yellow"
"BAHCC1","magenta"
"TMEM160","blue"
"MRPS22","red"
"ZBTB38","blue"
"RBKS","turquoise"
"CACFD1","turquoise"
"ZNF408","grey"
"CCNJL","turquoise"
"ZNF331","pink"
"TMEM100","turquoise"
"TGS1","yellow"
"EGLN3","brown"
"SCRN3","grey"
"PHACTR4","blue"
"PAQR6","turquoise"
"DNAJB14","red"
"PIGV","grey"
"ZNF654","yellow"
"C10orf88","turquoise"
"SSH3","brown"
"CEP63","red"
"GIMAP4","green"
"MRPL46","salmon"
"OGFOD2","turquoise"
"ZDHHC14","blue"
"THUMPD2","pink"
"FKBP10","blue"
"FLRT3","brown"
"DYNC2I1","red"
"GEMIN8","turquoise"
"TMEM185B","blue"
"OGFOD3","grey"
"IL17RB","turquoise"
"SH3TC1","blue"
"SPHK1","grey"
"TIPIN","yellow"
"SEMA4A","green"
"ELP5","blue"
"INTS15","grey"
"SUV39H2","grey"
"RNF128","brown"
"PPP2R3B","grey"
"MOB3B","turquoise"
"ZNF350","grey"
"GLTP","brown"
"ETNK2","grey"
"HMBOX1","turquoise"
"CHAC1","turquoise"
"GALNT14","turquoise"
"TRIM62","turquoise"
"CCNK","turquoise"
"TSPAN12","turquoise"
"PDCD5","yellow"
"CAAP1","red"
"OGDHL","turquoise"
"MAP3K6","brown"
"MSRA","grey"
"TRPV2","magenta"
"C1GALT1C1","yellow"
"HSPBAP1","pink"
"NIN","turquoise"
"RBM15","yellow"
"KCNMB4","turquoise"
"CEP15","yellow"
"HEATR3","grey"
"DAPP1","pink"
"DTWD1","red"
"THAP1","yellow"
"OLA1","yellow"
"CENPQ","yellow"
"PCOLCE2","turquoise"
"ZDHHC13","pink"
"WDR44","black"
"ECHDC3","brown"
"TYW2","yellow"
"OBI1","yellow"
"PDGFD","grey"
"FBXO2","brown"
"KIF15","yellow"
"AK5","grey"
"C22orf46P","grey"
"SYNDIG1","turquoise"
"CEP76","red"
"ZBTB10","yellow"
"GRAMD1C","brown"
"ZNF219","brown"
"TMEM204","grey"
"FLVCR2","green"
"POLI","red"
"MED31","turquoise"
"HIF3A","turquoise"
"MYO19","turquoise"
"PALS1","black"
"WRAP73","grey"
"IL18BP","turquoise"
"NOL12","blue"
"ELAC1","turquoise"
"B3GNT2","purple"
"GPRC5C","brown"
"DDX31","grey"
"ATRAID","purple"
"VANGL1","grey"
"KLHDC8A","turquoise"
"MICALL2","grey"
"CAPN10","turquoise"
"NABP1","grey"
"ARMCX5","red"
"ASCC1","purple"
"C1orf159","turquoise"
"LRRC49","pink"
"EHMT1","blue"
"CLN8","brown"
"CASD1","yellow"
"CDC37L1","grey"
"SLC29A3","turquoise"
"BOLA1","grey"
"LRFN3","blue"
"NUDT15","yellow"
"USE1","grey"
"EXOC2","purple"
"DIABLO","blue"
"TRAPPC2","red"
"HERC6","lightcyan"
"NHLRC2","red"
"KLHL26","grey"
"ADAP2","green"
"PGGHG","green"
"TRPM4","brown"
"AEN","magenta"
"NAA35","yellow"
"MTERF3","yellow"
"DHX58","lightcyan"
"CAMKV","turquoise"
"AVEN","purple"
"NAP1L2","brown"
"OTUB2","brown"
"RPRM","turquoise"
"KLF2","greenyellow"
"IFT81","yellow"
"DPM3","blue"
"ALG9","blue"
"CEPT1","red"
"ZNF322","yellow"
"GAREM1","brown"
"NAA16","red"
"ZNF358","tan"
"POLH","grey"
"CPLANE1","turquoise"
"SERTAD3","turquoise"
"PRR5L","grey"
"ADAT1","grey"
"SLAMF8","green"
"CCDC88A","midnightblue"
"GRHL2","brown"
"SUSD4","brown"
"FKBP14","yellow"
"BPNT1","green"
"PRR11","pink"
"PGS1","grey"
"ESRP2","brown"
"NEIL1","turquoise"
"COQ10B","red"
"CIDEC","turquoise"
"LIN7C","red"
"CNTNAP1","turquoise"
"XYLT2","tan"
"HPSE","green"
"EPS8L3","turquoise"
"TRIM68","grey"
"C1orf50","grey"
"LAMC3","brown"
"PRMT7","blue"
"SNIP1","grey"
"TMEM45A","brown"
"ELMO3","brown"
"RAB38","magenta"
"ACBD4","turquoise"
"CLSTN2","turquoise"
"TTYH1","grey"
"SCARA3","turquoise"
"BORCS6","brown"
"NHEJ1","turquoise"
"RBFA","grey"
"COA7","blue"
"TTC33","red"
"EBI3","green"
"SULT4A1","grey"
"AGO3","red"
"FAT4","turquoise"
"PXMP4","brown"
"FA2H","brown"
"GPR137","blue"
"ARHGAP10","brown"
"BCOR","black"
"TREM1","turquoise"
"CTC1","green"
"EMCN","brown"
"ANKRD11","blue"
"NKAIN1","grey"
"C1GALT1","yellow"
"RAI2","brown"
"LRRK1","green"
"CLUHP3","grey"
"TASP1","pink"
"BCORL1","turquoise"
"BICRA","turquoise"
"RIC8B","yellow"
"SLC35H1","turquoise"
"TMEM70","black"
"PGCKA1","turquoise"
"DPEP2","green"
"KLHL36","grey"
"EGFL6","turquoise"
"CFAP69","grey"
"RIN3","green"
"NSUN3","grey"
"POLR3B","turquoise"
"TMEM127","brown"
"PAK6","brown"
"TMEM53","grey"
"LAMP5","green"
"CA14","magenta"
"APOA2","turquoise"
"GIN1","red"
"CUEDC1","blue"
"DYNC2H1","pink"
"CCNJ","midnightblue"
"RUBCNL","green"
"CENPO","turquoise"
"GDAP2","turquoise"
"C3orf52","brown"
"OSGIN1","turquoise"
"C1orf116","brown"
"THSD1","grey"
"WFDC1","grey"
"POGLUT2","grey"
"SNAI1","grey"
"TTC13","pink"
"PORCN","blue"
"HCFC2","turquoise"
"PSMD10","purple"
"DUS2","turquoise"
"BBS10","black"
"A4GALT","turquoise"
"RHBDL2","brown"
"DCLRE1B","turquoise"
"LRFN4","blue"
"CHIC2","greenyellow"
"SHCBP1","yellow"
"RAD54B","yellow"
"ZNF180","red"
"SOWAHC","brown"
"SEC61A2","turquoise"
"CLCF1","turquoise"
"ENOX1","grey"
"NEIL3","yellow"
"TMEM40","brown"
"RPAP2","grey"
"ADA2","green"
"C1orf54","green"
"RSRC1","midnightblue"
"GCNT3","turquoise"
"MYOZ1","turquoise"
"SNCAIP","brown"
"DSN1","yellow"
"SH2D3A","pink"
"TRPV4","grey"
"ELL3","brown"
"SIGLEC1","green"
"WWC3","grey"
"B3GAT1","grey"
"FJX1","blue"
"TENM3","grey"
"NDUFAF5","turquoise"
"SLC47A1","brown"
"RIOX1","grey"
"MTARC2","turquoise"
"BCL11B","brown"
"CLIC3","brown"
"PALB2","midnightblue"
"CEP72","grey"
"ELOVL4","brown"
"HUNK","turquoise"
"DLL3","magenta"
"WDR5B","turquoise"
"GEMIN6","yellow"
"ZNF267","red"
"LIME1","green"
"NEK11","turquoise"
"PBLD","turquoise"
"BORA","red"
"KCTD14","turquoise"
"COX15","grey"
"ZNF16","salmon"
"RTN3","brown"
"ROBO3","turquoise"
"EAF2","green"
"NME7","black"
"RHCG","brown"
"CENPN","yellow"
"TEDC2","yellow"
"NRIP3","grey"
"SLC17A9","green"
"RTL10","brown"
"COPZ2","brown"
"RAB26","turquoise"
"SYNE3","grey"
"KCNJ16","turquoise"
"CYP20A1","yellow"
"PLEKHF1","green"
"EXO5","pink"
"SOX18","brown"
"SLC35G2","turquoise"
"KIF16B","red"
"ZNF12","midnightblue"
"CADPS2","turquoise"
"CARMIL1","grey"
"MARCHF1","green"
"PDF","purple"
"MAP7D3","turquoise"
"ABCA7","grey"
"CPEB1","magenta"
"RAB3IL1","turquoise"
"TMC5","grey"
"TSEN2","pink"
"OGFRL1","turquoise"
"SPATA7","grey"
"PLA1A","grey"
"CCDC28B","blue"
"NCAPG2","yellow"
"TMEM143","pink"
"DPH5","turquoise"
"CEND1","turquoise"
"MCPH1","grey"
"SLC15A3","green"
"NINJ2","green"
"ZNF26","pink"
"THAP10","yellow"
"RWDD1","red"
"TMEM50B","black"
"PIEZO2","grey"
"ZNF226","red"
"PHF20L1","midnightblue"
"MS4A4A","green"
"FBXO38","grey"
"WDR25","blue"
"ARHGEF28","turquoise"
"CEP85","grey"
"FGG","grey"
"SIRT6","turquoise"
"SLC6A20","grey"
"KCNK5","turquoise"
"ACSS3","turquoise"
"CAMKMT","turquoise"
"IRAK4","green"
"DIRAS2","turquoise"
"TOR4A","green"
"CLSPN","turquoise"
"RAB20","green"
"ACTR5","turquoise"
"BAG4","red"
"CERT1","grey"
"ZNF767P","turquoise"
"ZMAT3","blue"
"SIRAL2","turquoise"
"PDZK1IP1","brown"
"LRP12","yellow"
"TRPV1","turquoise"
"TTPAL","blue"
"CHST11","magenta"
"ZNF606","turquoise"
"ARMC9","magenta"
"FBXO22","turquoise"
"PARP6","pink"
"CLDN15","grey"
"DET1","magenta"
"PEX5L","turquoise"
"LRP1B","pink"
"CEP83","red"
"CASQ1","turquoise"
"DEF8","blue"
"POPDC2","turquoise"
"MREG","magenta"
"ALG6","black"
"ERCC6L","yellow"
"DPPA4","grey"
"DIPK2B","turquoise"
"LSM14B","blue"
"HACD1","magenta"
"SUGCT","yellow"
"PCDH12","turquoise"
"KLF3","brown"
"PTCD2","grey"
"ATP8A2","grey"
"RANBP17","grey"
"C2orf49","grey"
"TMEM121","blue"
"DECR2","grey"
"NUDT18","grey"
"MS4A6A","green"
"BANK1","green"
"GDAP1L1","blue"
"CD177","turquoise"
"BEND5","pink"
"HPCAL4","turquoise"
"AHSP","turquoise"
"UXS1","purple"
"ZSCAN16","grey"
"SPSB1","magenta"
"DCLRE1C","pink"
"NLRX1","brown"
"RAB11FIP1","brown"
"TBX3","grey"
"FZD3","yellow"
"RTP4","lightcyan"
"TMEM35A","turquoise"
"STK32B","blue"
"HHAT","magenta"
"BBS7","red"
"SEMA3G","brown"
"IGFLR1","green"
"SAMD9","lightcyan"
"KREMEN2","turquoise"
"AGPAT4","turquoise"
"SMPD3","brown"
"DENND1B","black"
"HS3ST2","turquoise"
"METTL4","red"
"LGI2","turquoise"
"TMOD2","grey"
"PLAC1","turquoise"
"MNS1","yellow"
"YBX2","turquoise"
"QSER1","pink"
"AP5S1","blue"
"CPNE7","turquoise"
"NT5M","blue"
"ANTKMT","blue"
"SH3TC2","turquoise"
"ZNF586","turquoise"
"SHPK","brown"
"CACNA2D3","green"
"TDP1","yellow"
"APOL6","green"
"DCAF16","grey"
"FGGY","grey"
"HIGD1B","turquoise"
"GPATCH2L","grey"
"GDPD3","brown"
"AGPAT3","grey"
"TESPA1","green"
"TREM2","green"
"NLGN3","turquoise"
"DUOX2","turquoise"
"MYOT","turquoise"
"PRRX2","brown"
"MED18","grey"
"ENTPD1-AS1","turquoise"
"PLPPR1","turquoise"
"SLC27A5","blue"
"SIDT1","green"
"TFCP2L1","turquoise"
"TRIM36","red"
"PCDH9","red"
"RNF186","turquoise"
"VASH2","turquoise"
"ZNF552","grey"
"PRR7","blue"
"HEY2","turquoise"
"FN3K","turquoise"
"SLC68A1","turquoise"
"DPF3","turquoise"
"NDNF","turquoise"
"TREML2","turquoise"
"SH2D4A","turquoise"
"SETD6","pink"
"RASAL1","brown"
"STAG3","grey"
"RBM41","pink"
"CBX8","grey"
"POF1B","brown"
"TMEM260","grey"
"IFT56","grey"
"ERAP2","green"
"LIN7B","brown"
"CLEC1A","turquoise"
"RPL36","salmon"
"DENND1A","grey"
"FZD10","brown"
"ZNF329","pink"
"B9D2","grey"
"CRYZL1","black"
"VTCN1","turquoise"
"INCENP","grey"
"QTMAN","turquoise"
"TBC1D8B","red"
"SMPX","turquoise"
"NOX4","grey"
"CPLX3","turquoise"
"GIMAP6","green"
"ZFPM2","turquoise"
"ZFHX4","turquoise"
"ZNF771","turquoise"
"SLC35F6","turquoise"
"FBXO31","turquoise"
"TESMIN","turquoise"
"ECT2","yellow"
"PILRA","green"
"HAND2-AS1","grey"
"AGMAT","turquoise"
"SNX16","red"
"VPS53","turquoise"
"SLC6A14","brown"
"CDHR5","turquoise"
"MGAT4A","green"
"MEPCE","grey"
"DHRS9","green"
"THNSL1","turquoise"
"ZNF34","turquoise"
"ANGPTL3","turquoise"
"SYNPO2L","grey"
"STEEP1","grey"
"SMCO4","green"
"RAB4B","blue"
"SCLY","turquoise"
"WDR55","turquoise"
"VCPIP1","green"
"PVRIG","green"
"LATS1","grey"
"MBNL3","grey"
"GAL3ST4","grey"
"RBM23","blue"
"MAPKAPK5-AS1","pink"
"GPATCH1","pink"
"MRPS28","yellow"
"SLC6A16","pink"
"GFOD1","brown"
"MTRF1","red"
"LIN28A","turquoise"
"SLC13A4","turquoise"
"CYP26B1","brown"
"ZNF419","turquoise"
"RABL6","turquoise"
"ITGB1BP2","grey"
"RAI1","turquoise"
"CDKL3","red"
"HOXC13","brown"
"EFHC1","pink"
"CARF","grey"
"PRDM8","turquoise"
"ZBED2","green"
"CYTL1","grey"
"TTC23","grey"
"AICDA","green"
"ARL15","grey"
"IPP","grey"
"CCDC186","pink"
"BARX1","grey"
"HDAC11","turquoise"
"ZNF432","pink"
"ZNF671","green"
"EHF","brown"
"ZNF613","turquoise"
"FKRP","grey"
"ZNF14","pink"
"NUDT11","turquoise"
"PLEKHS1","turquoise"
"MFSD6","grey"
"CLEC4E","turquoise"
"LY6G5C","turquoise"
"DNAJC17","grey"
"NARF","blue"
"HERC5","lightcyan"
"RCAN3","purple"
"LINC00339","turquoise"
"CHODL","turquoise"
"ANKFY1","grey"
"ATF7IP2","turquoise"
"KLF3-AS1","pink"
"GASK1B","grey"
"COLEC11","turquoise"
"SLC12A8","green"
"GOLGA2P5","pink"
"ZMAT4","grey"
"KLF13","brown"
"HROB","grey"
"CTC-338M12.4","red"
"TTLL7","grey"
"KCNK4","turquoise"
"LHX6","turquoise"
"SLFN12","grey"
"CEP97","red"
"CCDC87","turquoise"
"SPAG4","green"
"FRAT1","brown"
"CLEC5A","grey"
"PGPEP1","turquoise"
"TM6SF1","green"
"CCDC71","turquoise"
"MAGEL2","grey"
"TMEM255A","magenta"
"CALY","turquoise"
"RNF122","turquoise"
"GPR85","grey"
"NDOR1","turquoise"
"ZNF446","pink"
"FGD6","brown"
"BHMT2","pink"
"ZSCAN5A","turquoise"
"ERMAP","brown"
"EBLN2","pink"
"FRS3","turquoise"
"DKK2","brown"
"MMP28","brown"
"FICD","turquoise"
"SLCO4A1","grey"
"ENPP3","turquoise"
"CRNKL1","yellow"
"ECEL1","turquoise"
"SLC16A10","pink"
"RNF39","brown"
"ZCCHC4","turquoise"
"ASPM","yellow"
"GMPPB","grey"
"LTBP3","blue"
"TRIM45","pink"
"ZMYM6","green"
"POPDC3","grey"
"CABYR","turquoise"
"ZFYVE21","purple"
"KLF8","brown"
"KLHL12","purple"
"SLC27A6","turquoise"
"GLRX2","yellow"
"SULT1E1","turquoise"
"ADAMTS5","brown"
"GPR87","brown"
"TRHDE","turquoise"
"PSTPIP2","greenyellow"
"PCID2","yellow"
"TMEM19","turquoise"
"MYL7","turquoise"
"CLIP4","grey"
"DDX25","turquoise"
"CLEC4A","green"
"UGT2A3","grey"
"LRRC2","grey"
"TIAM2","turquoise"
"DZANK1","pink"
"MCOLN1","blue"
"AKIP1","grey"
"GBA3","turquoise"
"L1TD1","turquoise"
"GALNT6","brown"
"RUFY2","pink"
"TMEM74B","turquoise"
"MOCOS","magenta"
"UCHL5","yellow"
"KIZ","grey"
"ACE2","turquoise"
"DUSP13B","turquoise"
"ST7L","turquoise"
"MAGIX","grey"
"BANP","grey"
"MRM1","blue"
"TXLNG","grey"
"GIPC2","brown"
"IL21R","green"
"PCNX4","yellow"
"ARSJ","grey"
"ECHDC1","black"
"OLAH","turquoise"
"HOOK1","brown"
"AIPL1","turquoise"
"HIKESHI","black"
"ABHD18","turquoise"
"ZNF587","pink"
"SERF1B","grey"
"PLAAT1","turquoise"
"HS3ST3A1","green"
"ACAD10","grey"
"ERVMER34-1","turquoise"
"RNF220","blue"
"ANKS1B","grey"
"E2F8","yellow"
"SLC2A9","turquoise"
"TAC3","turquoise"
"SOX17","turquoise"
"APBB1IP","green"
"ZNF750","brown"
"ASB7","turquoise"
"COPS7B","blue"
"LGALSL","brown"
"SIGLEC5","grey"
"KIF26B","grey"
"LRRC36","turquoise"
"DDX43","grey"
"P2RY13","green"
"EFCC1","turquoise"
"METTL8","grey"
"PEAK1","turquoise"
"LONRF3","grey"
"KCNE5","grey"
"AUNIP","turquoise"
"ERO1B","green"
"EPHX3","brown"
"PRR16","cyan"
"CASZ1","brown"
"CBLL1","black"
"XPNPEP3","turquoise"
"TMC7","turquoise"
"ZNF334","grey"
"APOBR","green"
"PRX","turquoise"
"TBR1","turquoise"
"CLCA4","brown"
"RASIP1","brown"
"ACVR2B","turquoise"
"STYK1","turquoise"
"OTUD7B","grey"
"CPED1","turquoise"
"LMBR1L","pink"
"SGK3","purple"
"ZC4H2","brown"
"PIGZ","brown"
"HIVEP3","green"
"MELTF","grey"
"NEUROD6","turquoise"
"CCNL1","red"
"SIRT4","turquoise"
"EDAR","turquoise"
"PDCD1LG2","grey"
"SPACA9","turquoise"
"PRSS21","grey"
"TINF2","green"
"GDF3","turquoise"
"IL22RA1","brown"
"XAGE1B","grey"
"GID4","turquoise"
"STAP1","green"
"PARPBP","yellow"
"ACSM5","turquoise"
"GSTCD","pink"
"TTC21B","pink"
"TNMD","turquoise"
"NOD2","brown"
"SPTBN5","turquoise"
"VPREB3","green"
"TUBA8","turquoise"
"KDM8","green"
"HAUS2","pink"
"CSPP1","red"
"PLEKHG6","brown"
"ANKH","brown"
"CCDC134","turquoise"
"USP48","red"
"FBXL8","tan"
"HSD17B7","pink"
"PPP1R14D","turquoise"
"CCDC198","grey"
"HELLS","yellow"
"IKZF5","turquoise"
"BCO1","turquoise"
"C5AR1","green"
"L2HGDH","grey"
"CRNN","turquoise"
"SLC2A6","blue"
"ANTXR1","turquoise"
"MCUR1","purple"
"CNTLN","turquoise"
"SLC38A12","blue"
"HYDIN","turquoise"
"SLC22A11","turquoise"
"FOXL2","grey"
"MRPS18C","grey"
"RSPH14","grey"
"NPC1L1","turquoise"
"ZC2HC1C","turquoise"
"GNA14","green"
"NXF3","turquoise"
"ANO2","turquoise"
"ANKRD55","turquoise"
"POLR1B","pink"
"STAB2","turquoise"
"CDH10","turquoise"
"KCNN2","magenta"
"ZNF385D","brown"
"ZBTB32","turquoise"
"EPB41L4A","turquoise"
"LINS1","yellow"
"MCTP1","turquoise"
"SLC35F5","turquoise"
"GAN","brown"
"DNAI1","turquoise"
"PRSS50","turquoise"
"FBXL12","pink"
"NIPAL2","turquoise"
"SOHLH2","turquoise"
"LTB4R2","brown"
"FXYD7","turquoise"
"CLEC2D","green"
"ODAM","turquoise"
"EVA1B","blue"
"SLC7A9","turquoise"
"CRYBA2","turquoise"
"VSIG10","turquoise"
"HAND1","turquoise"
"DNMT3L","turquoise"
"SNX11","grey"
"JHY","turquoise"
"HAPLN2","turquoise"
"LUC7L","pink"
"ANKEF1","turquoise"
"MAP9","grey"
"TLR7","green"
"SINHCAF","red"
"ALDH8A1","pink"
"MAB21L4","brown"
"FAM184A","turquoise"
"C19orf73","turquoise"
"C10orf95","turquoise"
"ENTPD7","turquoise"
"BRD9","blue"
"CLXN","turquoise"
"PLEKHA8P1","turquoise"
"LGALS14","turquoise"
"ABCA11P","pink"
"KPTN","turquoise"
"EPB41L4B","brown"
"CARD9","green"
"FBXO40","turquoise"
"INO80D","turquoise"
"CNNM1","turquoise"
"TP53TG3","turquoise"
"DNAI7","turquoise"
"TMEM156","green"
"FHL5","turquoise"
"GPALPP1","yellow"
"DCAF17","red"
"BBOF1","grey"
"LRRC8E","brown"
"ZNG1A","red"
"NUBPL","grey"
"TMPRSS3","turquoise"
"MFSD12","magenta"
"DPEP3","turquoise"
"CCDC68","turquoise"
"SLC25A23","grey"
"NUDT6","black"
"NANOG","turquoise"
"SPTBN4","turquoise"
"CDHR2","turquoise"
"STEAP4","brown"
"JPH3","turquoise"
"MGAT4B","blue"
"GKN1","grey"
"SH3D21","turquoise"
"NSUN7","turquoise"
"MBD5","turquoise"
"MUC16","turquoise"
"ATP6V0A4","turquoise"
"EIF5A2","pink"
"AIDA","purple"
"KMT5A","grey"
"RC3H2","yellow"
"BMP8A","turquoise"
"TPTE","turquoise"
"ZMYM1","red"
"C19orf33","turquoise"
"ADAMTS13","grey"
"PYY2","turquoise"
"CHRNA10","turquoise"
"FLJ13224","turquoise"
"THADA","grey"
"TSHZ2","turquoise"
"ZNF215","turquoise"
"ZNF669","pink"
"C8orf44","pink"
"SPANXC","turquoise"
"SPATA6L","turquoise"
"LRRC37A4P","turquoise"
"RBM12B-AS1","turquoise"
"ATAD5","turquoise"
"HAO1","turquoise"
"IRX4","brown"
"TRPM8","turquoise"
"AP4E1","grey"
"CYB5R2","brown"
"PPP1R17","grey"
"SCD5","turquoise"
"FBXO17","blue"
"CA8","grey"
"LRIF1","yellow"
"PDPR","turquoise"
"ATG3","black"
"KLHL7","yellow"
"SLC9D1","purple"
"ZNF701","pink"
"ZBTB44","turquoise"
"LINC00312","turquoise"
"SLC45A2","magenta"
"CAMK1D","brown"
"KNL1","pink"
"HYAL4","turquoise"
"ZNF286A","turquoise"
"TASL","pink"
"FANCE","grey"
"OXCT2","turquoise"
"NXF2","pink"
"WRAP53","turquoise"
"PLEKHH3","grey"
"TBC1D19","turquoise"
"ZDHHC4","purple"
"DLK2","turquoise"
"SMAD5-AS1","turquoise"
"KLF4","brown"
"KRT24","turquoise"
"AAMDC","grey"
"ZBBX","turquoise"
"RNF17","turquoise"
"EFCAB6","grey"
"BNC2","magenta"
"IL17B","grey"
"DRC11","turquoise"
"CUZD1","turquoise"
"RERGL","turquoise"
"CXXC4","turquoise"
"KDM4D","turquoise"
"TRIM17","turquoise"
"SLC12A1","turquoise"
"RIC3","grey"
"HHIPL2","turquoise"
"DKKL1","turquoise"
"ABHD17B","grey"
"MTMR10","turquoise"
"ADAMTS9","turquoise"
"MYO15A","turquoise"
"CRYBG2","brown"
"GDPD2","brown"
"CATSPERB","turquoise"
"DEPDC1","yellow"
"SPATA6","pink"
"CCDC102B","pink"
"MAK","turquoise"
"NHERF4","turquoise"
"CNGB3","turquoise"
"MAVS","grey"
"TENT5C","green"
"CD244","green"
"CFAP45","grey"
"TUBAL3","turquoise"
"HEMK2","yellow"
"SACK1E","turquoise"
"GPR88","turquoise"
"HSFX1","turquoise"
"PARP11","turquoise"
"NPAS3","turquoise"
"LRAT","turquoise"
"EPN3","brown"
"MYLIP","grey"
"DOK3","green"
"CCDC121","turquoise"
"IL36G","brown"
"CCNP","turquoise"
"LINC00472","pink"
"TAF7L","blue"
"ARHGEF40","magenta"
"VGLL3","brown"
"RMND1","yellow"
"SAMSN1","green"
"CYP46A1","turquoise"
"CLDN16","turquoise"
"PAQR5","grey"
"RGS17","grey"
"GP6","pink"
"NGB","turquoise"
"RALGPS2","pink"
"TPSG1","turquoise"
"GREB1L","turquoise"
"MRNIP","pink"
"EDEM3","yellow"
"PDE7B","turquoise"
"C11orf16","turquoise"
"LRRTM4","turquoise"
"MTHFD2L","pink"
"KLHL29","turquoise"
"ENGASE","turquoise"
"ACKR4","brown"
"FLJ42627","pink"
"FAM86C1P","blue"
"MCF2L-AS1","grey"
"PBRM1","midnightblue"
"CORIN","brown"
"SGK2","turquoise"
"BATF3","green"
"ARPP21","turquoise"
"THAP9","grey"
"IQCH","grey"
"PSORS1C1","turquoise"
"ELMO2","purple"
"EPB41L4A-DT","turquoise"
"ALLC","grey"
"ELSPBP1","turquoise"
"SAP130","grey"
"PPP4R3A","grey"
"USP36","grey"
"SLC12A9","blue"
"DNAJC28","turquoise"
"DCHS2","turquoise"
"KLHL28","turquoise"
"PITX1-AS1","turquoise"
"LRRC19","pink"
"TCP11","turquoise"
"FSCN3","turquoise"
"DNASE2B","grey"
"ARHGAP28","turquoise"
"ABCG5","turquoise"
"NME8","turquoise"
"JPH2","turquoise"
"EML4","red"
"ANKRD13C-DT","blue"
"FER1L4","turquoise"
"CCDC81","turquoise"
"AGBL2","turquoise"
"ZBTB3","brown"
"EBF2","turquoise"
"LGSN","grey"
"FGF20","grey"
"DNAJA4","turquoise"
"PRO2268","turquoise"
"LINC00115","pink"
"TP53AIP1","brown"
"ADGRG3","turquoise"
"SNTG1","turquoise"
"PODNL1","pink"
"KCNK7","brown"
"SLC39A2","brown"
"CALML5","brown"
"TNNI3K","grey"
"ATP8B4","green"
"THAP4","blue"
"UBASH3A","green"
"USP25","red"
"LMAN1L","brown"
"BTNL8","turquoise"
"UBQLN3","turquoise"
"PLA2G2D","green"
"NPHS2","turquoise"
"ROPN1","yellow"
"FNDC11","turquoise"
"CD207","brown"
"NDST3","grey"
"FAM110D","brown"
"TMPRSS11E","brown"
"CYP39A1","brown"
"PRRG3","turquoise"
"COQ8B","turquoise"
"SLC30A10","turquoise"
"CNTNAP3P2","turquoise"
"ANGPTL8","turquoise"
"QPCTL","turquoise"
"LGALS13","turquoise"
"DNAJC22","blue"
"GALNT4","grey"
"VAX2","turquoise"
"ZNF557","yellow"
"CSAG3","grey"
"CHST4","turquoise"
"HRH3","turquoise"
"KCNK12","grey"
"LINC01260","green"
"BIRC7","magenta"
"SLC66A1","turquoise"
"SLC16A8","turquoise"
"SPTLC3","turquoise"
"SAMD4B","turquoise"
"MCM3AP-AS1","pink"
"SLCO1C1","turquoise"
"CSRNP3","turquoise"
"CEBPA-DT","turquoise"
"CCDC15","turquoise"
"ARL14","grey"
"BET1L","grey"
"MYCT1","grey"
"SLC25A21","grey"
"SLC28A3","turquoise"
"INKA2","turquoise"
"TMEM230","purple"
"APOL5","turquoise"
"CPS1-IT1","turquoise"
"HAND2","grey"
"GPR75","turquoise"
"SERGEF","grey"
"RNF19A","grey"
"MCOLN3","magenta"
"SIRPG","green"
"TMEM164","grey"
"SNTG2","grey"
"BCAS3","grey"
"SERINC2","turquoise"
"HAMP","green"
"OTOF","turquoise"
"DMRT1","turquoise"
"TXNDC15","black"
"CLEC1B","grey"
"ZNF214","pink"
"ACTL7B","grey"
"FNDC8","turquoise"
"RABL2A","grey"
"ACTL7A","grey"
"SLC13A1","grey"
"KERA","turquoise"
"CDKN2A-AS1","turquoise"
"GUCY1B2","turquoise"
"UPB1","turquoise"
"CCT8L2","turquoise"
"RHBG","turquoise"
"KHDC1","grey"
"DUSP21","turquoise"
"ZSCAN2","grey"
"ABI3BP","turquoise"
"LIM2","turquoise"
"NUP62CL","grey"
"ATG16L1","pink"
"CRB1","turquoise"
"EFHC2","turquoise"
"AUP1","blue"
"MRPL20","black"
"VNN3P","turquoise"
"TMEM176B","green"
"LOC105376204","turquoise"
"TRIM48","turquoise"
"FAM90A1","grey"
"VRTN","turquoise"
"MTMR8","turquoise"
"ADM2","green"
"CFAP46","turquoise"
"KCNK15","grey"
"MMP26","turquoise"
"BPIFA1","turquoise"
"EPCIP","turquoise"
"TSKS","turquoise"
"SHLD2","red"
"PKDREJ","grey"
"FBXO4","turquoise"
"SLC17A6","turquoise"
"TRPC5","grey"
"PRPF39","red"
"SLC22A7","turquoise"
"PDZD7","turquoise"
"ATP1B4","turquoise"
"PACS1","turquoise"
"TSPAN32","green"
"EN1","brown"
"C11orf21","turquoise"
"IGF2-AS","grey"
"CYP2W1","turquoise"
"RNLS","grey"
"CCR10","grey"
"PIK3R5","turquoise"
"IKZF2","turquoise"
"RETN","turquoise"
"PRDM11","turquoise"
"ANKRD42-DT","pink"
"KLK14","grey"
"SEMA6D","turquoise"
"FAM106A","pink"
"GVINP1","green"
"ADAMTSL4","turquoise"
"CCDC170","turquoise"
"PRR36","turquoise"
"HKDC1","grey"
"MLST8","blue"
"BCAS4","grey"
"CCDC40","turquoise"
"PDZRN4","turquoise"
"GPATCH4","turquoise"
"CARD14","brown"
"ELP6","turquoise"
"PHAF1","pink"
"GOLGA2P10","grey"
"MCTP2","turquoise"
"FTCD","turquoise"
"SIRT2","grey"
"ADPRM","purple"
"NELFCD","blue"
"ZNF770","turquoise"
"SIMC1P1","pink"
"DAB1","turquoise"
"SYTL2","turquoise"
"ADGB","grey"
"FAR2","grey"
"ZNF532","grey"
"ZCWPW1","turquoise"
"CRCT1","brown"
"FOXE3","turquoise"
"LRRC31","turquoise"
"TSGA10","grey"
"ELF5","turquoise"
"SERPINA10","turquoise"
"CST8","turquoise"
"SDK2","turquoise"
"KCNQ1DN","turquoise"
"CHIA","turquoise"
"OSGEPL1","grey"
"POMT2","turquoise"
"HP1BP3","grey"
"TBX4","turquoise"
"PSORS1C2","brown"
"DNAI2","turquoise"
"FAM124B","turquoise"
"CBLC","brown"
"TM4SF20","turquoise"
"CSNK1G1","turquoise"
"NOX5","turquoise"
"GPHRB","magenta"
"FAIM","black"
"NXPE4","turquoise"
"KLRF1","grey"
"COA4","yellow"
"ADARB2","turquoise"
"AGBL3","red"
"SLC9A5","turquoise"
"MCM10","yellow"
"KIF24","grey"
"ZIM2","turquoise"
"PPY2P","turquoise"
"TNIP3","grey"
"KLHL11","turquoise"
"BMAL2","green"
"TRAPPC14","grey"
"LINC00474","turquoise"
"ZNF692","pink"
"HEYL","turquoise"
"IL1RAPL1","turquoise"
"SPRR2C","brown"
"LUZP4","turquoise"
"USP49","turquoise"
"DNMT3B","turquoise"
"NOCT","turquoise"
"PPP4R4","grey"
"PNPLA3","grey"
"ADAMTS8","grey"
"FLJ20712","turquoise"
"CDH7","turquoise"
"RAVER2","turquoise"
"PRR34","turquoise"
"KLHL5","grey"
"RDH8","turquoise"
"TBX21","green"
"FAM120C","turquoise"
"LOC101927550","turquoise"
"MRTO4","blue"
"NODAL","turquoise"
"DHRS7B","brown"
"CCDC82","turquoise"
"ASAP1-IT1","red"
"LINC01711","turquoise"
"IDI2-AS1","turquoise"
"ADAMTS7","turquoise"
"FOXRED2","grey"
"ZNF556","turquoise"
"ANP32A-IT1","pink"
"DENND6B","turquoise"
"PRDM14","grey"
"GNL3LP1","turquoise"
"ADAMTS20","turquoise"
"HEXA-AS1","turquoise"
"MZT2B","pink"
"SLC5A7","turquoise"
"CWH43","brown"
"KCNK10","green"
"ZNF778","turquoise"
"NECAP2","green"
"PREX2","turquoise"
"SLC26A1","turquoise"
"CPTP","brown"
"SENP7","grey"
"SLC19A3","grey"
"RPS6KA6","turquoise"
"CNNM3","blue"
"SLC12A6","turquoise"
"PPA2","red"
"IL19","turquoise"
"UIMC1","pink"
"LINC00652","turquoise"
"ZNF580","tan"
"CCDC7","turquoise"
"P3H1","grey"
"FAXDC2","turquoise"
"PBX3-DT","turquoise"
"CRYL1","purple"
"SNHG32","blue"
"SLC52A1","brown"
"UBXN6","blue"
"ROBO4","turquoise"
"EDDM3B","turquoise"
"ZNF665","pink"
"TAOK3","red"
"GNB1L","grey"
"PPP4R2","yellow"
"LIMS2","brown"
"BTG4","turquoise"
"CSNK1G3","black"
"DNAI4","turquoise"
"FAM200C","yellow"
"LINC00328","pink"
"BPESC1","grey"
"GPHN","yellow"
"DYM","pink"
"UEVLD","grey"
"KCNJ14","turquoise"
"KIF13A","pink"
"SEMA6B","turquoise"
"PADI3","grey"
"PLA2G3","brown"
"DELEC1","turquoise"
"KLK12","turquoise"
"MMP27","turquoise"
"UTS2","turquoise"
"SLC38A4","turquoise"
"RNF31","blue"
"TBRG4","magenta"
"MS4A5","turquoise"
"PRDM5","turquoise"
"SAGE1","grey"
"GREM2","brown"
"BEGAIN","turquoise"
"SLC35E1","pink"
"METTL16","grey"
"PLPPR3","turquoise"
"GCM2","turquoise"
"TMOD3","purple"
"HAO2","brown"
"KCNH4","turquoise"
"TP73","turquoise"
"HRH2","turquoise"
"GNG13","turquoise"
"HBQ1","grey"
"SPMAP2","turquoise"
"CLCA3P","grey"
"PRG3","turquoise"
"HHLA2","grey"
"CYSLTR2","turquoise"
"SLC30A6","turquoise"
"CTNNA3","turquoise"
"LPAR3","turquoise"
"TRPC4","turquoise"
"FRMD1","turquoise"
"GALR1","turquoise"
"KIRREL1","blue"
"TCP10L","turquoise"
"B3GALT1","turquoise"
"IMPG2","turquoise"
"GCNT4","turquoise"
"TLR8","green"
"MS4A12","turquoise"
"ZNF407","turquoise"
"CEP72-DT","grey"
"EXD3","turquoise"
"METTL5","yellow"
"FIRRM","yellow"
"AHI1","turquoise"
"DCAF13","turquoise"
"ELOA2","turquoise"
"ACOXL","grey"
"PRKCZ-AS1","turquoise"
"ZNF221","turquoise"
"OBP2A","turquoise"
"GRAPL-AS1","turquoise"
"MORC1","grey"
"FOXN3-AS2","turquoise"
"PURG","turquoise"
"MIP","grey"
"NDUFA13","blue"
"PDSS1","turquoise"
"ADAMTS6","turquoise"
"SLC24A2","turquoise"
"SLC7A10","turquoise"
"CPAP","grey"
"GABRQ","turquoise"
"CCDC177","turquoise"
"CASS4","green"
"CA10","turquoise"
"DDX47","purple"
"TRMT44","turquoise"
"PSAT1","purple"
"PRDM12","grey"
"USP29","grey"
"GPR157","turquoise"
"GFM1","turquoise"
"LINC00574","turquoise"
"ADGRF1","turquoise"
"CCDC33","turquoise"
"TRIM46","grey"
"FRAS1","turquoise"
"NYNRIN","brown"
"WDR19","red"
"RUNX1-IT1","green"
"CFAP43","grey"
"SPANXA1","turquoise"
"PNMA3","grey"
"HPSE2","turquoise"
"PRDM16","grey"
"GALNT8","turquoise"
"SMIM2","turquoise"
"TUT7","brown"
"CDK5RAP2","turquoise"
"H2AJ","grey"
"ST6GALNAC4","green"
"GMEB1","blue"
"DPP8","red"
"ANKRD36B","pink"
"C21orf91","grey"
"FAM162A","grey"
"NDUFAF7","grey"
"PGLYRP4","brown"
"MANSC1","brown"
"TBC1D10B","grey"
"ATP1A1","blue"
"CYREN","magenta"
"KANSL3","turquoise"
"A1CF","turquoise"
"MTMR12","turquoise"
"PILRB","red"
"RAB23","grey"
"EGLN2","blue"
"CTAGE1","turquoise"
"ULK4","turquoise"
"OBP2B","grey"
"PADI1","turquoise"
"CPLANE2","turquoise"
"RAB1B","tan"
"RSPH6A","turquoise"
"ARPC5L","brown"
"ZNF696","magenta"
"KRTAP2-1","grey"
"IL25","turquoise"
"KRTAP9-9","turquoise"
"SHARPIN","blue"
"C1QTNF1","blue"
"KRTAP1-1","turquoise"
"EPB41L5","turquoise"
"KRTAP1-3","grey"
"ST6GALNAC5","turquoise"
"ADPGK","yellow"
"SPACA1","turquoise"
"SPRY4","magenta"
"SLCO5A1","turquoise"
"RNF170","purple"
"TIGD6","turquoise"
"NUAK2","brown"
"C1QTNF3","turquoise"
"AMN","turquoise"
"VMP1","yellow"
"RNF32","turquoise"
"TRMT1L","red"
"GPR63","turquoise"
"STXBP6","grey"
"SHCBP1L","turquoise"
"DIAPH3","grey"
"UNC93B1","green"
"TSPAN14","grey"
"CAB39L","grey"
"ITM2C","blue"
"PTDSS2","blue"
"SNX27","magenta"
"FIP1L1","yellow"
"ETNPPL","turquoise"
"ANGPTL4","turquoise"
"LBH","green"
"TRIM8","brown"
"APOL2","green"
"RAB33B","pink"
"CDADC1","pink"
"TCF7L1","turquoise"
"LRRC3","turquoise"
"TDRD1","turquoise"
"COLEC12","cyan"
"SLC25A32","yellow"
"CTNNBL1","blue"
"PMFBP1","turquoise"
"SLC2A10","grey"
"PUS7L","yellow"
"SCRT1","turquoise"
"PLA2G12A","grey"
"WNT5B","brown"
"ARHGAP24","turquoise"
"APOLD1","grey"
"TMPRSS5","turquoise"
"TEX13B","turquoise"
"TEX14","grey"
"APH1B","turquoise"
"SLC25A31","red"
"ASAP1","blue"
"SLC17A5","blue"
"TRIM34","green"
"PER3","brown"
"GTPBP8","grey"
"MARK1","grey"
"MTNAP1","grey"
"POLL","blue"
"GTPBP2","blue"
"NMRK2","grey"
"TDRKH","turquoise"
"EPS15L1","turquoise"
"SPATA1","grey"
"CHST6","green"
"TLR4","turquoise"
"PKD2L1","turquoise"
"HS3ST3B1","grey"
"RNF123","blue"
"UNKL","grey"
"CHST8","turquoise"
"RXFP3","turquoise"
"SPX","turquoise"
"TACO1","yellow"
"CCAR2","grey"
"GSN-AS1","grey"
"NOD1","turquoise"
"ODAD2","turquoise"
"METTL2B","yellow"
"DENND1C","green"
"DENND2D","green"
"KCNQ4","grey"
"HTR3B","turquoise"
"TNFSF15","turquoise"
"FEZF2","turquoise"
"APOL3","green"
"PPP1R9A","grey"
"NOX3","turquoise"
"OGFOD1","blue"
"INSL5","turquoise"
"IKZF3","grey"
"BRD7P3","turquoise"
"ELP3","purple"
"KCNE2","turquoise"
"TMCO6","grey"
"KCNMB2","turquoise"
"UTP14A","yellow"
"C6orf15","turquoise"
"TRPM6","turquoise"
"CFAP44","turquoise"
"NIPSNAP3B","turquoise"
"CHRNA9","turquoise"
"DRICH1","turquoise"
"LINC02809","turquoise"
"PDE11A","turquoise"
"IL26","grey"
"IL1RAPL2","turquoise"
"WNT16","grey"
"AMBN","turquoise"
"LENEP","grey"
"PKD2L2","turquoise"
"ARHGEF38","turquoise"
"CT55","grey"
"VSX1","turquoise"
"KCNMB3","turquoise"
"FAM215A","grey"
"A4GNT","turquoise"
"ANGPT4","turquoise"
"ASTE1","green"
"GDF2","grey"
"CSAD","pink"
"GPR132","grey"
"EPN1","grey"
"PECR","grey"
"RPA4","turquoise"
"C5AR2","turquoise"
"MEPE","turquoise"
"PRDM9","turquoise"
"TRIM49","turquoise"
"FBXO24","turquoise"
"CABP5","grey"
"ASCL3","turquoise"
"HHLA1","turquoise"
"MLXIPL","turquoise"
"IL22","turquoise"
"FGF23","turquoise"
"CCDC70","turquoise"
"PRDM13","yellow"
"HRH4","turquoise"
"CCDC30","turquoise"
"PKD1L1-AS1","turquoise"
"C3orf36","turquoise"
"BAIAP2L2","turquoise"
"PRORY","turquoise"
"MAP3K19","turquoise"
"MROH9","turquoise"
"PARM1-AS1","turquoise"
"DRC9","grey"
"LOC100131532","grey"
"FUZ","blue"
"CIDEB","brown"
"TARS2","blue"
"RMC1","grey"
"STAG3L1","pink"
"MFSD11","pink"
"ZCCHC10","red"
"RNFT1","yellow"
"CHAT","turquoise"
"SCT","turquoise"
"GFRA4","turquoise"
"ERVK3-2","grey"
"ZNF155","grey"
"YEATS2","red"
"CRTAC1","magenta"
"NBEA","red"
"MSANTD2","pink"
"OTOR","turquoise"
"NPL","green"
"MAP3K7CL","grey"
"ZNF280D","red"
"NSMF","blue"
"RIPK4","brown"
"SCMH1","blue"
"RBFOX1","turquoise"
"TPK1","green"
"KLHDC4","turquoise"
"SCYL2","purple"
"KLHL3","pink"
"C1orf56","grey"
"CISH","brown"
"DCAKD","turquoise"
"ASIC4","turquoise"
"COQ3","grey"
"TRMT61B","red"
"NRDE2","grey"
"ANKRD2","grey"
"FAM135A","grey"
"BACH2","turquoise"
"STMN4","turquoise"
"OSBP2","turquoise"
"HMGN5","red"
"FCRL2","turquoise"
"B3GNT4","turquoise"
"BCL2L14","turquoise"
"RCC1L","blue"
"FAM117A","greenyellow"
"MXD3","turquoise"
"INO80B","blue"
"GSG1","turquoise"
"TXNDC5","yellow"
"PITPNM3","grey"
"EMC6","blue"
"HDHD3","tan"
"KIF18A","yellow"
"TEX11","turquoise"
"CSRNP2","red"
"MAGED4B","magenta"
"SLC2A11","blue"
"SF3B5","grey"
"INTS14","magenta"
"DCSTAMP","turquoise"
"ABHD17A","blue"
"SGPP1","black"
"SH3BGRL3","blue"
"QTRT1","blue"
"IL21","turquoise"
"C1orf21","brown"
"RNF208","turquoise"
"LMAN2L","grey"
"SYNC","brown"
"PUS3","grey"
"HOXB8","turquoise"
"GDAP1","grey"
"ST8SIA2","turquoise"
"MZB1","green"
"RNASEL","turquoise"
"GPR22","pink"
"DLX6","turquoise"
"PWWP3A","grey"
"ULBP2","grey"
"PTCH2","turquoise"
"DEF6","green"
"CIDEA","brown"
"TECTA","turquoise"
"GPRC5D","turquoise"
"SLC22A8","turquoise"
"GPR173","turquoise"
"NPAP1","grey"
"VWA7","turquoise"
"KLF15","turquoise"
"PCDHB1","turquoise"
"UGT1A8","turquoise"
"GPR27","turquoise"
"KCNIP1","turquoise"
"FRS2","turquoise"
"RBM17","grey"
"FGF14","turquoise"
"LYRM2","purple"
"GLP2R","turquoise"
"GPR52","turquoise"
"GDF9","turquoise"
"FGF22","pink"
"CATSPERG","turquoise"
"PCDHB6","grey"
"NEUROD4","turquoise"
"PCDHB8","turquoise"
"BCL2L10","grey"
"KCNIP2","turquoise"
"NPVF","grey"
"ULBP1","turquoise"
"TAS2R1","turquoise"
"KCNK13","grey"
"OPN1MW","grey"
"CLDN17","turquoise"
"OR52A1","turquoise"
"CHRM2","turquoise"
"CTLA4","turquoise"
"BMP15","turquoise"
"FOXP3","turquoise"
"SMG9","blue"
"ATOH1","grey"
"ADAM29","turquoise"
"LY6G6E","grey"
"OR10C1","turquoise"
"CDX4","turquoise"
"OR1D4","grey"
"MPIG6B","grey"
"OR11A1","turquoise"
"OR12D2","turquoise"
"FFAR2","grey"
"OR10J1","turquoise"
"CHRM5","turquoise"
"NPPC","grey"
"VPREB1","grey"
"HOXC8","grey"
"HTR1A","turquoise"
"OR3A1","turquoise"
"MCHR1","grey"
"CHRNG","green"
"P2RX2","turquoise"
"CHRM4","turquoise"
"NPBWR2","turquoise"
"GDNF","turquoise"
"GHSR","turquoise"
"OMP","grey"
"HTR5A","turquoise"
"GPR25","turquoise"
"GRID2","turquoise"
"MLNR","grey"
"NKX6-1","grey"
"MOS","turquoise"
"NEU2","turquoise"
"MTNR1A","grey"
"ZNF717","turquoise"
"TNFSF18","turquoise"
"PSPN","turquoise"
"FGF16","turquoise"
"OR1G1","turquoise"
"FGF17","turquoise"
"RBPJL","turquoise"
"CER1","turquoise"
"MORF4","purple"
"NMUR1","turquoise"
"UCP1","turquoise"
"GPR42","turquoise"
"OR3A2","turquoise"
"NPFFR1","turquoise"
"OR1A1","turquoise"
"PLA2G2E","turquoise"
"TAS2R14","turquoise"
"TAS2R4","turquoise"
"TAAR3P","turquoise"
"TAAR2","turquoise"
"TAS2R13","turquoise"
"TAS2R7","turquoise"
"TAS2R10","grey"
"TAS2R8","turquoise"
"EDA2R","turquoise"
"MYO3A","turquoise"
"CACNG5","turquoise"
"OR1F1","grey"
"INSL6","grey"
"IL36A","turquoise"
"GJD2","turquoise"
"PCDHB12","grey"
"OR2S2","turquoise"
"PCDHB3","grey"
"HOXD12","turquoise"
"VN1R1","turquoise"
"KCNAB3","pink"
"DEFB126","grey"
"GJA9","turquoise"
"PLA2G2F","brown"
"S1PR5","grey"
"MED16","tan"
"ADAMTS12","turquoise"
"MIR600HG","turquoise"
"YIPF5","purple"
"OR51E2","turquoise"
"OR3A3","turquoise"
"CCNL2","red"
"TBL1XR1","purple"
"TEX13A","turquoise"
"RNF146","grey"
"OR12D3","turquoise"
"SLC25A28","blue"
"FGF21","turquoise"
"SLIRP","yellow"
"HYI","blue"
"CDCA3","yellow"
"MRPS15","blue"
"TEX12","turquoise"
"RBBP9","turquoise"
"GSC2","grey"
"MC3R","turquoise"
"PRLH","turquoise"
"TAS2R16","turquoise"
"OR1A2","turquoise"
"ADAM30","turquoise"
"GLT8D2","greenyellow"
"TEX15","turquoise"
"ITFG1","purple"
"PCDHB13","grey"
"OR2W1","turquoise"
"TMEM14B","purple"
"G6PC2","turquoise"
"WNT3","brown"
"TAS2R3","turquoise"
"BTNL2","turquoise"
"HTR1F","turquoise"
"TAAR5","turquoise"
"OR2C1","turquoise"
"TAS2R9","turquoise"
"KLK15","grey"
"CCL24","turquoise"
"OR1D2","turquoise"
"OR6A2","turquoise"
"P2RY4","turquoise"
"MC4R","turquoise"
"XCR1","grey"
"GPR32","turquoise"
"IL37","brown"
"MYL12B","grey"
"BNIP3L","grey"
"B4GALT5","magenta"
"CUTA","magenta"
"UBAP1","brown"
"TSPYL1","greenyellow"
"TOB2","brown"
"EGLN1","yellow"
"STX16","pink"
"PKD1P1","pink"
"KPNA3","black"
"ATP6V1H","grey"
"DENR","yellow"
"TMEM222","blue"
"LCMT1","tan"
"MED17","red"
"USP47","red"
"FBXW4","brown"
"CDCA8","yellow"
"GINS2","yellow"
"ANKRD27","red"
"RRAGD","magenta"
"ZMIZ2","turquoise"
"PLVAP","brown"
"BHLHE41","magenta"
"C11orf68","tan"
"LSG1","grey"
"PLXNA1","magenta"
"EIF4EBP1","blue"
"GTF2H2","yellow"
"CRISPLD2","cyan"
"ERLIN2","red"
"PRPF18","red"
"ILKAP","blue"
"GRWD1","blue"
"ABHD6","grey"
"STRADA","turquoise"
"MIS12","red"
"MARK4","brown"
"SOAT1","purple"
"SIRT3","turquoise"
"CALHM2","green"
"NOL3","grey"
"SLC26A6","pink"
"C7orf25","yellow"
"GDF15","magenta"
"RASSF4","green"
"H2AC25","magenta"
"CACNG4","turquoise"
"E2F5","yellow"
"FAM174C","blue"
"PIMREG","yellow"
"RBM48","yellow"
"TMEM208","blue"
"FCMR","green"
"PEX16","turquoise"
"PIPOX","turquoise"
"WNT6","turquoise"
"STAP2","brown"
"LRTM1","turquoise"
"ZFAND6","yellow"
"RPH3AL","brown"
"TAF9B","red"
"MTCH1","grey"
"APOO","yellow"
"SNHG20","red"
"TMEM126B","red"
"ZNF506","pink"
"DDX4","grey"
"WDR4","turquoise"
"RPL23AP7","yellow"
"LBHD1","grey"
"ACOT9","magenta"
"ZNF83","red"
"ZDHHC11","grey"
"RIC8A","blue"
"PPAN","blue"
"INTS13","yellow"
"USP3","greenyellow"
"ARHGEF10L","brown"
"ASB6","blue"
"MYL10","turquoise"
"F11R","brown"
"PYCARD","brown"
"HSPB8","brown"
"ACAD8","brown"
"LHX3","turquoise"
"TRAPPC9","blue"
"CHPT1","black"
"CORO1C","yellow"
"DONSON","yellow"
"ETV7","green"
"DSPP","grey"
"PCDHGB6","grey"
"NYX","turquoise"
"SPDL1","yellow"
"MVB12B","turquoise"
"IMP3","blue"
"PIGP","purple"
"NLRP2","brown"
"MRPL34","blue"
"MAP3K2","grey"
"MAP1LC3C","grey"
"CLEC7A","green"
"DDX50","black"
"UBA52","grey"
"STRA6","turquoise"
"TM2D3","red"
"BRIP1","grey"
"VPS37B","blue"
"BABAM1","blue"
"MAP6D1","grey"
"ACSBG2","turquoise"
"WASF2","brown"
"COL5A2","cyan"
"CANT1","grey"
"PRRC1","blue"
"WDR48","grey"
"RALGAPB","red"
"GNA12","grey"
"LRRC37A2","pink"
"YTHDF1","grey"
"UBL4A","blue"
"YTHDF3","yellow"
"SSH1","magenta"
"CORO1B","blue"
"EHBP1L1","blue"
"PIK3IP1","greenyellow"
"ARMC6","blue"
"G6PC3","magenta"
"ADSS2","purple"
"PCIF1","turquoise"
"JMJD1C","red"
"R3HDM4","turquoise"
"TENT5A","brown"
"SPSB3","brown"
"MPHOSPH8","red"
"PPP2R2D","grey"
"BRD7","red"
"RITA1","grey"
"KDM7A","brown"
"MICALL1","brown"
"DNAJC10","yellow"
"WIZ","blue"
"C6orf120","black"
"RHOT2","blue"
"LDLRAP1","turquoise"
"TMA7","salmon"
"DOCK6","brown"
"OXLD1","blue"
"CHPF2","blue"
"FAAP100","tan"
"NEFL","turquoise"
"SHTN1","grey"
"NRBF2","black"
"DENND10P1","grey"
"SETD5","pink"
"TRABD","grey"
"RAB9A","black"
"RANBP10","magenta"
"RAB15","turquoise"
"PGAP3","brown"
"FBXO42","turquoise"
"ADGRA2","brown"
"PHF11","green"
"DOLPP1","turquoise"
"INTS5","grey"
"KANSL2","red"
"SGF29","tan"
"MACIR","yellow"
"MARCHF8","greenyellow"
"LUZP1","brown"
"LONP2","red"
"DTX3","turquoise"
"KLHL22","turquoise"
"PTPRE","green"
"MEAK7","brown"
"CLPB","blue"
"CASKIN2","brown"
"SMIM10L1","purple"
"ZGPAT","grey"
"DCAF15","blue"
"AGAP4","pink"
"NOMO1","blue"
"SDHAF1","turquoise"
"MINDY1","turquoise"
"TJAP1","turquoise"
"TBC1D12","pink"
"SYT13","turquoise"
"MIER2","turquoise"
"ORAI3","blue"
"TMEM268","magenta"
"TFEB","green"
"PAIP2B","brown"
"ELAPOR1","turquoise"
"ZNF783","pink"
"IRGQ","blue"
"C2orf68","turquoise"
"CALML4","pink"
"FAM174B","magenta"
"PGAP6","magenta"
"DENND2A","turquoise"
"WHRN","grey"
"KCTD13","blue"
"ZNF335","turquoise"
"ADCK2","grey"
"MOSPD2","red"
"TRIM52","pink"
"COL8A2","brown"
"SHISAL1","grey"
"GPR153","blue"
"FAM131A","tan"
"TXNRD3","turquoise"
"TRMT61A","blue"
"RNFT2","yellow"
"SYN1","turquoise"
"IL17RC","turquoise"
"ABHD11","turquoise"
"SEH1L","yellow"
"GLRX5","purple"
"NLGN4X","greenyellow"
"EOGT","red"
"MRPL41","turquoise"
"SYNRG","green"
"RPUSD2","grey"
"PAOX","green"
"GUCY1A1","green"
"FBXO41","turquoise"
"PIERCE1","turquoise"
"EMX2","brown"
"TMEM80","brown"
"TRMT5","purple"
"MMP24OS","turquoise"
"WLS","brown"
"FAM110B","turquoise"
"ZNF587B","grey"
"NXPH4","turquoise"
"NOL11","yellow"
"LOC100506076","pink"
"TZMP1","turquoise"
"EMILIN2","turquoise"
"NXPH3","turquoise"
"MRPL52","turquoise"
"C1orf174","red"
"LINC00869","pink"
"GNG3","turquoise"
"COL9A1","grey"
"CEMP1","turquoise"
"EEF2KMT","grey"
"ZSCAN31","brown"
"PFDN6","blue"
"NTM","grey"
"SDHAP1","grey"
"OPLAH","brown"
"LOC389906","grey"
"KIF18B","yellow"
"MEX3D","blue"
"CRYBB2P1","grey"
"ACTMAP","blue"
"PPIEL","grey"
"KRT8P12","grey"
"AARSD1","blue"
"LOC105372602","turquoise"
"DND1","turquoise"
"SLCO4C1","brown"
"RACGAP1","yellow"
"DNAAF8","turquoise"
"NDUFB2-AS1","turquoise"
"FAM242F","turquoise"
"GSTA3","turquoise"
"ATF1","black"
"GTF2H3","pink"
"PRND","turquoise"
"AMIGO2","green"
"TBC1D16","magenta"
"ZNF764","turquoise"
"ARHGEF26","grey"
"P4HTM","brown"
"EXOC1","red"
"ZNF814","pink"
"WDR13","blue"
"ERV3-2","red"
"GPHRA","yellow"
"MTMR14","grey"
"KIF17","turquoise"
"GOLGA8G","pink"
"MYEF2","magenta"
"NAALAD2","turquoise"
"ADAMTS1","cyan"
"ZNF213-AS1","grey"
"TBC1D2","brown"
"MED15","blue"
"TRMO","turquoise"
"B4GALT7","blue"
"FAM66D","turquoise"
"FAM239B","grey"
"BIN3","magenta"
"CASP8AP2","red"
"RDH14","black"
"CERS2","blue"
"MRPL17","magenta"
"SLC27A3","blue"
"TLE6","turquoise"
"TSNAXIP1","turquoise"
"IL36RN","brown"
"NACA2","grey"
"RPL23AP53","grey"
"SAA3P","turquoise"
"ALKBH4","blue"
"ACTR10","black"
"LRRC59","purple"
"DBNDD1","blue"
"ZNF112","red"
"POLM","blue"
"ISYNA1","magenta"
"KLK5","brown"
"GMEB2","turquoise"
"UBQLN4","turquoise"
"JMJD7","brown"
"SH3BP4","grey"
"SPO11","turquoise"
"HNRNPUL2","tan"
"TNS4","brown"
"TMEM209","magenta"
"PPP4R3B","red"
"CHD9NB","turquoise"
"SCIN","pink"
"ZDHHC8BP","pink"
"PCOTH","turquoise"
"MYMX","turquoise"
"HLA-F-AS1","grey"
"TMEM147-AS1","turquoise"
"RHEX","turquoise"
"ZNF480","turquoise"
"TRDN","turquoise"
"KCNC2","turquoise"
"OR2A20P","turquoise"
"OR7E47P","turquoise"
"PDCD4-AS1","turquoise"
"SCAF4","pink"
"EGOT","turquoise"
"LOC100996756","brown"
"ZNF324B","turquoise"
"OR7E156P","magenta"
"ALS2CL","brown"
"SMIM14","pink"
"EMC10","grey"
"LAMA1","grey"
"RNF126P1","tan"
"TUBBP5","grey"
"SLC44A1","grey"
"KCNE4","turquoise"
"GALR3","grey"
"ARHGAP8","grey"
"ZNF710-AS1","turquoise"
"SAP25","turquoise"
"RBM12B","red"
"FAM239A","turquoise"
"TMEM231","magenta"
"SNHG17","blue"
"LOC100505915","pink"
