"Gene","Com.ES","ES.var","Qval","Qpval","tau2","Zval","Pval","FDR","AveFC","propDataset"
"PTPN21",-1.79636392022789,0.335952115716529,10.6943434023074,0.00476159919820304,0.818364461607478,-3.09924303217621,0.00194015798718228,0.0157128695620309,-1.0108532543161,1
"CYP2E1",-1.49778454060152,0.141190648173474,4.52220694734686,0.104235400250067,0.236134648695888,-3.9860833687664,6.71729179573255e-05,0.00093675687405943,-1.11148852557262,1
"EPHB3",-1.64638437180537,0.144754897112493,4.59817582139564,0.100350330457306,0.245261285745611,-4.32727606386377,1.50964701999268e-05,0.000260719039651451,-1.20446565794196,1
"GAS6",-1.64966522768203,0.174296735253678,5.6674382577245,0.0587937848871493,0.337617685033445,-3.95140180634194,7.76947504657066e-05,0.00106079775007576,-1.26234910055786,1
"PLD1",-1.47882375200893,0.278736174570105,9.20157592712391,0.0100439183840415,0.653651610676736,-2.80104283055109,0.00509377579337844,0.0337204019437931,-0.628147799573915,1
"PARK7",1.47435263483082,0.0916067257899954,2.97971242394904,0.225405063758477,0.0909120974358533,4.87121939067642,1.10911600015307e-06,2.80954676057049e-05,0.455656628681264,1
"CBX3",1.18547070087565,0.0725877672505466,2.5098002438376,0.285104322475124,0.0445252732677756,4.40006513800406,1.08218388754633e-05,0.000196253069676169,0.785107632008406,1
"HSP90B1",1.34366464333697,0.0797964525678214,2.65239550408269,0.265484783637769,0.0593782924841286,4.75662700381387,1.96854409928449e-06,4.61651915657741e-05,0.676975723156971,1
"DSP",-1.75805147881513,0.265264419741148,8.07232857008534,0.0176651009227007,0.596957981749874,-3.41343853580059,0.000641486266585112,0.00630794828808693,-4.34410054241063,1
"WARS1",1.76885908822753,0.128365534685991,3.97976994655397,0.136711149976718,0.191740553776955,4.93706699138281,7.93062348236617e-07,2.10177641436123e-05,1.67009974257939,1
"PTPRF",-1.89706849957018,0.194752852800297,5.92640622278563,0.0516532009542065,0.386512562615811,-4.2987392095642,1.71772444053087e-05,0.000288626404382499,-1.97873518352995,1
"MARCKSL1",3.13711627857384,0.767434653428477,18.2430466694366,0.00010928806815866,2.03872363136495,3.58104611262453,0.000342221242239926,0.00370001888687098,1.87751834830717,1
"CD63",2.36559972199194,0.294450462031312,8.15338994378273,0.0169634377456539,0.664276472935642,4.35948452545451,1.30369171860156e-05,0.000228786491505327,0.971297196897529,1
"PTTG1IP",1.49622696713337,0.0597080862075341,0.310580083275229,0.856166817442176,0,6.12323464853263,9.16944964401978e-10,5.33752026376669e-08,0.744192029568838,1
"GSN",-2.04586262444584,0.439752211477582,12.5990118132085,0.0018372123072757,1.10562451711174,-3.08512277821783,0.00203468141418939,0.0163262836674556,-1.14785383894907,1
"HK1",-1.02618561892383,0.0603051986126378,2.1254925518671,0.345505652371255,0.0108510849996449,-4.17877076846185,2.93088911478279e-05,0.000459325278457365,-0.499910672956108,1
"TPP1",1.41346196274027,0.0590810757972568,0.224997948766944,0.893598263597194,0,5.8151367006171,6.05843553103114e-09,2.86217177134475e-07,0.882923247389365,1
"CALU",1.60816088157793,0.140721281892036,4.45175118078527,0.107972837254632,0.23237552771825,4.28696168898647,1.81133517189735e-05,0.000302794862902174,1.21986290606465,1
"GNAS",1.66071458740762,0.320740537825441,9.82715911824418,0.00734614524994602,0.764108216864212,2.93236531505544,0.0033639079555019,0.0245450452332341,0.685088333952196,1
"ANXA5",2.00986780405214,0.533146794046143,15.234091945418,0.000491993047480498,1.38420208382889,2.752606254189,0.00591229571125518,0.0375211704308704,0.917111264536231,1
"STMN1",2.13722081404291,0.145429352280242,4.3028601559311,0.116317695401584,0.233487121057299,5.60432561488182,2.09067356760073e-08,8.62667488859049e-07,1.27834454823805,1
"PAFAH1B1",-1.3829864308788,0.133348206746708,4.34085716965561,0.114128692601411,0.215674658976676,-3.78725309529176,0.000152321923193588,0.00188258346589687,-0.536795738523084,1
"PLOD1",1.76424943590734,0.235692850665588,7.18562636172355,0.0275208004323599,0.508870743026374,3.63401556123444,0.00027904402093526,0.00309392431035276,1.14143422787632,1
"CTSB",2.40263465932538,0.443242592790479,12.0197451391133,0.00245440092588495,1.10350564230075,3.60883473665979,0.000307575462263676,0.00336167347230182,1.58422976108888,1
"H2AZ1",1.53627801612663,0.170467903994368,5.40970401269379,0.0668802209624413,0.321838385876449,3.72090434264769,0.00019851062656695,0.00234667276501039,0.895436842019811,1
"NOP56",1.55019202673377,0.120995319312928,3.87124333009646,0.144334513205354,0.175656607491662,4.45657493949975,8.32794972649431e-06,0.000156332142771755,0.593335760021719,1
"UQCRC2",-1.13510150336753,0.0579312445951846,1.89559781449972,0.387593213848399,0,-4.71604857202223,2.40469051426828e-06,5.46563497308774e-05,-0.491772820164476,1
"PHC2",1.78742364275467,0.184784108933715,5.6514180591954,0.0592666201407362,0.357453128491417,4.15810247493549,3.20902073127627e-05,0.000492843596173278,0.873988287627445,1
"VCL",-1.73015409086754,0.216287050891436,6.75617130848342,0.0341126957621691,0.456139996429297,-3.72022772024407,0.000199043227136153,0.0023508375349894,-0.731360490885083,1
"SDCBP",2.16333894166008,0.189177141591735,5.4935621983845,0.0641339701950147,0.360289023777738,4.97382199366068,6.56455920955423e-07,1.77583584094145e-05,1.17530951782758,1
"SEPHS2",1.58635300527506,0.141908854600682,4.51133454748567,0.104803587716737,0.236897215063868,4.21109547851773,2.54135300394864e-05,0.000407084788924894,0.698903980365109,1
"ABLIM1",-2.09684448057617,0.449355987734961,12.764147829433,0.0016916110591239,1.13239062322711,-3.12803032138908,0.00175982025452281,0.0144954493358958,-2.38563607087071,1
"PPT1",1.22836359348532,0.155897170231365,5.2132772313807,0.0737821375204369,0.287269872232999,3.11105593944151,0.00186419621029765,0.0152015349506386,0.490512987808251,1
"PRDX2",-1.40723134593616,0.0632519665138948,2.11104042083299,0.348011341084122,0.0101859691416134,-5.59536580292499,2.20157083674621e-08,9.02713274853267e-07,-1.21518248491227,1
"TXNIP",-1.22504875322975,0.0661476203101213,2.24589125710544,0.325320109675424,0.0220434963064617,-4.76317195478161,1.90573309799547e-06,4.50977384115479e-05,-0.933722643093687,1
"PAICS",1.07671444896992,0.0819024192515132,2.79379001401126,0.247363835736738,0.0702822894791995,3.76228920089159,0.000168365199912479,0.00204037325948393,0.584980096189189,1
"JUP",-1.48805527296984,0.0593882830267982,0.440225360867304,0.802428374890861,0,-6.10616700735203,1.02052233330596e-09,5.88787199290993e-08,-2.99045247983003,1
"DSTN",-2.21799621016917,0.551054172482454,15.2377427455568,0.000491095782520395,1.43012953827318,-2.98788344632224,0.00280916661889474,0.0211482237550627,-0.904037373588107,1
"LDHB",1.57773605200387,0.177237083834764,5.80572386204481,0.0548659725191077,0.347673521313964,3.74763297492765,0.000178511204663501,0.00214526045862432,0.957415526965212,1
"HADH",-1.76081000904969,0.310578719884892,9.39512500420282,0.00911747386180639,0.731117170228499,-3.1595603158403,0.00158007391183834,0.0132560796105962,-0.732803479775474,1
"KPNA2",1.85899690229482,0.414888289640858,12.2525552819848,0.00218469807449325,1.03796612213003,2.88611131616319,0.00390034179193677,0.0275521530464905,1.01978422594675,1
"PGRMC1",-1.07686938690877,0.153799369177263,5.15638932731242,0.0759109251433718,0.282073459848754,-2.74590655603508,0.00603439484364254,0.0381398324606181,-0.547442277461996,1
"NFE2L2",-1.20442422840103,0.0574012917349855,0.927238879833862,0.629002882314041,0,-5.02711303434149,4.97918887454318e-07,1.41138355946019e-05,-0.652505998585042,1
"YBX3",-2.05807549233534,0.289545729504559,8.3998980441397,0.0149963412834307,0.659557761710132,-3.82474705696355,0.000130906416493604,0.00164757602766419,-1.13835955671117,1
"FBXO7",1.37962416081928,0.178615833010903,5.77032816370533,0.0558456255309814,0.349488470388456,3.26438079926872,0.00109703613276801,0.00983786391689281,0.647998144131887,1
"GNAI3",-1.52567094613558,0.096765769606068,3.14223070775547,0.207813267713625,0.105898016955617,-4.9045593961355,9.36372849258404e-07,2.43699911805995e-05,-0.75383406019816,1
"PITPNA",-1.00173406552815,0.116639159524654,4.04972899311839,0.132011730019583,0.177006825085047,-2.93312284251255,0.00335571090252174,0.0244989442653868,-0.443415759894966,1
"CREG1",-1.42890130429091,0.293037327319859,9.29183794847128,0.00960070280594257,0.688251185338884,-2.63961604961018,0.00830000008237675,0.0487494148982479,-1.01972254439367,1
"DDX3X",-1.0927776864426,0.0575972760942508,1.95195923668425,0.376823029942728,0,-4.55334802543357,5.27988178400385e-06,0.000107067462801907,-0.488770851014844,1
"CTBP2",1.32086422217805,0.0775761482217076,2.58645505704824,0.274383770983906,0.0533197264090644,4.74235510446663,2.11247913295409e-06,4.90991362113875e-05,0.668890438697708,1
"BTG2",-1.71343695056253,0.379159474319331,11.4931571757175,0.00319368905154691,0.936615250251339,-2.78264095027639,0.00539184391788861,0.0351697112783139,-1.14304267509312,1
"RAF1",-1.72226444762125,0.14964077034863,4.70993064099096,0.0948967974514752,0.258145038048486,-4.45220208799013,8.49941161495948e-06,0.000159001188016437,-0.524139066996569,1
"TXNRD1",1.25479760414978,0.0580641114103021,0.350277353807261,0.839340615540381,0,5.20738621066568,1.91519208492252e-07,6.11312404325251e-06,0.718365057463697,1
"AKR1B1",1.42825724265587,0.163179814991288,5.25297865237492,0.0723319509062589,0.302725604783881,3.535682156919,0.000406723729316605,0.00427338493679227,0.877849323979998,1
"TRAK1",-2.08630122001618,0.571343684195794,16.0917532851562,0.000320420410191563,1.49498137474873,-2.76012211341835,0.0057779759749299,0.0370398371372227,-0.677404383036863,1
"SDC1",-1.79140021525671,0.0620579711293423,0.452899534873345,0.797359394713301,0,-7.19107528577256,6.42819131257966e-13,8.73095692965897e-11,-2.35530441028232,1
"SEC11A",1.32878387726284,0.182341362849727,5.93027487916469,0.0515533832827126,0.361774837962857,3.11180053944277,0.00185950090486031,0.0151727361066794,0.469870001466858,1
"ANXA4",-1.18303906161945,0.0574123916996817,0.0224763786972792,0.988824723206329,0,-4.93737671802728,7.9180428391723e-07,2.10177641436123e-05,-0.68173487054762,1
"ENO2",1.77517550114466,0.389880695579847,11.6965070647491,0.00288493320335136,0.966531594789756,2.84299063792823,0.00446923832052093,0.0305581533619677,2.09120402760222,1
"ETS2",-2.25595832023575,0.294647446129592,8.30044349306438,0.0157609211677185,0.668615474349592,-4.15604011705953,3.23810990434659e-05,0.000495560035713323,-1.80093328029298,1
"ARHGEF12",-1.4200483705657,0.0693313902068554,2.30528222991437,0.315801598647883,0.0280171212023925,-5.39309640374994,6.9253772272404e-08,2.49447496314883e-06,-0.569608175318002,1
"GTF3A",1.24830070409618,0.0853996410681034,2.86158478645496,0.239119370584137,0.0776026646515871,4.2716060484896,1.94070198031859e-05,0.000322354307278651,0.541701017602096,1
"SCP2",-1.17188797527879,0.0578685662612617,0.981432345743817,0.612187804851923,0,-4.87152276897464,1.10741397918446e-06,2.80954676057049e-05,-0.561816545929623,1
"SNRPC",2.22467275026115,0.678520376192096,18.6150580027443,9.07384830536915e-05,1.80925751364837,2.7007518865124,0.00691829278264477,0.0422914297200681,0.844258508099773,1
"ANXA7",-1.50666577490864,0.089404013952486,2.90090293078434,0.23446441162827,0.083837152467109,-5.03893103222924,4.68139126130751e-07,1.32986188793439e-05,-0.659955755238067,1
"ZFP36L2",-2.36852083906311,0.495415724614947,13.4885571792956,0.00117759790427645,1.26051585694714,-3.36505615982565,0.000765280808298074,0.00733712974955779,-1.18812860104926,1
"CUL3",-1.06283611257363,0.0571421172622747,0.768167429983606,0.68107440865439,0,-4.44619123527173,8.74061455524711e-06,0.000163045598263043,-0.432875859233847,1
"COPS6",1.19830829370304,0.0581207148642586,1.37143793868865,0.503727934408153,0,4.97053448801067,6.67685831068354e-07,1.79875114696287e-05,0.427317923152266,1
"PLEKHB2",1.11314786783979,0.119681319732542,4.0216795538022,0.133876201307685,0.180570019753092,3.21765646118512,0.00129242515071759,0.011264660120459,0.474677853284008,1
"LRP10",-1.21504203650067,0.0578797762271798,0.381987572988604,0.826137721346685,0,-5.05042448315788,4.40829361236794e-07,1.26052062306284e-05,-0.671165698869615,1
"HSD17B4",-1.97886610516578,0.31418996069117,9.22174018820727,0.0099431630554064,0.735809647891027,-3.53037027540826,0.00041497845964833,0.0043426196912958,-0.804969602932062,1
"WDR77",1.64572197272752,0.285174529248217,8.79804679457719,0.012289335843187,0.65927960260547,3.08177622915859,0.00205769459565075,0.0164805158677458,0.685803790589231,1
"IFI30",1.14397090301827,0.070863410662772,2.45065151583003,0.293662022012385,0.0395384850480854,4.2973819238553,1.7282726912704e-05,0.000290025065913447,1.43087030689696,1
"ALDH2",-1.99202816083424,0.433008445406604,12.5211482799348,0.00191014878898133,1.08760074650419,-3.02724304568344,0.00246795437177516,0.0190977193196299,-2.57441242491765,1
"CLDN4",-1.46062615521918,0.0733937874522982,2.43442667798293,0.296054020686168,0.0398715586889153,-5.39149768789484,6.98728583881092e-08,2.50984077278941e-06,-1.8064455436122,1
"CAT",-2.29745932270088,0.188419264647027,5.33844021539932,0.0693062556528321,0.352845439211035,-5.29279628291096,1.20460084795937e-07,4.04814187024284e-06,-1.26498527547015,1
"SHC1",1.16178989834656,0.0573280520846178,0.00866504788542082,0.995676847899684,0,4.85225932482644,1.22062869234441e-06,3.0480630158777e-05,0.670562385774826,1
"GSTO1",1.75234828145391,0.256810579223822,7.82404677403766,0.0199999923681878,0.571825478727476,3.45791227895333,0.00054437860496237,0.00547052893033071,1.3825518747016,1
"RRM1",-1.36709829425583,0.058398917286104,1.45400613038906,0.483355406240529,0,-5.65714543403252,1.5391133922904e-08,6.53697052836305e-07,-0.603288793866503,1
"FHL1",-3.55799049639946,1.30234340090176,28.0916687674179,7.9427635372199e-07,3.59447594891898,-3.11775530478887,0.00182234035063367,0.0148901986904018,-2.72639949271944,1
"KDM5B",-1.26958922559153,0.0619983369914615,2.12211206685573,0.346090134529989,0.0108338859776706,-5.09886141192771,3.41702606210248e-07,1.01260460963078e-05,-0.569419995209334,1
"LAMP1",-1.53865827286525,0.214368611756547,6.77365260352948,0.0338158280106689,0.452276023225403,-3.32323901986668,0.000889786380339652,0.00831679183745428,-0.616970841526648,1
"SORD",-1.38484155210105,0.115906900771933,3.89880651521853,0.142358997893175,0.16932886059857,-4.06766744209341,4.7486085188897e-05,0.000698838673564365,-0.927574920021004,1
"ID2",-1.22175182361463,0.0582214444163038,1.21501296095717,0.544707415658333,0,-5.06339149884439,4.11862831617427e-07,1.19074932626599e-05,-0.912686528682694,1
"ETF1",-1.07627625596779,0.0568951844829892,1.10369334748242,0.57588535546863,0,-4.5121757204922,6.41659926658988e-06,0.000126959086247444,-0.478188774700503,1
"NME1",2.18138192355928,0.628986623379675,17.3823657137355,0.000168061116358471,1.66261648050455,2.75049592106272,0.0059505132395612,0.0377193690474664,1.1338669972937,1
"ANXA2",-1.11926191629193,0.133027847254898,4.45917369915536,0.107572864730571,0.219995118045672,-3.0687424803677,0.00214961801136027,0.0171220948381958,-0.5457041081822,1
"PPP4R1",-1.2043025355065,0.0575284052289475,0.684220602864156,0.710269856605957,0,-5.02104869487719,5.13901280863038e-07,1.43793107321312e-05,-0.549596451429451,1
"OAT",-1.07574150216195,0.162928142000202,5.45660253669856,0.0653301738943317,0.309169450040092,-2.66507767691122,0.00769705416805366,0.0458902100124608,-0.579688515972629,1
"SND1",1.08070926110998,0.0574155008945341,1.60223305516384,0.448827555905567,0,4.51018435527785,6.47713114698689e-06,0.000127383579224076,0.526705225121206,1
"INSIG1",-1.61859645669844,0.0607557123344491,1.48866543210847,0.475051188232242,0,-6.56666750312147,5.14537301654627e-11,4.35652719238616e-09,-1.11213332249098,1
"RRAGA",-1.33150407780949,0.0585215933833486,1.72833852926087,0.421401480373052,0,-5.50407609771809,3.71109236674272e-08,1.44444577223756e-06,-0.648886173400574,1
"KDM3B",-1.27435372235882,0.157660089036531,5.17207899391357,0.0753177463264827,0.289684644054435,-3.20943886992046,0.00132994323267943,0.0114765915360074,-0.331514928752759,1
"KRT19",-2.95018895859832,0.645688099018138,15.7215165014977,0.000385581393120063,1.67952684752137,-3.67145696835829,0.000241171688588393,0.00276087589772086,-4.18154348681429,1
"ACSL3",1.12887172801712,0.0726271655412531,2.47684472594231,0.289841121516068,0.0424091015414879,4.18885231622203,2.8036877611548e-05,0.000443118602638758,1.05023191193311,1
"SMC4",1.09260552517723,0.0954377990041265,3.2342482668698,0.19846864849199,0.109657390865384,3.53674041198862,0.000405097619202044,0.00426317018303103,0.616215770520615,1
"TIMP1",1.64454781004808,0.0610717925966286,1.82601736693913,0.401314976089032,0,6.65466457375265,2.83946199886032e-11,2.57109340299581e-09,1.24438963131855,1
"DLG5",-2.94041261306058,0.29122317486173,7.41803889353338,0.0245015365574686,0.636379918045395,-5.44873028876134,5.07306749941705e-08,1.90560779607911e-06,-1.59016131892413,1
"DNMT1",1.43927591773444,0.0591305772703865,0.049618672428883,0.975495886036944,0,5.91885906875466,3.2418259188205e-09,1.66705183513989e-07,0.822916173322683,1
"PGRMC2",-2.53899589884069,0.689246246817995,17.9180505222843,0.00012857151632829,1.8272093734,-3.05826274593733,0.00222624286649298,0.0175501697316819,-1.29159109729413,1
"PSMD7",-1.27113874783003,0.0585145600277686,1.11418390719652,0.572872583936055,0,-5.25485800865708,1.48138716404844e-07,4.89007778026016e-06,-0.59588220153382,1
"MRPL49",-1.10609972178795,0.0569436702242631,1.32535427464979,0.515469502994356,0,-4.63523284559705,3.56535919654455e-06,7.60862824283868e-05,-0.369547189563418,1
"LAPTM5",1.26671969161847,0.0782837817504602,2.64254560997423,0.266795507113438,0.057693564413946,4.5273557640634,5.97263406043602e-06,0.000119443520727033,1.41165664788306,1
"GALNT1",-1.39951317126339,0.155771589549134,5.1904235170004,0.0746300708491765,0.286957307342257,-3.54595209670081,0.000391197313400315,0.00414364075501764,-0.485292428303169,1
"SGK1",1.10318882677961,0.169766083205674,5.67613822464894,0.0585385883479814,0.329346162212968,2.6774686236304,0.00741808000870892,0.0445528996930242,0.785909490929118,1
"CLINT1",-1.15531589892766,0.057797363598854,1.04424174406476,0.59326098212845,0,-4.80559022541724,1.54295634757773e-06,3.76048744225533e-05,-0.478597337735353,1
"EFCAB14",-1.98378923705216,0.536519995409646,15.3865849985006,0.0004558747308447,1.3951405330996,-2.70833619360445,0.00676214840382205,0.0414873564512073,-0.427973084361631,1
"ADAR",1.1473914929046,0.179905990075227,5.99192199370276,0.0499885651428894,0.358693959053841,2.70513419179411,0.00682768017670665,0.0418159332193885,0.40537972380054,1
"DHCR7",-1.69417988146445,0.073029774362231,2.39076339661168,0.302588434643869,0.0360754181484758,-6.26916269653149,3.62994745373157e-10,2.37843642458322e-08,-1.82730589530577,1
"MYOF",-2.18318807136368,0.147429511195426,4.31004431008826,0.115900622801021,0.237043919513235,-5.68589632896784,1.3012832145165e-08,5.59514615308822e-07,-1.70319187757072,1
"TBCB",1.87237868585854,0.312997036570785,9.31504570866995,0.00948994127630204,0.734983413310183,3.3467523411328,0.000817642236371263,0.00775362699639629,0.878184965864674,1
"VPS26A",-1.44782817991682,0.130135522718174,4.20924578698334,0.121891631730743,0.204937131298001,-4.01346144087797,5.9834780620216e-05,0.000848950712194772,-0.693758636947631,1
"LPCAT1",1.69922966033482,0.13183803419066,4.11944794627212,0.127489155470286,0.203595753888616,4.67984771155241,2.87088081973863e-06,6.36622704227415e-05,1.19949099708977,1
"KRT5",-1.61951291318081,0.149075987655356,4.69301684258985,0.0957027331571767,0.25642763058399,-4.19450356213303,2.73469854359387e-05,0.000433265301457114,-4.94896127582444,1
"SMARCD2",-1.12949008575755,0.0570430724311594,1.69328018278655,0.428853422302025,0,-4.72912690720117,2.25487410610015e-06,5.16718865895251e-05,-0.530589320114647,1
"NET1",-2.40448596833988,0.360955656596894,9.83748524936882,0.00730831436609592,0.858981013393714,-4.00216805361763,6.27646909021617e-05,0.00088188448779449,-1.82849662511075,1
"EPCAM",-2.40199825895296,0.299825733930328,8.24924855922365,0.0161695686836361,0.678902129783256,-4.38670303929722,1.15081737914746e-05,0.000207135367230337,-2.95972999699389,1
"LIPA",1.13210564734257,0.0576287069722261,1.26555239166958,0.531115272381941,0,4.7159318356238,2.40606984780456e-06,5.46563497308774e-05,0.82022327743361,1
"CDC25B",1.02771002340989,0.0565309124631547,0.267871000237655,0.874646477377865,0,4.32242627552292,1.54322658527661e-05,0.000264069966475351,0.578991208537874,1
"PLAT",1.82063479033892,0.0620402853662327,0.328823732931535,0.848392525481171,0,7.30947094255411,2.68229882749438e-13,3.97437436496582e-11,1.97302034817426,1
"TBL1X",-1.07945973602506,0.0575130568775466,1.63702352525207,0.441087609342094,0,-4.50114726456449,6.75876560651822e-06,0.000132125254487843,-0.586523347413737,1
"TOMM34",1.2288384087748,0.0850160483606419,2.89349705726836,0.235334227960072,0.0790434597713908,4.21448313210209,2.5035086129277e-05,0.000402010453250791,0.413554739149301,1
"DCN",-1.48012919986655,0.249156502986844,7.91994728255818,0.0190636167775433,0.557572414397386,-2.96526501072219,0.00302422288619586,0.0224816660279976,-1.54280197694617,1
"PSRC1",1.61256206683998,0.0600157612198957,1.73436216986953,0.420134204200205,0,6.58239257283915,4.62936355916099e-11,3.99750142039074e-09,1.06995459189319,1
"CTDSPL",-1.1617536388762,0.0638089956148965,2.18548715598751,0.335295321764818,0.0164927966736717,-4.59910248246656,4.24315021607669e-06,8.9092488997462e-05,-0.662473388124171,1
"FARP1",1.35571176107447,0.2550479140735,8.22963585505059,0.0163289131844353,0.577495229856252,2.68445714776683,0.00726476956412037,0.0438137513166353,1.15007411593266,1
"SLC20A1",1.41681221489981,0.067326171971306,2.27839154495509,0.320076332530164,0.0250085015601892,5.46034811638288,4.75201875627107e-08,1.79598761052227e-06,1.34522976147014,1
"PRDX4",1.4968643316282,0.120277312884845,3.87343403450857,0.144176502632318,0.17471504145089,4.31609088687399,1.58816609940882e-05,0.000270340701960725,0.924611226196462,1
"PKP4",-1.12381319295929,0.101673139116855,3.44812410259687,0.178340247353644,0.128334612942793,-3.52444720974643,0.000424367363938138,0.0044195895035059,-0.371025576994656,1
"MCM6",1.18946325872597,0.1426480620538,4.76836562099182,0.092164264483663,0.247985291072849,3.149329445254,0.00163645599237205,0.0136256383681604,0.645924706521782,1
"CDK2AP1",1.34847683214213,0.119142053473818,3.90369899157168,0.142011179474545,0.174467672774055,3.90670797233041,9.35621164230849e-05,0.00124105436016338,0.648530956214223,1
"ALCAM",-1.45521552328263,0.261633518911066,8.36406068962555,0.0152674778324338,0.596139021948774,-2.84498923638846,0.00444129238163615,0.0304309045528922,-1.20501488421085,1
"ARPC1B",3.26739817879084,0.530154368286211,12.3550862401565,0.00207552090120579,1.32448262901766,4.48746310110517,7.20762903294592e-06,0.000139436609733801,2.21751245476157,1
"PPP1R12B",-1.29121365726203,0.173337417778639,5.67845877351481,0.0584707069087456,0.336349088158121,-3.10135834642371,0.0019263501446285,0.0156204474725193,-0.902359560478251,1
"MYCBP2",-1.20527138133733,0.0575077358947483,1.66729847297387,0.4344609392455,0,-5.02599103692512,5.00839280714871e-07,1.41351588338554e-05,-0.686383828617607,1
"ACSL1",-1.88291618322306,0.0623753074017343,1.02723925813888,0.598325936578012,0,-7.5391891363735,4.72955008490317e-14,8.68571881085245e-12,-1.55014141129902,1
"CLIP1",-1.45459767025594,0.0590359669453643,0.401571117074959,0.818087844699149,0,-5.98665935501559,2.14194728620498e-09,1.13995308836028e-07,-0.684405579814283,1
"EGFR",-2.68351140619676,0.0756348807120556,2.08686589760028,0.352243370507166,0.00969099666967337,-9.75758588205426,0,0,-1.937993912917,1
"ST14",-1.38282218052173,0.0594206938648326,1.71686667326714,0.423825554433203,0,-5.67280006856191,1.40482150357002e-08,5.98610051799003e-07,-1.24136253567731,1
"LANCL1",-1.74399149890708,0.0620186716592622,1.5769779485051,0.45453108482338,0,-7.00298399159476,2.50577336657898e-12,2.91721240418065e-10,-0.61331346659347,1
"EFNA1",-1.08355988533733,0.158274084329632,5.37339870317716,0.0681053606505909,0.297735127402917,-2.72362940155891,0.00645689154206375,0.040167656878325,-1.00654476234755,1
"MAN2A2",1.03887019870098,0.056580147372716,0.799404656204446,0.670519611176854,0,4.36746316657333,1.25697985970952e-05,0.000222384808558377,0.546013426154025,1
"MYO18A",-1.03383899690654,0.0565496917421451,0.373446872602168,0.829673162137136,0,-4.34748196434339,1.3770939065294e-05,0.000239412365963158,-0.524877710030593,1
"SMS",1.45765470763759,0.0904090558935639,2.94825077412384,0.22897890740726,0.0878009636428347,4.84784462955913,1.24810088220073e-06,3.09980712438387e-05,0.919564148482176,1
"ALDH3A2",-2.77530094138878,0.0720466859894017,1.95577998558044,0.376103844030792,0,-10.3395843028668,0,0,-1.77690770834927,1
"SDC4",-1.87363025092231,0.0968307363672193,3.01862589824711,0.221061806504346,0.0983973295704667,-6.0211198579406,1.732144205846e-09,9.57009673729914e-08,-1.26520162950578,1
"OPTN",-1.49688403794671,0.0917797203252059,2.98854933503875,0.22441131853095,0.0915199421044204,-4.94099929955006,7.77231876858409e-07,2.06822988619526e-05,-0.875257435175613,1
"TJP2",-1.76554999649146,0.162452000967168,5.00002779358125,0.0820838579137856,0.292051313947049,-4.38043749604308,1.18441264160829e-05,0.000211555567588089,-2.45580666066798,1
"BIRC5",1.80611679821813,0.33770237302609,10.1277945208265,0.00632087734268255,0.810407217472548,3.10798400943801,0.00188368259748839,0.0153226743197429,1.23327984852836,1
"DGCR2",-1.83038637204807,0.36188174826815,10.8009514079573,0.00451443289804554,0.881934112539941,-3.04270209667394,0.00234464319058181,0.0182955132028703,-0.785960312213176,1
"COPS8",1.47185087893122,0.0932550092479104,3.0397766641589,0.218736311417519,0.0961520070735394,4.81978567744465,1.43712526634587e-06,3.52894093180487e-05,0.628490583515388,1
"ADSL",1.0781840522746,0.139821123879749,4.78636790890569,0.091338403095954,0.243603267463276,2.88341072456079,0.00393394138447412,0.0276969015724395,0.574162776308491,1
"PYCR1",1.24447821251693,0.057991293723222,1.15513654303778,0.561261544137029,0,5.16780239566642,2.36862541136418e-07,7.31860349260131e-06,0.686427146279368,1
"NEDD9",1.30373463705484,0.0583421995592926,0.746478606308674,0.688500452798433,0,5.39756405042633,6.75517617398924e-08,2.43990975436692e-06,0.762742610111558,1
"UBAC1",-1.62599620603549,0.289577802814903,9.42536634188852,0.00898064861042232,0.68315481516991,-3.02159945601735,0.00251443023538189,0.0193874550813065,-0.872584817434933,1
"SUSD6",-1.43586865280903,0.25641480073791,8.20987798697059,0.0164910248676257,0.580762643070093,-2.83558825850829,0.00457413745402047,0.0310960262059295,-0.675934117950242,1
"LIMK2",-1.81662930661301,0.0977699191458366,3.03328884578935,0.219447024267909,0.10054352051255,-5.80983352257969,6.25349949601173e-09,2.9436599252165e-07,-1.05922006311242,1
"FADS2",-1.27462730442931,0.214019199532547,7.23200395409876,0.0268899685831402,0.463794614565424,-2.75522360017458,0.00586520372165622,0.0373419879524782,-1.92509665812566,1
"DES",-2.27985547260323,0.684379819175995,19.2616758856684,6.56719973786446e-05,1.83816044451558,-2.75586994946384,0.00585362661248578,0.0373080421464194,-1.88767088828727,1
"SLC16A1",1.2127612062054,0.138608821869862,4.60940746933543,0.0997883601063468,0.235259917146236,3.25746576583632,0.00112411816776459,0.0100647663496855,0.58263173745663,1
"TRIB1",1.59048713788787,0.244740264843542,7.7288947539164,0.0209745102325604,0.54331529974563,3.21497387755755,0.00130456393287637,0.0113250393613682,1.02896736710947,1
"PSMB4",1.68970595632023,0.145657258308204,4.55733327644506,0.102420679530809,0.245091427154504,4.42736236991853,9.53924002233819e-06,0.000175433216715469,0.616087271950839,1
"LSS",-1.3254162113704,0.0585985674694505,0.57090283671838,0.751674857889264,0,-5.4753108273354,4.36744309606496e-08,1.67491442734091e-06,-0.548426247136663,1
"STXBP1",1.72670703904486,0.2763023829474,8.4400957610337,0.0146979407430543,0.630761897668441,3.28493170023203,0.00102007095913792,0.00927524772398838,1.66078607219227,1
"DDAH2",-1.179145298476,0.0574304162345003,1.35647648559242,0.507510315179346,0,-4.92035391040985,8.63878607537671e-07,2.27099055719429e-05,-0.62342877960772,1
"CYB5R1",-1.23907166825843,0.0902116736490872,3.08247825107916,0.21411562084485,0.0953471494972492,-4.12539042974224,3.70106355371824e-05,0.0005585436073719,-0.590710812683325,1
"LAMC2",-1.81507991493987,0.237067380922456,7.17495936386655,0.0276679747200511,0.511498428208176,-3.72786219880369,0.000193110912947603,0.00229445724822028,-1.62533047337478,1
"FBXO28",-1.33460068099837,0.0585558876509197,0.758691760123792,0.684308882929807,0,-5.5152608503007,3.48263022864614e-08,1.36366413067018e-06,-0.501867342404885,1
"SEM1",1.25854168458326,0.0684203261377434,2.31671941975482,0.31400081112474,0.0283910014962063,4.81143955848749,1.49847051988949e-06,3.66577056451015e-05,0.737644428826103,1
"SPTLC1",-1.26287542946427,0.0581656157481306,1.15633973421282,0.560923993213385,0,-5.23633410178571,1.63797334806759e-07,5.33938362136332e-06,-0.424310402996723,1
"TACSTD2",-2.20383588757708,0.339773313049546,9.58705800779881,0.00828317438769962,0.803558498213961,-3.78080795830762,0.00015632022353218,0.00192652116695283,-4.02868683743589,1
"TACC2",-3.6193117991515,0.973139030571844,20.9003909946124,2.89426145419166e-05,2.61600278879866,-3.66892262483428,0.000243574778399758,0.00278282460036125,-2.69054650042822,1
"LAMTOR5",1.24889177627088,0.0775612879613989,2.60678110298671,0.271609324678098,0.0546481179629166,4.48437889270784,7.31266241427164e-06,0.000141258970695834,0.50037580170758,1
"FNDC3A",1.36534407638703,0.0895886640483793,2.95500440773303,0.228206991627425,0.0873705701615255,4.56158298741052,5.07694025708716e-06,0.000103434725018999,0.747120731298886,1
"UBE4B",-1.45864464066901,0.0591032098419891,0.195460764180222,0.906893385493201,0,-5.99989937495523,1.97439842253289e-09,1.07716238625131e-07,-0.42120919014647,1
"PKD1",-1.11516678633321,0.0570098816151837,0.181030005284109,0.913460629475297,0,-4.67051484194603,3.00445773415703e-06,6.61741966143134e-05,-0.509482772541233,1
"TK1",1.50084934308432,0.279655041346786,8.78855164877824,0.0123478190778504,0.64632139179833,2.83808744896098,0.00453847465444546,0.0309180621835498,0.996948805937664,1
"GNPDA1",1.83967563498741,0.414279195916642,12.275309519658,0.00215998336257133,1.03686943923173,2.858213684445,0.00426033388757108,0.0295010587148376,0.781036262023251,1
"BAG1",-2.66330069720898,0.908781166937355,22.8502001754806,1.09179745268552e-05,2.47256434349414,-2.79376931858658,0.00520976276254603,0.03422171116415,-1.01040833114872,1
"KLF10",-1.76905454986393,0.0615775443346605,0.572751421735957,0.75098041143434,0,-7.12902343009088,1.01074704161874e-12,1.30486442333334e-10,-1.2612422129301,1
"KDSR",-1.12283793685401,0.0572006279657694,0.380932430094722,0.82657368301006,0,-4.69479549548144,2.66873575505144e-06,5.98926772979617e-05,-0.513274293329507,1
"PPP3CA",-1.62296151988078,0.110966481530653,3.58348603715557,0.166669408464264,0.147256878930995,-4.87205648786256,1.10442579348558e-06,2.80954676057049e-05,-0.869689646591436,1
"LPIN2",1.09009234521694,0.0568723855045516,0.772381035995405,0.67964102949694,0,4.57101416849732,4.85369460134777e-06,9.98222774557943e-05,0.383005688884384,1
"EIF2B2",1.48176798287393,0.081866710078071,2.67257769089969,0.262819223714127,0.062408842090713,5.1787689749582,2.23354862383118e-07,6.9672824177356e-06,0.576039087806903,1
"DDX46",-1.09590081045436,0.153828764049779,5.15258152153075,0.0760555898432694,0.282012401933014,-2.7941677307228,0.00520334823323876,0.0342140482164398,-0.503661928687311,1
"TRIB2",3.26732526291645,1.06561016913338,24.1797320126287,5.61613975548551e-06,2.90730548434569,3.16514195424455,0.00155007306487498,0.0130818140407151,2.43867619785865,1
"DHRS3",-1.38858955797073,0.273043577653361,8.71746077641584,0.0127946215443709,0.62972573542286,-2.6574060057959,0.00787445455318903,0.0467554703638578,-1.29387324664555,1
"RANBP1",1.23966462949557,0.122260813397951,4.05173474317808,0.131879405115662,0.185815959813116,3.54536186959546,0.000392074421074362,0.0041495603704453,0.70007203186204,1
"TRIM29",-1.86986904822467,0.0625084266110476,0.396794985201445,0.820043826992136,0,-7.4789720307849,7.48290318597356e-14,1.31850776543121e-11,-3.3500730058801,1
"ITPRID2",-1.25600654949288,0.118104255077731,3.91092324137348,0.14149914268411,0.173268140196951,-3.65476226052809,0.000257420404492947,0.0029085828892405,-0.74707053675484,1
"DLG1",-1.68493730068624,0.306039810669028,9.35985438204821,0.00927968950715849,0.719791119301788,-3.04575371343437,0.00232097867009085,0.0181434297837617,-0.582880901517366,1
"BCL7B",1.21408346374879,0.203456130636388,6.71272320245024,0.0348618698591538,0.427770327761589,2.69161632399615,0.00711066961729889,0.043143797645398,0.397262355237102,1
"PRSS8",-1.66870155733096,0.0607368738909273,0.149820146569974,0.92782691900401,0,-6.77099438548936,1.27899912882867e-11,1.25389997299226e-09,-1.90075036011601,1
"CHMP2B",-1.08038264765571,0.0985386803251394,3.34739460475666,0.187552344403889,0.119290107182216,-3.44170964890286,0.000578050344615111,0.00576679299421303,-0.580012587614603,1
"HMGCR",-2.19423352495204,0.0652566901361803,0.235020910645148,0.889131215544182,0,-8.58954827915329,0,0,-1.5568080286259,1
"CRIM1",-1.84561475749156,0.44301978022626,13.0824905432831,0.00144269083797663,1.12226217345049,-2.77286991304444,0.0055564327847939,0.036009108887141,-1.67286005146783,1
"MYLK",-1.98054003418015,0.52944231896291,15.5662510284784,0.000416707711228464,1.38224483694112,-2.7219133743244,0.00649051535618828,0.0403383363819537,-2.20600852502281,1
"HSPA13",1.13558169103903,0.057025788557932,1.12516021269936,0.56973718333683,0,4.75535268230176,1.9810027456213e-06,4.63739583485747e-05,0.780796384013587,1
"SVIL",-1.62098611818284,0.301559057253249,9.31249198426083,0.00950206636302635,0.70843938700382,-2.95184199600836,0.00315884523791032,0.0232792578911231,-1.02591478941183,1
"CRABP2",-1.3038085826416,0.094782260562175,3.1420319998266,0.207833915811353,0.103801939794637,-4.23496966998727,2.28582555934498e-05,0.000371631913569815,-1.70654683111158,1
"FOXM1",1.96447392291026,0.381071081372857,11.1302744922626,0.00382905498619668,0.93449250654239,3.18231577774078,0.00146102428627648,0.0124275375794452,1.77503923581961,1
"TYMS",2.09596610538113,0.403800989359773,11.52138611797,0.00314892844885158,0.997286719019643,3.29837906945001,0.000972447573700075,0.00891683819513029,1.73358146457572,1
"ENSA",-1.8272605959827,0.124390849486625,3.82199774963851,0.147932546675146,0.178187783770518,-5.18091267332059,2.20802852668456e-07,6.90419279602876e-06,-0.541487191987041,1
"IRF6",-2.63917256466145,0.257907427896941,6.80869716533665,0.0332284586272184,0.544401458859956,-5.19679831900826,2.02750121136575e-07,6.41664764441698e-06,-2.60354584075214,1
"S100A13",1.40934854531117,0.058891946927836,0.0891881726714526,0.956385613042539,0,5.80751654232719,6.34062891080589e-09,2.97393742330928e-07,0.846854740740153,1
"ADAM10",1.49782003465373,0.160312895730609,5.12142748936754,0.0772495842818281,0.292759461351476,3.74089403017231,0.000183366827212206,0.00219551887972447,0.811696605623977,1
"SERPINE1",1.41433991784787,0.2562800031505,8.17000518944824,0.0168230956646147,0.579093430923442,2.79380724083937,0.00520915189782101,0.03422171116415,1.43173229865304,1
"RNF103",-1.70123504567128,0.0617330844829878,1.44699068457572,0.485053860182461,0,-6.8470788974435,7.53730411418019e-12,7.92571841490286e-10,-0.660115646846672,1
"ICAM1",1.82163438947751,0.0620018168913466,0.0172391497568248,0.991417467151875,0,7.31575256693053,2.56017429478561e-13,3.8370244401965e-11,1.24686448994456,1
"CSDE1",-1.09972068833861,0.0576696471186617,1.82185639028928,0.402150776346266,0,-4.57940177619544,4.66307706736835e-06,9.62054776604682e-05,-0.436404879781846,1
"WIPF1",1.25858704927752,0.209752269219862,7.01515244244617,0.0299694658323819,0.44778858455137,2.74808350039156,0.00599447407928055,0.0379242831245702,0.849765539972791,1
"SNRPD1",1.15077712084977,0.0610387059439382,2.09636552335842,0.350574247558255,0.00857272532468635,4.65788283476539,3.19477940302626e-06,6.9660081331203e-05,0.562476606679228,1
"TOB1",-2.17070545208003,0.557092619835016,15.5223823329732,0.000425948902323505,1.44991808250654,-2.90828654787821,0.00363415173278403,0.0260083892425694,-1.5131474610475,1
"CCNB2",1.33410537957305,0.200571540964476,6.49976169753241,0.0387788281016746,0.415612589419266,2.97889695033271,0.00289288051428205,0.0216907814984035,1.11542731004692,1
"CKMT1B",-1.84956646145198,0.414125678756537,12.2696282079862,0.00216612785497796,1.03666946396175,-2.8741131472504,0.00405163783937801,0.0284028525740053,-2.13517314950602,1
"IGFBP2",1.05086851911665,0.100478602305991,3.41682983429779,0.181152707214983,0.125283091212453,3.31521416570048,0.000915729377502394,0.00849231532948344,1.45842929661958,1
"PDCD4",-2.50861058276932,0.768432909166445,20.0048737886306,4.52894296249934e-05,2.06353605428584,-2.8617406472321,0.00421321518269546,0.0292524562125485,-1.56071684114085,1
"PHKB",-1.45395843876092,0.28166028927531,8.92724320174768,0.011520564756966,0.654191447361405,-2.73961277034106,0.00615116086975931,0.0387276613137574,-0.50480909535793,1
"ITM2A",-1.63335857760911,0.243433239262843,7.57647865432732,0.0226354203569163,0.536293290330248,-3.31048480269988,0.000931345094256075,0.00858826639604312,-1.74093686963734,1
"GPC1",-1.09119969654409,0.0974091823931518,3.36814192929204,0.185616796443411,0.118895016349573,-3.49626455605888,0.00047182066322593,0.00484414931323063,-1.35630622620031,1
"STIM1",-1.93049036612955,0.330947662360597,9.77795335930184,0.00752912323916829,0.78737963484575,-3.3557374894723,0.000791536629085376,0.00754447814813174,-0.713001254558955,1
"ACP2",1.1508758980203,0.0991966502519006,3.41838248502113,0.181012128348567,0.123619203924072,3.65409632584343,0.000258089367672021,0.00291109625006529,0.475059614344813,1
"CLDN7",-1.54948155185911,0.104497115010241,3.35801822901465,0.18655874283473,0.127175779269475,-4.79329612015141,1.64063182084284e-06,3.97624503939959e-05,-1.53504008007786,1
"WBP1L",-2.16446526210907,0.180517036143385,5.35387250877628,0.0687735363311256,0.338963325617903,-5.09438218450762,3.49880329597596e-07,1.03448744163788e-05,-0.914591837914804,1
"SPINT1",-2.23960286402645,0.222936082013715,6.38812363033494,0.0410049775836508,0.458396203614807,-4.74330260632881,2.10261819932889e-06,4.89572119661596e-05,-3.05865862092523,1
"TXNL4A",1.06428159765238,0.147572835381701,4.95800269491975,0.0838268977499045,0.263823727922487,2.77046930016891,0.00559755766911985,0.0362036480395108,0.574022783752752,1
"RALBP1",-1.30327331896233,0.225601427300599,7.59541092437978,0.022422161373079,0.497302680511652,-2.74387664328647,0.00607183496572805,0.0383207435228113,-0.646648496488153,1
"ABCD3",-1.07489798077286,0.0744350838378011,2.54939541669443,0.279515450639152,0.0486058769930663,-3.93983837594727,8.15365224027254e-05,0.00110515043202613,-0.697010110484856,1
"SLC16A3",1.01776797368094,0.0652324682892459,2.26567308179593,0.32211825770815,0.0232255190210365,3.98489492995411,6.75099906879417e-05,0.000939447992081187,0.775567468073387,1
"CNPY2",1.84276973252296,0.103821067136448,3.20174101549677,0.201720841986126,0.11749153710395,5.71910837178251,1.07084483502717e-08,4.74290496654817e-07,0.770219240925601,1
"DENND4B",1.69849878527593,0.0670642352936761,2.16239921053244,0.339188389314258,0.0153408054833823,6.55872998931026,5.42679234882826e-11,4.52409771640936e-09,0.930315509580805,1
"CDC20",1.31949772169678,0.246053661804343,7.94885991126687,0.0187900095814618,0.550999641227397,2.66007406137864,0.00781234707494805,0.0464501566394198,1.15873387202961,1
"ATP6V1C1",1.12246876031777,0.0573758798984981,0.734004143014201,0.692808209885779,0,4.68607875877117,2.78489132399251e-06,6.19662081459699e-05,0.729979676566671,1
"MAP7",-1.89220396016227,0.177723969427217,5.36325578175392,0.0684516316190216,0.333796996831016,-4.48843504692683,7.17482926981816e-06,0.00013900831924095,-2.056221196555,1
"UNC13B",-1.36807537180601,0.164092070111058,5.33417253037573,0.0694543021852949,0.307119524299509,-3.37727346504272,0.00073208227500543,0.00708132105622834,-0.535429220248179,1
"SIRPA",1.1428267023665,0.144412211126483,4.81935108989836,0.0898444403262002,0.253216013976687,3.00731153709595,0.00263569497563787,0.020121092966828,0.544260480990012,1
"E2F1",1.20554625396112,0.0641993951798872,2.19062651993538,0.334434825494918,0.0170026441957328,4.75793395815149,1.95584461426535e-06,4.60086533152796e-05,0.721759379984113,1
"NAGA",1.03848273857174,0.0566294163041616,1.37970564475682,0.501649895271597,0,4.36393466168361,1.27743745483855e-05,0.000225087932076214,0.48887010276638,1
"GYPC",1.63816891104491,0.223960108850009,7.00266010971915,0.0301572459441922,0.479044787612861,3.46157180441518,0.000537030841075703,0.00540721632184254,1.14206064262975,1
"ADAM12",1.08786944067043,0.0568256811048536,1.03293367607569,0.596624800499511,0,4.56356722326325,5.02916964983946e-06,0.000102782669379713,0.791647076662124,1
"UBE2C",1.68217146307967,0.173814237463981,5.40837978838352,0.0669245178328084,0.328096070080264,4.03485179738805,5.46367724520991e-05,0.000788935632339889,1.08714376053876,1
"PTPN9",1.37851293464332,0.0589594310613986,0.434307448534758,0.804806241545402,0,5.6772001219584,1.36917259752067e-08,5.85332508166297e-07,0.655620662010265,1
"ATP5MF",1.81002454508097,0.24736216460461,7.52854977130802,0.0231844174954304,0.543713307897928,3.63929975230289,0.000273380429391956,0.00305188991339188,1.00747553242309,1
"KIF13B",-1.48483430293599,0.0718506363381397,2.36150345874108,0.307047834947785,0.0335124272820067,-5.53939943984224,3.03510665489171e-08,1.21023717654841e-06,-0.748718808092732,1
"RFX5",1.16211335975538,0.0571739336256862,0.868961224225036,0.647600935825508,0,4.86014758411042,1.17298276092193e-06,2.94692142960713e-05,0.518612036206001,1
"GSTA4",-1.58645168609065,0.0602865302411562,0.628302590595306,0.730408512426084,0,-6.46125239422393,1.03840047671611e-10,8.05934750946506e-09,-1.01192207643856,1
"HLTF",1.39466536695777,0.0587212381835794,0.444601946507808,0.800674346503134,0,5.75535894098625,8.64578897363799e-09,3.95552429569354e-07,0.921320161518339,1
"BAG5",-1.65392761280422,0.0631808480966985,2.05479499782286,0.35793728162835,0.00518828242605197,-6.57996785990408,4.70550265418979e-11,4.03651638868294e-09,-0.53923503700378,1
"ARNT2",2.60599541252148,0.4078413692299,10.699606719424,0.00474908476899686,0.989893163148818,4.08063742933237,4.49123654102657e-05,0.000666984433467488,2.89658270136266,1
"MEF2D",1.18134739582271,0.166390908188407,5.51978967349137,0.0632984246779668,0.317848364189218,2.89609518898021,0.00377837771477862,0.02687739608456,0.643733383843913,1
"INPP5A",-1.54795996186082,0.111652457914217,3.68741292549172,0.158229864793375,0.15333729558379,-4.63260828347417,3.6108736189977e-06,7.68061682187782e-05,-0.798415910480196,1
"IMPA1",1.63327635923546,0.223108509632379,6.94693190784562,0.0310093671527332,0.4755267942996,3.45781384106609,0.000544577540575908,0.00547052893033071,0.958443068793997,1
"SLPI",-1.51367941757288,0.169140064839423,5.38232300400584,0.0678021412956416,0.318336290996536,-3.68053251879403,0.000232747373111408,0.0026832829336867,-2.24370723424071,1
"NAA10",1.03493433912777,0.0666060615415386,2.3024116121661,0.31625519693384,0.0265790298362676,4.01010662190482,6.06913356269168e-05,0.000858301871192373,0.419365105864816,1
"ARHGEF1",1.4701885427721,0.269354051526502,8.54772932161518,0.0139278525827703,0.617679776599563,2.83276976056294,0.00461466107445063,0.0313123006661118,0.56047384835471,1
"SV2A",1.37105711212245,0.156206780937723,5.07723341549254,0.0789755705607172,0.283701360762163,3.46901042197249,0.000522379189335176,0.00528007926336539,1.81388920740524,1
"ANXA8L1",-2.27969918384593,0.207402064669903,5.85781537002931,0.05345539639713,0.408723116270698,-5.00577132340281,5.56387793837487e-07,1.53574390636912e-05,-3.25835627790142,1
"CTNNBIP1",-2.39556559786662,0.0680970524681156,0.669415003392054,0.715547352133036,0,-9.18002598593341,0,0,-1.94261708494056,1
"FBLN5",-1.31630422155448,0.184435977723435,6.02388793835118,0.0491959503330415,0.369005925314058,-3.06502098967669,0.00217654721406224,0.0172837997102056,-1.58031587637712,1
"MAD2L1BP",1.65664395151633,0.356716339361073,10.8941555664063,0.00430887778619211,0.871057004024069,2.773752316223,0.00554138500188572,0.0359473229052676,0.994771264549077,1
"TRAPPC12",-1.3269317220117,0.0674895015619372,2.27838458525859,0.320077446349167,0.0250096659788705,-5.10775980588821,3.26000685335615e-07,9.70484688605269e-06,-0.664599214940184,1
"IMPA2",-2.01954738369679,0.0638929812197635,0.57227509034524,0.751159290506813,0,-7.9896447796885,1.33226762955019e-15,3.27762973994432e-13,-2.4233128476483,1
"BCL6",-2.09553165976498,0.307859135059885,8.91261150931934,0.0116051564897925,0.714180265726993,-3.77674970709473,0.000158888257082879,0.00195263334976782,-1.46599138212664,1
"SPAG5",1.47245951820224,0.278627214088733,8.82372427149575,0.0121325647990915,0.644542291551439,2.78953360361213,0.0052784018529608,0.0346163064159717,0.955525100374265,1
"RGP1",-1.30106222971207,0.15241797250847,5.02980296215842,0.080870879125986,0.275171107252695,-3.33257536183905,0.000860461629260456,0.00808916628819986,-0.840491153717703,1
"TFAM",1.16855975105962,0.167394374699528,5.55644045771223,0.0621490200370481,0.320948839078671,2.85614659301642,0.00428817095633693,0.0296623135807307,0.476966345563184,1
"GATM",-1.91751440466706,0.20748672494022,6.35191072048581,0.041754194726432,0.425971270633606,-4.20962565301972,2.55794153001254e-05,0.000408737740316587,-1.59861892601964,1
"GALT",-1.09170005240366,0.0574627672791031,1.22380967735282,0.542316858448593,0,-4.55417864741458,5.25906501169793e-06,0.000106811446553784,-0.666884196524151,1
"DOCK1",-1.22738648300598,0.105943660704988,3.61559079839188,0.164015326837918,0.142101146186941,-3.77088986731522,0.000162666455324478,0.00198596246346056,-0.495948530920603,1
"ST3GAL5",1.90025917476071,0.186168912793476,5.60540489037762,0.0606459486184791,0.358557650388721,4.40412114608428,1.06213579622594e-05,0.000193154653375035,1.39643682249592,1
"UPP1",2.17767070707189,0.066367475130681,1.90668609655101,0.385450288240143,0,8.45307186824241,0,0,2.28292280268061,1
"NOTCH3",-1.55443203656349,0.16967277573885,5.42063783471443,0.0665155903557742,0.320827744430333,-3.77368509125902,0.000160853779614278,0.0019728541319472,-1.138770271738,1
"FCGBP",-2.25915243803044,0.426458603564676,11.8904921976394,0.00261825791888641,1.06018949209724,-3.45945030239884,0.000541279154000485,0.00544578617979346,-2.98006727199304,1
"PDLIM5",-1.94667446279695,0.28393468427049,8.3889805944563,0.0150784260192947,0.646693193140845,-3.65328966271076,0.000258901882498774,0.00291773694546372,-0.726834445758379,1
"CSTPP1",-1.39353979325298,0.0586927520817484,0.347850451567293,0.840359732549644,0,-5.75210940573161,8.81367290261892e-09,4.01823360060308e-07,-0.533589598308598,1
"LAD1",-1.51396225703676,0.0595313581513333,1.01984606722306,0.60054179856692,0,-6.20500524632749,5.46950706947769e-10,3.37994799426159e-08,-2.01886691619223,1
"AP1S2",2.8455052490356,1.14852580506852,27.7199714170449,9.56499368273731e-07,3.17395684994451,2.65514970201268,0.0079273219680327,0.0469837959732629,2.09952904208665,1
"BAMBI",1.80110584497041,0.250542317300043,7.5914439080661,0.0224666800500401,0.552091784050706,3.59831095167262,0.00032029054041538,0.00348022363039678,2.05832611617024,1
"CAV2",-1.13470243080704,0.172639153415292,5.7524228192645,0.056347837827975,0.337139956077624,-2.73094111805815,0.00631537538643223,0.0395135219115594,-0.756180646779705,1
"IDE",-2.55923838677333,0.0698559356919551,2.00960114510014,0.366117641431615,0.0010135056287985,-9.68298109908848,0,0,-1.26375922281772,1
"PTPRM",1.24584391990955,0.114234017126922,3.83040391800941,0.147312078580947,0.163859119090567,3.68608980965951,0.000227726015858742,0.00262771639007269,0.802266533825681,1
"ETV5",2.82618626003521,0.847182791216266,20.9254790672554,2.8581824943703e-05,2.28415882438743,3.07052203229421,0.00213684920045942,0.017030792619065,2.37466180797747,1
"MAD2L1",1.4105450087089,0.0591663795801922,0.903446398975264,0.636530337265823,0,5.7989511567787,6.67309629776014e-09,3.09645916820265e-07,1.08672491182564,1
"PCF11",-1.335119872926,0.17245679101639,5.606789885071,0.0606039659980775,0.332268623997233,-3.21499357952318,0.00130447439854442,0.0113250393613682,-0.61408160043642,1
"DGKA",-1.10308628978325,0.156438561357063,5.3654145347664,0.0683777863966069,0.293665259259524,-2.78892978250577,0.00528825292222557,0.0346326116790051,-0.665166187246931,1
"KIF3C",1.5478906038604,0.0959629892729369,3.09584411218094,0.212689471756373,0.102363771420755,4.99675873115467,5.83019361677373e-07,1.60041883303395e-05,0.585418764706888,1
"PPL",-1.93628819662986,0.242383292909326,7.23161746497047,0.0268951654255136,0.524725081164458,-3.9329521027362,8.39089621784694e-05,0.00113377094077209,-4.18921531460346,1
"DDB2",-1.47194125023268,0.0771661438876671,2.58913238968907,0.274016708412787,0.052974708626166,-5.29879450284703,1.16569738972672e-07,3.92752668337123e-06,-0.867204575569139,1
"AP3M2",1.51758211406612,0.100607552120523,3.24545168034561,0.197359993405853,0.116291795764689,4.78450384835733,1.71410213622991e-06,4.12171608632695e-05,0.93304718586218,1
"LZTR1",1.01821858290885,0.056643193016653,0.0807999731800186,0.960405213108595,0,4.27825981534967,1.88360088309025e-05,0.000314069973332657,0.37386134393182,1
"ASF1A",-1.22866857059982,0.186490957194697,6.12491833724676,0.0467725321318448,0.376020121508525,-2.84515453485469,0.00443898815670529,0.0304309045528922,-0.6727552104313,1
"HEBP2",-2.34058385237379,0.143638504041473,4.05519134596318,0.131651674606317,0.218637764765003,-6.17573664395553,6.58556764676632e-10,3.97542669195306e-08,-1.54552767795775,1
"MTHFS",1.82761534974485,0.105667521997453,3.27941243907868,0.194037038208809,0.124102756126198,5.62230026013266,1.88431379388732e-08,7.87247347859765e-07,1.15861143367158,1
"TMEM11",-1.38060599472909,0.0770201597017513,2.55356803703589,0.27893290261085,0.0505773130925071,-4.97470746531604,6.53462459698773e-07,1.77141310021046e-05,-0.523730853670199,1
"SCNN1A",-2.47111631547082,0.298897641052762,8.10240257866881,0.0174014578927069,0.672620406439129,-4.51993244996305,6.18593659162947e-06,0.000123517111543583,-2.12290866643421,1
"SPR",1.76016233039366,0.28076986941947,8.5378997563809,0.0139964734407096,0.643245682252269,3.32183053048792,0.000894289920805091,0.00833498661713909,0.75747788543476,1
"EPN2",-2.32420417097282,0.0775698968532634,2.29200839564897,0.317904518421391,0.0299296128041288,-8.34502552220293,0,0,-1.20245628461091,1
"PPP6C",-1.384515070438,0.178073821297632,5.76008172400799,0.0561324691020942,0.347998646478968,-3.28093516427475,0.00103463524631486,0.00938405753224999,-0.37273050709026,1
"ALG8",1.13450006862135,0.05742031887534,1.25377260075374,0.534252716350817,0,4.73447389755374,2.1962403240483e-06,5.05950134015297e-05,0.56999525142242,1
"IPO13",1.33153308777132,0.191024983428993,6.24012711287404,0.0441543620365821,0.388787163692009,3.04653995008911,0.00231491714499232,0.0181069014118506,0.429322227225303,1
"PTTG1",1.92031728719275,0.435073504791,12.70921209006,0.00173872004106812,1.09600374474765,2.91133159397647,0.00359891854628924,0.0258328182049485,1.20972865404098,1
"CUL7",1.89974654389152,0.23955792969917,7.25258734353136,0.0266146444417241,0.519539548491903,3.8814177492429,0.000103849275705281,0.00135680431455026,0.888633755960784,1
"AOC1",-1.33447362777387,0.23517613074419,7.59038498002991,0.0224785784983548,0.518307845561582,-2.75177787918607,0.0059272708918443,0.0375903137931702,-1.21676090661695,1
"TRIM38",1.09041111236509,0.0569851697374813,0.0376948578291357,0.981329073263603,0,4.56782382754738,4.92813958952176e-06,0.000101034610232349,0.475732980073572,1
"ADIRF",-2.37161334056947,0.683817326790741,18.2788164371112,0.000107350838952532,1.81797147745972,-2.86796491538075,0.00413121342352474,0.0288724052706245,-4.17978774517223,1
"TAF6",1.18724945575657,0.117386741468819,3.91670467804588,0.141090699149825,0.17246988446406,3.4652331112814,0.000529772059947309,0.00534238042509896,0.483342763828427,1
"ZNF185",-1.90395579585479,0.0631941638140598,0.834568771628784,0.658833530389829,0,-7.57387922263435,3.61932706027801e-14,6.83947906361811e-12,-1.83845163592206,1
"ARL4D",-1.64348767523097,0.210077829130512,6.59670144256435,0.0369440482151961,0.437550703630928,-3.58571973213804,0.000336149825693299,0.00363739218026135,-0.952657021986312,1
"INPP5F",1.16328043824721,0.0999467914868031,3.36506584876103,0.185902502207458,0.121941519754362,3.67959480147584,0.000233604836644918,0.0026907892800469,1.05844555648461,1
"GPRC5B",1.15085970759492,0.0950039746141493,3.21143481966165,0.200745486452873,0.107849265739259,3.73380383905654,0.000188609413038776,0.00225200822582726,0.974724847008285,1
"FGFR2",-3.79255716595355,0.490320558499405,10.4671041027796,0.00533454303861521,1.18296264822058,-5.41616746702254,6.08900738718887e-08,2.21154783625503e-06,-2.27624308181201,1
"COBLL1",-1.79205438777296,0.244615648357278,7.43083178349305,0.02434531399412,0.534734282122186,-3.62333983065286,0.00029082332136543,0.00320274095209784,-0.873881647173574,1
"TMED1",1.24165919665544,0.201165043850395,6.60437739412358,0.0368025295991702,0.419971651749665,2.76838285847401,0.00563352333681899,0.0363682482923424,0.859397655362698,1
"E2F3",2.73729558015165,0.40168413170096,10.2940277823417,0.00581674826245583,0.965985243777495,4.31896175580187,1.56764942074172e-05,0.000267546869071352,1.31289046345907,1
"GSDME",1.15434229219258,0.1041812691932,3.49904243172085,0.17385716357909,0.134202358991436,3.57634811372484,0.000348427604411228,0.00374847156263861,1.0984491392604,1
"TTLL4",1.39962305880654,0.077957498364664,2.63104383641807,0.268334238160936,0.0563729037422907,5.01282036315706,5.36379676230325e-07,1.48805416986536e-05,0.784448783786324,1
"LLGL2",-1.05100559644992,0.0648675644670944,2.27395629948552,0.320786928707952,0.0237471812342369,-4.12658915546198,3.68183303989245e-05,0.000556285295563819,-0.610059888204681,1
"DPP4",-1.34143373245481,0.216019574685665,7.02353305318726,0.0298441473634474,0.462705099097172,-2.88617506183218,0.00389955185436586,0.0275521530464905,-1.24968458151139,1
"LAMA3",-2.2555816447167,0.549087004152428,15.101057456953,0.000525832031235158,1.42280362674397,-3.04395318829206,0.00233491469410163,0.0182414336107796,-2.97136518997377,1
"SKIC2",1.26974671244223,0.0810956231046716,2.72588524696953,0.255906631051577,0.0651968234678361,4.45880407642144,8.2418212825619e-06,0.000155521139946924,0.509707103933224,1
"ZKSCAN5",1.67853266282446,0.125942712778754,3.95005845851937,0.1387572564118,0.186720205018856,4.72980542234948,2.24735124865205e-06,5.1590163611222e-05,0.72269397792511,1
"FOXJ2",-1.19563702543817,0.0577573076393796,1.70972337937617,0.425342016201052,0,-4.97503207694742,6.52368363107669e-07,1.77141310021046e-05,-0.380250736565857,1
"PPFIBP1",1.24293968758941,0.149259360686617,4.9273676187665,0.0851208038775487,0.265762371069711,3.21720894031457,0.00129444292549352,0.0112747102909219,0.509866662271803,1
"AQP3",-1.90706765072113,0.178749299410134,5.37597204342529,0.0680177878684759,0.336147808060793,-4.51069980703541,6.46141067250916e-06,0.000127266365194633,-3.46007832102513,1
"CEACAM6",-2.91104523721035,1.19164114765293,28.4138624921461,6.76095670794594e-07,3.29823180155469,-2.66671257473674,0.00765971486377426,0.045709392269452,-2.07939268087184,1
"ST3GAL4",1.57708475367335,0.283581624978075,8.85298043108429,0.0119563804342353,0.657010655025361,2.96152900105324,0.00306115663198425,0.0227173712717374,1.26636243161297,1
"DLGAP5",1.54175690433462,0.0605033508204511,1.4525579081821,0.483705536008242,0,6.2679595943423,3.65809604829792e-10,2.38489571868783e-08,1.26336454795971,1
"SLC25A13",1.44988126373063,0.244949776194166,7.78036331097725,0.0204416323659277,0.544617809215402,2.92950277799736,0.00339504778341504,0.0246647614530337,1.03137908813772,1
"RPS6KB2",-1.21336661885698,0.185692109572846,6.26013639407877,0.0437148159300697,0.377623585595607,-2.81575794222136,0.00486623155642252,0.0326225158170659,-0.792012827583642,1
"MPZL2",-1.15170191432347,0.168471661923914,5.59929057918909,0.0608316364131849,0.324280315141904,-2.80592887748945,0.0050171764991993,0.0333471067098788,-1.37018354130666,1
"SSBP2",-1.15351678388327,0.057273478181239,0.429301900645511,0.806823012345183,0,-4.8200011160737,1.43557418263995e-06,3.52894093180487e-05,-0.830975838662545,1
"CDC42BPA",1.14809553215723,0.061391600622353,2.12831842034742,0.34501782032331,0.0112385006126701,4.63365343621055,3.59268252037026e-06,7.65440970312219e-05,0.455924945078835,1
"NSUN5",1.43322541651361,0.0597931986330727,2.00854486899636,0.366311053159074,0.000775550196309803,5.86122789629608,4.59456894752464e-09,2.2607013021424e-07,0.723799139397926,1
"FANCA",1.19316336250473,0.0578702755585977,0.613492879730749,0.735837156223153,0,4.95989102042501,7.0532737517226e-07,1.89233819853315e-05,0.545028928896396,1
"SLIT3",-2.2739779996475,0.6669818443944,18.4116078637252,0.000100454674533513,1.77863387909126,-2.78438478844575,0.00536293698777257,0.0350337351621075,-1.50849677121576,1
"DGUOK",1.58888370052894,0.0605702393572466,1.04849227025388,0.592001485312807,0,6.45598429051108,1.07517772462984e-10,8.2954096754133e-09,0.565131433887059,1
"IGF2BP3",1.07530374185498,0.056818100604763,0.696026273957827,0.706089600269266,0,4.51115553973705,6.4475419474519e-06,0.000127185324436952,1.2184605216329,1
"WDR47",-2.21020397384311,0.213422901114729,6.0972652276537,0.0474237266242704,0.429062519029992,-4.78422775106843,1.71645972457668e-06,4.12171608632695e-05,-1.22818393272119,1
"PALM",-1.01255096115862,0.0585513968721025,2.07036400948013,0.355161733923036,0.00605398302035226,-4.18454516764888,2.85737631409155e-05,0.00045051184715163,-0.699109539641545,1
"MMP11",1.77713957642996,0.171702765774934,5.27590437776151,0.0715075536876818,0.319369243916264,4.28877135166431,1.79664208215247e-05,0.000300724211927933,1.31989796541257,1
"PIK3CD",1.32638471213095,0.0589292153472332,1.34802777824854,0.509658752928333,0,5.46391806704243,4.65738565491591e-08,1.77566232615347e-06,1.02653764135523,1
"RAB21",-1.47003288249583,0.239078128655321,7.57989817566504,0.0225967522714725,0.526700328148301,-3.00647173678742,0.00264298622098647,0.0201214615320198,-0.603796488254252,1
"THBD",-1.10727698915679,0.0777553578309448,2.70151591099171,0.259043842513093,0.0609123141251394,-3.97091977057992,7.15956884853597e-05,0.000986824716871675,-1.1305987454704,1
"CXADR",-2.41926363628228,0.125031873535597,3.53390576820446,0.170852804751056,0.163202010864571,-6.84183865202074,7.81841258401528e-12,8.15554253463802e-10,-3.34031061985183,1
"PCDH1",-1.17006255243803,0.0572044534737222,1.21566116930271,0.54453090231788,0,-4.89208686324709,9.97723903717329e-07,2.57610336248916e-05,-0.688678161257696,1
"NFKBIE",2.4418864481771,0.0683144952036232,1.00643256067242,0.604583020833743,0,9.34262748810779,0,0,1.18762668692442,1
"MMP9",1.3476670534835,0.10092923715511,3.39321006206996,0.183304782927905,0.124546520362505,4.24203371484605,2.21503406190315e-05,0.000361474707548876,1.73224293873148,1
"NEBL",-3.26610593435132,0.311612273388612,7.3783285052166,0.0249928810514219,0.678364495598323,-5.85090422844702,4.88907692108853e-09,2.36106199903975e-07,-1.9653997749481,1
"CA12",-2.2657990255292,0.135943059147109,3.9056058555523,0.141875845998937,0.199247454598536,-6.14529684871433,7.98141108759864e-10,4.75203740507757e-08,-2.46313736923206,1
"PEX3",-1.55877020219317,0.347611626913713,10.8257286198669,0.00445885037364604,0.847637490800782,-2.64383865472596,0.00819717195480374,0.0483051558722363,-0.646558186782052,1
"PUDP",1.14537015903971,0.177877089728189,5.90043255228456,0.0523283873427581,0.352120224100362,2.71572541335752,0.00661307408096512,0.0408275913549736,0.60881571771823,1
"CYP27A1",1.31317362715203,0.0759221705554877,2.54093470389566,0.280700405237471,0.0489308033037178,4.765822290642,1.88084983232528e-06,4.45898199339806e-05,1.00914303647936,1
"PTPN3",-2.22858540036412,0.285597878452245,8.54292783111547,0.0139613299779688,0.655641807108661,-4.17015111198856,3.04397732369122e-05,0.000473068180257566,-1.68570653164754,1
"PAWR",-1.4314995996502,0.0590844862250511,0.626348852468964,0.731122374523481,0,-5.88917553396477,3.88127019412821e-09,1.9389993126911e-07,-0.885284420934892,1
"DUSP4",2.5560647671033,0.569644905397462,15.0322105731118,0.000544248133929807,1.47521337101885,3.38664554947289,0.000707527346179626,0.00689495445951879,2.98407556614566,1
"KDELR3",1.32712997254299,0.0855661047554787,2.86554276714383,0.238646623593737,0.078109059512595,4.53693520250139,5.7077634223468e-06,0.000114674156030786,0.892025524778093,1
"HBA1",-1.08687694365889,0.166065600531468,5.62040522982643,0.0601927951987734,0.320497251863177,-2.66710759323898,0.00765071745525159,0.0456975285840703,-1.48330753270328,1
"SH3YL1",-2.48947561913694,0.598892642540023,15.8047294584252,0.000369867868150582,1.56126511261885,-3.21686909549852,0.00129597715416563,0.0112805381262788,-1.59349870606353,1
"ZWINT",1.32937676827709,0.0981451046301584,3.23998028890127,0.197900649493624,0.113121417809778,4.24339796481964,2.2016049968876e-05,0.000360184787382903,0.938275677657378,1
"TRIP13",1.4906469489548,0.175087622693969,5.5892230325186,0.0611386210798954,0.336642333328363,3.56243601339597,0.000367429480990333,0.00393108926812438,1.24254647409039,1
"CEBPA",-1.55906918827138,0.0596829224567843,0.66460488830675,0.717270355820385,0,-6.3817582473498,1.75066183771833e-10,1.22068875411814e-08,-2.08626025658055,1
"RNF144A",1.1081766802921,0.0568989999218152,1.76017870402472,0.414745851649449,0,4.64575914388598,3.38828139523351e-06,7.30244646486772e-05,0.879990860630135,1
"ME1",-1.8686642211382,0.0631949304141631,1.54868990546761,0.461005662613804,0,-7.43344530678474,1.0591527654924e-13,1.84137238790072e-11,-1.74438075072303,1
"CHST10",1.31274609482767,0.213119247931201,7.17807508034906,0.0276249054941993,0.460123759876156,2.84360584047403,0.00446061915841134,0.0305152220391004,0.552459641980249,1
"FRY",-1.96331198726033,0.491112852116197,14.1858968370958,0.00083094378023193,1.26105786968667,-2.80155187490292,0.00508574638828208,0.0336956540430945,-1.219760104495,1
"ENTPD4",1.24649102123204,0.0580306066021135,0.26082366345611,0.877733877816478,0,5.17440716222104,2.28635756327478e-07,7.11499194929351e-06,0.645818588014477,1
"SLC5A6",1.01624102148205,0.0778387510603838,2.72372753530693,0.256182866395017,0.0623411802694444,3.64249355605793,0.00027000973923319,0.00302299569824925,0.511394626841402,1
"WHR1",-1.50839624083125,0.118661751870111,3.83050100399127,0.147304927785614,0.170285707712812,-4.37884995028412,1.19307239050404e-05,0.000212681573843421,-0.485933954639059,1
"AURKA",1.66620816176998,0.309986259617837,9.50268873501205,0.00864007195992334,0.732041902895114,2.99266452522872,0.00276553559436521,0.0209039020661639,1.04512736024707,1
"CDC45",1.51392155274241,0.127628321971542,4.09022373499714,0.129365717348677,0.195762180654467,4.23769642638675,2.2582482506639e-05,0.000367606728344651,1.78489538732457,1
"FOXO3",-1.14529204788137,0.057471390292926,0.302639356449581,0.859572868004336,0,-4.77738667219105,1.77588077088231e-06,4.24875401312559e-05,-0.604229551154815,1
"COL7A1",-1.83467097966736,0.0795861843765241,2.4869537468336,0.288379812751131,0.0473402866847324,-6.50338327250273,7.85334020036998e-11,6.2821903602837e-09,-2.01207599953339,1
"AKR1C1",-2.63586437587153,0.919066335049394,23.2061725050317,9.13784248332194e-06,2.50417047709983,-2.74947408979233,0.00596909818424751,0.0378004231298705,-2.44141519075064,1
"SIK3",-1.3845937561566,0.118997546313045,3.9018799617244,0.142140399516471,0.174130776741357,-4.0137781605211,5.97545095719632e-05,0.000848735348920292,-0.41584776536488,1
"NDC80",1.18833467718176,0.0798695611522079,2.69857383549654,0.259425186200422,0.0625021440542704,4.20482689606662,2.61282052060885e-05,0.000416486146310743,1.49568231745257,1
"MGST2",-1.91041352900681,0.484499677886277,14.1115896792836,0.000862396997273068,1.24316976336598,-2.74460998308538,0.00605828502354955,0.03825374257727,-1.43243410373448,1
"CKS2",1.6833304885122,0.162120994518775,5.05085733135015,0.0800240018905015,0.293416549123605,4.18070727184936,2.90603777870491e-05,0.000456528031283533,1.67326907983208,1
"ZNF593",1.06489595522268,0.0568424525104515,0.265193443752885,0.875818219227792,0,4.4665353307667,7.94965386341495e-06,0.000150881421724989,0.553540905512626,1
"PTPN13",-1.95074517409356,0.219689813471652,6.58962270535125,0.0370750384943442,0.458131587815663,-4.16193775906587,3.15558370187485e-05,0.000486355270552556,-1.65682632547863,1
"CEBPG",-1.51906682413849,0.253388087427807,8.0266567132151,0.0180731411600989,0.568900666111496,-3.01775363882993,0.00254655836044648,0.0195781689043996,-0.871786180539468,1
"SLC31A2",-1.77888138242562,0.2269889989451,6.9357856233907,0.0311826692362766,0.483484014882923,-3.73374440723156,0.000188653947316819,0.00225200822582726,-1.43717930418103,1
"EIF2AK2",1.16319304016752,0.0572041523287099,0.40360565832644,0.817256051116781,0,4.86337790889965,1.15399217759382e-06,2.91042630631447e-05,0.662374323024397,1
"RAB32",1.1730625225561,0.152493730317742,5.0642323745912,0.0794906251198876,0.276482099194082,3.00396705827459,0.00266484176456649,0.0202605666286779,0.69317267440949,1
"CHKA",1.3345577081179,0.137010641419169,4.48988008652495,0.105933891633679,0.227846796795773,3.60545606938606,0.000311605202813814,0.00339811352303016,0.738502339831226,1
"ACOX3",-1.27195329962296,0.0580699916369022,0.396175624133214,0.820297817928472,0,-5.27831475678078,1.30377375562318e-07,4.37015578395133e-06,-0.538429480498148,1
"DBF4",1.61310383578832,0.0660355304251621,2.15363423358425,0.340678140545404,0.0143486772520731,6.2773087297773,3.44483552794372e-10,2.29169441065603e-08,1.4207701539253,1
"VDR",-1.66173685887796,0.168419444185821,5.32512507234951,0.0697692063607336,0.315162266066033,-4.04917118980365,5.13993378215005e-05,0.000750499401852794,-0.954645978467172,1
"ELOVL6",-1.22819463488338,0.0579609663659299,0.707777903629675,0.701952913624546,0,-5.10151757387445,3.36940727319046e-07,1.00076768644944e-05,-0.896478614722598,1
"GPSM3",1.21332192250938,0.0574676355561653,1.98029663536543,0.371521583715077,0,5.06132680411616,4.16348851617343e-07,1.20105590182268e-05,0.778849368243433,1
"PKMYT1",1.19137699071605,0.185684430472619,6.1266701844866,0.0467315809038792,0.374429298464825,2.76478562816138,0.00569602152192572,0.0366224973493045,0.73133042980996,1
"S100A2",-1.16133060308981,0.175701947228019,5.82083729770383,0.054452928440652,0.345356211937378,-2.77056014992606,0.00559599633626506,0.0362036480395108,-2.73925560922466,1
"EDNRB",2.13631490537539,0.29383287286247,8.45654516131188,0.0145775503538627,0.670944911513265,3.94107845069564,8.11160892308926e-05,0.00110174238279334,2.32144363222799,1
"ALDH6A1",-1.33734243780825,0.0590654022736563,1.87357938904336,0.391883885111314,0,-5.50270262161457,3.74012991688488e-08,1.45141529721018e-06,-0.488159837096299,1
"GOLIM4",1.16957566018614,0.184741725193754,6.10780493982088,0.0471744677660234,0.371999092993916,2.72110828245567,0.00650634452902144,0.0403873747135384,0.8180914591809,1
"RGS19",1.03948353542774,0.0567367933149306,0.790304370444946,0.673577522903153,0,4.36400482045863,1.27702760983617e-05,0.000225087932076214,0.460430176634158,1
"TMEM187",-1.02241182090343,0.0568993032593513,0.856341158872761,0.65170023865742,0,-4.28619956467671,1.81755723909216e-05,0.000303445951863286,-0.555527746556861,1
"TRIM16",-1.45093697916032,0.0608858419840839,2.06328613452667,0.356420855756126,0.00570461295039203,-5.88017689580886,4.09828260217182e-09,2.03959949808085e-07,-0.914145902385984,1
"LIMK1",1.07796640954834,0.105939917380725,3.61802273244993,0.163816010813644,0.142281062670766,3.31188625751289,0.000926692147250163,0.0085574638158604,0.588053812578932,1
"F3",-2.26922451416299,0.444555804560174,12.4120728928381,0.00201721698760392,1.11507278250002,-3.40341041824928,0.00066550232263074,0.00653425059095046,-2.99708141560423,1
"FGFR3",-2.68165353067092,0.156068177737366,4.15669448554745,0.125136862233702,0.243059426451816,-6.78805709520295,1.13653531030877e-11,1.1226730235694e-09,-4.42407300853747,1
"LRP3",-1.14219348865313,0.163267225909371,5.43950390196331,0.065891096621321,0.309143965931577,-2.82676804488549,0.00470203734981389,0.031700430303092,-1.07490981401628,1
"MAOA",-3.0076983841748,0.372915834135155,9.14231687756059,0.0103459676027986,0.86914381199023,-4.92525670011649,8.42496792330394e-07,2.21925569195879e-05,-2.84168330951234,1
"ACP3",-1.38589028860203,0.0594188277922701,1.66002436834723,0.436043973453694,0,-5.68547575149456,1.30448993829191e-08,5.59514615308822e-07,-1.76241842374331,1
"EFS",-2.11618126833105,0.26768297349337,7.76971145316298,0.0205507934807888,0.594745785664949,-4.09018066969388,4.31037293484593e-05,0.000641586218007489,-2.31362565309618,1
"IFI6",1.21051184278855,0.0645137695114498,2.20283196524651,0.33240007757472,0.018059644420037,4.76587704183954,1.88033909420682e-06,4.45898199339806e-05,1.59093480909326,1
"MKLN1",1.39147354268108,0.0888778187837861,2.92297296203022,0.231891316366901,0.0847311220628699,4.66743479263014,3.04983494947564e-06,6.70603674641026e-05,1.12311939682152,1
"SOX12",1.49464312742801,0.0826768830758229,2.73652411557512,0.254548966744505,0.0670607201535787,5.19810995518604,2.01325035753541e-07,6.3870490053295e-06,0.818151759901074,1
"PLEKHO2",2.17956829372775,0.532061908254358,14.8795729258449,0.000587410618101269,1.37639964501568,2.98806057716133,0.002807539014968,0.0211482237550627,0.968625611218937,1
"LTBP4",-1.32289792014796,0.121129871112651,4.05477701049957,0.131678951410472,0.184145685276488,-3.80102482549224,0.000144098862304487,0.0017911392426961,-0.797005381008998,1
"KIF11",1.06492084159948,0.0571171754424762,1.19474557354611,0.550255376960602,0,4.45588491411208,8.35478454153105e-06,0.000156520166145148,0.874777071893817,1
"LDOC1",-1.9828357355654,0.301347225113643,8.8584079703854,0.0119239775587384,0.697803038997164,-3.61204488972967,0.00030379196080399,0.00332931493533445,-1.51249171788688,1
"DST",-1.6438530893016,0.196454035580397,6.13122129891441,0.0466253614179302,0.396325750164618,-3.70879240463526,0.000208250075358851,0.0024374979646356,-0.838301944927527,1
"GAS1",-1.61326859223106,0.200299084417703,6.32094621711114,0.0424056738467941,0.410107769215834,-3.60468398305472,0.00031253298375411,0.00340444241868826,-1.21608939417256,1
"RAD1",1.04217783354227,0.128389848538335,4.34435180314849,0.113929447748207,0.207793116426132,2.90854969513762,0.00363109460916133,0.0260083892425694,0.359017016292227,1
"MMP1",1.25255741182121,0.0582552802501615,0.796540470053228,0.671480545578601,0,5.18955349660573,2.10798937638756e-07,6.63780169700861e-06,2.91413342499123,1
"PIK3C2B",-1.70399225093415,0.112124714006567,3.52243544727069,0.171835488232709,0.145752248113933,-5.0888182641264,3.60301693147491e-07,1.06049069457114e-05,-1.59944123844276,1
"BID",1.17491394426406,0.0688103969796828,2.3800138258527,0.304219161014781,0.0333443566948862,4.47897900271831,7.50009099670379e-06,0.000144238475672597,0.48793658838647,1
"EVPL",-2.31634739564104,0.0925996195824479,2.6701785431794,0.263134683955941,0.0705856392088643,-7.61200547992508,2.70894418008538e-14,5.27192883046766e-12,-3.66343256258308,1
"HSD3B1",-1.27991121712404,0.190647159996607,6.23779491232399,0.0442058804822955,0.387640417427942,-2.9313297466168,0.0033751431339164,0.024606222231548,-1.90853994770995,1
"PLLP",-3.27951096069585,0.529340608429571,12.3613504302769,0.00206903034227363,1.3233680996576,-4.5075596294912,6.55775042979201e-06,0.000128774861225991,-2.31699078107584,1
"BRD1",-1.47644354677733,0.241109107797369,7.68333781568747,0.0214577604211333,0.53400196431609,-3.00683805402308,0.00263980354743065,0.0201214615320198,-0.547051441685143,1
"FAM216A",1.1545860853075,0.0572804197847533,0.0164019535927977,0.991832559474463,0,4.82417688232674,1.4058261772476e-06,3.46513563802108e-05,0.776350088099599,1
"UGT1A9",-1.20188687436064,0.057471318847862,0.11410321511064,0.9445453224337,0,-5.01346526823458,5.34584205791333e-07,1.48623527917126e-05,-0.679444352392375,1
"GABRE",-1.58869217177903,0.0606001308140379,0.894596040218525,0.639353339727419,0,-6.45361383191107,1.09213971200006e-10,8.37671159104048e-09,-1.62613148114369,1
"CELSR1",-1.08393871922893,0.0846010897323953,2.91880577911311,0.232374986843851,0.0801780511687015,-3.72663408087921,0.000194053863195931,0.0023002439292834,-0.728841963155033,1
"KIAA0513",-1.33689367563904,0.0817868129657984,2.72696588888113,0.255768396684917,0.0658374217628521,-4.67471594238564,2.94360761832202e-06,6.50537283649166e-05,-1.40130158256639,1
"STAR",-1.141113604907,0.179002138824334,6.05058360806577,0.0485436539690735,0.357992707525834,-2.69711691773023,0.00699427083056592,0.0425961220736801,-1.24056694459437,1
"COX7A1",-1.18286247403783,0.0578656789858436,1.6001967535046,0.449284762767246,0,-4.91726628651939,8.77611362470887e-07,2.3024496087038e-05,-1.358534420554,1
"PPIP5K1",-1.08160189449619,0.0567843738740944,1.57927807199339,0.454008646486954,0,-4.53892512471175,5.65417072051488e-06,0.000113772734606163,-0.832865358733251,1
"NUAK1",-2.39583057103024,0.748934342088115,20.2975318752148,3.91243337654759e-05,2.02048119480316,-2.76843435202432,0.00563263319803542,0.0363682482923424,-1.69007635784458,1
"MIEF1",1.17898010173584,0.0796763245444688,2.69351548241201,0.260082148732744,0.0620368385550194,4.17678219975879,2.95661875859832e-05,0.00046155440628158,0.331278552834163,1
"SERPINB2",-1.74774629138269,0.170675650683417,5.48943215168634,0.0642665451790435,0.325005891762233,-4.23050882789391,2.33163292595595e-05,0.000378136339820145,-2.48041395110873,1
"UCHL3",-1.33772133374884,0.0583117759959406,0.0607715142278097,0.970071249476298,0,-5.53971623022323,3.02962159803855e-08,1.21023717654841e-06,-0.783238851063769,1
"PARVB",1.7394747000446,0.149371694140932,4.66325623511662,0.097137467059559,0.255777507358098,4.5007403930356,6.77171713570068e-06,0.000132180269060481,0.954542116237969,1
"COL17A1",-2.08315916410416,0.123102977306803,3.77185585618119,0.15168823832625,0.173489513001652,-5.9372888127906,2.89773938177973e-09,1.51134495196104e-07,-3.8216014656104,1
"NEK2",1.11683606412404,0.0576559396554469,1.29470689424606,0.523429228394861,0,4.65122557261222,3.29968157908311e-06,7.14693490193766e-05,0.911754646920805,1
"SRD5A1",-2.1643446047363,0.0654780566888561,1.07128757117773,0.58529236603813,0,-8.45821108061511,0,0,-1.60601369801413,1
"KCNK1",-1.3091329004439,0.0584016236570997,0.234148019148993,0.889519357778042,0,-5.41715518256007,6.05547807452922e-08,2.20551336910018e-06,-1.2782559593996,1
"CDC25A",1.05662161141296,0.0573311479033029,1.45878169354779,0.482202635934782,0,4.41290085754235,1.01994710359765e-05,0.000186001262710626,0.770064054113024,1
"ISG20",1.3170477371662,0.141604945254336,4.66670128442899,0.0969702894026633,0.242348643944185,3.49995375696827,0.000465338875589971,0.00478513690758489,1.62338893041744,1
"KIF23",2.05832547693176,0.36995995704542,10.6477232097255,0.0048738962771021,0.898072263534206,3.38404936249886,0.000714251606872995,0.00694491178375614,2.23562152289342,1
"WIF1",-1.86704282233875,0.165456827015233,5.19804316524015,0.0743462843367949,0.305153425205055,-4.58999204894742,4.43262894300744e-06,9.27065360836483e-05,-2.31926981124065,1
"CCDC6",-1.23235331198755,0.152905189453964,5.15279723004584,0.0760473873664386,0.279792470823894,-3.1515494362594,0.00162406667537929,0.0135484359438711,-0.57484286004652,1
"EPHB6",-2.61078131814673,0.0938449262580113,2.57504244067788,0.27595396508717,0.063904359255045,-8.52246247507275,0,0,-2.93059046896578,1
"CDH13",-1.00868578393241,0.0717057466423353,2.47565631601586,0.290013397727641,0.0417437147619806,-3.76685513863676,0.000165316859025433,0.00201266715670646,-1.25155305767535,1
"TGFBR3",-2.83638837951474,0.645433181080407,16.2321846242796,0.000298693584172845,1.6897799062047,-3.53053119587717,0.00041472610561355,0.0043426196912958,-1.60530754625425,1
"KRT15",-2.14315146779913,0.30592870168708,8.74260973988156,0.0126347431103337,0.705257874339803,-3.87474167805438,0.00010673786582438,0.00138759225571694,-6.03718766713904,1
"CSPG4",1.44650685067129,0.0595813521626786,1.15290644047175,0.561887728590935,0,5.92605007981193,3.10307979312086e-09,1.60559751676599e-07,1.79736359019342,1
"CNKSR1",-1.38833381087549,0.111969902166324,3.68824797879432,0.15816381339786,0.153928315240404,-4.14899824413344,3.33933372149708e-05,0.000509258156661994,-1.07928438783087,1
"HLF",-3.01789317562548,0.477978740289067,11.8551190770542,0.00266497783485344,1.18772978246256,-4.3651540287639,1.27033213699335e-05,0.000224442557374746,-2.3813021876662,1
"ARHGEF5",-1.9746868075092,0.0636331040976191,0.843217842093229,0.655990533326687,0,-7.82810550222125,4.88498130835069e-15,1.09819433240663e-12,-2.20450398377522,1
"FEN1",1.49177952796781,0.14458491107445,4.63437634694144,0.0985503027374605,0.246370025215324,3.92322446571419,8.73716774674183e-05,0.00117205689557373,0.766040710496635,1
"IL11RA",-1.5076098789214,0.10460228194993,3.38807297717848,0.183776214229832,0.128897621512457,-4.6614217163305,3.14032514303619e-06,6.88179824202503e-05,-1.48889702555822,1
"IFNAR2",1.7907265108305,0.319091337676845,10.0135503703791,0.0066924504581506,0.761577143242788,3.17009119485548,0.00152391101408522,0.0128860413181953,0.805790045418083,1
"EML1",-2.12164891145384,0.360047766185726,10.4235216596296,0.00545206507182423,0.870869334589518,-3.53584695197834,0.000406470105765777,0.00427338493679227,-1.23238780893301,1
"RRAD",-1.13670798913491,0.172962551725453,5.79309921297368,0.0552133997266358,0.339268484711921,-2.73320917833353,0.00627204851776186,0.0393179041457197,-0.967455042824377,1
"RXYLT1",1.23010365119257,0.182327294821297,5.98964264236459,0.0500455683707413,0.363662743341763,2.8808182747668,0.00396644259296242,0.0278505357940964,0.623843246115429,1
"MELK",1.49348735948308,0.204437897703865,6.48933438871398,0.0389815354737141,0.423332574208954,3.30309335303926,0.000956245483110019,0.00878062313681094,1.0198602845935,1
"SERPINB5",-2.01826395815539,0.219348099804219,6.45235661790502,0.0397089645707411,0.452848123509759,-4.30934263829638,1.63740517711286e-05,0.000277274364991878,-5.32909204733649,1
"MTERF1",1.31298246411514,0.0686694677868589,2.34174712261399,0.310095935102109,0.0303039918897985,5.01045406629634,5.43017587117944e-07,1.50327098055857e-05,0.832608028188295,1
"ALDH3B2",-1.7679432910459,0.0620761325689193,0.782900686019402,0.676075621541754,0,-7.09587578408663,1.28541621791101e-12,1.61159058320592e-10,-2.98184910779827,1
"PTPRG",1.28442457718355,0.0579449884234866,1.36330152917129,0.505781376868098,0,5.33581381193025,9.51169669693996e-08,3.28973509897613e-06,1.2868796915974,1
"LYPD3",-1.74506141782663,0.129973269017769,4.03747950690795,0.132822749059188,0.19692691692915,-4.84042723149198,1.29560291850517e-06,3.21166662630967e-05,-3.99323155238986,1
"CSTA",-1.36223918742596,0.140367944925637,4.57624321214515,0.10145685892525,0.236936193119509,-3.635962526924,0.000276944592184858,0.0030806278543813,-3.13628268161613,1
"GJB1",2.20773004239116,0.353212782703351,10.0117340368248,0.00669853108000585,0.845189145463332,3.71473434707903,0.000203417279589946,0.00239194505627746,2.56652802600374,1
"EMP2",-2.69833607308146,0.347161544983142,9.1085708181617,0.010522016483701,0.809780506658191,-4.57962832800604,4.65802923677039e-06,9.62054776604682e-05,-2.15845473303865,1
"AMMECR1",-1.36579322146208,0.0610648961809666,2.07130130839735,0.354995326565118,0.00638897362832812,-5.52699588724172,3.25760594055424e-08,1.28326053954341e-06,-0.765875548555373,1
"GIT2",1.24424904104395,0.0580895591481037,1.88931572546418,0.388812575419837,0,5.16247871929731,2.437010873102e-07,7.494383201504e-06,1.01039576089142,1
"ITGB4",-1.90193102459898,0.062864252676455,0.110090162586858,0.94644248014057,0,-7.58565146096497,3.30846461338297e-14,6.34398089616184e-12,-1.76962612852704,1
"PFN2",1.15040390078324,0.0895618143517409,3.02694107392198,0.220144630567218,0.0916401911675809,3.84404890426558,0.000121020872437372,0.00154856835692924,0.752900033200017,1
"CDK5R1",2.06543514416714,0.33661464583792,9.72510221007724,0.00773073679180233,0.799412222077553,3.55995951039627,0.000370911978272659,0.0039609510931181,1.6221337816949,1
"VWA5A",-1.97369229584382,0.479341657934942,14.1755746811075,0.000835243431764865,1.23340011038376,-2.85073507364506,0.00436182950773789,0.0300284556237563,-1.00344806930477,1
"VIPR1",-2.1743699364666,0.102387430613846,3.02922606925673,0.219893259463103,0.104892832361747,-6.79532312011812,1.08069109217013e-11,1.08393316544664e-09,-2.0286478717715,1
"FOXN3",-1.78085149101456,0.115005500031272,3.68903745674473,0.158101392297077,0.158018340840378,-5.25131897489949,1.51013902716102e-07,4.95205312831135e-06,-0.938872786803867,1
"ITGA2",-1.33449427039944,0.11149081573931,3.67857741888593,0.158930431627519,0.152860007194788,-3.99665965972101,6.42425587087381e-05,0.000900708304304554,-0.815579485606177,1
"CYP2J2",-1.34999693944785,0.0732712435867133,2.49341284620699,0.287449978098997,0.0437873408834382,-4.98730585189434,6.12270966593442e-07,1.67366900071528e-05,-0.967153770040701,1
"MTMR11",-1.63123677855118,0.160561026898,5.09040556015846,0.0784571408223101,0.292152986078565,-4.0709609463759,4.68195990375175e-05,0.000692155047449196,-0.752717684526135,1
"CRIP1",-1.79256542189914,0.31814213898108,9.58656647858234,0.00828521034898133,0.753098610561672,-3.17807700817377,0.00148255368171157,0.0125607650785167,-2.96917048423488,1
"POM121",1.56335474826691,0.326019219943301,10.1410906513278,0.00627899510983032,0.782861541933364,2.73801570608311,0.00618111238772534,0.0388818616611343,0.827160382714524,1
"CCR1",1.27447338388242,0.130340909068003,4.40492395894135,0.110530698793715,0.213156675492887,3.53012754773872,0.000415359374315472,0.00434312019382473,1.06992880506994,1
"EFNA4",-1.28918718897026,0.0839198018843586,2.86367967151468,0.238869037913104,0.0762079823253002,-4.45024331205069,8.57730571479642e-06,0.000160228494577694,-0.993876114449657,1
"ARHGEF4",-2.39251498451555,0.146807129963012,4.11884083135751,0.127527861628629,0.226708607134193,-6.24426164261861,4.2580672321435e-10,2.69519119611258e-08,-1.7358048901526,1
"TMEFF1",1.25029466300341,0.0577116159859869,0.257740075680044,0.879088206324038,0,5.2045209344714,1.94497698835505e-07,6.18550120760037e-06,0.922012412865111,1
"PTGS1",-2.10303364569657,0.175280792778513,5.27903969792226,0.0713955419714081,0.326390238334797,-5.02318364985703,5.08219049955017e-07,1.4250899338416e-05,-1.49573548294267,1
"NPM3",1.29664980037161,0.0624387623297638,2.12439052614935,0.345696082888538,0.0111141750853948,5.18914199222644,2.11265258398541e-07,6.63780169700861e-06,0.643687930697205,1
"MOK",1.81876069324741,0.113090179509998,3.51841404958999,0.172181345240249,0.146710216355541,5.40832912747565,6.36154400268651e-08,2.30411589586193e-06,1.65071536796133,1
"HSPE1",1.27466475755514,0.0856884115349543,2.86022272864977,0.239282273251091,0.0778105133954401,4.35446628560592,1.33391507102232e-05,0.000233461994779329,0.790043650164486,1
"UST",-1.51518762997511,0.0596965509367063,0.0816632229597894,0.959990767763139,0,-6.20142929053691,5.59526647236908e-10,3.42519622221692e-08,-0.825825248382343,1
"ANG",-1.57601565407228,0.0602361054149723,0.537433492671261,0.764359732682974,0,-6.42143490728957,1.34995792322457e-10,1.00011939550711e-08,-1.06757445645065,1
"SPTBN2",-1.52324013061457,0.133865682351813,4.42329294199004,0.109520178189943,0.219738554806047,-4.16326202277835,3.13732990702142e-05,0.000484687732910573,-1.65028597934119,1
"KRT17",-1.18091324787565,0.074591043515539,2.52982739236434,0.28226365552046,0.0473818111002902,-4.323890162234,1.53301643623927e-05,0.000263119093888991,-2.68450522711466,1
"RNASE4",-2.75574888105928,0.375442320642011,9.64212110725191,0.00805823641380227,0.888264608253664,-4.49746743000802,6.87676913813107e-06,0.000133905478122457,-2.04836157338036,1
"GCAT",1.19810534331671,0.0577317434651675,0.518635749120929,0.7715777191295,0,4.98640636755323,6.15126959147005e-07,1.67795824692841e-05,0.615360616849097,1
"CLTB",-1.68048630659246,0.0609420307421076,1.24291025894462,0.537162228035177,0,-6.80732549432593,9.94293536393798e-12,1.01285886101865e-09,-1.41234759294736,1
"SPINK5",-1.71476243293498,0.0619340434048881,1.58766426992843,0.452108928935392,0,-6.89031764354062,5.56688029007546e-12,5.99888860349537e-10,-3.55591865000303,1
"PSPH",1.01742886889404,0.147737201764377,4.98604773288283,0.0826596365825655,0.265126216077582,2.64703157516883,0.00812017706927604,0.0479307328231282,0.857519960291793,1
"CLEC3B",-2.16805879664728,0.279108968392731,8.17060442118525,0.0168180559532226,0.631463506917025,-4.10378084574373,4.06452508796562e-05,0.000609865852957235,-2.88765689249824,1
"ACVR1B",-2.53330578395249,0.509334775378101,13.448442014936,0.00120145614042722,1.29428888307832,-3.54965340793512,0.00038573864159952,0.00409580305196754,-0.786265714169997,1
"RIN1",-1.23211334222946,0.0658873631266944,2.23885634508093,0.326466423723832,0.021453593858587,-4.80009239426384,1.5859244635319e-06,3.85799796268515e-05,-0.514852621479396,1
"HCAR3",-1.20474422336708,0.0574763917562008,0.485621802857232,0.784419832417368,0,-5.02516243334692,5.0300661014191e-07,1.41505351965333e-05,-1.76354793278697,1
"SLC16A4",1.63993071886436,0.102345591095844,3.34748789477128,0.187543596227445,0.123787375063819,5.12614553267843,2.95734042587981e-07,8.92610227153861e-06,2.19471029507897,1
"GPSM2",-2.01478749758632,0.159792972960458,4.7508282020827,0.0929759797877673,0.277335848597219,-5.04023062453716,4.64971178004703e-07,1.32374654803566e-05,-1.40923312147418,1
"PBX1",-1.70796431284948,0.116906362909439,3.68670144317803,0.158286163681846,0.160684253617687,-4.99527862758474,5.87508820260041e-07,1.60935451835518e-05,-1.61819320914046,1
"NR3C2",-1.90091588674038,0.489800396576416,14.2841168440091,0.000791121956440597,1.25935990072764,-2.71614739691748,0.00660465062853022,0.0407949026742802,-1.80664426059324,1
"LCP2",1.90669249248466,0.0696810625896549,2.17548782231629,0.33697588429084,0.0172667756950616,7.22309412401324,5.08260100673397e-13,7.20348201378306e-11,1.68690815722817,1
"LRP8",1.68890989230075,0.387407185786011,11.7411588682424,0.00282123813867546,0.9613069678539,2.71345512413731,0.00665855861531184,0.0409753639020732,0.98566145198996,1
"TFAP2C",-1.88266480786983,0.328634076901922,9.75401199598166,0.00761979358684652,0.781218447366361,-3.28410252920536,0.0010230769553401,0.00929609785413207,-2.47820378115601,1
"BMP2",-1.59506682288543,0.0608369941494991,1.28528517790897,0.525900846401156,0,-6.46688306114118,1.00045083328837e-10,7.81130444026769e-09,-1.47236334868863,1
"BAIAP2",-1.43362397516669,0.0589327106701167,0.253238199789109,0.881069208044606,0,-5.90550506872488,3.51567974732347e-09,1.76992078090157e-07,-0.642696506855812,1
"PHYHIP",-2.24124009340763,0.14698972263653,4.33144389562488,0.114667121030152,0.23732407751903,-5.84581271739555,5.04100960974085e-09,2.39889504749675e-07,-2.42353271910426,1
"CLDN10",-2.62486472386444,0.706663374594745,18.1060744035736,0.000117035037546661,1.8750281813701,-3.12248697053989,0.00179330043090209,0.0147173678619002,-1.59148912552581,1
"MN1",-1.31454630955051,0.236668069976714,7.71695133580898,0.0211001386400232,0.525091521112645,-2.702128858452,0.0068897055209749,0.0421759954403717,-1.1616822137527,1
"S100A1",2.20367396180347,0.627870533433257,17.4105072982014,0.000165712922524098,1.66119129232227,2.7810723632294,0.00541796588551691,0.0352871414491783,2.74032199141579,1
"EHD2",-2.10429020238079,0.256447624063367,7.44075852307489,0.0242247785764659,0.560939038455316,-4.1553374034308,3.2480786432254e-05,0.000496502900691865,-1.64242676283289,1
"BARD1",-1.15458536028499,0.11572999255251,3.96983221750109,0.137392139631761,0.172255940867921,-3.39393158790077,0.000688969014755569,0.00673928505881311,-0.922831813857706,1
"GNA15",-1.22745085502422,0.0864725819814781,2.9087562310927,0.233545557100955,0.0814607657941943,-4.17411970323451,2.99140451025526e-05,0.000466008642881939,-1.40283428674677,1
"CRABP1",-1.10199353790939,0.0573644839887501,1.0385979105415,0.594937479593562,0,-4.60105582001032,4.2035474969726e-06,8.8403315827461e-05,-1.27772054008481,1
"USP13",1.39760961503847,0.187619713703824,6.04724515793398,0.0486247519196045,0.376014282547668,3.22661126199398,0.00125265519466411,0.0109915014019013,0.729881540076771,1
"BBOX1",-2.26918229118587,0.296997682333518,8.3720470372839,0.0152066337009613,0.675948607053566,-4.16382871154295,3.12954930064002e-05,0.000484059232871237,-3.61923677976595,1
"CTNNA2",1.2744753478113,0.0586198615210208,1.45137825635223,0.483990922224395,0,5.26391715054471,1.41018017263406e-07,4.67871228269096e-06,1.65358491805203,1
"INPP4B",1.49437682553838,0.312839099621379,9.83263372479291,0.0073260641191107,0.745878141264165,2.6717733300366,0.00754515961440672,0.0451290533083712,1.26316003580901,1
"PDZK1",-1.39081111774837,0.0590123030621505,0.63017850970885,0.729723739976142,0,-5.72528185228116,1.03262156603279e-08,4.61107965736353e-07,-1.48650463548049,1
"CFD",-2.21576258443964,0.702414713316581,19.3369430523846,6.32464520379094e-05,1.88231413785826,-2.64378676737667,0.00819842855627417,0.0483051558722363,-3.74643944639435,1
"AGPS",1.20949589665652,0.0579354931719248,0.537923680331262,0.764172415784638,0,5.02495347652831,5.03554592468092e-07,1.41505351965333e-05,0.643123489842444,1
"IL1R2",-1.54096436172583,0.159038356563914,5.0995083512392,0.0781008627377346,0.289711535843791,-3.86404037052163,0.000111526777022863,0.00144265639444555,-2.29427729116709,1
"HSD11B1",-1.81540281308361,0.138788877850828,4.29139929348331,0.116986159419503,0.222318422333977,-4.87299170252356,1.09920841384614e-06,2.8048098841761e-05,-1.68370109752633,1
"ACAT1",-1.23851719018614,0.0800049375403716,2.69189764506336,0.260292619154964,0.062147998711822,-4.37868439649988,1.19397892517359e-05,0.000212681573843421,-0.610666265445321,1
"MPPED2",1.18385885170115,0.0579748237155843,1.73386246561624,0.42023918873936,0,4.9167735582198,8.79822218191606e-07,2.30361483995991e-05,1.35246857406968,1
"SLC22A3",-1.05354034794482,0.057045505900246,0.555596025588613,0.757449801232646,0,-4.41103450131255,1.02877922627531e-05,0.000187349892896701,-1.649543356588,1
"H2AX",1.29531886441476,0.230155253862368,7.45855756824253,0.0240101460923557,0.504126564158462,2.70001541616176,0.00693362631113437,0.0423256336474162,0.613230400827193,1
"NPY1R",-2.66335099753605,0.734528969737267,18.762761996615,8.42787333418676e-05,1.9579320802267,-3.10759161170924,0.00188618515222494,0.0153328978802126,-3.66656063705744,1
"MFAP3L",-1.19845933924546,0.0892757495118342,3.00396877538421,0.222687822434805,0.090017154736515,-4.0110359233075,6.04529101901896e-05,0.000855858301813119,-0.765398393684515,1
"MST1R",-1.77384731545354,0.0618067662688147,0.181099076905906,0.91342908291648,0,-7.13506976839318,9.67448343658361e-13,1.2741978740365e-10,-1.52586684813841,1
"SCNN1B",-2.50829097424201,0.0689560167160857,1.40600216489962,0.495097244362736,0,-9.55194542093521,0,0,-2.3957724475749,1
"HS3ST1",1.29059181139711,0.0585461680172129,1.19595846982664,0.549921776776403,0,5.33383611801883,9.61593156212359e-08,3.31698760948491e-06,0.884331556836883,1
"KLK11",-2.22839403854041,0.12856632728763,3.74596275940498,0.153664844951618,0.180032793752132,-6.21481734417342,5.13843856353446e-10,3.20574643205387e-08,-4.07502598144812,1
"GJB3",-2.25456526027272,0.066372235544709,0.81640718164228,0.664843509006915,0,-8.75123987033553,0,0,-2.03391528842435,1
"CMAHP",-1.40180617702119,0.206305629325845,6.6669997554712,0.035668052538072,0.432505979794864,-3.08625943154884,0.00202691888771356,0.0162740119315869,-0.90125774994853,1
"KATNA1",-1.05671811804694,0.0918396293893684,3.12770830335622,0.209327733637722,0.0997303965154579,-3.48693693262018,0.000488586560132731,0.00498878634108902,-0.359471018489528,1
"GEMIN4",-1.30816345712791,0.110917604137464,3.66735137411759,0.159825020021367,0.151505702286015,-3.92791221469607,8.56864741329844e-05,0.00115420034733469,-0.556787205484972,1
"GLS2",-1.25139504534513,0.0576907333351129,1.55001469506953,0.460700395974354,0,-5.21004412415292,1.8879572594166e-07,6.07472333449178e-06,-0.951741127498022,1
"PCP4",-2.54923218050506,0.62906635295387,16.4625004677314,0.000266203305728747,1.64953473300279,-3.2141131667895,0.00130848091867786,0.0113288729738649,-2.44601255310298,1
"C1QL1",1.1005918897996,0.0675998638392439,2.32856576866119,0.312146426884285,0.028925420116844,4.23304999313144,2.30543231045655e-05,0.000374352825604519,0.53507977427791,1
"HRH1",-1.03094722574689,0.15286205344056,5.14981847670038,0.0761607349588817,0.280093331528996,-2.63685707004548,0.0083678081129086,0.0491255515462473,-0.78417226855076,1
"NOS3",1.04377385099357,0.0565982708038692,0.36662521590129,0.832507866476929,0,4.3873757569081,1.14726489370831e-05,0.000206904383804463,0.951293340587891,1
"DSG3",-1.2090252262378,0.0574698329326791,0.468279658910238,0.791251167940167,0,-5.04330687813563,4.57554544475158e-07,1.3054822112498e-05,-2.19064701957384,1
"F10",-1.70399791836627,0.36195435468094,11.0685855678668,0.003949000445227,0.887705304178739,-2.83231894231584,0.004621172895928,0.0313123006661118,-1.43757254824019,1
"ALDH3A1",-1.78056194458497,0.0613526471000322,0.799186228745264,0.670592845123358,0,-7.18853570843512,6.54809539923917e-13,8.80212535161645e-11,-2.20526666769127,1
"B9D1",1.0478850115451,0.0566914184869979,0.689342971862451,0.708453052037991,0,4.4010364616051,1.07735017138566e-05,0.000195648591708881,0.484372288812291,1
"XPA",-1.27382412776278,0.220311322556624,7.1750578518616,0.027666612271919,0.47571035651151,-2.71388263325415,0.00664997216927055,0.0409584256566456,-0.962267997271229,1
"ASB9",1.11338473232255,0.0569632719670144,0.276737933649964,0.870777344514138,0,4.66495864428593,3.08679112892563e-06,6.7758702912561e-05,0.803810438575933,1
"BCL2A1",3.28880120913724,1.46089240424157,32.3988939741993,9.21869748381284e-08,4.07586004732228,2.7209997879431,0.00650848032780793,0.0403873747135384,2.95532526946384,1
"DENND4C",-1.78199511594997,0.223243733487651,7.1326594740634,0.0282593829409909,0.481283335008561,-3.77152395859149,0.000162253575623161,0.00198277823106879,-0.788318075625377,1
"UBFD1",1.25624846491038,0.0581835119348239,0.453931728203528,0.796947986361181,0,5.20805519567494,1.90830165447409e-07,6.11312404325251e-06,0.739436545470861,1
"SDS",1.10726803381934,0.0568867623723414,1.09030758166657,0.57975261584556,0,4.64244913033684,3.44303423638337e-06,7.39600056148315e-05,0.731770269472828,1
"CDS1",-1.81771666848174,0.0623277321092525,0.684967565954627,0.710004633453437,0,-7.28090773064777,3.31512595153072e-13,4.85684576202349e-11,-1.72362416256585,1
"PKP1",-2.13315904855435,0.0654597295921887,0.763460416994518,0.682679209412181,0,-8.33750551551029,0,0,-4.11471311771246,1
"BLM",1.72852593013673,0.061706412100358,0.703849273894788,0.703333125310392,0,6.95842180592779,3.44102524252321e-12,3.86789035666036e-10,0.904776002224382,1
"SULT2B1",-1.4428800345763,0.0735345848837075,2.43480408132397,0.295998160068562,0.0399706388286139,-5.32089147930586,1.03259988337712e-07,3.54317628404058e-06,-1.60605940986431,1
"CSNK1A1",-1.9628491687056,0.071299147595421,2.20322700226061,0.332334428891282,0.0201851665040623,-7.35097184737392,1.96731519963578e-13,3.09058107084951e-11,-0.697715817432534,1
"CYP3A5",-2.5935858186338,0.319848416908184,8.52211977422468,0.0141073422932609,0.731482035214096,-4.58594160228376,4.5194492266365e-06,9.38361440543205e-05,-2.11287152647668,1
"EREG",-1.67162686870258,0.0606424148190463,1.39308089454492,0.498306241955337,0,-6.7881448292783,1.13584697203351e-11,1.1226730235694e-09,-2.34428438316888,1
"SLC27A2",-1.10095303548058,0.0577328340637133,1.90839067356864,0.385121913343709,0,-4.58202394682446,4.60497145660099e-06,9.54598137084584e-05,-1.04428508014243,1
"KLK7",-1.63792726013359,0.0609222256773543,0.620261081957532,0.733351217589794,0,-6.63600539494439,3.22297744048683e-11,2.87838375661012e-09,-3.37626368537276,1
"CD1D",1.03932154339542,0.150451706853484,5.16524724392952,0.075575462244705,0.275818767356786,2.67948524588581,0.00737354526738199,0.0443467051390192,1.05853132463847,1
"CCN5",-1.25074250283625,0.194950768144644,6.5055263984466,0.0386672148602817,0.404514059403192,-2.83273163712305,0.00461521142474752,0.0313123006661118,-1.9410822710583,1
"TNK1",-1.17779678512828,0.191768202159331,6.33256323850924,0.0421600740117092,0.392755733475711,-2.68956513402169,0.0071545183529409,0.0433493330873589,-0.536805359832717,1
"TUFT1",-3.23038273324329,0.28592140945816,6.78398798269172,0.0336415290579102,0.602068812392445,-6.04130333430101,1.52874268799508e-09,8.5184939781059e-08,-2.52433642885344,1
"HMGCS1",-1.85305012109456,0.062912679010874,1.69638303169637,0.428188604455773,0,-7.38785012830097,1.49213974509621e-13,2.46278609320373e-11,-1.30281332415744,1
"CPA4",-1.84340380026052,0.0621073549237675,0.182855620195435,0.912627196242161,0,-7.39688661713235,1.3944401189292e-13,2.36131230009322e-11,-1.07915939315769,1
"TSPOAP1",-1.1894951748926,0.0871831784055734,2.97244267998555,0.226225873174119,0.0858509361846727,-4.02852752899274,5.61272892991571e-05,0.000805995292039328,-0.871543941765604,1
"CRAT",-2.06354597747962,0.260022805507495,7.64122356523972,0.0219143899494925,0.574580282311333,-4.04676914360099,5.19294097054424e-05,0.00075654477446845,-1.6019435702264,1
"SLC14A1",-1.25676101467913,0.057879374504778,0.326556432589934,0.849354851179872,0,-5.22385105549643,1.75239755151324e-07,5.68395812790576e-06,-1.25233034098054,1
"SLC18A2",-2.08058884025116,0.183524848063019,5.37361152585446,0.0680981138535726,0.345030191755914,-4.85667260549106,1.19374725637833e-06,2.99332124536866e-05,-2.3028109420689,1
"GREB1",1.60159568733954,0.130357225727604,4.12902326773314,0.126880239451845,0.201733700214776,4.43593665791309,9.16728030864178e-06,0.000169309019751247,1.32693160751421,1
"BDKRB2",-1.3449177477424,0.17249544554532,5.62925390765158,0.0599270701350473,0.333159392969699,-3.23822415695196,0.00120276267880515,0.0106252185426425,-1.40257365211351,1
"ZBTB16",-3.37853820513695,0.71788511700715,16.1468856771522,0.000311708270325771,1.87164151781739,-3.98750609131267,6.67714905659977e-05,0.000932155744636022,-2.39351621669163,1
"KRT1",-1.61086562839132,0.135860700378849,4.29152549053688,0.11697877799807,0.217641596328928,-4.37031147336392,1.24069433387053e-05,0.000220701410905018,-4.43394664457235,1
"OMD",-1.34218446917795,0.175373674350793,5.71484990908127,0.0574164199601729,0.341481509608515,-3.2050145728428,0.00135055642536397,0.0116236998219939,-1.25025536688695,1
"PTH1R",-1.26995237658324,0.19671564330665,6.42804951408206,0.0401945141322553,0.405750737976683,-2.86330747091236,0.0041924351386704,0.0291614135636269,-0.628322392945169,1
"CGREF1",1.19499507868369,0.143202178249572,4.75293144087076,0.0928782558374501,0.248584816327303,3.15784860263795,0.00158938078180548,0.0132918299175631,1.28940535653257,1
"ACSM3",-1.20378412201948,0.10089895842318,3.3903393239418,0.183568081862985,0.124483763316652,-3.78970381677053,0.000150827014359756,0.00186764809139302,-1.02770754894656,1
"PSMC3IP",1.36133440173222,0.0584096032556788,0.748849344143718,0.68768480927673,0,5.63277873006758,1.77328915995645e-08,7.43470011468557e-07,0.645981259454551,1
"AADAC",-1.49681995182076,0.0592919597884277,1.02756206073586,0.598229373787819,0,-6.14711956878113,7.89026399772297e-10,4.71931891129861e-08,-1.76980868942458,1
"EPHA1",-1.23633967591168,0.110771231045101,3.68943381702301,0.158070062845693,0.152401389633353,-3.71470487282066,0.000203440989908099,0.00239194505627746,-0.936636682247452,1
"TGM3",-1.65816302741996,0.33821564857887,10.9330060060587,0.00422598460369122,0.827014049039554,-2.85121770041672,0.00435521398271943,0.0300146063005701,-1.60244125608057,1
"TGM1",-1.3111040783949,0.0581114237047171,1.19320928315791,0.550678215363795,0,-5.4388415982745,5.3628107066217e-08,1.98652525010342e-06,-1.91719000220155,1
"NMU",-1.83065878254029,0.0620942569850026,0.731468368740531,0.693687169596496,0,-7.34652035287161,2.03392858111329e-13,3.15718985346859e-11,-2.887325367162,1
"DSC3",-2.24637682253817,0.0668446764336314,1.45733095966789,0.482552536673118,0,-8.68858785479026,0,0,-3.70909770896048,1
"SERPINB8",-1.2722691523119,0.100364459069716,3.40674629921201,0.182068343327164,0.124527757146368,-4.01595671472733,5.92051224279633e-05,0.000841849063618553,-0.891063730205199,1
"ATP2C2",-2.06190016105276,0.0638722487950016,0.816277109920716,0.664886749082871,0,-8.15852275341637,4.44089209850063e-16,1.25879982765978e-13,-1.5875150208648,1
"PLCH2",-2.09733643433674,0.0640980772239547,1.85074662635682,0.396383416298011,0,-8.28410510429028,2.22044604925031e-16,6.58009000822155e-14,-1.72027100171897,1
"CTH",1.03270784125947,0.0565435541163243,1.2355961355462,0.539130259859102,0,4.3429609362969,1.40575137319576e-05,0.000244069136552591,0.629555622034403,1
"DISC1",1.95912768893489,0.0946407335865919,2.92911004618325,0.2311808387282,0.0903977971216637,6.36830263346123,1.91131555027368e-10,1.32561933297971e-08,0.741333217683635,1
"UGT1A6",-1.12369179010788,0.137119028847071,4.60600753566638,0.0999581412792937,0.232462802724986,-3.03457826931423,0.00240872245852808,0.0187282839217338,-0.703618105552781,1
"MAPK12",1.08604039806361,0.10797457250507,3.64922222937095,0.161280351496218,0.146615784481661,3.30510479046345,0.000949408956049114,0.00872399110495024,0.660656449715628,1
"FUT1",-1.6533800839595,0.299293879984674,9.21285159036871,0.00998745178751143,0.700849163243437,-3.02220405370186,0.00250941326161946,0.0193610884723409,-1.05259508498946,1
"RAB5A",-1.51598444511901,0.12316612055624,3.95231434341071,0.13860083444672,0.182676832518004,-4.31965551546057,1.56272950586622e-05,0.000267056750026077,-0.52072899816881,1
"EGR3",-1.35241657309323,0.0583148921401146,0.914139092426044,0.633136306299157,0,-5.6004219077922,2.1383072201786e-08,8.79539048703748e-07,-1.17167734436613,1
"SOX15",-1.9173213874845,0.0626432731151091,1.29879112880232,0.522361415194659,0,-7.66051021484312,1.84297022087776e-14,3.81436328730557e-12,-0.951644120184553,1
"KLK8",-1.59976518262717,0.0600406661853175,0.305845721540687,0.858195919830279,0,-6.52880187205442,6.62978560939109e-11,5.36930276775469e-09,-1.88141101242605,1
"CHP2",-3.47419440535675,0.136366556925206,3.26469504739765,0.195470164257103,0.158731753490086,-9.40806217694491,0,0,-4.22655594392918,1
"GJB5",-2.05322769182745,0.0640277965674221,0.146810100015159,0.929224371449966,0,-8.1143331535411,4.44089209850063e-16,1.25879982765978e-13,-2.995414727769,1
"CLCA2",-1.57224029643884,0.0603516379225448,0.497111988435796,0.779926188255509,0,-6.39991774771488,1.55460755379977e-10,1.11376526890083e-08,-2.88195911732771,1
"ADRB2",-2.33079678040286,0.522540610296942,14.29969458615,0.000784983944643063,1.34309616774049,-3.22436638930364,0.00126251755603835,0.0110631494712258,-1.87353349739989,1
"ARG1",-1.60787776634906,0.0602827347248943,0.0222869827909011,0.988918367317563,0,-6.54872203548132,5.80315795417619e-11,4.7890744661078e-09,-2.33676662301224,1
"ENTPD3",-1.14998230009834,0.0576573943674923,1.47453411098522,0.478419624778636,0,-4.78920745619297,1.67441307041827e-06,4.05058850188939e-05,-1.18157856972597,1
"CDSN",-1.66377819527039,0.0611014228663183,0.622705565199831,0.732455432753007,0,-6.73084774085811,1.68678404577349e-11,1.57099836948861e-09,-3.86656900742903,1
"MPHOSPH9",1.2656607011264,0.0737621823376822,2.50464836959665,0.28583967999334,0.0451370671640892,4.66015558907759,3.15970449160652e-06,6.91264880302976e-05,0.6150640654042,1
"LHX1",1.29561696120025,0.0583567744696005,1.70767419406658,0.425778041842818,0,5.36328635329988,8.17212972847869e-08,2.88770730432612e-06,1.25398213771493,1
"LY6D",-1.8506300429533,0.0782459994464273,2.43976254415348,0.295265221069529,0.0429470440722986,-6.61589398094308,3.69313468695509e-11,3.25370156643293e-09,-4.69765019369631,1
"IL18",-1.37609695312125,0.245835688101117,8.19320524223401,0.0166290748100376,0.556780343913668,-2.77540629065727,0.00551327850729488,0.0358006167612639,-1.71658809006903,1
"FOXD1",1.24020993051209,0.0896339083733809,2.99746763796639,0.22341286225974,0.0899616876502249,4.14246681138208,3.43590101605784e-05,0.000522152836228184,1.39665770488213,1
"IFI16",2.35874704024865,0.37503039786544,10.2816805782824,0.00585276962771382,0.902340840164085,3.85166168071165,0.000117319032281626,0.00150563273811036,1.1933824852845,1
"IL2RA",1.21063725370833,0.0574487636456112,0.943784838725726,0.623820620327753,0,5.0509572241178,4.39601516522004e-07,1.25977234591877e-05,0.679424201859405,1
"GNAL",-1.72975686817063,0.241504143103659,7.39358399840213,0.0248029669173889,0.527074653744121,-3.51983877205482,0.000431809197752875,0.00446853978531725,-1.56542184852121,1
"MAF",-1.86438438521102,0.184553520722848,5.61169809465482,0.0604554198631568,0.355758911506239,-4.33984570840086,1.42582791855528e-05,0.00024722566795269,-1.5126797675044,1
"KIF14",1.28235751268707,0.0581703336812129,0.349230066055205,0.839780246208518,0,5.31689817262063,1.055510971959e-07,3.61228544970429e-06,0.967451074624928,1
"ZIC1",1.37892457649712,0.0584610195693446,1.34961909341966,0.509253400357828,0,5.703051842161,1.1768117147426e-08,5.16648079075042e-07,2.15817604741336,1
"SCGB2A2",-2.28179405726298,0.562704749066053,15.3882656667391,0.000455491804669777,1.4622505119445,-3.04183851463554,0.00235138004759383,0.0183371079190048,-5.20065426766233,1
"ANK3",-2.63400703211147,0.391158215982799,10.3269419023813,0.00572180507288227,0.942464864859974,-4.21153778778346,2.53638114198207e-05,0.000406788114517887,-2.20648077195317,1
"TNNI2",-1.53249129987668,0.0601164867483437,1.85415560266777,0.395708360935276,0,-6.25030516086976,4.0965142389382e-10,2.61469512296295e-08,-1.61115811183468,1
"LGALS7",-1.72317205368702,0.0810566062075604,2.56817095045371,0.276903703168612,0.0544006567931477,-6.05249493365523,1.42619493992413e-09,8.05028390548517e-08,-5.40166403457359,1
"TIAM1",-1.93546988460885,0.19756043638791,5.94211200173017,0.0512491625868915,0.39248302291973,-4.35448129958261,1.33382365736789e-05,0.000233461994779329,-1.94571133671341,1
"IGSF6",1.469715565672,0.059377099255501,0.127834287825607,0.938082722174614,0,6.03147879322405,1.62466040620757e-09,9.01444554746403e-08,1.5100369189732,1
"SERPINB7",-2.01582412168431,0.0636484571557659,0.0873415759181345,0.957269050101763,0,-7.9902192668569,1.33226762955019e-15,3.27762973994432e-13,-3.70145289194701,1
"F2RL1",-1.82354446378076,0.0619716285663333,0.00476213980056174,0.997621762598083,0,-7.32520701506025,2.38475905689484e-13,3.61568294684323e-11,-1.75668145439388,1
"EPYC",1.08526236973263,0.0573321777058656,1.20761370768682,0.546726362092865,0,4.53247612829723,5.82962659056996e-06,0.000116942309406833,1.11049926633264,1
"NDRG2",-1.81846072600545,0.0626282166155104,1.24181279041165,0.537457068243428,0,-7.26639334380185,3.69260177990327e-13,5.2909708360614e-11,-1.39745978665692,1
"ACSBG1",-1.77478617229917,0.0622085160821031,1.33145113462923,0.51390052298054,0,-7.11575711093963,1.11310960448918e-12,1.42119722678544e-10,-2.05288245039129,1
"PTK6",-2.26606089400788,0.121694718901704,3.52644457012968,0.171491378450605,0.158410781225809,-6.4958458482217,8.25681745197926e-11,6.56467333880229e-09,-3.68814176638913,1
"ETV1",1.42135175189977,0.0591115153795627,0.422155777439622,0.809710997072116,0,5.84609034485331,5.0326078859797e-09,2.39889504749675e-07,0.874959642033174,1
"AIM2",1.17635700484662,0.10545071036283,3.58060240179781,0.166909888686574,0.139805839055215,3.62254999642026,0.000291713055248,0.00320982829314655,1.09870054807689,1
"CYTH3",1.17441721808911,0.122388326461868,4.08481275610723,0.129716188816153,0.187452545043763,3.35700827400809,0.000787907547495026,0.00752535621423764,1.5095706879544,1
"SMARCA2",-2.01206989201259,0.102907234447557,3.10412155122815,0.211811028755652,0.110401962343254,-6.27220304465513,3.55975027233058e-10,2.34422140408679e-08,-0.980994372212605,1
"SETMAR",-1.11744139444168,0.123975002306908,4.19669529226304,0.122658936867797,0.194656427286782,-3.17364023026624,0.00150540161829715,0.012737788255014,-0.828128062191833,1
"MIA",1.30315999365819,0.167770807629073,5.66706019290731,0.0588048998684296,0.325012879251155,3.18155577616987,0.00146486313197824,0.0124513366218151,2.31237738015647,1
"MAP4K4",1.0557271107593,0.0568834988290572,0.101887784263262,0.950331990138798,0,4.42648017567397,9.57831806802645e-06,0.000175903787730981,0.50067078639087,1
"PTP4A3",1.07236129477943,0.057550766392383,1.99585443358707,0.368642766329593,0,4.47008287194754,7.8189295305009e-06,0.000149051201971054,0.644540345111033,1
"NKX2-5",1.00413419876622,0.0693973126360105,2.43417684907537,0.296091004422304,0.0374071220122498,3.81171509481689,0.000138005890548909,0.00172692783768448,0.780119042297591,1
"BNC1",-1.12734921590862,0.115632306948221,3.8932266936243,0.142756721346966,0.168799439170216,-3.31526975800909,0.00091554727055243,0.00849231532948344,-1.30287903284927,1
"CST6",-1.80356510123894,0.0625272121979733,1.23238038580923,0.539997811124804,0,-7.21269039056073,5.48672218769752e-13,7.69262049520301e-11,-4.50128496436897,1
"ENDOU",-1.6573391555899,0.071645885320764,2.34947324860792,0.308900325813571,0.0324088381912957,-6.1917835230071,5.94872151538084e-10,3.62455045976873e-08,-1.961126805068,1
"APOBEC3B",1.06784896313267,0.0567529650556993,0.491992344719328,0.781925217848253,0,4.48245101508755,7.37905843051223e-06,0.000142120447378802,0.81098932593387,1
"DSG1",-1.62775320976236,0.0603460325853082,0.15490461667996,0.925471160600114,0,-6.62619479403407,3.44451134282053e-11,3.05530499313176e-09,-4.24883090260457,1
"HAL",-1.73391085904899,0.0611438875302486,1.26123259327372,0.532263667595261,0,-7.01213457918634,2.34701147405758e-12,2.75699843335467e-10,-2.15675363092548,1
"ZMYM5",1.01897044600764,0.104744668521991,3.61700317234386,0.163899542237843,0.140591158885257,3.14844147388585,0.00164143588644805,0.0136583806786191,0.418248933151889,1
"GP1BB",-2.38792693747848,0.429989076863318,11.7426655201282,0.00281911362711987,1.06594765025561,-3.64160069367757,0.000270948108140878,0.00302992485595962,-2.49192361565229,1
"DBF4B",1.60771646610554,0.0607801720751322,0.834436197206379,0.658877204074693,0,6.52121467446897,6.97402136040637e-11,5.61322620483572e-09,1.31242630510371,1
"KRT31",-2.10117301947243,0.0645321562868713,0.382892418653462,0.825764042315654,0,-8.2712991256099,2.22044604925031e-16,6.58009000822155e-14,-1.86302983116617,1
"ZNF165",-1.07055521855214,0.057354927147962,1.13809606726446,0.566064056229507,0,-4.4701665724413,7.81587018416907e-06,0.000149051201971054,-1.07899006799177,1
"CPSF4",1.05627458140588,0.0673963709294278,2.33800314253282,0.310676975285282,0.029514683633493,4.06872720662486,4.72706517611332e-05,0.000696454269280696,0.590156376870975,1
"CLCN5",1.01084055307806,0.056581539596164,1.42003435033372,0.491635753462352,0,4.24957282776471,2.14178567312651e-05,0.000351722208965951,0.602162432967131,1
"GPT",-1.40271685724305,0.210105434024801,7.02087223159725,0.0298838787629485,0.449825757561476,-3.06021101310799,0.00221181097488254,0.0174680819512377,-1.36714458243103,1
"ALOX15B",-1.69566546127878,0.077057790895985,2.51183957270962,0.28481375990028,0.0473741128241343,-6.10846228749752,1.00595620722288e-09,5.8296279937685e-08,-1.98822562370112,1
"MGAT5",1.13125831970506,0.0570260414801137,1.54732552142543,0.461320264295694,0,4.73723766221182,2.16651037887594e-06,5.00015368786568e-05,0.633299677659877,1
"GPRIN2",-1.84438245562431,0.336327941537242,10.1798480032121,0.00615848790457427,0.807228862079489,-3.1803103880431,0.00147117381622364,0.0124805695443982,-0.961169611868076,1
"AGFG2",-1.62248749701943,0.230950244057227,7.19320816387114,0.0274166693005639,0.49883871881706,-3.37615320470769,0.000735069751644168,0.00709481618318366,-0.553246396513618,1
"TRPV6",-1.26504957587258,0.0577281884648492,1.61445601911278,0.446092919240946,0,-5.26518433698555,1.40048761920752e-07,4.65840767011401e-06,-1.178965543411,1
"SEMA3F",-3.20185453801986,0.803646716014513,18.5677176032705,9.29119022286897e-05,2.13455516837618,-3.57165095838917,0.000354737981817399,0.003810072936505,-1.82004033396177,1
"ALX1",1.43203308058716,0.0589700521140997,0.0260560603956939,0.98705646724446,0,5.89708373703577,3.6998213381878e-09,1.85546040110118e-07,1.908811927968,1
"CGGBP1",1.27035930687745,0.060922248604264,2.09646306645865,0.350557149925713,0.00850874632445155,5.14681563271266,2.6494549265621e-07,8.07155205314094e-06,0.451891935024033,1
"HRK",1.13268559948503,0.0570955289550272,1.3587778635665,0.506926664513457,0,4.74032729737448,2.13373259194682e-06,4.9416943634804e-05,0.904834046171995,1
"SCEL",-2.58030171403981,0.210663940539795,5.84959122351168,0.0536756614658693,0.41554201384608,-5.62179997318926,1.88978004356244e-08,7.87247347859765e-07,-4.47752076231341,1
"GNG7",1.76845193337123,0.17602938229316,5.52464044698254,0.0631450875438299,0.336589911905092,4.21503007427799,2.49744906308802e-05,0.000401531915334213,1.29453785786249,1
"CDH19",1.28852648484874,0.0582470754872413,1.62647455093285,0.443420266651427,0,5.33895532975925,9.34836716925957e-08,3.25048958719935e-06,1.84397492808315,1
"KLF12",1.00844994505417,0.0565002711878258,0.506355315367006,0.776329948591351,0,4.24257062343919,2.20973969689009e-05,0.000361062605360274,0.401301047703681,1
"IL12RB2",1.72341303910191,0.381954435514132,11.5723802034699,0.00306965499942631,0.9453233934093,2.78858312918213,0.00529391591555672,0.0346522939874217,1.42754895427804,1
"TSC22D3",-1.03783151587629,0.0568189148809604,0.174176071345847,0.916596398900333,0,-4.35391942020702,1.33724877520169e-05,0.000233731726271513,-0.665735160092604,1
"PLAGL1",-2.21707198919481,0.646220726246804,17.8366568802259,0.00013391189957287,1.71469815977678,-2.75796882984711,0.00581617435721116,0.0372297974686678,-1.65013670152717,1
"KRT10",-2.03440773232093,0.482279753191524,13.7971568473902,0.00100921909172386,1.23246230504756,-2.92946614146266,0.00339544802578384,0.0246647614530337,-2.37880088913657,1
"CDKN2A",1.75498717514092,0.233270865949802,7.14578213731371,0.0280745707281311,0.502760565984839,3.63365504878013,0.000279434397172151,0.00309562030987908,1.51939626838569,1
"EN2",1.66908532313073,0.233037249458622,7.21932400071771,0.0270609919263099,0.504254765117602,3.45752927048884,0.000545153017406097,0.00547209406771216,1.5094194324337,1
"ASS1",-2.27366609673928,0.0663815901350962,1.23345996453043,0.539706404707731,0,-8.82475912926039,0,0,-2.63484942902818,1
"POU2F3",-2.34180943564509,0.138490492420569,4.05043337449705,0.131965244903681,0.210340762555545,-6.29276584405479,3.11858538992738e-10,2.11787681766995e-08,-2.78676807582596,1
"LY6G6C",-1.83063632413517,0.0617479572759745,0.844482724849549,0.655575788934312,0,-7.36700183516041,1.74527059471075e-13,2.84457291055418e-11,-2.49493520508226,1
"MAPK6",-1.02696209957998,0.0691454712812376,2.39148807228094,0.302478815266499,0.0343105390808395,-3.90546316080311,9.40450852129349e-05,0.00124619295334498,-0.981187828773871,1
"MATN4",-1.83532865049601,0.423105415405842,12.9067179068645,0.0015752221745727,1.07158984444851,-2.82156170440677,0.00477904427775511,0.0321040486026012,-1.20898479688648,1
"UGT1A1",-1.54269275464738,0.060386233092069,1.11695587087203,0.572079142913807,0,-6.27784328766298,3.43301609362356e-10,2.29169441065603e-08,-0.937344457516562,1
"TPSB2",-1.17435235387816,0.0578147695774048,1.25905219587332,0.532844257175338,0,-4.88403787391255,1.03935097373054e-06,2.6729975042352e-05,-1.81398058604283,1
"SLC18A3",1.0547169214754,0.0568871689680251,0.197251349823991,0.906081813706361,0,4.422101972371,9.7745302669594e-06,0.000179002949650117,0.904700783651328,1
"NTRK2",-2.04915044431764,0.141433910049784,4.18853588984636,0.123160370835646,0.22180776283709,-5.4487523657194,5.07243791414425e-08,1.90560779607911e-06,-1.46635616877802,1
"HMMR",1.17633746112909,0.0656882068447396,2.24347149674374,0.32571394622803,0.0216831747721189,4.58974147931291,4.43795314253315e-06,9.27065360836483e-05,0.680480961552852,1
"CD101",1.41468983242683,0.148793526036186,4.97746910060807,0.0830149513796524,0.266610651684934,3.66749233130061,0.000244940894333467,0.00279421200456175,1.13671175561339,1
"PTGFR",-1.56032839731897,0.0596852373274801,1.70902866833554,0.425489786761374,0,-6.38678872590435,1.69405378613874e-10,1.18756813534747e-08,-1.80047820471538,1
"GPR19",1.77983267727101,0.0773912864714873,2.43821532125432,0.295493730002377,0.0423512251911367,6.39783658520844,1.57593715854887e-10,1.12287675466222e-08,2.02840376311733,1
"ALOX12",-1.44051703456795,0.0594330584972079,0.628531729503118,0.730324834715234,0,-5.90886895222926,3.44464590185112e-09,1.7408813145053e-07,-1.4631853025283,1
"SLC15A1",-1.53130955818475,0.0597252145216717,0.253222161417489,0.881076273530626,0,-6.26590973354435,3.70655062198466e-10,2.40446336119692e-08,-1.33991487916335,1
"LEPR",-2.10680366178805,0.534771942304742,15.1030642364119,0.000525304681388555,1.38669085156027,-2.88097677958065,0.00396444846201893,0.0278505357940964,-1.0878322861599,1
"ABI2",1.22639193459523,0.149921706023766,4.95261920222871,0.0840528424520687,0.26781174107603,3.16735708356768,0.00153831301068452,0.0129993929658558,0.491352690496288,1
"PLXNA2",-1.09470712226172,0.0768977148735557,2.63811037978915,0.267387813367542,0.0561786660923557,-3.94767350167178,7.89143251269664e-05,0.00107632205578506,-0.624182288022585,1
"PRRG4",-1.32411261924223,0.0634789890359844,2.17540758085909,0.336989404280053,0.0155796920771336,-5.25545018359718,1.47662820415562e-07,4.88673988679824e-06,-1.09181118707948,1
"SGCG",-2.08667725248118,0.105245289499676,3.13030045365203,0.209056604903948,0.11467794414611,-6.43211718575757,1.25838672815348e-10,9.42994514275474e-09,-1.9132322966822,1
"CASQ2",-2.23663109806281,0.53766918131339,15.1385542480541,0.000516065365062871,1.39683467652005,-3.05025949085886,0.00228643724740674,0.0179271528977369,-1.72557721422674,1
"ITSN1",-1.71421741450939,0.267592659639163,8.25012898968047,0.0161624521597808,0.606876701987565,-3.3138191603653,0.000920310081149456,0.00852267269041744,-0.644636070942034,1
"DSC1",-1.94077665834774,0.0628238341771601,0.78894132345868,0.674036738274716,0,-7.74307277763869,9.76996261670138e-15,2.12317570931949e-12,-4.3166467368725,1
"CENPF",1.72390218158334,0.145539902017796,4.52064653894868,0.104316756880301,0.243331513648349,4.51878397721363,6.21958123847577e-06,0.000123623658183667,1.3655886803801,1
"SOX5",1.51232011220174,0.292370399948513,9.16351312753623,0.0102368987286893,0.683782584573658,2.79690056659052,0.00515954094032822,0.034004566489334,2.02671270743744,1
"LYZL6",1.01410196782099,0.0865963754212594,2.97696093715523,0.225715376693114,0.0856162764620476,3.44613088591618,0.000568674854100726,0.00568195511311829,0.576146965105366,1
"MACF1",-1.66953984329256,0.1162913943752,3.66668433107852,0.159878333995089,0.158877286629515,-4.89579245774891,9.79103585763141e-07,2.53304199499317e-05,-0.59755869341288,1
"HBP1",-1.13517523813024,0.0654332985324135,2.24725570621433,0.325098243998261,0.0218752271214984,-4.4377568417371,9.0901223490647e-06,0.000168122135190716,-0.467761035294992,1
"ALOX12B",-1.74088356029549,0.0610475302002855,0.650803355240658,0.72223718885429,0,-7.04588701828918,1.84274817627283e-12,2.22477717318718e-10,-2.87624064149008,1
"TP63",-2.22222575498531,0.0667125166608057,1.7912903029901,0.408344069854831,0,-8.60368525719964,0,0,-1.94565729875262,1
"MSMB",-1.47041320095508,0.0592204847810527,0.0754408732275499,0.962982117805169,0,-6.04231571804946,1.51917811663793e-09,8.50152938319399e-08,-1.79031191807308,1
"DEGS1",-2.38196591701142,0.0898656705258202,2.65430966662642,0.265230814677238,0.066768875121565,-7.94581836877124,1.99840144432528e-15,4.82539933936247e-13,-1.57119063354243,1
"PRSS3",-1.53851135343645,0.0604244184003477,1.49086148781722,0.474529855066859,0,-6.25884888548916,3.87829546255603e-10,2.50342052159743e-08,-1.36376446354488,1
"GAL",-1.61864570765473,0.0604558656240787,0.895927865260101,0.638927728059084,0,-6.58313222211342,4.60638194255125e-11,3.99750142039074e-09,-1.61783329105623,1
"CAST",-1.6580283358234,0.0605897779621229,0.192381627448066,0.90829068520413,0,-6.73584783753311,1.62976299122874e-11,1.52881148508141e-09,-0.743661777592138,1
"MS4A2",-1.08754221586179,0.12733357221827,4.32977058197246,0.114763098204084,0.205474353803567,-3.04771717725104,0.00230586836470792,0.0180469493441936,-0.602117208892315,1
"THEMIS2",1.07953185941472,0.057426320294374,1.67744098186285,0.432263254495603,0,4.50484621147082,6.64210271072996e-06,0.000130235153752192,0.808990212431984,1
"OXT",1.36050134336399,0.0623561102992444,2.1031828664584,0.349381289450708,0.00931443230891151,5.44828059901864,5.08590776160389e-08,1.90560779607911e-06,0.953641048357898,1
"ADGRE2",1.16546993072805,0.0580042157993732,1.68648691684174,0.430312556645607,0,4.83917461521901,1.30379459495344e-06,3.22584017525578e-05,0.805074699694395,1
"ARHGEF2",1.46459384630924,0.291337419830718,9.22060053231482,0.00994883056218777,0.682463680135632,2.71343279857083,0.00665900729415547,0.0409753639020732,0.730966984690751,1
"CHD1L",1.23421782449562,0.0639990214087274,2.17431499125224,0.337173550134802,0.0156474378134619,4.878711616815,1.06781056530281e-06,2.74078385058726e-05,0.567434700408007,1
"KRT85",-1.37765213292068,0.153908273894832,5.00537225560702,0.0818648036951018,0.276946316044692,-3.5116286626383,0.000445369821730601,0.00459428568476686,-1.27405409453152,1
"PAX3",1.0291468112188,0.0568546628031671,0.374750815419167,0.829132415251932,0,4.31612773103207,1.58790117847918e-05,0.000270340701960725,0.784144254899125,1
"KIF25",1.43971280676978,0.131677535737608,4.39720596656618,0.110958060402029,0.215192848411343,3.96752820371147,7.26219201194755e-05,0.000998857823246668,0.783614377109861,1
"ALOXE3",-2.18997490703872,0.0655957666136597,0.0892856539381311,0.956338999338042,0,-8.55069139858639,0,0,-1.5808255370701,1
"LCE2B",-1.8804738436791,0.0622490929077162,0.805436770936786,0.668500332225695,0,-7.53703936198238,4.81836792687318e-14,8.7259304720138e-12,-3.83664985327017,1
"CEP170",2.0764572021784,0.0641417157224422,0.22059264010843,0.89556872100272,0,8.19884541274388,2.22044604925031e-16,6.58009000822155e-14,1.51394784291967,1
"LORICRIN",-1.84375657476373,0.149402493880732,4.55805302150709,0.102383827773004,0.25141978667794,-4.7700689702303,1.84162852434611e-06,4.38994411863782e-05,-5.93090632632887,1
"DOK4",-1.82133034897412,0.061792919634963,1.64717834533739,0.438853702713892,0,-7.32688485645198,2.35589325825458e-13,3.61394025816253e-11,-1.20573765744803,1
"PPP2R3A",-1.93101469988385,0.139318709776412,4.22286088000497,0.121064666773309,0.219983561201897,-5.17345716942261,2.29801818463216e-07,7.12641104261016e-06,-0.990930060536693,1
"ZNF304",-1.00367016657833,0.0568886150740668,1.12495422164029,0.569795866741737,0,-4.20802522592613,2.57612113996331e-05,0.000411138843867583,-0.454774718907967,1
"ABCB4",1.17538469323148,0.0581368357563613,1.86982373069369,0.392620467475404,0,4.87477230870136,1.08934025622176e-06,2.7850799217403e-05,1.23544590265191,1
"CYB5A",-2.08625938874658,0.397613436735912,11.3682687230091,0.0033994746924934,0.97926751004615,-3.30855057707342,0.00093780244325159,0.00863559749827505,-1.32373204450655,1
"MUC1",-1.79931376481725,0.151670391604335,4.66394662021985,0.0971039417161298,0.259722972463727,-4.62015449462227,3.83454402785866e-06,8.11908140002075e-05,-1.16304232861535,1
"KRT2",-2.28423415197517,0.0672671322664238,1.27557080761389,0.528461457829058,0,-8.80722646717125,0,0,-4.23302223464247,1
"TGM5",-1.21332531375085,0.158049037759382,5.27136006956884,0.0716702145940538,0.293378743058679,-3.05197751985021,0.00227339126036807,0.0178355888351019,-1.26297951751068,1
"CCL27",-2.51169046154301,0.0736423190664386,2.11442446638678,0.34742299585552,0.0121176061175051,-9.25555334213936,0,0,-3.32158429179556,1
"CEP68",-2.03224973316011,0.209071308060776,6.21170879604134,0.0447862369355328,0.424500703592547,-4.44457108945532,8.80673847647451e-06,0.000163810360905494,-0.664606837207084,1
"KLHL18",-1.08918299594135,0.0568801755578117,0.116351252323178,0.943484232371023,0,-4.56688829024992,4.95017641588547e-06,0.000101327080512921,-0.331257398111524,1
"CITED2",-1.63697028887957,0.0604269692879447,0.0403432042385684,0.980030483568367,0,-6.65925109239905,2.75226508250626e-11,2.52723833878867e-09,-1.78838454307577,1
"AMPD3",-1.12324746688496,0.10247301286239,3.45844506900253,0.177422296075993,0.129925266328061,-3.50889760644413,0.000449968101299492,0.00463805065046962,-0.655028389397017,1
"SP110",1.02467807581439,0.10953488963594,3.72299543775831,0.155439651042845,0.152269070894873,3.09607310357687,0.00196102008135157,0.0158522881839697,0.556863081481649,1
"LAPTM4B",1.06476911914989,0.102198551218414,3.4653275847576,0.176812789538052,0.129940577956155,3.33068129033182,0.000866337301828279,0.00812703812943191,0.631266023562605,1
"NDEL1",-2.40083141558962,0.15647011313399,4.36444433671355,0.112790612222797,0.254329120303931,-6.06940288868183,1.28386701270244e-09,7.31019300376732e-08,-1.05942791189693,1
"COL21A1",-1.80605076904115,0.187682783455938,5.7839158868039,0.0554675039900872,0.367824276826143,-4.16886408732324,3.06121455273534e-05,0.000475180673251382,-1.80498928162304,1
"FAT2",-2.03931991556878,0.063667727194558,0.86080521084503,0.650247248948187,0,-8.08212730878833,6.66133814775094e-16,1.80952475226093e-13,-2.03173562152072,1
"EPPK1",-2.02594438575485,0.0634406650643861,1.68329559631058,0.430999737401736,0,-8.0434738788361,8.88178419700125e-16,2.31619168289399e-13,-1.3378989915282,1
"LSR",-1.41678666047649,0.0702881399960251,2.33356452536946,0.311367229022374,0.0305189485037475,-5.3439628911832,9.09361925760521e-08,3.17886599195481e-06,-1.98874793581821,1
"GAS2L1",-2.72025517715265,0.871576943286279,21.8272689667117,1.82082734254798e-05,2.36036305251262,-2.91378014132667,0.00357081291705286,0.025659686852991,-1.15186884892985,1
"ST3GAL1",1.03501729469058,0.0566340188983308,1.74932789626545,0.417002130479547,0,4.34919536002255,1.36637950340912e-05,0.000237866786981996,1.09734985912333,1
"SGPL1",-2.02471956787501,0.0873084087921256,2.69964848615984,0.259285827919927,0.0681771096266614,-6.8523074943243,7.2668537853815e-12,7.70345581362515e-10,-0.688627069616036,1
"KRT33A",-1.10772099665088,0.0568898699228693,0.900870709541142,0.637350617581382,0,-4.64422142213545,3.41361307576449e-06,7.34490113777115e-05,-1.23339420266912,1
"GATAD1",1.23119944841693,0.131260327297545,4.34715745305021,0.113769736725763,0.212557958411365,3.39829965056843,0.00067806107179047,0.00663756630260956,0.568891576753692,1
"FUT2",-1.16195697374241,0.17761376267953,5.92201858553321,0.0517666430988099,0.351913763072702,-2.75709505575565,0.00583173958619598,0.0372562726430227,-0.523722253184022,1
"PTTG3P",1.27155380805993,0.161978535706747,5.37641361259254,0.0680027722471721,0.304824999015027,3.15941014637586,0.00158088839592585,0.0132560796105962,1.02570810612298,1
"RASA4",-1.34996406257137,0.258775541775458,8.33869492975023,0.0154623465569172,0.58892144272377,-2.65375358599484,0.0079601933279827,0.0471357678490311,-0.741386222691929,1
"SPTAN1",-1.08818286306314,0.0568868320942052,0.754664772991979,0.68568812254175,0,-4.56242782790758,5.0565477873743e-06,0.000103180479811539,-0.480441333824127,1
"FLNB",-1.67436026498041,0.271336502167026,8.38165526908953,0.0151337544704735,0.61832793781831,-3.21436209400323,0.00130734696830825,0.0113288729738649,-1.24170320147069,1
"PTP4A2",1.40672927714113,0.120957833544172,3.93402324654861,0.139874229161593,0.178552521349483,4.04476716156611,5.23751513477055e-05,0.000761337344952879,0.425255907286141,1
"CD24",-1.61917213566693,0.327720932884165,10.088290731731,0.00644696780884367,0.78596533539683,-2.82840066205223,0.00467812171512394,0.0315888291266189,-2.85670878827161,1
"PDIA4",1.7149453148885,0.395637465671458,12.0024891545031,0.00247566909705838,0.986066415760096,2.72647531778909,0.00640147401158142,0.0399372342760814,0.917493390529152,1
"CS",-1.1664803260693,0.0578188186393612,1.01948408928045,0.600650499845838,0,-4.85112886583237,1.22760748810791e-06,3.05472786974027e-05,-0.385234856130819,1
"MAGED2",1.72008625731585,0.301905056780161,9.2208149018612,0.00994776425618736,0.707408877623138,3.13050954567914,0.00174503327924325,0.0143918336040814,0.858521809597732,1
"TMCO1",1.05618469050319,0.0570583456841048,0.466555516026749,0.791933577075747,0,4.42160843578701,9.7968877121879e-06,0.000179054668312859,0.480787493612273,1
"FLOT1",1.50982734704136,0.0953709820717822,3.14427034346807,0.207601444061565,0.10435464886748,4.8889901240425,1.01354579751245e-06,2.61178333078356e-05,0.767602071948989,1
"ATIC",2.14395250238837,0.552657650453311,15.4513255679448,0.000441354220440877,1.43737535034997,2.88394561651002,0.00392726568758706,0.0276869071497114,0.835495433882207,1
"ANKHD1",-1.73986347472237,0.0613536871816155,1.62719031702456,0.443261602449113,0,-7.02416714121326,2.15338857856295e-12,2.57596639228278e-10,-0.488259378329128,1
"ANXA2P2",-1.05180396422959,0.0883198329906096,3.01692858364862,0.221249491849024,0.0897014560084161,-3.53920471408394,0.000401334491098471,0.00422697934526087,-0.626862108162064,1
"ATP1B3",-1.59134063055587,0.174125097853742,5.48054092115384,0.0645528855213087,0.33119061548471,-3.81357651739712,0.000136970091783928,0.0017156128979545,-0.746272879102864,1
"TXN",-1.0835015175713,0.164410122105979,5.50639168951843,0.0637238838001742,0.313622160119836,-2.67217716233818,0.00753608498513558,0.0450956758460405,-0.472566779581335,1
"REEP5",-1.59701673220117,0.132589756172524,4.20167593338877,0.122353856826314,0.208470723368588,-4.38585712995875,1.15529935986736e-05,0.00020749240156075,-0.608254198097049,1
"CNP",1.46142040596236,0.125679691325854,4.0558932204301,0.13160548123781,0.191225670957305,4.12232866692818,3.75061554316325e-05,0.000564714504241404,0.840794823930728,1
"NADK",1.41131719129809,0.175270466574001,5.65478418891954,0.0591669544703045,0.339306351551419,3.37108932501819,0.000748715769207431,0.00721012179815044,0.349771363133737,1
"LGALS8",-1.13055723221718,0.0573510891412175,1.52032342483078,0.467590805657022,0,-4.72086648114377,2.34842065127694e-06,5.35333162097902e-05,-0.458714238792706,1
"ID1",-1.16206494072687,0.057354756379253,0.792016878793014,0.673001016190995,0,-4.85227804814144,1.22051342743568e-06,3.0480630158777e-05,-1.26397114460046,1
"ALDH7A1",-1.00218707089719,0.0568675300627208,0.86805332123669,0.647894981974248,0,-4.20258603187648,2.638829066548e-05,0.000420118341864705,-0.464502276450369,1
"LARP4B",-1.44988969667314,0.064839692436115,2.17655008640292,0.336796953123114,0.0159466978972553,-5.69396103153745,1.2412542549356e-08,5.37698147179577e-07,-0.427876262467721,1
"SEPTIN8",-1.38356396443523,0.0589762512673154,0.966224111829696,0.616860696610896,0,-5.69718943386626,1.21798573449183e-08,5.32434553454456e-07,-0.625532088485281,1
"KRT8",-1.68886983653644,0.0613660621267698,0.869663213624769,0.647373671216075,0,-6.81760839286603,9.25681753471963e-12,9.5793368123182e-10,-1.36560418577933,1
"KRT7",-2.38294159232371,0.190259874255194,5.38772857947569,0.0676191339261892,0.358433877307365,-5.463108110095,4.67869460951675e-08,1.77858597706965e-06,-3.09809043955698,1
"PINK1",-1.67872115305726,0.257875892716532,7.93650908079514,0.0189064047171592,0.577032896137226,-3.30577423638393,0.000947143685883667,0.0087093134839472,-0.674760597204812,1
"ABI1",-1.27620887923115,0.087660206158095,2.92610150861209,0.231528858539767,0.0837762167913545,-4.31042921965254,1.62937976506683e-05,0.000276274158084608,-0.717631652367681,1
"NSD2",1.0053161075327,0.0697933975029457,2.41334406183482,0.299191323913546,0.0362965887983403,3.80535756606015,0.000141599481333632,0.00176850156811229,0.496230591302376,1
"JAG1",-2.17841782179989,0.618469613998452,17.2256288762106,0.000181761632998464,1.63414136787831,-2.77001421494142,0.00560538462550064,0.0362362965453163,-1.54362938287403,1
"NCOA1",-1.98857906623342,0.414151046198378,12.0861736643225,0.0023742187756837,1.03392190258143,-3.09003559272775,0.00200132510645434,0.0161081963352211,-0.614183106046195,1
"KRT6A",-1.07875764938001,0.0976188154152414,3.31000562746364,0.191091518024423,0.116267294593393,-3.45268630082148,0.000555034057811099,0.00555844015345539,-3.64718826040834,1
"KRT6B",-1.20989877700633,0.120871921837542,4.02026456381959,0.133970951563278,0.182313063183787,-3.48005673335765,0.000501307614049207,0.00509634666574873,-2.98989450527736,1
"MSMO1",-1.69559740702993,0.0609596963738788,0.180967790722472,0.91348904519358,0,-6.86754234824765,6.53166409847472e-12,6.98084985082065e-10,-1.74619340059514,1
"TAX1BP3",-1.28603880622432,0.159571606574759,5.2262325218243,0.0733057476180323,0.29510377263316,-3.21940982309126,0.00128454755798901,0.0112034887014172,-0.640766422844715,1
"MAN2B1",1.5327826316235,0.280566591357774,8.78036194505946,0.0123984852321622,0.648217240260848,2.89376055670704,0.00380658319525007,0.0270043733856723,0.837497303773473,1
"GPM6B",2.04127114211996,0.52626894944033,14.9745784836145,0.000560159360830167,1.36264156723996,2.8138233063062,0.00489561293312102,0.0327353318128025,1.76817450482324,1
"AGR2",-2.38789198227689,0.771628804291856,20.4564213412177,3.61363718053289e-05,2.07889606262577,-2.7183818494192,0.00656020805067903,0.0405838641871682,-2.46751216937146,1
"PIM1",-1.67148792246081,0.263370694288597,8.10882346889921,0.0173456810493725,0.59353408577408,-3.2570131993195,0.00112591197257572,0.0100647663496855,-1.19065153769937,1
"SYT11",1.37627551918582,0.200759896955568,6.48716378419574,0.0390238651883401,0.415816599721347,3.07161587005591,0.0021290351419061,0.0169892834855041,0.767652553340049,1
"KLF5",-2.22915276791778,0.073213843739433,2.17041353795785,0.337831925510197,0.0176816519628233,-8.23840671560428,2.22044604925031e-16,6.58009000822155e-14,-3.0067334956454,1
"EWSR1",1.48626948737288,0.0597954057095617,0.86870892986687,0.647682634009623,0,6.0780413943818,1.21659349261449e-09,6.95752743429841e-08,0.39209063082876,1
"GPC3",-1.32410835588205,0.249479888313651,8.04186261696704,0.0179362529741558,0.560995794726567,-2.65097575446185,0.00802596026887148,0.0474390280806053,-1.11851460570215,1
"OSBPL2",-2.58232668669463,0.335215763352269,8.96775859643104,0.0112895326330849,0.778532550639204,-4.46014488743344,8.19042638200429e-06,0.00015484430137786,-0.930025985047888,1
"NUPR1",-1.13213930514214,0.124754170816829,4.18216232163178,0.12355348239622,0.195284404344952,-3.20532692241175,0.0013490915474581,0.0116187613522498,-0.928936080834775,1
"SLC23A2",1.61862024997857,0.229979957903917,7.21721730085975,0.0270895116382149,0.49781000518675,3.37520359011368,0.000737611019032469,0.0071136908854766,0.935315675573153,1
"STX3",1.19919995412115,0.0688785772125834,2.34435852474294,0.309691306728891,0.0306992471675398,4.56929838609815,4.89359660882371e-06,0.000100484419184964,0.552282413558365,1
"MINK1",-2.26686344741338,0.316216898301146,8.84860886385542,0.0119825430771982,0.731373278149207,-4.03118586384747,5.54961345176075e-05,0.000798691057367642,-1.04416398016985,1
"ABCF2",1.39225735378897,0.0592111329148894,1.40799184037756,0.494604947857757,0,5.72160451006045,1.05522715010409e-08,4.6959408908557e-07,0.534966805621617,1
"SFN",-1.7689174618677,0.290677032026197,8.80484253574188,0.0122476491335789,0.67186617351763,-3.28096963089207,0.00103450882364076,0.00938405753224999,-3.33024098797271,1
"LAMB3",-1.5691018875594,0.0795564084182048,2.57860699851212,0.275462576179221,0.0540546960837478,-5.56305764957335,2.65088266893088e-08,1.07011947740525e-06,-1.40284768286245,1
"ID4",-1.67384921004931,0.0616490994518566,1.90361608610812,0.386042410784532,0,-6.74144449573402,1.56819002228303e-11,1.48171229714119e-09,-1.61498657715818,1
"TNFRSF10B",1.04699151884099,0.0683578627623384,2.39572267384621,0.301839054156557,0.0341478157601188,4.00450578839403,6.21472694906089e-05,0.000875095299015172,0.660688126963419,1
"CA2",-1.49309854622079,0.165911357009469,5.4733453856196,0.0647855500977023,0.315522436818362,-3.66564509724846,0.000246715879455017,0.00281114258815196,-1.85863111747194,1
"AZGP1",-2.53138114651834,0.528093317473676,13.9629948400074,0.000928911191052484,1.35088235554558,-3.48339083801353,0.000495104986550476,0.00504349524971224,-2.67475262839176,1
"BCL2L2",-1.53957019088995,0.294681702683063,9.24381182706244,0.00983403536766273,0.690686084425085,-2.8361089371939,0.0045666866405496,0.0310777803267882,-0.709776247612668,1
"SIAH2",-1.00884992692715,0.112594757749843,3.91729994327001,0.141048712205151,0.165297686604848,-3.00654342838615,0.00264236306705179,0.0201214615320198,-0.924400627063359,1
"KRT14",-1.55913898670024,0.230052685753163,7.21813088813289,0.027077140147505,0.497650303905328,-3.25065723219707,0.00115138582000207,0.0102337557648309,-6.0588034969098,1
"TNFRSF14",1.05685527876948,0.0779108167432065,2.67194435490342,0.262902463330538,0.0592057795613346,3.7863141318829,0.000152898365845644,0.00188791836388386,0.772647368824615,1
"EPHX2",-2.28409271998158,0.343162974005592,9.70912903658168,0.00779272620422203,0.815435445362116,-3.89909231889164,9.65539586863517e-05,0.00127296973438963,-2.3793433397237,1
"MALL",-1.43905520935219,0.0593073931128766,0.321977456163391,0.851301666855911,0,-5.9091231159962,3.43933592716894e-09,1.7408813145053e-07,-1.68264661719726,1
"TSC1",-1.21224603894918,0.201446799472814,6.65487878319037,0.035884874636148,0.42200202762521,-2.70091295392364,0.00691494337417575,0.0422907817335261,-0.45379066647234,1
"ASMTL",-1.14322957491904,0.184966733537421,6.13534027308999,0.046529435900714,0.373240106350282,-2.65819377977079,0.00785607075241868,0.0466888361626195,-0.460960148945221,1
"ME2",1.13871467398868,0.118311176396986,3.96645555478496,0.13762429901529,0.17607290699573,3.31056432594063,0.000931080492259095,0.00858826639604312,0.469431620764628,1
"KIF2C",1.24101611970142,0.153833975259131,5.08060872691355,0.0788423993932185,0.279385546688348,3.16410794468178,0.00155559088466628,0.0131114088850444,0.654466880480992,1
"PATZ1",1.34002982593418,0.0622493817260618,2.09540558016925,0.35074255362671,0.00866311426892897,5.37089848288638,7.83453066866002e-08,2.79110506526388e-06,0.386180322135742,1
"PPAT",1.24249941658804,0.0781125286379323,2.62528568191196,0.269107906353071,0.0563195526757269,4.44565590381381,8.76241067726546e-06,0.000163218675458378,0.588834965002205,1
"RHOBTB2",1.86372849594351,0.152553105503506,4.63645621169718,0.0984478703574005,0.260071312351371,4.77168887625801,1.826875517974e-06,4.36275272506649e-05,1.49830721236992,1
"KYAT3",-1.398247370756,0.221201407249157,7.11192323476534,0.0285539037798191,0.476025711702615,-2.97296686328746,0.00294936290790138,0.0220130182920012,-0.555222839311215,1
"PDZD2",-2.45012230048895,0.385980818945427,10.5612857473386,0.00508915805512084,0.935768749573129,-3.9437093633041,8.02308841694188e-05,0.00109199425750005,-3.38546181114097,1
"POLR2F",1.46359471636464,0.0595734561527843,0.552922292836274,0.758463087566853,0,5.99645301029006,2.01673922006762e-09,1.09113123196937e-07,0.799183161924393,1
"HSDL2",-2.19289777545334,0.582111898276108,16.1832364096005,0.000306094033315941,1.52481177415153,-2.87418784789926,0.00405067961480898,0.0284028525740053,-1.01366511038308,1
"PLPP2",-1.10604354261334,0.0569096463627653,1.02584024716638,0.598744615270164,0,-4.63638274763622,3.54559167781154e-06,7.58317395351302e-05,-1.47357685406654,1
"EXTL2",1.26386824328461,0.11210707566067,3.71465096345774,0.156089536925822,0.155470585129091,3.77472475794109,0.000160184428632304,0.00196670881820773,0.623581410166492,1
"RRS1",1.07511254756178,0.0937002751333871,3.22091043539379,0.199796642403356,0.106787964195915,3.51223444240394,0.000444355831061838,0.00458745501283872,0.59473359681879,1
"GNAI1",-1.34729463271235,0.058238427799468,1.18576667394204,0.552731274403903,0,-5.58287312797409,2.36577331058641e-08,9.670005704306e-07,-1.12232530709677,1
"PNMA2",1.10949539950954,0.0594339250189637,2.08229555030654,0.353049228186416,0.00713651842093807,4.55101534410264,5.33876540820266e-06,0.00010792583280241,0.726972882928256,1
"GATA3",-2.83680492953291,0.363774414724889,9.35817031873625,0.00928750659013495,0.855218178007419,-4.70341605846899,2.55844310093067e-06,5.76157851347756e-05,-3.40930323303759,1
"TST",-1.34165908925961,0.220983312955404,7.13119155477827,0.0282801318010749,0.475930381434312,-2.85405565076609,0.00431649691985547,0.0298108068527519,-1.59785478890102,1
"ADH1B",-3.34367931951737,1.08878404885382,24.5120084364544,4.75647258395877e-06,2.97583171717732,-3.20445180586271,0.00135319943165269,0.0116317303340089,-3.31737741318508,1
"CES1",-1.65859103452664,0.250154608870568,7.99913851428573,0.0183235299187398,0.562278886109105,-3.31615681302347,0.00091264602924479,0.00848786845600772,-1.49141613947486,1
"FBXW2",-1.55669478668246,0.205153508029927,6.46089451889808,0.0395398102792566,0.424009318123697,-3.43687705877509,0.000588462643150045,0.00584829603965963,-0.478057403291282,1
"CYB561D2",1.65134421094853,0.20368714687947,6.3436551809801,0.0419269026324907,0.417531622292315,3.65894427942933,0.000253256392028778,0.00287648963036867,0.604279468826398,1
"CES2",-1.0365326489002,0.0809197727998856,2.81389891600708,0.244889189622917,0.0706390619834859,-3.64380945796129,0.000268632321347662,0.00301177716083591,-0.418753020834855,1
"SMAGP",-1.80077213045622,0.192742424734627,5.88276599779275,0.0527926660283183,0.380871520292521,-4.10175864045026,4.10021848351594e-05,0.00061451435409844,-1.7568236069234,1
"S100B",1.39058847191306,0.2149217412303,6.95728925425792,0.0308491948718363,0.458634288308776,2.99956618837268,0.00270364374109078,0.0205316311823428,2.3204117987581,1
"EYA2",-1.20680175987344,0.0599276251876022,2.05005134315197,0.358787254653454,0.00447394163286417,-4.9297216818073,8.23468464750121e-07,2.17352334248519e-05,-1.20673423907658,1
"AKR1C2",-2.35607565730348,0.644328053292665,17.3275589666648,0.000172730240600394,1.70169535445138,-2.93518657251759,0.00333347188303934,0.0243502184218207,-2.77283058998603,1
"SLC35D1",-1.31840886473378,0.0589060178471324,1.82487485915214,0.401544294324871,0,-5.43213159306334,5.56848327448733e-08,2.05686836872636e-06,-0.441763986092916,1
"CDKN3",1.78354020160389,0.414228504226596,12.3609941470197,0.00206939895554014,1.03829083284467,2.7711683654029,0.00558555373614644,0.0361618843920623,1.02276076684947,1
"IFFO1",1.63773112765428,0.189727603949643,6.1154143852664,0.0469953230107474,0.381412739265364,3.75990907409463,0.000169975124649335,0.0020559421616908,0.850494477893619,1
"UTP20",1.07885486379553,0.133728503985548,4.49730489609844,0.105541351232562,0.222658518938286,2.95019709298638,0.00317571272703288,0.0233680125551815,0.428132348251478,1
"SLC19A1",1.64135646836646,0.134952431720033,4.25493874720562,0.119138407487564,0.214580424115233,4.46799371687304,7.89566244363549e-06,0.000150075134989159,0.872654642842293,1
"KLK10",-1.41949275423405,0.0589201073460791,0.0599562046088226,0.970466784302058,0,-5.84791989913543,4.97758123607639e-09,2.38612800504412e-07,-1.82997610339269,1
"TBL3",-1.10337167742536,0.0573726955428695,0.661940486558561,0.71822654078918,0,-4.60648015350296,4.09542128654294e-06,8.64080876298276e-05,-0.554260911390413,1
"IL33",-1.1141851221935,0.133227732355375,4.46517099501834,0.107250774740852,0.220548311274063,-3.05253067609464,0.0022692053604485,0.0178134670047489,-1.77604772259694,1
"BMAL1",-1.23648589134004,0.084149824178595,2.83951438274207,0.241772714271907,0.0752033244042303,-4.262482008073,2.0216878072743e-05,0.000334103768302276,-0.74136968282222,1
"BOLA2",1.1195589157684,0.0569807673288605,1.738466282847,0.419272949054666,0,4.69010759807247,2.73061419786558e-06,6.10711466997758e-05,0.779303877032494,1
"SOX10",2.587818509453,0.392943382253178,10.3928761433652,0.00553624906461903,0.947654432633959,4.12827695590137,3.65491732352563e-05,0.000552859245724486,2.47198350613957,1
"FRAT2",-1.62015960575486,0.0601973394491125,0.499157182478663,0.779129045705724,0,-6.60342350801643,4.01769728597401e-11,3.51588959139699e-09,-0.716285348761422,1
"ADGRL3",-1.75918617997655,0.273967412758926,8.32199036253754,0.015592033296878,0.62252757952209,-3.36095231188089,0.000776742352766036,0.00743608189259643,-1.59502259968658,1
"PKP3",-1.73051730457568,0.114279612110554,3.6709464059289,0.159537990053508,0.156123355644806,-5.11907588582893,3.07036408297989e-07,9.24583770853922e-06,-2.08986308752431,1
"SPP1",2.24432380568274,0.0671396663487318,1.94016466682671,0.379051828187754,0,8.66155618222504,0,0,3.89538122286167,1
"RIT1",1.18179591812914,0.0580989177267726,1.55338783125476,0.459924048251926,0,4.90296129019603,9.44025928317771e-07,2.45202272496721e-05,0.579749254721773,1
"RHOD",-1.2682287466353,0.141102817442954,4.66338300749698,0.0971313100807341,0.241459714052253,-3.37621231952017,0.000734911823454532,0.00709481618318366,-0.882342279354583,1
"SPC25",1.68985057524368,0.211665101687486,6.54457682403521,0.0379195521514314,0.439813197092423,3.67302322212563,0.000239697690972207,0.00275124840896708,1.28458395392074,1
"HOXA9",-3.47764652206253,0.496467821624219,11.0319928806335,0.00402191774014195,1.21033497026573,-4.93559919157997,7.99050565047921e-07,2.11335097721295e-05,-3.15081030525467,1
"SHMT1",-1.12007438331658,0.159350231886545,5.4187389098434,0.0665787744008852,0.300590483246273,-2.80588918358316,0.00501779456743479,0.0333471067098788,-0.880079756922669,1
"GART",1.54709064799753,0.0604799535045588,1.7054638645433,0.426248856847098,0,6.2908602357864,3.15711456977397e-10,2.13293351685403e-08,0.541716050683394,1
"GOSR2",1.0832308833093,0.0574433227019629,1.7797320973541,0.410710764318057,0,4.51961308115125,6.19527501721784e-06,0.000123517111543583,0.357150397222933,1
"CALML3",-1.38403506110037,0.0590367757601543,1.50273276181517,0.471721560854617,0,-5.69620717625749,1.22502006316694e-08,5.32434553454456e-07,-2.28244355669533,1
"IDH2",-1.13919115755281,0.057488071835119,0.606659339675778,0.738355642657995,0,-4.75124837443984,2.02164622953305e-06,4.72405827721889e-05,-0.850846073763331,1
"TPX2",2.01935931749463,0.586854441679073,16.6813517956013,0.00023861101176335,1.54366765943398,2.63601820111519,0.00838852318574435,0.0492250017186861,1.49663552511052,1
"MAPK13",-1.63948810671055,0.112060387372024,3.55818885755931,0.168790930288926,0.147527098110255,-4.8975875790256,9.7020396827574e-07,2.51500786130167e-05,-1.28186367908155,1
"CTSV",-2.13660956672906,0.135881856496524,4.10483729200297,0.128423915664441,0.209027786821008,-5.79621428276597,6.78285871913431e-09,3.13623031343235e-07,-1.80321716594779,1
"AGER",1.06728426952707,0.151549919827343,5.1210110895226,0.0772656693136797,0.276779908331512,2.74158839464458,0.00611429066889024,0.038551371388617,0.494579251054581,1
"ANXA9",-1.56748979959669,0.0601103096192502,0.486879278094012,0.783926793172518,0,-6.39337591828984,1.62262647762645e-10,1.14524567259007e-08,-1.58712993087677,1
"PARD3",-1.93224074400655,0.109132710277743,3.43633432841655,0.179394647707603,0.136998844444054,-5.84902887185573,4.94451257715411e-09,2.37902212153183e-07,-1.44554992426295,1
"CYP4B1",-3.03400519124563,0.219480165193756,5.49781321246664,0.0639977977587958,0.417979942631927,-6.47617655888387,9.40758582146373e-11,7.43427342582215e-09,-3.80081233606303,1
"FYN",1.22778538020692,0.202917738355356,6.66389021805544,0.035723551242674,0.425023214743857,2.72560207469981,0.00641843268374154,0.0400047532329378,0.605717891494984,1
"RAB6B",1.26580866724127,0.161932634051353,5.31671537563257,0.0700631929449156,0.302631761961924,3.14558101422474,0.0016575727999113,0.0137663004700914,0.672087661918018,1
"LTB4R",-1.58271404908165,0.060907533327182,1.71471566733042,0.424281625283879,0,-6.41308434296609,1.42604594799423e-10,1.03878285563669e-08,-1.40905048184609,1
"EFNA3",-1.5267642874698,0.0595762217406542,0.0490268443123117,0.975784591697347,0,-6.2551181052283,3.97215149661179e-10,2.55137356474488e-08,-2.97167702457017,1
"LAMA5",-1.58207320780769,0.276720230191825,8.61191132475019,0.0134879894166118,0.635562725277601,-3.0075033567769,0.00263403215614244,0.0201201788423792,-1.03550214886412,1
"LILRB4",1.32216825405846,0.0590830332038897,1.93925344935704,0.379224566859268,0,5.43945431828555,5.34440101063183e-08,1.98534600506064e-06,1.03736850532794,1
"ITGAX",1.78635606838826,0.0911237907666662,2.93314035700449,0.23071544249057,0.0872975315733351,5.91768904330948,3.26496496505513e-09,1.66948541879819e-07,2.02369351085411,1
"ITPK1",1.27892467068655,0.163664111083836,5.36965283234585,0.0682330371201171,0.307690893690004,3.1613183851812,0.00157056724921745,0.013220546392864,0.564161087157473,1
"B3GALT4",-1.11710158919124,0.0569546548464014,1.78926545501695,0.408757696533383,0,-4.68088592663521,2.85637853303378e-06,6.34485855063499e-05,-0.59812004060235,1
"IRX5",-1.22403504437681,0.0579608582384482,1.985343141647,0.370585322420973,0,-5.0842447419545,3.69091767149499e-07,1.07664151048374e-05,-0.981374716809402,1
"ST20",1.92991861194247,0.089059846739173,2.73050520748605,0.255316174020489,0.0721640190888557,6.46692795521468,1.00015329351777e-10,7.81130444026769e-09,1.00729446409174,1
"CD1A",-1.50051181971817,0.247733788110346,7.89133282070436,0.0193383248147715,0.552856174163731,-3.01471872892055,0.00257217669825693,0.0197518327258964,-1.31020409737428,1
"SGCD",1.40215511969025,0.229427142130777,7.3543960077981,0.0252937486199996,0.500017070776293,2.92734335192306,0.00341871230754665,0.0248047685064139,0.906728303317901,1
"BCL11A",-2.00218371005303,0.0825792919061532,2.52825114751506,0.282486201522266,0.0522701177314259,-6.96736153048813,3.22941673402966e-12,3.66184869866229e-10,-1.64207620934855,1
"MTX1",1.0012308197459,0.072701467967352,2.51418186758247,0.284480396242614,0.0449964251540426,3.71332207578219,0.000204556291873548,0.00240289143219747,0.343608941384252,1
"LGR5",-1.31311530768542,0.210598663215087,6.84938215239193,0.0325593377901179,0.446458796820478,-2.86137684947491,0.00421805340592951,0.0292548927446356,-1.27511814952381,1
"BOLA2-SMG1P6",1.02719382295178,0.0567152886727933,0.899623136064121,0.637748312469914,0,4.31322710413915,1.60888698990114e-05,0.000273510788283193,0.737288053405557,1
"DEFB1",-2.26335164560878,0.276859354422577,7.78941118086046,0.0203493646150177,0.615141838233785,-4.30152481279232,1.69626774892961e-05,0.000285947289511716,-3.33648054552517,1
"ODF2",1.17950474577561,0.072434302119695,2.45822943726878,0.292551453425215,0.0409696587894094,4.38255679054241,1.17294576988947e-05,0.000210082965571274,1.21359328075199,1
"RORA",-1.97076167147767,0.171266411915514,5.3477332335828,0.0689849705110395,0.321175603760128,-4.76209448112834,1.91593936316181e-06,4.5257125645411e-05,-2.2962811398796,1
"P2RX5",1.00387306510525,0.0581701090753853,2.04919752189937,0.358940457444669,0.00428228315000646,4.16225671633446,3.15117795703923e-05,0.000486250998601592,1.23417970598619,1
"TRIM27",1.87691300999369,0.356926503118354,10.5681910522843,0.005071617259538,0.865222745991335,3.14162790702378,0.00168011405320589,0.013926895829467,0.695984459451682,1
"SLCO3A1",-2.02027829403962,0.481802475019861,13.8487355921108,0.000983524709842826,1.23242070637015,-2.91056085748627,0.00360780698495788,0.0258757949817744,-1.1317661672003,1
"RASGRF1",1.26770177939159,0.0582808611867234,0.570929365189152,0.751664887563139,0,5.25114631837156,1.51155544525494e-07,4.95205312831135e-06,0.828461881075161,1
"GBX2",1.05718083402291,0.0567080521590468,1.80130246238507,0.406304975091043,0,4.43942696890423,9.01987152079897e-06,0.000167059807897298,0.995607759844955,1
"CYP4F8",-1.30711009844572,0.0581552456846898,0.351004931002056,0.839035328528449,0,-5.42023008627783,5.95223776933551e-08,2.17398398527635e-06,-1.87370558544843,1
"HYAL1",-1.8580719275503,0.219710030445792,6.62339551483807,0.0364542307458145,0.458848873483931,-3.96403590705521,7.36931606406532e-05,0.00101186041797505,-2.02246217029941,1
"SLC43A3",1.2340090930165,0.0582696885607101,1.06460855423263,0.587250222172456,0,5.11207258281577,3.18643342156477e-07,9.50752983610596e-06,0.715504540668246,1
"SPINT2",-1.91687792174464,0.205603666881746,6.18809773009725,0.0453180955927184,0.416624888680703,-4.2274553307105,2.36349076609965e-05,0.000382351812644831,-2.71116786035845,1
"NCOA4",-2.00457186759686,0.553463663029702,15.8241815579256,0.000366287952304206,1.44528926115606,-2.69449309242684,0.00704957878301915,0.0428775889260111,-0.8011202259919,1
"CALCOCO2",-1.38510312902555,0.128147837727892,4.2528569822297,0.119262481131401,0.203601269482872,-3.86924712937686,0.000109171942868747,0.00141641090852297,-0.444951643105118,1
"NRP2",1.29525451754759,0.058678207196224,1.13721080007292,0.566314670659244,0,5.34708019337461,8.93844198657234e-08,3.13302002857303e-06,0.699253202398825,1
"PLAUR",1.51375171467763,0.0597891186965666,0.506969897064336,0.776091426152362,0,6.19075435943808,5.98769478443728e-10,3.63132801368733e-08,1.22806667930494,1
"TNFRSF25",-1.89617694750306,0.192320798066519,5.7935448768415,0.0552010977886801,0.377040171593944,-4.3238013834599,1.53363380133165e-05,0.000263119093888991,-1.14917075641411,1
"AASS",1.00227301372187,0.0569450838835308,0.955695601662877,0.620116571026508,0,4.20008344282566,2.66816630030142e-05,0.000424270980361344,0.732401280368119,1
"ERBB2",-2.30669508185754,0.0665980309524505,1.55177226085108,0.460295718186599,0,-8.93839401962833,0,0,-1.5615415766615,1
"ST3GAL6",1.17794370841936,0.0575939192193089,0.821156622700313,0.66326656461967,0,4.90835787740331,9.18421483087073e-07,2.39505954359447e-05,1.12717790522035,1
"COL4A6",-1.74556253240608,0.118592179927786,3.69281404292572,0.15780313222025,0.163419975536496,-5.06882602434151,4.0027688608113e-07,1.15982451502486e-05,-1.13863678838104,1
"LEF1",2.74523492952752,0.373815592153365,9.64347215816615,0.00805279470817752,0.884691877113139,4.49004620328023,7.12077261089128e-06,0.000138166300704481,2.15702660792082,1
"RTN4",-1.67810367339801,0.0820897967266331,2.61623716882849,0.270328177888092,0.0585858243583887,-5.856986162048,4.71342387342588e-09,2.30181025788764e-07,-0.70593036112039,1
"FCGR2C",1.06454015597509,0.056839456912504,0.479994231961811,0.786630129719596,0,4.4651606464349,8.00086954133583e-06,0.000151632758647497,0.883089793459528,1
"SMAD1",-1.39089646158983,0.058646932357912,1.63211453147841,0.442171587272064,0,-5.74344084101684,9.27717858090205e-09,4.20017817765214e-07,-1.13876718849067,1
"PRKD3",1.05548691962583,0.131714757779399,4.44097933116332,0.108555939701119,0.217093808337757,2.9082761166922,0.00363427296571528,0.0260083892425694,0.871042357069032,1
"AR",-1.29865731732734,0.0782647572131508,2.62337036469663,0.269365743296159,0.0563803362677863,-4.64206744146419,3.44940225804891e-06,7.39749277018087e-05,-0.75373731240011,1
"KCND3",-1.86931356464887,0.0622167892329796,0.24766274461652,0.883528815746539,0,-7.49425316304378,6.66133814775094e-14,1.18982449463732e-11,-1.11649102894474,1
"BMP4",-1.94078018099718,0.377013469777496,11.0436148922996,0.00399861412698577,0.923051035330118,-3.1608065394822,0.00157332957779244,0.0132352544289262,-1.80292368458807,1
"HSPA2",-1.17341133048117,0.0810177639388824,2.74515577710287,0.253452743740955,0.0665262192415509,-4.12249512867629,3.74790539185987e-05,0.000564714504241404,-1.4448331948668,1
"LRIG1",-1.88933705841237,0.306139873431899,9.1453974093648,0.0103300443278625,0.715666634795364,-3.41467593579649,0.000638579377105097,0.00628884931878653,-2.64666889479415,1
"HOPX",-2.18237369148203,0.16860908818223,4.90168499997168,0.0862209147712303,0.299127436931693,-5.31482082094089,1.06762327867216e-07,3.64417275670321e-06,-4.14733721227467,1
"ETV4",1.26084642188441,0.0580677717456914,0.166732226394844,0.920014256192754,0,5.23232377024488,1.67392216532392e-07,5.44296037747096e-06,1.5039224426974,1
"BDH1",-1.43647796031378,0.126565247645288,4.09583598471338,0.129003209851961,0.194376267074515,-4.0377714268527,5.39613923584703e-05,0.000780912979980127,-0.9747805531175,1
"FCER1A",-1.66182609854984,0.227633124464971,7.05495470302389,0.0293789351918608,0.488134241994779,-3.48311525561094,0.000495614942706446,0.00504474881963259,-2.03070191442734,1
"CYP3A7-CYP3A51P",-2.15393522720453,0.0653256331303184,0.332729066828523,0.84673751380648,0,-8.42734600593798,0,0,-1.88346867277576,1
"UBR4",-2.33135149398578,0.167483998779102,4.74745001472929,0.0931331576339956,0.290517337235337,-5.69667043943196,1.22169754313006e-08,5.32434553454456e-07,-1.22185805838871,1
"ZFP36L1",-1.1343827646636,0.0571876199001651,0.378961417455102,0.827388678123911,0,-4.7436059858981,2.09947019280676e-06,4.89572119661596e-05,-0.683545044869297,1
"NUDT3",1.54278410795648,0.318513858941079,9.94400719571178,0.00692925068522955,0.761534395968096,2.73363791687701,0.00626388843893588,0.0392856379775301,0.676455367156645,1
"XPO6",1.48717854903385,0.114760211460966,3.70172743557723,0.157101416409294,0.158540320904977,4.39002954095597,1.13335263234315e-05,0.000204678462231612,0.449987375301795,1
"AHNAK",-2.43089515356675,0.487956274291556,13.1037180120803,0.00142745947441265,1.23452933445807,-3.47997219904607,0.000501465815795354,0.00509634666574873,-1.79621909795067,1
"WIPF2",-1.24467387285931,0.0576882794648301,0.520701379656042,0.770781233263259,0,-5.18217148263642,2.19317431993105e-07,6.87423075903387e-06,-0.356916381672349,1
"GSE1",-1.33479382704881,0.0581416785094193,1.50238306021726,0.471804048957762,0,-5.53567273248812,3.10036007977743e-08,1.22874149179994e-06,-0.675001389336094,1
"SERPINE2",4.07090717803833,1.29365356895592,25.380083076334,3.08166187044544e-06,3.53172159712722,3.57916899402617,0.000344688527732062,0.00372302918300287,3.01144681266132,1
"MAP1B",-1.02510735830671,0.0566633653314591,0.537863940800158,0.764195241776441,0,-4.30643769937767,1.65904626654445e-05,0.000280574633845306,-0.952893165589704,1
"TUBA4A",-1.83017476168687,0.0881293932008849,2.74048729367946,0.254045054736914,0.0721148387461231,-6.1649870994463,7.04888813984894e-10,4.23550472145117e-08,-2.33726598121043,1
"NUP210",1.0468849438786,0.0566703326682074,0.330072627296522,0.847862914533227,0,4.39765416260891,1.09427156860242e-05,0.000198169541430653,0.64071162104805,1
"VPS13D",-2.45923633911794,0.268955593018447,7.35440953760025,0.0252935775108711,0.585428031259268,-4.74198283501643,2.11636559299677e-06,4.9101941222571e-05,-0.956134437793386,1
"LIMCH1",-2.12108505743539,0.610351816923132,17.1374704786657,0.00018995274270743,1.61164783101504,-2.71498830765018,0.00662781104153765,0.0408798619539306,-1.81702134417652,1
"EIF2B5",-1.17410595591752,0.195277493298554,6.4880476500741,0.0390066230671105,0.404584280246837,-2.65693662420788,0.00788542653661484,0.0467780148366337,-0.360896975798065,1
"HMGXB3",1.34967775826034,0.22251915405793,7.1883579470043,0.0274832383824968,0.480832197006124,2.8611879739273,0.00422056728864928,0.02925676601632,0.47851555170638,1
"CLUH",-1.17282669040736,0.0579709380258539,1.31788142478094,0.517399118785632,0,-4.87111829943766,1.10968370403697e-06,2.80954676057049e-05,-0.612364373349981,1
"SPRED2",1.2965583687468,0.058701845234973,1.29924936138337,0.52224174739434,0,5.35138499002111,8.72836039000902e-08,3.0676304885533e-06,0.601356040268301,1
"SETD3",-1.2475006937498,0.0583821498651598,1.82457035631791,0.401605434666949,0,-5.16298370192958,2.43044308900764e-07,7.4918551861869e-06,-0.435870329353233,1
"RMND5A",-1.12950404953434,0.0571657346350465,0.00143955104144485,0.999280483455539,0,-4.72410887196687,2.31126579164354e-06,5.28712186969124e-05,-0.472799599880329,1
"CRYBG1",-1.88429665856308,0.25158055293377,7.55448075923977,0.0228857603726301,0.55351711096994,-3.75673658572721,0.00017214352653383,0.0020783142985876,-2.18621303736619,1
"ZHX3",-1.34179446254919,0.0589264847384003,1.41160912436174,0.493711193064426,0,-5.52752516234856,3.24779656502017e-08,1.28326053954341e-06,-0.689665172336867,1
"DENND5A",1.07908540751199,0.0571081112517403,0.893884969786103,0.639580692768906,0,4.51551117243116,6.31642162352009e-06,0.00012535741483878,0.446247632873646,1
"MGRN1",1.02962010400142,0.0566810002334167,0.315843253495123,0.853916703575386,0,4.32472265270256,1.52723883743988e-05,0.00026306033291121,0.489588628764934,1
"AUTS2",-1.79942169674634,0.23690199176611,7.1942629240633,0.0274022141068998,0.511801677585906,-3.69699273117025,0.000218168586683332,0.00253312573621012,-1.3538595564741,1
"AKT3",1.57163630144365,0.0602938803710546,0.855664043378551,0.651920914175603,0,6.40052258043865,1.54846135913544e-10,1.11376526890083e-08,0.826739599007596,1
"RCOR1",-1.28524985649716,0.0982812617722072,3.28005802956855,0.193974414083462,0.115368390737585,-4.09970117428398,4.13683938751408e-05,0.000618904770523396,-0.516227680905457,1
"EXOSC7",-1.99344295002703,0.425956500011609,12.3213870766298,0.00211078885103258,1.06658491384275,-3.05436677054814,0.0022553616462837,0.0177368278081383,-0.529635876838279,1
"LHFPL2",1.84080046792841,0.0619886745802557,0.51855149618196,0.771610223659385,0,7.3935078921782,1.4299672557172e-13,2.39042859580726e-11,1.02492954983837,1
"TUBB4A",1.55163535403206,0.281629490758601,8.81385525790996,0.0121925809758443,0.651604334341653,2.92381979126707,0.0034576485733433,0.025005146837395,1.46334463934799,1
"TIPARP",-2.85172737962619,0.571637220635235,14.193088748514,0.000827961109192017,1.46454684978103,-3.77179218080445,0.000162079223411382,0.00198250562294654,-1.33479599769407,1
"LMF2",1.11169248608335,0.0571873564143789,0.240554239801487,0.886674687466344,0,4.64873360576058,3.33979222388869e-06,7.22181605427607e-05,0.497491501324057,1
"PIK3CB",-1.54469331618404,0.208583604167471,6.58768448188943,0.0371109857647205,0.434874080217399,-3.38222257256474,0.000719018625976009,0.00698085172308353,-0.725411829081626,1
"LRBA",-2.10656470860164,0.0653904004533617,1.19463095119682,0.550286913646306,0,-8.23792446748753,2.22044604925031e-16,6.58009000822155e-14,-0.772292843199792,1
"CRY2",-2.80085200416599,0.479175101732946,12.1456897329194,0.00230460757505901,1.19441824166718,-4.04615988129525,5.20646800772351e-05,0.000757668932507889,-2.30746441877715,1
"SEPTIN10",-1.57242689483951,0.0604936068948489,1.40442019450334,0.495489013876182,0,-6.39316220719224,1.62489799393484e-10,1.14524567259007e-08,-0.923134932961921,1
"PLEKHM1",-1.18292645646448,0.156260539197972,5.19662620479397,0.0743989758721591,0.288021557591915,-2.99249260411124,0.00276709371625117,0.0209039020661639,-0.452341432717202,1
"CAMSAP1",-1.30669988385636,0.060724269147614,2.05390217787033,0.35809710407226,0.00488117604685741,-5.30267126544887,1.14120316974109e-07,3.85496065550623e-06,-0.319445518107642,1
"MFAP4",-1.79133660840177,0.29166206737565,8.82730884871937,0.012110839216443,0.674905287928922,-3.31693702752289,0.000910101270003238,0.00847024301182886,-3.00071935201631,1
"MICAL3",1.89772313076295,0.488795500762528,14.2531819522386,0.000803453717055318,1.25623947530471,2.71437127845993,0.0066401700087757,0.0409173803140011,1.59107187553534,1
"FTL",1.09443768724726,0.0570738199833313,0.563258036569243,0.754553558189237,0,4.58112950508279,4.62471332585146e-06,9.57168842155193e-05,0.453175013655895,1
"DPY19L1",1.16247520935353,0.0610788086792344,2.11954800836472,0.346534116742316,0.0105430826260256,4.70368707170033,2.55504766233372e-06,5.76157851347756e-05,0.770263407013763,1
"SERINC5",-1.04830255198106,0.0569958842126444,0.510341992545744,0.77478400145667,0,-4.39101474310836,1.12822889519748e-05,0.000204035735984465,-0.688823558383811,1
"DMXL2",1.71727494127498,0.207936321333431,6.63818045696629,0.0361857375367322,0.433920599830062,3.76595090873471,0.000165916392704579,0.00201620115980896,1.04671289688071,1
"MEGF9",-1.21098418772359,0.16755502031632,5.60509309106698,0.0606554040379944,0.32204379900116,-2.95841945659138,0.00309221038204033,0.0229087108928545,-0.659811119415303,1
"ABRAXAS2",-1.2536060837093,0.214137932187568,6.99008063197222,0.0303475249215655,0.457534151406454,-2.70903295860946,0.00674796360464169,0.0414249987951615,-0.481810110676814,1
"DNMBP",-2.67389049096715,0.494128284184667,12.8529856810254,0.00161811588503979,1.24617703528829,-3.80385330291225,0.000142462565656531,0.00177386171531501,-1.03424679277851,1
"AOPEP",-1.23085578232575,0.0578859889145971,0.171492956415381,0.917826890845159,0,-5.11588109224675,3.12279751613076e-07,9.36049581904114e-06,-1.10570968091294,1
"LRP4",-2.20032309377078,0.221299833712821,6.43693694541991,0.0400162974054962,0.456872712997672,-4.67730739802455,2.90666365665437e-06,6.43463283855966e-05,-1.90490358794608,1
"PAQR4",1.49642393035478,0.25637473390178,8.08326570005995,0.0175687618286825,0.577308432960255,2.95540520176001,0.00312258642515784,0.023081295009996,0.964477037505319,1
"CDS2",1.47509809910597,0.173650725552991,5.55084318501913,0.0623231961575528,0.332705211803459,3.53983160294418,0.000400382420693957,0.00422253162196211,0.590896834231817,1
"C2CD2",-1.88432361631182,0.313472109361349,9.32518508831802,0.00944195196582646,0.736449374726848,-3.36554993063034,0.000763912400448374,0.00732939940356612,-1.41676728601153,1
"SLC30A1",-1.74847483371786,0.0620009919629158,1.78353566500875,0.409930423483751,0,-7.02198773913164,2.18736140311648e-12,2.59281866683962e-10,-0.993611820871387,1
"RAB3GAP1",-1.21846475538357,0.0580030243052271,1.32203776752855,0.516324991245269,0,-5.0592676133191,4.20869849415695e-07,1.20896088839589e-05,-0.373166698519042,1
"NCAPH",1.36950956085412,0.0591009905692777,1.18784980131827,0.552155869291753,0,5.63336237106584,1.76729564316247e-08,7.43347351328885e-07,1.33240328822848,1
"SYDE1",1.0121059564647,0.0564508817015166,1.83565512157844,0.399385740560707,0,4.25981379879667,2.0459727383848e-05,0.000337262181236403,0.428200382894847,1
"SGMS1",-1.99929497825796,0.0961952532347606,2.92843715694332,0.231258631363352,0.0920076334431849,-6.44614475783624,1.14731113498578e-10,8.69755226109282e-09,-1.58410068482075,1
"AHNAK2",-1.86049592639855,0.115621858444825,3.55493473456104,0.169065787056798,0.152081273206305,-5.4715295695369,4.46167880419068e-08,1.70603606826517e-06,-2.52546870964594,1
"KANK1",-1.2072942502171,0.127438211829827,4.23383851563743,0.120401985206326,0.201716130884333,-3.38191974889126,0.000719811696379136,0.0069833517180711,-0.739341048122726,1
"FANCI",1.54165985898888,0.108935634043497,3.49364346152779,0.174327122439175,0.140112901413448,4.67093239824642,2.9983561167235e-06,6.61515489102499e-05,1.30539130273719,1
"NEDD4",-1.07975088320317,0.104342197676915,3.61328956041535,0.164204154600916,0.139844632616268,-3.34267057317743,0.000829763410477025,0.00785144057272128,-0.513140876745743,1
"COBL",-2.67384792658304,0.507888063610586,13.1669908494411,0.00138300664059964,1.28606804328793,-3.75191249025904,0.000175490724290128,0.00211285646723821,-3.09148113492785,1
"FRMD4B",-1.27105993066201,0.143366856121924,4.71778307926875,0.0945249422991941,0.247576140923106,-3.35692506810301,0.000788144691988846,0.00752535621423764,-0.738533359673108,1
"ITPKC",-1.56580528154837,0.135866565444852,4.32343996633934,0.115126934258658,0.219002903112558,-4.24797013780594,2.15716139591038e-05,0.000353357128659239,-0.598723056715903,1
"WWC1",-1.6192617927246,0.0609634311132519,1.90515053682979,0.385746342846559,0,-6.55816543238427,5.44737588370481e-11,4.52409771640936e-09,-0.99122443517058,1
"COL4A5",-1.73986798970657,0.221612294979026,6.83279502408971,0.0328304936166735,0.469278962277058,-3.69589285462225,0.000219115372718015,0.00254063875180671,-2.47965567116067,1
"TNNT1",-1.4712986737023,0.0598468743726163,1.96820234164084,0.373775035905472,0,-6.01423102656487,1.80742598665518e-09,9.90211236974657e-08,-2.26273021316839,1
"SNAPC5",1.02130534436935,0.0572158875461595,1.60987099407438,0.44711676598536,0,4.26969924753056,1.95736724595275e-05,0.000324708797964095,0.454644231770161,1
"CUL9",-1.01747544971307,0.0568366926826187,0.434763985441792,0.804622550635481,0,-4.26785385978911,1.97362547749158e-05,0.000326989867865473,-0.651864778898456,1
"SIK2",-1.2317368514649,0.120348064054515,3.99560481385602,0.135633022152113,0.180423269084622,-3.5505724646288,0.000384394297902269,0.00408818699049566,-0.737278296482282,1
"ATP10D",-1.33403571391344,0.0591070115167512,1.86643112095953,0.393287036677753,0,-5.4871641889597,4.08437468291112e-08,1.58030152790736e-06,-0.95140687930192,1
"LYSET",1.161237153611,0.057682094212596,1.29874959537946,0.522372263036065,0,4.83504380164325,1.33116320566451e-06,3.28731762095825e-05,0.855049772135101,1
"MARCHF3",-1.25022220426654,0.0584053711348539,1.20737129995508,0.546792631457494,0,-5.1732184027366,2.30095793307683e-07,7.12641104261016e-06,-1.05112002073745,1
"SACS",1.28653953190563,0.0587544776672192,1.67944348874078,0.431830666026988,0,5.30765457021968,1.11044828443596e-07,3.78045304980692e-06,0.947790972289751,1
"DOP1A",-1.37541384009113,0.064391670652024,2.15406705489419,0.340604422142885,0.0140764611967918,-5.42024033335325,5.95189659780004e-08,2.17398398527635e-06,-0.586348622536494,1
"DHRS1",-1.46153521966715,0.0595373138230443,0.569995059209845,0.75201611209399,0,-5.98983235068876,2.10057460314772e-09,1.12713548355733e-07,-0.864281728275915,1
"CDC50B",-2.51652419768165,0.229494132182564,6.2671537040653,0.043561704487566,0.46755494359469,-5.2530957612035,1.49563722517954e-07,4.9246499442212e-06,-1.86289119332388,1
"MBOAT2",-1.33818591491408,0.100599528491947,3.31509776822227,0.190605604418256,0.120138084655522,-4.21908700897715,2.45293603382546e-05,0.000394994959034122,-0.572315571487038,1
"ZBTB7A",-1.20682710659927,0.135770441419637,4.6372034184138,0.0984110967722118,0.231341300842659,-3.27523481146153,0.00105574182119184,0.00951992918846497,-0.441939335013394,1
"ATG2A",-1.0533207050718,0.0567538103698253,0.861070266781363,0.650161078711587,0,-4.42143361550624,9.80481886458939e-06,0.000179054668312859,-0.563375849524257,1
"PFAS",1.14990971886396,0.0670601678267507,2.33249050169714,0.311534481814097,0.0289504816097735,4.44049542138987,8.97520145026753e-06,0.000166468921351406,0.853772714367063,1
"PPFIA3",-1.42541694952776,0.0590448574968739,0.988364001077079,0.610069739964812,0,-5.86611914099795,4.46113301855178e-09,2.20336035715518e-07,-0.758663837320566,1
"CDHR1",-3.10256579885267,0.165689892490972,4.19346283878421,0.12285734181189,0.260006030771465,-7.6220710479026,2.48689957516035e-14,4.91313387280543e-12,-3.95973000541869,1
"VSTM4",-1.53390614876713,0.157342325076638,5.04863119551411,0.0801131236297505,0.284766801691158,-3.86701633469211,0.000110175050844541,0.0014280044611948,-1.72348243478297,1
"PGAP4",-1.29139411890392,0.0578780521926395,1.44420856820321,0.485729067843137,0,-5.36786828502407,7.96727022134291e-08,2.830660392809e-06,-0.686694285546206,1
"MAPKBP1",-1.74328787841113,0.228439888794958,6.99245265333982,0.0303115537680844,0.488034576188195,-3.64739787171663,0.000264909552393444,0.00297772039108458,-1.75762150610977,1
"TJP3",-1.30052040399496,0.0587720062151648,1.65024411731413,0.438181505354638,0,-5.36453289062393,8.11589706550819e-08,2.87562994122721e-06,-0.844358062078039,1
"CENPS",1.0588000919543,0.0568066687462054,0.00538994087278844,0.997308657736428,0,4.44236572077366,8.89751602262123e-06,0.000165263121679428,0.512573717906361,1
"SOSTDC1",-1.90752487324463,0.511645786095441,14.8642717913681,0.000591921877373692,1.32367899391581,-2.66676968062008,0.00765841356649477,0.045709392269452,-3.30008665895863,1
"NSUN5P1",1.36475139946833,0.0978357194282829,3.28893878027972,0.193115004338554,0.115202907346731,4.36319704897688,1.28175395384122e-05,0.000225239754772719,1.10220098997055,1
"KCTD7",1.49851367238849,0.0684009781435461,2.24983855709852,0.32467867483424,0.0231412420719639,5.7296692631263,1.00626635912704e-08,4.50883404008848e-07,1.01159873457409,1
"MTMR1",-1.73593862311125,0.204152226706254,6.28838936531945,0.0431016205565334,0.416794264908586,-3.84199951187688,0.000122036079056365,0.00155615128928286,-0.630827396371092,1
"ATP6V0E2",1.58759668453138,0.177333658660063,5.58444789228555,0.0612847682234016,0.340890861808569,3.77002817705733,0.000163229117605912,0.0019891069761341,1.67068302360114,1
"SRRD",1.20420819221114,0.108496064786666,3.6267755645598,0.163100650293273,0.146228713267498,3.65590232548287,0.000256278927823539,0.00290167498117985,0.601616122324536,1
"AQP5",-2.02418016265315,0.0642376419507003,0.555622189668109,0.757439892309054,0,-7.98646088883083,1.33226762955019e-15,3.27762973994432e-13,-1.81089575292983,1
"ARAP2",-1.48859863176145,0.21007110881482,6.66768624370296,0.035655811789816,0.440172847157433,-3.24783869399532,0.00116285174174702,0.0103145740548567,-1.36943186710058,1
"KIF3A",1.19560786236984,0.151992741987335,5.04790798741659,0.0801420980979409,0.275020550620577,3.06674268041899,0.00216405062104874,0.0172055219803991,0.599559199929482,1
"SMPDL3A",-1.37573205449175,0.0584344884320549,0.91645479294299,0.632403653496229,0,-5.69113952878151,1.26194332761287e-08,5.44850299627291e-07,-1.1499065862882,1
"PAMR1",-2.70429240778655,0.270973524553817,7.52135641179343,0.0232679545584991,0.596142010930525,-5.19505582515382,2.04658417102266e-07,6.46135859708582e-06,-2.28570658926483,1
"PON3",-1.47203867674837,0.277212188070056,8.76368813203934,0.012502282316511,0.64004661355487,-2.79584480566719,0.00517642510033145,0.0340713815664926,-1.69711900076985,1
"RLIG1",-1.41661990827938,0.0595738500409861,1.41026855963706,0.494042229900911,0,-5.80397464950955,6.47610720605485e-09,3.02659361504477e-07,-0.882991062657975,1
"DLX5",-1.43800886959035,0.0923674462107446,3.01709399851679,0.221231193627971,0.0939371767864005,-4.7315354314601,2.22827913587409e-06,5.12425602339722e-05,-1.63891842578305,1
"TCHH",-1.29507217558123,0.0580660953559367,0.348081056676806,0.840262842511508,0,-5.37443310017259,7.68239996062903e-08,2.74440583799019e-06,-1.6351692922547,1
"ABHD5",-2.69818805020226,0.125084172956525,3.37654414227049,0.184838636226829,0.153471425107259,-7.62906005897032,2.35367281220533e-14,4.7214676612839e-12,-1.46052686472406,1
"STARD5",-1.92017471790817,0.0711846135497696,2.26265914491152,0.322604045698826,0.0250000196048075,-7.19693667501057,6.15729689457112e-13,8.45105202192766e-11,-1.56571020655409,1
"NSUN5P2",1.49762084736267,0.116855074350953,3.87913347916132,0.143766224500856,0.169821201352873,4.38104878138981,1.18109422495571e-05,0.000211252230441668,1.02203794829972,1
"DUSP7",-2.09969289923015,0.373025082569122,10.6647598426423,0.0048325552143372,0.905762087324627,-3.43784871986542,0.000586355181260378,0.00584070680554169,-1.23235947366279,1
"EXPH5",-2.43522349972047,0.153735700253618,4.4712930851807,0.106922977241795,0.254597623032514,-6.21085600975077,5.26967358638331e-10,3.27196542346914e-08,-1.94366136581109,1
"MEGF6",-1.84982945044514,0.151172770018942,4.73951612766594,0.093503345382745,0.261999628092443,-4.7576764478389,1.95834056215816e-06,4.60086533152796e-05,-1.84707661189964,1
"TUBB2B",1.95865212745675,0.334907762361709,9.83553478028859,0.00731544516323042,0.797832380808482,3.38450142923036,0.000713076477126595,0.00693865983974155,2.49974827477368,1
"CRYBG3",-1.76148292008502,0.138263903882933,4.34275860698122,0.114020239885572,0.223728940472344,-4.73722517914246,2.16664378682729e-06,5.00015368786568e-05,-0.817498933310457,1
"MYCL",-2.16722295050151,0.0803081162213411,2.39741030843938,0.301584464570528,0.0404788414127564,-7.64757723494394,2.04281036531029e-14,4.16190693020013e-12,-1.23745778300268,1
"TBC1D31",1.50349942671702,0.0599308069119036,0.704287743344378,0.703178947167444,0,6.14155300341112,8.17185430435075e-10,4.84330946701952e-08,0.812506332277221,1
"SHMT2",1.00687443951152,0.0572014429413159,1.91448666117189,0.38394985126534,0,4.20990042595073,2.55483262210365e-05,0.000408737740316587,0.513704751267853,1
"U2AF2",1.3861523961856,0.232745872361192,7.56513596300608,0.0227641583637396,0.512863673404878,2.87322731294645,0.00406301659990804,0.0284673151242348,0.392301290300131,1
"SFTPD",-1.95784756581624,0.123265062167961,3.72915951064693,0.154961317872211,0.171768108026641,-5.57646365402568,2.45457170144903e-08,9.95765358531394e-07,-1.86767335223794,1
"UNC93A",-1.33498494090448,0.0587286348715776,1.34843189768771,0.50955578182714,0,-5.50872907407662,3.61433676321354e-08,1.41099811543537e-06,-1.32612592395973,1
"NOP2",1.08260941941626,0.0575556215363515,1.88217202292003,0.390203839326667,0,4.51261130785713,6.40343097413343e-06,0.000126891088862805,0.421004620496836,1
"FBXL2",1.02369105555561,0.0565194388988208,1.34467415103596,0.510514072565203,0,4.3059599670549,1.66263125547239e-05,0.000280816696115343,0.589768394225056,1
"LSAMP",1.27917265431661,0.076124049298722,2.60187848154553,0.27227594023462,0.0531099760407559,4.63626472554138,3.5476157003167e-06,7.58317395351302e-05,1.51898660684565,1
"H4C12",1.05182715688153,0.152682041992184,5.13837086816032,0.0765979140691079,0.279422466999658,2.69184717391522,0.00710574982381185,0.0431340185999454,0.996493925981367,1
"PATJ",-1.46440003763182,0.135240026352875,4.37073292053803,0.112436522585327,0.220026324288992,-3.9820536596469,6.8322349168426e-05,0.000946711063556967,-1.1716374984241,1
"FCGR1BP",1.50168849139106,0.0873373685968534,2.90477363620859,0.234011079113985,0.0820050204573741,5.08135808678054,3.7474592495812e-07,1.09069466864485e-05,1.68057357446686,1
"SLURP1",-1.71063292731866,0.06089919812789,0.412924704319843,0.813456885775234,0,-6.93188006915475,4.15290024591286e-12,4.55039212659309e-10,-2.9284982975383,1
"TNFRSF21",1.39090417581479,0.0643880375892542,2.15090043485943,0.341144131687444,0.0137924072987602,5.48143939224537,4.21879251533142e-08,1.62748034341439e-06,1.37534810500707,1
"CLDN8",-2.59582237950614,0.339228589578777,8.96609672569897,0.0112989174035446,0.787060549753419,-4.45685750463354,8.31698467229636e-06,0.000156332142771755,-2.82511790324398,1
"IVL",-1.14731104619258,0.0574138282344603,1.03156146277401,0.597034289203587,0,-4.78820705388541,1.68277980572284e-06,4.06328997904077e-05,-2.15506527452969,1
"FBXW4P1",-1.26089591580573,0.120269653262144,4.06993079201011,0.130685004649023,0.183474708370309,-3.63581024064208,0.00027710826857108,0.0030806278543813,-1.05012841507553,1
"UPK1A",-1.25319235725616,0.0578643127078755,0.193661270278965,0.907709727246773,0,-5.20969547585939,1.89150830109952e-07,6.07472333449178e-06,-0.970151051688426,1
"CCNB1",1.61608799319671,0.187431096171919,5.87251558537985,0.0530639338859564,0.369990167116663,3.73288130748235,0.000189301812193454,0.0022562215074867,1.17335854706282,1
"KIAA1549L",1.66813377515388,0.0609830405486336,0.261413753331013,0.877474945079674,0,6.75501532622612,1.4281908988778e-11,1.36927802429909e-09,0.97325930552832,1
"RIMBP2",-1.28023010174,0.0582422251673728,0.544155774610142,0.761794924625393,0,-5.30480048894524,1.12796294304829e-07,3.83008042041839e-06,-1.08231884643535,1
"SLC38A6",1.09885682006395,0.0571047621747903,1.98784360847464,0.370122293775467,0,4.59838091948145,4.25786969060482e-06,8.92578181604441e-05,0.874424689126625,1
"CTXND1",1.50159687970075,0.189472648893504,6.04380286750915,0.0487085142414577,0.379666762241236,3.4496901908288,0.000561230235693211,0.00561617885126921,1.69416719411548,1
"ZNF280B",1.37686683435804,0.0682879880715675,2.28777968000635,0.318577393424933,0.0260677731255679,5.26889786542279,1.37245297127109e-07,4.5768322998475e-06,1.10117975262828,1
"DENND5B",1.12225619325285,0.0573181008004433,1.5400306698134,0.463005968103464,0,4.68755217636911,2.76492222384128e-06,6.17325699942919e-05,1.0378320389058,1
"GRB2",1.77666558290709,0.358218961526033,10.7597115034489,0.00460848664830129,0.872158312214118,2.96846138710549,0.00299294703053632,0.0222872851691394,0.767932926411529,1
"MINAR1",1.66717256228836,0.0845970305409384,2.70088547988814,0.259125510031607,0.0665647861255712,5.73195793645916,9.92778947939144e-09,4.46373955247534e-07,1.78966814562106,1
"UGT1A10",-1.03123669941745,0.0568819070215803,1.07046279138286,0.585533784472772,0,-4.32385663905591,1.5332495276299e-05,0.000263119093888991,-1.11084511370341,1
"DOCK10",1.50023019078508,0.0598222472092652,0.526568025193985,0.768523595930127,0,6.13375661577748,8.58277893200921e-10,5.04102948173279e-08,1.3660444981732,1
"CAMK1G",1.09714349018046,0.172673089969628,5.76879095747021,0.0558885651525161,0.337760461931088,2.64028677416039,0.00828359000571077,0.0486749572259859,0.675199788951999,1
"CDH22",-1.18730260189133,0.0574640091158048,1.32842878816823,0.514677702772756,0,-4.95294446382742,7.30988424457735e-07,1.95715771386127e-05,-1.17625687771123,1
"ZNF273",-2.12373409494387,0.417123392758386,11.8471813524405,0.00267557578191561,1.03613949304337,-3.28827299810506,0.00100804039646518,0.0092003504227525,-1.32038945108126,1
"PGAP2",-1.3526778603338,0.195352708019573,6.5268907244852,0.0382563636641662,0.405114756037017,-3.06044559777198,0.00221007907230297,0.0174649824386415,-0.732432343361382,1
"TNNT2",-1.14421543035628,0.0577462596970656,1.59871649245228,0.449617415223041,0,-4.76152282306443,1.92137563992389e-06,4.53034664899958e-05,-1.07964426979201,1
"ABCA12",-1.57278189480899,0.0600098912071309,0.00138465924793297,0.999307909980889,0,-6.42032601363771,1.35982780591348e-10,1.00173981702293e-08,-2.33477377828236,1
"LAMB4",-2.28471354908094,0.120976356466228,3.54159748897322,0.17019699061084,0.158266519209557,-6.56873145108623,5.07456299203568e-11,4.3246553498793e-09,-1.59357974043857,1
"HLA-DQB2",-1.97184280302343,0.177038147987987,5.27375729958173,0.0715843610622709,0.329141632331802,-4.68639467418094,2.78059812885978e-06,6.19662081459699e-05,-2.5707688938266,1
"TTC12",-1.02994657066586,0.0771308341262689,2.64987265102028,0.265819884495602,0.0571934309005989,-3.70852048148587,0.000208473800253239,0.00243792814484483,-0.636267206197707,1
"DLEU2",1.01615767974093,0.0704086920335222,2.45007327172213,0.293746938454374,0.0392902170475147,3.82955195084982,0.000128376780668349,0.00162200081699089,0.646743840885216,1
"FLG",-1.6902651859072,0.0617970643787693,1.77954866888241,0.410748434069359,0,-6.79940521631376,1.05051523036082e-11,1.06183473555618e-09,-5.16511108095773,1
"RAB40AL",1.01639471131229,0.134949453090064,4.66666721026297,0.096971941507607,0.231131217472017,2.76679404435691,0.00566105067449629,0.0364515751825961,0.820222102067735,1
"CYFIP2",1.2289170392339,0.0582298955254405,1.03686928636405,0.595451913532921,0,5.09271720068284,3.5296798861495e-07,1.0412555664141e-05,0.977499025076988,1
"DUOX1",-1.81341337091155,0.0925236549957558,2.87772392999756,0.237197544247853,0.0853276006633363,-5.96170419124201,2.4962072409096e-09,1.31773466454333e-07,-2.57872254683142,1
"PTCD1",1.30929053311921,0.150394384073895,4.97280060038822,0.0832089553778733,0.269482407941838,3.37613821643949,0.000735109798564393,0.00709481618318366,0.687138536692216,1
"UBXN8",1.04800744972991,0.0571378174188212,0.831972173623735,0.659689448803949,0,4.38432304581729,1.16347011975826e-05,0.000208672446926106,0.596261238241333,1
"DAAM1",-2.15597996505138,0.0647847139284032,0.943255978634123,0.623985599054663,0,-8.47048832228984,0,0,-1.55673193071219,1
"SLC2A14",1.43478734132946,0.058767971134519,1.28670520840876,0.525527581307913,0,5.91857543864843,3.24742055468619e-09,1.66705183513989e-07,1.14848816262608,1
"TGIF2",1.72190033955651,0.250086266262246,7.73958018967726,0.0208627481641587,0.555336746574466,3.44320666521366,0.000574859837549013,0.00573935484058314,0.743523931449745,1
"PPP1R13B",-2.35500312228189,0.454074781624645,12.4115471097072,0.00201774736664871,1.13781922212834,-3.4948440084432,0.00047433889616677,0.00486234659364664,-0.90837232719314,1
"KLK1",-2.81252257455949,0.2881796542643,7.52349684190126,0.0232430661635998,0.633168505251857,-5.23919253931311,1.61280703903088e-07,5.27052405561997e-06,-1.6155600760503,1
"KPLCE",-2.81938112006263,0.10397413103139,2.82175900476653,0.243928652951767,0.0911460222616303,-8.74361723498843,0,0,-2.78458045333871,1
"LINC00302",-2.28071346225879,0.104651341576559,3.11430196992943,0.21073560566289,0.11254922149003,-7.05014949328084,1.78723702504158e-12,2.17792369808571e-10,-2.83890220678105,1
"FCGR1A",1.76293321130575,0.0614011136786637,0.135464082465138,0.934510850406008,0,7.11455490351479,1.12265752250096e-12,1.42119722678544e-10,1.37346823670959,1
"HOMER2",-1.47261207091252,0.0592443480958343,0.00927895047365881,0.995371270503785,0,-6.05013260556734,1.44726652884231e-09,8.13401218516156e-08,-1.15479599369778,1
"ORAI2",1.75033761076077,0.203408924734635,6.24000125757659,0.0441571406541911,0.413700001990056,3.8809390558395,0.000104053915529922,0.00135811712171638,0.796515933419741,1
"MYH14",-1.34182839272714,0.157577781481676,5.15789785154408,0.0758536899962234,0.288819492125606,-3.38025517454441,0.000724185610823547,0.00702056221526262,-0.948661932922637,1
"STEAP1B",1.15227559958824,0.057213145287146,0.56033769213422,0.755656141116106,0,4.81735280475103,1.4547533389031e-06,3.56551292969127e-05,1.30138923189286,1
"ZSCAN18",-1.75327073364573,0.40427134746613,12.2463983585122,0.00219143394666375,1.01256112121167,-2.75748083329617,0.00582486280173922,0.0372528519567824,-1.26114564987867,1
"CINP",1.03906205398992,0.0723067717604624,2.48734050476795,0.288324051552482,0.0429466884203769,3.86413240155402,0.000111484741797785,0.00144265639444555,0.380183701485539,1
"ITM2B",-1.32786729806966,0.225153593377601,7.28466907133568,0.0261911284150812,0.488773796300527,-2.79843506653384,0.00513508931844608,0.0339533294711953,-0.65101054633869,1
"PERP",-1.34244267933631,0.0582943694634766,1.17099442536161,0.556828930565698,0,-5.56009800003949,2.6962320820445e-08,1.08506697894377e-06,-2.61947247059441,1
"PDCD6IP",-1.06960071269308,0.108028287811986,3.65726862509274,0.160632792234049,0.147083853589614,-3.25426516400347,0.00113686110181943,0.0101392147104128,-0.348206948133283,1
"GOLM1",1.61858129712313,0.0803347710149309,2.58811611597604,0.274155981783603,0.055263637913733,5.71061310594899,1.125698934068e-08,4.95877986530832e-07,1.34040067361334,1
"TRMT112",1.09251365959806,0.066727265981697,2.29285792235579,0.31776951290681,0.0259306799994535,4.22936542089324,2.34351419818868e-05,0.000379591076151331,0.382029350639344,1
"TMEM43",-2.25338573502158,0.140092835852709,4.1829701423649,0.123503587940977,0.219284700578198,-6.02043091759194,1.73953340620869e-09,9.5703696555085e-08,-0.816651655880565,1
"CHMP3",-1.55556498041003,0.0597970525141917,0.310955478454978,0.856006132074612,0,-6.36133502710389,2.00007566064642e-10,1.37984055762797e-08,-0.728891794908958,1
"ARMCX3",1.00805778690555,0.0568981125337387,1.04499795250213,0.593036710050108,0,4.22606817485083,2.37809970380365e-05,0.000384238439131298,0.573877030221419,1
"RNF130",1.00771446002135,0.0568924108630756,1.39846175499899,0.496967385637012,0,4.22484053743349,2.39110028983358e-05,0.000385860849989357,0.557457497431244,1
"CMPK1",-1.76016536481445,0.420486564562591,12.5789608559617,0.00185572387862041,1.05751671081357,-2.71442226636617,0.00663914794672893,0.0409173803140011,-0.869611990121018,1
"GPBP1L1",-1.53130900102332,0.110230573922848,3.57881957697509,0.167058740567278,0.146085572291361,-4.61223897077048,3.98354636077514e-06,8.41838914070454e-05,-0.634648779604381,1
"DCAF6",-1.04746095440853,0.10575961235847,3.59231109326249,0.165935595200205,0.140863490343088,-3.22090501679236,0.00127786491438164,0.0111601343728213,-0.464925764164331,1
"CNPY3",1.59173855983162,0.216307486388999,6.77272818138898,0.0338314616734728,0.456239821801875,3.42244093598703,0.000620615797277457,0.00613046165204604,1.1567254569551,1
"VPS51",-1.88787747869596,0.164384491435188,4.97577080959911,0.08308547308978,0.29458908369963,-4.65632606179739,3.2190199188431e-06,7.00714536257015e-05,-1.066087146112,1
"CHCHD3",1.72689277907231,0.0614320485996241,1.92736947578326,0.381484622184567,0,6.96735396069064,3.22963877863458e-12,3.66184869866229e-10,0.975171939442259,1
"UBE2Q1",1.0607432513702,0.15152949612352,5.08931539563524,0.0784999180755709,0.275597108604141,2.72496976461337,0.00643073757687995,0.0400402836683258,0.332894217468757,1
"SQOR",-1.00894351850452,0.108625005541653,3.69929608829943,0.15729251659405,0.149879722742453,-3.06127220949315,0.00220398622595241,0.0174485588343616,-1.14695773396165,1
"PHLDA1",2.32672534039163,0.272591269982124,7.68193663540575,0.0214727987837785,0.603323704795669,4.45645112919476,8.33275858780347e-06,0.000156332142771755,1.56040244849272,1
"CXCL14",-1.62181363170701,0.292943011925337,9.04944914399536,0.0108376990311907,0.682631907640719,-2.99646614449665,0.00273128564621405,0.020705368337782,-4.12899303667758,1
"RPS27L",1.18186667882,0.163157746837468,5.40652836634801,0.0669864992803525,0.307962264385198,2.9259347632919,0.00343422943944427,0.0248910048142934,0.655793867381689,1
"TMEM248",1.17419546294161,0.0579738481161151,1.78584595437571,0.409457167926414,0,4.87668084146982,1.07885780442629e-06,2.76369880391246e-05,0.520241030822825,1
"UBL5",1.08317854353152,0.0574523471797845,1.33206743110666,0.5137421898358,0,4.5190397397192,6.21207352402564e-06,0.000123623658183667,0.58355873937829,1
"DHRS4",-1.28740311040618,0.117853720393536,3.88957443506825,0.143017651749265,0.171919333396377,-3.75010049119531,0.0001767637182295,0.00212621966973658,-0.505013577717059,1
"MPC1",-1.51506312264531,0.326436804069406,10.243865387579,0.00596448422661884,0.785774593412209,-2.65174139811872,0.00800778476936514,0.047373724865424,-0.793392627470439,1
"RIPOR1",1.34344931333164,0.101396092872393,3.34180168558334,0.188077560986598,0.122509029336998,4.21901117229836,2.45376115359797e-05,0.000394994959034122,0.46281866605466,1
"RBM47",-1.25386726445433,0.0608115412853789,2.07551302303726,0.354248543643239,0.00674211439043379,-5.08462067068852,3.68361514402338e-07,1.07664151048374e-05,-1.25005576513666,1
"SLC38A2",-1.54472721686938,0.059518699226636,1.57556668363585,0.454851929885404,0,-6.33176930174453,2.4236568307856e-10,1.65455818935149e-08,-1.01859257318621,1
"BFAR",1.72989511332161,0.387265634104566,11.671720057464,0.00292091011299601,0.9597085444438,2.77981114717057,0.00543905195433836,0.0353891209743602,0.81816382761135,1
"TMEM9B",-1.39817795545253,0.0588842276409773,0.127114203219904,0.938420532447516,0,-5.76186341351509,8.31903101961018e-09,3.81943117833441e-07,-0.479659145466324,1
"ZDHHC3",-1.91918212742629,0.0624956508168959,0.994674351572573,0.608147896492702,0,-7.67699562362939,1.62092561595273e-14,3.40891114619478e-12,-0.735242458716399,1
"ASF1B",1.43403554109011,0.131508829865807,4.25307774988677,0.119249317208688,0.209014714715696,3.9544169431234,7.67215173098634e-05,0.00104860782411248,0.825934925619817,1
"SMAP1",-1.12246433620087,0.0572022982674054,0.209621649099709,0.900494857994233,0,-4.69316487976715,2.69010503162193e-06,6.02685214902376e-05,-0.576687101046126,1
"TRIB3",1.00151311177292,0.0679472198342464,2.35331680175392,0.308307258458033,0.0309645096231214,3.84211883825916,0.000121976748940877,0.00155615128928286,0.786231591728313,1
"CENPT",-1.4503933570014,0.0797613150781272,2.63129380506591,0.268300702683343,0.05782743209248,-5.13558177563878,2.81272539481847e-07,8.50931007495082e-06,-0.812474017343291,1
"ZNF395",-1.33156014968803,0.0946686852403048,3.20753941060906,0.201136860362112,0.107112144991312,-4.32770467370058,1.50671309957495e-05,0.000260719039651451,-0.96588348067552,1
"ARL5A",-1.24190141116208,0.0583462492321237,1.47698509530215,0.477833684386023,0,-5.14139119153942,2.72711571325246e-07,8.28877897088551e-06,-0.546114748282926,1
"HMG20A",1.71612446786741,0.280251116558338,8.55843613812243,0.0138534903251558,0.642396711468388,3.2417170677286,0.00118811913720362,0.0105243786888574,0.976605638620416,1
"ISOC1",-1.77271121659126,0.221051427991316,6.77356448425738,0.0338173179565668,0.46591633721842,-3.7704338890429,0.000162963970044006,0.00198773358784265,-1.28009744818681,1
"VPS4B",-1.21474731124318,0.169413316031594,5.58695360207025,0.0612080353793029,0.325724033360638,-2.95129196078566,0.00316447640797901,0.0232984798891238,-0.512990667569936,1
"DERL1",1.24144110135889,0.211128514716199,6.90775430771709,0.0316227919587363,0.449087710898626,2.70179674159932,0.00689659085787064,0.0421983332687824,0.539511129823108,1
"TMEM254",-2.41344654096583,0.169589191788256,4.94944259463265,0.0841864499775528,0.302893230588151,-5.86055300463825,4.61328242273851e-09,2.26137554549201e-07,-1.54202037156328,1
"EPS8L2",-2.19325552520156,0.0663670303342044,1.87171803975815,0.392248771274846,0,-8.51359603955549,0,0,-2.73609538434419,1
"CLDN1",-1.38233975260774,0.0584286926895803,1.33078262267575,0.514072326013291,0,-5.71875791848673,1.07305542229597e-08,4.74290496654817e-07,-1.89801409443184,1
"RAB25",-1.7941416782835,0.0624454797485109,1.13706691732423,0.566355413580496,0,-7.17969890827604,6.98552327094148e-13,9.29430999283735e-11,-3.46648376449463,1
"NANS",1.39624136020421,0.0591290937712632,0.907299377477997,0.635305248851637,0,5.74195635797589,9.35889454822814e-09,4.22251301087705e-07,0.776355223211779,1
"LMBRD1",-1.5387845608669,0.0601354946790198,0.58323964290119,0.747052495326312,0,-6.27498043868782,3.49678286326593e-10,2.3144442514784e-08,-0.698716549408264,1
"DHX32",-1.11955336195569,0.0987665627057838,3.33510961403071,0.188707929263654,0.118958153912252,-3.56237659371627,0.000367512678721038,0.00393108926812438,-0.436446206999235,1
"MKNK2",-1.30907880376922,0.0581672996881198,0.843970964261933,0.655743559323451,0,-5.42783127995022,5.70429234958425e-08,2.1010810154302e-06,-1.00007943170486,1
"SLC66A2",-1.30396914697597,0.0585874757615924,0.714887905044503,0.699461900919461,0,-5.38722261674432,7.15547849861053e-08,2.5631946193237e-06,-0.781736480795264,1
"MLPH",1.96076079213303,0.494169462172882,14.349746121284,0.00076558289453079,1.27202968052911,2.78924499212993,0.00528310834939671,0.0346163064159717,1.63954850870383,1
"PLEKHO1",1.44801519362834,0.136253414109308,4.39705221612539,0.110966590655255,0.222785517365063,3.92282940637839,8.75151193309165e-05,0.00117277455391143,1.4293249576772,1
"C1QA",1.09719274826897,0.0568563882728895,0.961606423014715,0.618286577415508,0,4.60143503035231,4.19590040556805e-06,8.83850490924101e-05,1.50777546156766,1
"AP1M2",-1.69647786927281,0.108416865199824,3.42814221071589,0.180130965713513,0.135940146594336,-5.15228378487022,2.57333228725898e-07,7.85800461207724e-06,-1.57344938865784,1
"DGLUCY",-1.16596201390883,0.125861034667591,4.21662330772709,0.121442830978068,0.198485475439131,-3.28653871723911,0.00101426829747719,0.00923536615279688,-0.597403539232931,1
"RHOT1",-1.48852217451312,0.0859925688246582,2.86056167497461,0.239241724763569,0.0778691444185445,-5.07603779842355,3.85386659917941e-07,1.11916629369043e-05,-0.690120799586595,1
"LGR4",-1.43790590486997,0.267408802138021,8.48223569314569,0.0143914953643206,0.611477118039916,-2.78062624721815,0.00542541597696422,0.035318022428176,-1.53717333827992,1
"PFDN2",1.57697317266788,0.0605277734291652,0.991896831609649,0.60899305467926,0,6.40983656277666,1.45675693730141e-10,1.05525853919295e-08,0.71152846226639,1
"PHC1",1.76604012222183,0.123449435958624,3.83175726288478,0.147212430276067,0.177318499220877,5.0263880129345,4.99804127640502e-07,1.41351588338554e-05,1.13716852384508,1
"SESN1",-1.57951614308138,0.0603812285868498,1.08144596996583,0.582327086405385,0,-6.4279589726007,1.29328547870955e-10,9.63608534679646e-09,-0.786659603613756,1
"KIF4A",1.49498278710166,0.180702819985673,5.75574948753634,0.056254190450861,0.353033359778141,3.51684904461124,0.000436702064912087,0.00451558939285385,1.12272859662686,1
"MRM2",1.17869969172337,0.135714236703889,4.52304701568499,0.104191627014107,0.226940316588853,3.19956152505536,0.00137636806910457,0.011822439560642,0.485643820157221,1
"AKTIP",-1.75276091324154,0.0611153952266051,1.30949354850406,0.519573615347443,0,-7.09001848589259,1.34092736914226e-12,1.66517637773771e-10,-0.955363228389008,1
"HAUS4",-1.2168547215467,0.137903521452464,4.5845271955225,0.101037494560235,0.233096908332804,-3.27680843885393,0.0010498757243369,0.00948014513132193,-0.490651448835852,1
"FANCL",1.06580806611721,0.0567174250853032,0.881257696952628,0.643631547076596,0,4.47528553480933,7.6309262841967e-06,0.000145929946412047,0.778398032000268,1
"OAS3",1.27944331644603,0.123921790772609,4.0897352339853,0.129397318849773,0.190029873379202,3.6345212267491,0.000278497328652927,0.00309049078153661,1.03783253744,1
"ZNF281",1.69522129577137,0.297507765481669,9.098525977324,0.0105749954039769,0.694231611167898,3.107973065322,0.00188375235328997,0.0153226743197429,0.728886555641151,1
"SNX10",2.14151596276858,0.0648825216511168,1.66940237612304,0.43400414767979,0,8.40731763656234,0,0,2.62090882440415,1
"SLC48A1",-1.16380461400996,0.14153851995059,4.73709480435402,0.0936166148493686,0.245157347839549,-3.09344749887555,0.00197845555700105,0.0159536685267388,-0.630220993364196,1
"FBXO3",-1.5780896048713,0.066168018152305,2.15885837674666,0.339789426054382,0.0149048007352401,-6.13490151930884,8.5211970812793e-10,5.02750627795479e-08,-0.992683355384772,1
"PANK3",-1.34585274405446,0.0590450446798413,1.34045101237775,0.511593197345342,0,-5.538674162195,3.04770069181615e-08,1.21155394270094e-06,-0.562508599003501,1
"AACS",-2.25684575311103,0.0979762194320962,2.84897520898176,0.240631730242835,0.0883503063614467,-7.21010416330173,5.59108315201229e-13,7.75554608713705e-11,-1.80452471600106,1
"MCCC1",-1.64059875232959,0.383486134855005,11.7110248565943,0.00286406759574166,0.95111476039894,-2.64927806509332,0.00806639327610914,0.047634828771371,-0.846606917472153,1
"CMC2",2.05113793727993,0.432543786220339,12.474833544082,0.00195489895551132,1.08625908042533,3.11874472601691,0.0018162324227653,0.0148633513563121,1.05765400149221,1
"UFSP2",-1.07327516850623,0.0575162952622889,1.72337051242719,0.422449546360629,0,-4.4752327713497,7.63281106319624e-06,0.000145929946412047,-0.432856267916078,1
"CDCP1",-2.05648516792242,0.24431225139213,7.1393517472974,0.0281649812135783,0.526114611214581,-4.16057120140047,3.17452625506753e-05,0.000488120847167754,-2.24241535241268,1
"DNAAF5",1.09035388405161,0.155141057215076,5.19289378404587,0.0745379496495688,0.2857899298768,2.76824230676192,0.00563595361773506,0.0363682482923424,0.398162479260001,1
"TMEM14A",1.1106631747899,0.0586044094310734,2.02769362700433,0.36282058848247,0.00244544852240953,4.58793467606564,4.47652656898612e-06,9.30931896858213e-05,0.705630809863936,1
"SNRNP25",1.85117431379309,0.382636743717567,11.4279013223731,0.00329961111568202,0.944619659511845,2.99263657578685,0.00276578884572154,0.0209039020661639,0.80084878584179,1
"STK26",-1.4284109774202,0.22024916931173,7.03493300107555,0.0296745203950013,0.471758560437094,-3.04365931844338,0.00233719650048081,0.0182483264489636,-2.11418297958006,1
"WDR59",-1.20688443018684,0.0834990205552632,2.81668637044537,0.24454811862884,0.0730608940545158,-4.1766202900059,2.95872309739043e-05,0.00046155440628158,-0.448016983811867,1
"WDR12",1.38016064901086,0.0625489722676673,2.09610848905007,0.350619305258159,0.00876510427659733,5.51848099916485,3.41942434367581e-08,1.34294801256593e-06,0.536092810380629,1
"RANGRF",1.49930915036417,0.324152063553436,10.2150842474746,0.00605093711594257,0.780503259849366,2.63339978753507,0.00845347778234085,0.0494947897637819,0.735786601455246,1
"RNF38",-1.07126547025156,0.0992497016413687,3.36732319286612,0.185692797614837,0.121224047593521,-3.40041952905885,0.000672825364916863,0.00659621799485035,-0.447308997365049,1
"CD320",2.10398267084765,0.515205090357412,14.5957754813014,0.000676967196354456,1.32906266891163,2.93124477441925,0.00337606653671596,0.024606222231548,1.58821954443084,1
"FHOD1",1.35785500725191,0.0592977942001516,1.81583396808258,0.403363562290068,0,5.57614590427394,2.45905702467297e-08,9.95765358531394e-07,0.626370912164782,1
"TMEM134",-1.61197446602024,0.0607295098049144,1.11631758921232,0.5722617458627,0,-6.54121268702173,6.10220762808922e-11,5.00419404167644e-09,-0.967371075523852,1
"ECHDC2",-2.21298377869567,0.469439934753771,13.0727731627206,0.00144971748225098,1.18785436720748,-3.22989359039914,0.00123836298882751,0.010895421735035,-2.14634978002214,1
"LYRM4",1.3470283992717,0.123104998663996,4.03002954769915,0.133318433724915,0.186139088294568,3.83918383330094,0.000123443979518134,0.001568797318652,0.627399256105063,1
"CHMP4A",-1.5240228379562,0.246172070657483,7.79393496178526,0.0203033885972388,0.547916799136382,-3.07165252753888,0.00212877372586062,0.0169892834855041,-0.546291107049063,1
"DTL",1.41342146474725,0.105574016364814,3.44498498901442,0.17862038228636,0.133239225505177,4.35003909898805,1.36113260298387e-05,0.000237567167346257,1.26187521686429,1
"MRGBP",1.17672464506194,0.0574542165183245,0.836332515673082,0.65825277964368,0,4.90923583802041,9.14319694622634e-07,2.38914118200091e-05,0.607205050666136,1
"RBM28",1.37201619655902,0.0708772922681506,2.36199355252164,0.306972603048711,0.0330782348301393,5.15354033318146,2.55614064803567e-07,7.82383049524344e-06,0.780979773290504,1
"LIMD2",1.45701346966097,0.0590161117127207,0.219508938196642,0.896054117264603,0,5.99761066970758,2.00241889736219e-09,1.08789750011273e-07,1.5548111597578,1
"HECA",-2.57917817032416,0.747917683358957,19.3015883319943,6.43744227508834e-05,2.00014979325807,-2.98232139114723,0.0028607151427118,0.0214990574903857,-1.29722079511649,1
"PLEK2",-1.39818353599,0.171303155888465,5.53761534883011,0.0627367628127346,0.327808358976624,-3.37817000828166,0.000729699529364192,0.00706351311312524,-1.34820677678158,1
"SLC25A15",1.60980933776644,0.264233865415244,8.26954099029938,0.0160063382405666,0.599791968584802,3.13170036703376,0.00173797148892385,0.0143426647114418,0.739591583920714,1
"RAPGEFL1",-2.51865938125992,0.100928028202784,2.80959345826826,0.245416937496457,0.0881006904573503,-7.9279982199887,2.22044604925031e-15,5.26407200657724e-13,-3.91637988777205,1
"NCAPG",1.41697582997401,0.144036800454407,4.65787092674786,0.0973993771250681,0.24637964926143,3.7335821325285,0.000188775595584723,0.00225200822582726,1.21047462196042,1
"SCNM1",1.45719993101401,0.154239956065514,4.96126409923768,0.0836903124420095,0.27590196773166,3.71039969490911,0.000206932275496508,0.00242424972165226,0.572622946237727,1
"S100A14",-1.70203658505554,0.0695926544318072,2.22911917658657,0.328059728433524,0.0218810253936783,-6.45189350082261,1.1046119574587e-10,8.42282766859883e-09,-2.89212708376826,1
"SDF2L1",1.37529698425565,0.108254162353405,3.54442767472297,0.16995631639045,0.141834603100358,4.17997985486384,2.91534921101899e-05,0.00045743969148588,0.759535652297565,1
"LRRC8D",2.05775692772736,0.141241019003142,4.25987667218775,0.118844622050082,0.224779854470376,5.47537226032395,4.36592813013448e-08,1.67491442734091e-06,1.02290905551316,1
"SYBU",-2.59117847096481,0.749531037815376,19.3502554905994,6.28268677669479e-05,2.00553821861573,-2.99297104860668,0.00276275955963889,0.0209039020661639,-1.62346810444727,1
"EXOSC4",1.35215163047716,0.138278108016805,4.547300633752,0.102935745359652,0.232268714559523,3.63620769744742,0.000276681274700818,0.0030806278543813,0.601316780026902,1
"RNF43",-1.28545455068411,0.204065861395486,6.65416375293935,0.0358977063152304,0.427360737424031,-2.84558490048587,0.00443299403400332,0.0304309045528922,-1.30483399027792,1
"GRAMD2B",-1.38469558152031,0.16981486874449,5.49191181860427,0.0641869147404799,0.323349493507142,-3.36021022876465,0.00077883183625227,0.0074506150498117,-1.32416073060875,1
"NXT1",1.0765414743786,0.0569322862408126,1.65218297226428,0.437756925996977,0,4.51181676667593,6.42747031021074e-06,0.000126981492992178,0.340163944614417,1
"P3H2",-1.29328179803431,0.206317548058525,6.7181311705274,0.034767731251504,0.4338286581499,-2.84724658883659,0.00440991885328956,0.0303115086600119,-1.66438588952427,1
"HJURP",1.70291251101561,0.0783597691356135,2.49253668561151,0.287575931857903,0.0470780566624846,6.08339143922079,1.17666609789069e-09,6.75883226889722e-08,1.56713307966224,1
"OGN",-1.40331736978628,0.151086549077793,5.04048041007637,0.0804402822676328,0.273142909929753,-3.61029757734834,0.000305845912192293,0.00334557453781486,-1.77811450168671,1
"PTRH2",1.0230682845854,0.0565895013140166,0.0172609559299711,0.991406657700329,0,4.30067563234116,1.70278152615833e-05,0.000286484752510689,0.57670135075497,1
"NAA40",1.11682978068723,0.057548097427081,0.948448833648029,0.622367567141606,0,4.65555542094349,3.23108475108747e-06,7.02168567823824e-05,0.418274482092931,1
"PALMD",-2.28644708222288,0.329154541246727,9.19602246079003,0.0100718464217545,0.769816663434947,-3.98530192368538,6.739437668557e-05,0.000938841108550371,-2.44468093490621,1
"CENPM",1.25812834023765,0.0582474701639566,0.874671726777332,0.645754509686761,0,5.21298423396247,1.85826695142666e-07,5.99751058902282e-06,1.51301420110702,1
"FBXW7",-2.55884010899518,0.069320251742658,1.75233357634661,0.416375913650577,0,-9.7188098218598,0,0,-1.99836772867597,1
"KIF20A",2.06572526949292,0.571756888143814,16.1485035358072,0.000311456222322534,1.49689774687068,2.73191296662247,0.0062967772375726,0.0394337410096494,1.66574514772474,1
"MSRB2",1.18314255291793,0.167090463213745,5.53992626300088,0.0626643150388357,0.319836740820439,2.8944179509674,0.00379862170335765,0.0269625630865979,0.763075263586353,1
"REEP4",-1.72213181720892,0.0608610991148143,1.87540385827934,0.39152655807291,0,-6.98066014851809,2.93787216776309e-12,3.38999249517371e-10,-0.788666779786736,1
"EPS8L1",-2.22421265404298,0.138672592445173,4.0054845543479,0.134964664780086,0.208540196974694,-5.97284149692092,2.33156405293755e-09,1.23582372708344e-07,-1.45201843973048,1
"HOOK2",-1.99634177546602,0.155704159639226,4.67735003391799,0.0964553553103261,0.267210455130844,-5.05923423964693,4.20943510492933e-07,1.20896088839589e-05,-1.4488524621506,1
"NT5DC3",1.72337877719984,0.0615811339985077,0.520192020889242,0.770977560351653,0,6.94475452533749,3.79118958448998e-12,4.22507017027051e-10,1.01014443542198,1
"SMYD3",1.61785945288866,0.169177254479689,5.31183634005835,0.0702343220016462,0.315905710448544,3.93341531532134,8.37473526502652e-05,0.00113276113195727,0.752197564636931,1
"BSPRY",-2.11697365930035,0.122029893171999,3.70297184152242,0.157003697844549,0.168455181546188,-6.06013555559531,1.36006872430983e-09,7.7104069983808e-08,-1.81146628775375,1
"FERMT1",-2.31142076932543,0.135542347479731,3.89318310847878,0.142759832417102,0.197929761992571,-6.27829198831341,3.4231262269202e-10,2.29169441065603e-08,-2.76770001252815,1
"UGGT2",1.61124299454004,0.0607939121464232,1.54386225964378,0.46211979276022,0,6.53478037829165,6.3703042840757e-11,5.19139984750394e-09,0.823366634065416,1
"ANO1",-1.81772060992787,0.072256010358913,2.30477528299518,0.315881656117432,0.0289231340201841,-6.76223318007749,1.35880195983873e-11,1.31240138921016e-09,-2.07966812501946,1
"VAV3",-2.52506387405214,0.738507829467064,19.2045877234775,6.75735541850239e-05,1.97394429593326,-2.93829107889892,0.00330027007776135,0.0241889946846151,-1.8515879236054,1
"TMEM51",1.32776951747843,0.192529543950763,6.2458878695471,0.0440273637580579,0.391835193526601,3.02603539076145,0.00247783298699189,0.0191514311306386,0.918550238175791,1
"PNMA8A",1.9696497953511,0.480658153609926,13.8853295131865,0.0009656928291229,1.22979824168315,2.84099754443116,0.00449726586739296,0.0307106880164896,1.68265294610278,1
"SLC35F2",-1.27116164982607,0.188445156071673,6.15716508260128,0.0460244481894403,0.380925576527232,-2.92825094922372,0.00340874797861801,0.02474758624343,-0.778806466508491,1
"CHD7",1.05732221488987,0.0570944286660698,0.595981319589444,0.742308273027045,0,4.42497163734091,9.64549549320459e-06,0.000176888348433045,0.58284534883183,1
"HEY1",1.72438630002387,0.0617227867792195,0.837672363444661,0.657811948061999,0,6.94083628452579,3.897770994854e-12,4.30703694931367e-10,1.96545401631823,1
"ACSF2",-1.3381285148015,0.0802706789862697,2.66849997339395,0.263355621622791,0.0608316670184193,-4.7230153504983,2.32373302599953e-06,5.30633186094709e-05,-0.943003483740628,1
"DUSP22",-1.20322075897669,0.184078931094433,6.07616892923509,0.0479266067333039,0.369645946447658,-2.8044214112862,0.0050406974373991,0.0334652005530788,-0.599429432760269,1
"PPP1R13L",-2.95679398045157,0.203010378910171,5.11392358518543,0.077539965428538,0.370061845216114,-6.56238860591252,5.29525312487067e-11,4.45450358033475e-09,-2.31896007838395,1
"TPPP3",-1.51398974284321,0.0595835283038916,0.303582256517385,0.859167717858104,0,-6.2024007636487,5.56082513369915e-10,3.42016976029732e-08,-2.50520556274485,1
"SIRT1",-1.02047473947138,0.138240156901109,4.67397666881949,0.0966181821549061,0.237046346492599,-2.74463849187398,0.0060577588162527,0.03825374257727,-0.491553603888538,1
"ARMH3",-1.39339532905296,0.0587386536332497,1.57643995570691,0.45465336849467,0,-5.74926539089698,8.96320306864595e-09,4.07216741505486e-07,-0.673383176694959,1
"TLCD3A",-2.37368396455277,0.0673590815480831,0.181196749339943,0.913384475584792,0,-9.14586565117759,0,0,-1.46948977556884,1
"CERS4",-1.28790324997978,0.0581063968011292,1.26917246940168,0.53015480260262,0,-5.34282889892747,9.15071305396253e-08,3.1902713238133e-06,-1.63193709144293,1
"RAB17",1.51966357147191,0.131657412099766,4.21945569133111,0.121270966361779,0.207788589678916,4.1881747660741,2.81206936996181e-05,0.000443905236258257,1.46892509999558,1
"HSPB7",-1.11946295237238,0.105083066848357,3.55601089633239,0.168974840458869,0.138199248371085,-3.45337194080472,0.000553625091263221,0.00554880892334621,-1.08496636098688,1
"PLCXD1",-1.42029626194664,0.0589022452307417,0.00979604576861301,0.995113952869298,0,-5.85211725599892,4.85354245682856e-09,2.35261487340474e-07,-1.06436291076993,1
"KRT23",-2.49001950428845,0.098976307889726,2.80256095597081,0.246281404034885,0.0855485050531474,-7.91474859214671,2.44249065417534e-15,5.68707779282006e-13,-4.22108754178266,1
"DNAJC12",1.16976429253513,0.111327394412713,3.80199633740178,0.149419398994162,0.158295130011172,3.50588234934625,0.000455096333906058,0.00468720465861065,1.40864141428364,1
"SDHAF3",1.08733173395642,0.0573656766265887,1.47178025517209,0.479078827844439,0,4.53979249906588,5.6309615843464e-06,0.00011348084713801,0.953166749907661,1
"EDN1",-1.18738793561561,0.0576307902875421,0.589231114749669,0.744817872170409,0,-4.94612792310101,7.57042196264379e-07,2.01862437568328e-05,-1.10568016354141,1
"TFPT",2.00458081815085,0.451937591170916,13.0363244950988,0.00147637983141977,1.14375934542765,2.981840004966,0.00286521693632591,0.0215204859635677,1.29920973852594,1
"INAVA",-2.37409760251635,0.123951021219497,3.55311860425745,0.169219379531819,0.162829678759725,-6.74331604832935,1.54811718999781e-11,1.47342336061178e-09,-2.55807044602499,1
"PLEKHA1",-1.97382422875457,0.205913778414996,6.40964768381294,0.0405660470460025,0.424490380751235,-4.34976477297005,1.36283642284685e-05,0.000237567167346257,-1.37469763482274,1
"MORC4",-1.73537738961302,0.255348064360024,7.82549589601803,0.0199855064025304,0.568866786410425,-3.43421633516892,0.000594269704653705,0.00589701878156747,-0.687663830100327,1
"REPIN1",1.42539197644366,0.0592672251645148,0.714169934518096,0.699713042509431,0,5.85500152584319,4.77005634991201e-09,2.32077480397398e-07,0.824452878724426,1
"LAGE3",1.05926531612456,0.0572150285576142,1.26848749648311,0.530336404540162,0,4.42842906751025,9.49219254020583e-06,0.000174814545948791,0.523994996935743,1
"PPCDC",1.20992677237993,0.0581528959450939,1.18504135431534,0.552931764177307,0,5.017338626638,5.23921759310042e-07,1.46282993996652e-05,0.704888540087969,1
"HGH1",1.38616812351377,0.095598113444597,3.18359370539636,0.203559516456684,0.106875743085241,4.48323234178048,7.3520803955951e-06,0.000141810319938113,0.578404074960153,1
"PXMP2",-1.06744092824522,0.0867630510373902,2.95968097377657,0.22767400247604,0.0848121741135503,-3.62390198476678,0.000290191614237933,0.00319848559429283,-0.705922831505637,1
"SLC24A3",-2.5994151371144,0.863021760598428,22.195505062994,1.51463264872965e-05,2.34437988317656,-2.79810991541474,0.0051402617053562,0.0339533294711953,-2.30709123600072,1
"IPPK",-2.43670196328563,0.068793414910813,1.40650164079867,0.494973615230199,0,-9.29028375664516,0,0,-1.39271847319098,1
"PID1",-2.03261618791462,0.453177368598727,13.2973175411335,0.00129575885042737,1.15323183442821,-3.01940432881334,0.00253272270927951,0.0194947883154047,-2.54025035570374,1
"JMJD7-PLA2G4B",-1.79780800083939,0.25796139433423,7.81774560752851,0.0200631033752714,0.574335964265212,-3.53969588515656,0.000400588359258158,0.00422253162196211,-0.964033290718726,1
"TIGAR",1.34228056622714,0.0586733173972065,0.498176633667961,0.779511126389836,0,5.54144440442585,2.99986819829456e-08,1.20354712115578e-06,0.844887312455809,1
"ASAP3",-1.75853088487321,0.0621468628798549,1.73367217669529,0.420279174072405,0,-7.0540802298389,1.73749903353837e-12,2.13728772625536e-10,-1.52298360433976,1
"SPAG16",-1.75521612892392,0.291911650431947,8.86631747548229,0.0118769143012087,0.676283446285852,-3.24866468082694,0.00115948071207783,0.0102986846081627,-1.47095408367608,1
"HSD17B14",1.01293098678789,0.0564570094419101,1.23289795236404,0.539858086801391,0,4.26305486624618,2.01650980220514e-05,0.000333670955722751,0.831478726319139,1
"IL20RA",-2.27919030787792,0.0667590981509944,0.376867034584383,0.828255566281062,0,-8.82115308135318,0,0,-2.83456914414355,1
"FKBP11",1.33512961750152,0.16117952636806,5.40349658844386,0.0670881203782397,0.303714315677535,3.32558836791391,0.000882321264885855,0.00825885640548935,1.36774467862258,1
"WDCP",1.14475795107914,0.0572063946315229,0.782056695419097,0.676360982482846,0,4.78620592221851,1.69963675067386e-06,4.09640731830619e-05,0.624314161423038,1
"NMRK1",-1.56919536845362,0.113793825982035,3.6330465596947,0.162590049513105,0.15379080573675,-4.65176394097764,3.29107690588692e-06,7.14015836536766e-05,-0.825111054140272,1
"PBK",1.43221787754969,0.196305673554323,6.28585940312947,0.0431561777913611,0.400683917723404,3.23253074850411,0.00122698930236931,0.0108099415632388,1.49478362070474,1
"CKLF",2.33801776736633,0.0675971566295086,0.675599520309305,0.713338112311525,0,8.99256515158107,0,0,1.02014118111178,1
"NARS2",1.0895048477469,0.0757897698869561,2.59388990544823,0.273365663654432,0.0524842788486612,3.95752687473227,7.5729769380084e-05,0.00103613899574703,0.738259731710456,1
"EGLN3",-1.88965754029139,0.161713473928869,4.89753658010158,0.0863999406537039,0.286725761721725,-4.69904929982014,2.61375359333904e-06,5.87598846612892e-05,-1.37347476728893,1
"PIGV",-1.16954358022114,0.0577249950484718,0.657339962616874,0.719880551587167,0,-4.86781940035198,1.12836373089564e-06,2.85130517192796e-05,-0.584575918389478,1
"SSH3",-1.9619032837101,0.347075567414487,10.1582366127482,0.00622539548841419,0.83331202827877,-3.33016362622906,0.000867949628810871,0.00813601381025517,-0.821349205232123,1
"TIPIN",1.10936024315299,0.0574546692298623,0.902510215076553,0.636828361738203,0,4.62817671880795,3.68899168079473e-06,7.83400041138151e-05,0.782823024435961,1
"RNF128",-1.3376120296308,0.151448691653747,4.93777199461704,0.0846791392666355,0.270003919125644,-3.43714143221988,0.000587888539274273,0.00584829603965963,-2.27637042320067,1
"MAP3K6",-1.29334249384434,0.12654087745809,4.29176318262172,0.116964876359352,0.202558265167015,-3.63578443530349,0.000277136012975632,0.0030806278543813,-0.978447260035071,1
"PCOLCE2",-1.74604283484225,0.373082195968846,11.2670760969661,0.00357590120788425,0.918011988698366,-2.85859501259258,0.00425521656552075,0.0294812799138284,-1.5151874499233,1
"ZDHHC13",-1.03391835615415,0.0682354172854793,2.36401056235526,0.306663175724927,0.0319654501116164,-3.95805039952708,7.55640156657744e-05,0.00103495714313659,-0.769179766158133,1
"ECHDC3",-1.94171802802852,0.110803597777914,3.36760081640623,0.185667023057861,0.135476479222024,-5.83323176138342,5.4363973323035e-09,2.57764308421474e-07,-1.23810823237278,1
"GRAMD1C",-1.72449084850326,0.20555025009456,6.33114699169616,0.0421899391197816,0.420915669040055,-3.80366174969842,0.000142572825956755,0.00177386171531501,-1.66378176514374,1
"ZNF219",-1.1250415481275,0.0570029122646152,0.635754213350417,0.727692211435025,0,-4.71216011808049,2.45104668050722e-06,5.55812133341454e-05,-0.670583625097424,1
"CDC37L1",-1.53096120150683,0.282320298680813,8.84728735852729,0.0119904631907887,0.65363889974406,-2.88133087060456,0.00395999697138794,0.0278352563395834,-0.776090948789528,1
"DIABLO",1.23433134194442,0.146751378338121,4.84438668954496,0.0887267954286163,0.258230912790411,3.22211222138888,0.00127249284582498,0.0111430720058508,0.326788389987415,1
"TRPM4",-1.31920469102853,0.196197089968596,6.57555576329682,0.0373367239030061,0.408192580747604,-2.97828261346596,0.00289868571184226,0.0216985404838303,-1.57863677967124,1
"AEN",1.9824521869736,0.419820175230676,12.2824863462276,0.00215224633969827,1.05162597070245,3.05964520601441,0.00221599336105016,0.0174905190282888,1.5348258131291,1
"NAP1L2",-1.48458719493512,0.108665833385115,3.51675359471425,0.172324354274154,0.140922356051789,-4.50359369824617,6.6813889330053e-06,0.000130808754200384,-1.67650438161599,1
"OTUB2",-1.31381658804907,0.0582627907421553,0.0299564668047857,0.985133382371617,0,-5.44300958782441,5.23878260771937e-08,1.95726322126226e-06,-1.35516629695555,1
"IFT81",1.18396884417286,0.070208960745743,2.39116007268473,0.302528425799082,0.0348229884721741,4.468317265796,7.88373183091551e-06,0.000150067123128916,0.97368867181449,1
"GAREM1",-1.31597393193651,0.0588001918386885,1.13835937108192,0.565989537721401,0,-5.42697617458265,5.73167757700332e-08,2.10522095567736e-06,-1.35781466542972,1
"CCDC88A",1.43602303021819,0.103829159242219,3.37945723210485,0.184569606425292,0.127567560753529,4.45658030122844,8.32774153392002e-06,0.000156332142771755,1.01853309498275,1
"GRHL2",-2.34670850027634,0.206811615956288,5.78035482746369,0.0555663535027982,0.404715461822896,-5.1602611677993,2.46605578624326e-07,7.56585915219432e-06,-2.17658599708669,1
"PGS1",1.11321074602219,0.0622981922081376,2.17741468581383,0.336651387365765,0.015394115337178,4.46004938777422,8.19407684260476e-06,0.00015484430137786,0.543437044078919,1
"ESRP2",-2.10193769965586,0.0713955086423,2.16720630152805,0.33837411355464,0.0168246944057387,-7.8665515619786,3.5527136788005e-15,8.12698836103153e-13,-2.28744525859994,1
"TMEM45A",-1.7230151573822,0.0827101650123033,2.6235155813023,0.269346185816723,0.0595170841913105,-5.99114256711395,2.08371875309865e-09,1.12271110833278e-07,-2.54080504696581,1
"ELMO3",-2.0680736940792,0.103899293719123,3.12708947550599,0.209392512574658,0.112798381736117,-6.41593141448885,1.39964484446864e-10,1.0252791644397e-08,-2.15013110541906,1
"PXMP4",-1.0090462592085,0.0564174918982841,1.14824985748567,0.563197491172317,0,-4.24819251195786,2.15502174489846e-05,0.000353357128659239,-0.406977022266134,1
"ARHGAP10",-1.40527162235781,0.211367532521337,6.77721587641505,0.0337556341368641,0.44595751218992,-3.05661779789405,0.00223849503764795,0.0176148079637246,-0.860829812605776,1
"C1GALT1",1.54923514467833,0.128173209855343,4.14881357159407,0.125630931445476,0.199165458968024,4.32731699362574,1.50936661247325e-05,0.000260719039651451,0.894608942822487,1
"RIC8B",1.25760815212,0.0580103635952612,0.0988969964182388,0.951754173918686,0,5.22146715101172,1.77511120469376e-07,5.74334367196077e-06,0.446055900416573,1
"PAK6",-1.99611253533962,0.0736572606394661,2.31135541975512,0.314844091633807,0.0299912104074658,-7.35490792798832,1.90958360235527e-13,3.07395809766795e-11,-1.96433394266905,1
"C3orf52",-1.4452595215365,0.109421228471384,3.65679809611851,0.160670587871339,0.148792108883883,-4.36913079580807,1.24742041207604e-05,0.000221595568842772,-1.47043734993582,1
"C1orf116",-3.71797374414082,1.21924948689961,25.5741226784898,2.7967253606696e-06,3.33696253677548,-3.36713111314377,0.0007595456735221,0.00730362539605801,-4.05268935179721,1
"SHCBP1",1.15290849558227,0.0577352611920302,0.912474895434256,0.633663357316093,0,4.7981549850831,1.60133852489253e-06,3.88824078697833e-05,0.893528853475187,1
"SOWAHC",-2.25760731073353,0.131221807661153,3.92428003762913,0.140557303563408,0.192962290845251,-6.23225758321248,4.59760673976461e-10,2.88212472498994e-08,-1.48716115442962,1
"TMEM40",-1.39127191709281,0.105887312206861,3.48860425509649,0.174766911431665,0.135860918830668,-4.27553097083515,1.90682289553656e-05,0.000317535935311638,-0.979310969330324,1
"ELL3",-2.1245091949957,0.217902586793562,6.3066980388789,0.0427088543063473,0.445148034834177,-4.55121573352412,5.3336824152872e-06,0.00010792583280241,-1.52235979210574,1
"SLC47A1",-1.84203830350486,0.367254469198526,11.3018776753789,0.00351421594730364,0.906041798614848,-3.03959073422678,0.00236899831338633,0.0184617978640867,-1.50805662853748,1
"BCL11B",-1.90251142154125,0.145785405673056,4.43730998860064,0.108755286978553,0.240168521339781,-4.98276319460987,6.26826442307049e-07,1.70630271007132e-05,-1.8694338605673,1
"CLIC3",-1.26510853065258,0.061242180452612,2.11231633064944,0.347789396343854,0.00993965645271428,-5.11213673913785,3.18535114729457e-07,9.50752983610596e-06,-2.44974505451703,1
"ELOVL4",-2.53723425739495,0.112857087083035,3.14601476261083,0.20742045103842,0.123856142545026,-7.55259415642628,4.2632564145606e-14,7.9412286270651e-12,-4.04236040382835,1
"GEMIN6",1.75928258167827,0.187462705700769,5.75496939192377,0.0562761365541771,0.366175867821456,4.06329320900727,4.83851882395747e-05,0.000711040535700359,1.22254709270818,1
"NRIP3",1.48167497170405,0.144102614318212,4.64623479973712,0.0979677045659873,0.24607357484248,3.90316593629152,9.49425626231015e-05,0.00125553354365377,0.880714751942578,1
"RTL10",-1.2132912899327,0.0698883775359579,2.39098548004875,0.302554836569506,0.0345740177195074,-4.58947069016489,4.44371386243425e-06,9.27065360836483e-05,-0.787374470790407,1
"CCDC28B",1.77903855064666,0.378981581768454,11.3728596752797,0.00339168022888935,0.934221832323524,2.88985669470737,0.00385417479915939,0.0272974390039323,1.050299771029,1
"ZNF767P",1.11361360694701,0.113251277612497,3.84603483961882,0.146165254123006,0.163161139716699,3.30912348470026,0.000935885499677713,0.00862403606381463,0.47230440354502,1
"PDZK1IP1",-1.31852884795166,0.0641176317823401,2.19771495797159,0.333251613246336,0.0175465455735444,-5.20715972612807,1.91753028122577e-07,6.11312404325251e-06,-2.18283978851213,1
"CHST11",3.2705637221833,0.823590545210009,18.7770908515242,8.3677082287053e-05,2.18990145841395,3.60385193008406,0.000313535718835078,0.00341251438889031,2.56001821176788,1
"DET1",1.31830896837136,0.0586746744900142,0.74002998231721,0.690723975807066,0,5.44241759618452,5.25622774194545e-08,1.95817010077791e-06,0.640265549204185,1
"SUGCT",1.05601433809275,0.0567009036152794,0.216337190483801,0.897476273445204,0,4.43480802617118,9.21543710807882e-06,0.000169957686636831,0.906003854184642,1
"NLRX1",-1.08861942785934,0.0570339357906393,0.5847159007731,0.746501277722693,0,-4.55836827603075,5.15525817612605e-06,0.000104866476378327,-0.701742439969671,1
"RAB11FIP1",-1.44282559383642,0.0589722985532197,0.588420366507296,0.745119863266336,0,-5.9414139251465,2.82574097454358e-09,1.47971231193067e-07,-1.35419899550971,1
"RTP4",1.08135338180592,0.0569669376093335,1.60895332956755,0.44732196465092,0,4.53060506321184,5.88149966218587e-06,0.000117801649915886,1.14093239758162,1
"STK32B",1.16859211776293,0.0580089393788561,1.49446201540436,0.473676344652278,0,4.85194076497742,1.22259142365522e-06,3.0480630158777e-05,1.47378009605226,1
"SMPD3",-1.22128034342599,0.0576926723835819,0.02994414105655,0.98513945364335,0,-5.08457946286254,3.68441493758809e-07,1.07664151048374e-05,-1.399068669345,1
"MNS1",1.02226214892829,0.111506694787955,3.8040101488502,0.149269023465702,0.158762192534855,3.06134171298768,0.00220347462711112,0.0174485588343616,0.723759752044704,1
"TDP1",1.12341545649162,0.109139782097922,3.67416891729132,0.159281140541351,0.149408694924514,3.40054756292616,0.000672510351705791,0.00659621799485035,0.398570075477101,1
"TREM2",1.16498270486595,0.0597397278185046,2.08104007829908,0.353270919472559,0.00710934263794866,4.76637116086449,1.87573580512357e-06,4.45898199339806e-05,1.79604713665042,1
"POF1B",-2.02986694017406,0.0637747206189644,1.7015005987486,0.427094363069073,0,-8.03791275612509,8.88178419700125e-16,2.31619168289399e-13,-3.59802940866098,1
"FZD10",-2.00489682254731,0.173952951275549,5.17915476867606,0.0750517514296121,0.319892732377047,-4.80702218962446,1.53194993046668e-06,3.74065452122754e-05,-2.28843402233892,1
"GFOD1",-1.02993737469881,0.0570306624104829,0.87712311847747,0.644963495934242,0,-4.31277310267429,1.61219548842073e-05,0.000273716366842681,-0.587531178544748,1
"CYP26B1",-1.50162271261314,0.131568597942309,4.23842786225962,0.120126018731814,0.208466322213937,-4.1398509500925,3.47531551283531e-05,0.00052752781108102,-2.3510823387469,1
"FRAT1",-1.1194435315097,0.0763007356320813,2.60098074144298,0.272398184183646,0.0533406548531881,-4.05263815231049,5.06432999658468e-05,0.000741120076604575,-0.421187915083424,1
"FGD6",-1.23396501499879,0.0576936288197667,0.0504424322082498,0.975094181631678,0,-5.13734721139343,2.78643847773097e-07,8.44938867700793e-06,-0.894736837931745,1
"MMP28",-2.54873992891583,0.075244247611418,2.13454805976959,0.3439448239785,0.0144695529951194,-9.2915650293365,0,0,-3.01720990460058,1
"RNF39",-1.84100089923397,0.062702297607138,0.774334182372,0.678977634269585,0,-7.35211468788504,1.95177207729103e-13,3.09058107084951e-11,-1.82044882462563,1
"ASPM",1.39085238794154,0.13435857156497,4.37704071816424,0.112082467790179,0.218852969524458,3.79444578045636,0.000147973611828833,0.0018340569625819,1.40550633504737,1
"GPR87",-2.0537676001768,0.0646195386362276,0.703667409492582,0.703397083847486,0,-8.07921883672159,6.66133814775094e-16,1.80952475226093e-13,-3.09254077830167,1
"AKIP1",1.40827371805399,0.18552996246005,6.00214145673703,0.0497337884706164,0.370544871794254,3.26949024543249,0.00107741452080257,0.00970193918283471,0.718493271138905,1
"GIPC2",-1.70627916717634,0.0702261668251502,2.2543925872868,0.323940217649037,0.0241067690882077,-6.43873581883788,1.2047274289273e-10,9.08002366808269e-09,-2.07847927610843,1
"HOOK1",-1.41783031877438,0.0597079536754925,1.79558694564979,0.407467757217248,0,-5.8024066933888,6.53697718178137e-09,3.04413019547312e-07,-1.64791514998109,1
"ZNF750",-2.10606779057799,0.0656300907165237,1.79772205127888,0.40703299597278,0,-8.2209279877252,2.22044604925031e-16,6.58009000822155e-14,-4.62895714761071,1
"LGALSL",-1.42190814004896,0.0677830216564647,2.2519687837517,0.324333039353969,0.0231605683444196,-5.46148918401362,4.72157020148245e-08,1.78966726328865e-06,-1.83513731055879,1
"EPHX3",-1.66636168951889,0.060692765749532,0.168507964428607,0.919197766561151,0,-6.76395653405422,1.34272593044216e-11,1.30655249306233e-09,-3.04465367449551,1
"CASZ1",-1.81903623850303,0.0626664124147506,1.78208762898246,0.410227327963616,0,-7.26647752827525,3.69038133385402e-13,5.2909708360614e-11,-0.803963017396612,1
"CLCA4",-1.92958927008941,0.0628382612326696,0.113427000471168,0.944864734115708,0,-7.69755491333562,1.37667655053519e-14,2.94270254793908e-12,-2.16571020199151,1
"ACVR2B",1.08526977980244,0.0570480865819661,0.262187508994859,0.87713553513468,0,4.54377867134217,5.52546743559645e-06,0.000111527197976381,0.48011080206032,1
"IL22RA1",-2.24225494464151,0.0667368605211221,1.25098825912762,0.534997005357823,0,-8.67964782619156,0,0,-1.74184553545366,1
"NOD2",-1.12684066347933,0.134335910444881,4.49789914989841,0.105509996716416,0.223700611826505,-3.07444302466127,0.00210895999631444,0.0168497116372206,-1.43489033119955,1
"PLEKHG6",-1.35996137325668,0.0587332326440384,0.712183682412302,0.70040829093902,0,-5.61157305155181,2.00495615665375e-08,8.29924550051054e-07,-0.659430372663938,1
"GAN",-1.94519366373273,0.305391974408942,9.54142345479566,0.00847434658843318,0.723192410105804,-3.51993007692298,0.000431660580406668,0.00446853978531725,-2.17614115756833,1
"MAB21L4",-2.19959965148519,0.06595844856334,0.412527750469712,0.813618354219946,0,-8.56462645980336,0,0,-1.59909187840305,1
"PLEKHA8P1",1.24560725523647,0.0742089266847035,2.54928297473623,0.279531165713215,0.0483301535832504,4.57249305021904,4.81955214404195e-06,9.92766831061027e-05,0.822182742942696,1
"EPB41L4B",-2.89058293487728,0.564316696792631,13.934301633617,0.000942333966704313,1.44101225366636,-3.8479018369296,0.00011913376769801,0.00152591866111429,-1.98009392544246,1
"ATAD5",1.03981974434309,0.0566768633909689,0.110038205858846,0.946467067487198,0,4.36772368573404,1.25548187732694e-05,0.000222384808558377,0.603431274735322,1
"IRX4",-2.06109670708463,0.118458162509565,3.51953383638729,0.172084969024399,0.153959237796157,-5.98846993588857,2.11824291440621e-09,1.13195776069437e-07,-2.58735087014331,1
"CYB5R2",-1.13771770502005,0.104671755852289,3.52211300477665,0.171863193997723,0.135984768799155,-3.51657400854139,0.000437154767890524,0.00451668860421913,-1.1726313394967,1
"LRIF1",1.35766935904273,0.184862664843463,6.00824724584459,0.0495821879865467,0.369379182789438,3.15768942011195,0.00159024884357684,0.0132918299175631,0.958925575151061,1
"KLHL7",1.12934786932743,0.102048639665512,3.45360905433793,0.177851823579866,0.12910337628044,3.53528252828574,0.00040733938140014,0.00427640756366862,0.726679053725133,1
"CAMK1D",-1.52153679042416,0.066295645766615,2.17784259590147,0.336579366808284,0.0165308987190584,-5.9093532942639,3.43453399054283e-09,1.7408813145053e-07,-1.40906894850375,1
"DLK2",-1.35965002823503,0.14752515746384,4.80342005776337,0.0905629555322914,0.258024937286253,-3.53992525949818,0.000400240363651161,0.00422253162196211,-1.23072699940005,1
"SMAD5-AS1",-1.7038441131936,0.115479957003066,3.62526990870532,0.163223483248002,0.155687806002967,-5.01391019945494,5.33348859299565e-07,1.48596918299295e-05,-1.22098435784074,1
"KLF4",-2.42246456299876,0.317984794301726,8.69717791351349,0.0129250375062188,0.731715477412115,-4.2959009190379,1.73985284497302e-05,0.000291593075136288,-3.11307617318087,1
"AAMDC",-1.12642425372888,0.0571797600472246,0.69348721623674,0.706986570639353,0,-4.71064990476433,2.46928096414578e-06,5.58974904366265e-05,-0.542863372477656,1
"CRYBG2",-1.47230000526795,0.0680157128966721,2.29140575681956,0.318000323658079,0.0262188047008561,-5.64536058086802,1.64835403104746e-08,6.9556272526951e-07,-1.33745486412675,1
"GDPD2",-2.50970499307625,0.330039163528273,9.05128548801699,0.0108277527261868,0.766196256130909,-4.36857640548694,1.250590651658e-05,0.000221856483088009,-1.97498604940505,1
"EPN3",-1.79330140326048,0.191411415274615,5.85050205995424,0.053651222157074,0.37718273061535,-4.09891932983324,4.1508366639853e-05,0.000619962878140943,-2.22360318876099,1
"ARHGEF40",1.42653113175035,0.100702291439856,3.29095572742896,0.192920351127623,0.118973437505406,4.4953299881805,6.94621391739147e-06,0.000134980153902932,0.80798010905633,1
"VGLL3",-1.11502583264972,0.117526888221375,3.97848277531582,0.136799163625931,0.175391956912251,-3.25249254970203,0.00114397594827853,0.0101817763751562,-1.14588855666149,1
"ACKR4",-1.30794322025573,0.0889068451023487,2.96549855610047,0.227012708598995,0.0872357973364413,-4.38653189322107,1.15172284103071e-05,0.000207135367230337,-1.44749300952253,1
"CORIN",-1.49101176191435,0.151425467651232,4.91666744761083,0.0855774278622673,0.269276987202452,-3.83161273137376,0.000127306018591788,0.00161003217887326,-1.73133905397521,1
"SLC12A9",1.01171951604184,0.0564840132528472,1.08245478664201,0.582033429835143,0,4.2569382893362,2.0724553039031e-05,0.000341196271560511,0.349174808724208,1
"ZBTB3",-1.29034636117938,0.0581254537021993,0.288565216059543,0.865643075803524,0,-5.35208649589612,8.69458183228033e-08,3.06401763543522e-06,-0.993129420475598,1
"TP53AIP1",-1.95671434313633,0.0638938702356595,1.63368103928993,0.441825390247101,0,-7.74101360596649,9.76996261670138e-15,2.12317570931949e-12,-1.67408720539296,1
"KCNK7",-2.50661073658056,0.0688959519158875,0.513072109560113,0.77372709749624,0,-9.54970691384669,0,0,-2.58824223415623,1
"SLC39A2",-1.78053482812097,0.0623243274111752,1.21244248009593,0.545407945730152,0,-7.13216977958906,9.88098491916389e-13,1.28838162360978e-10,-1.75155589107238,1
"CALML5",-1.71854662728846,0.0787457158301036,2.49892356593937,0.286659040125579,0.047794661648083,-6.12417866511187,9.11525743774177e-10,5.32976868747601e-08,-4.31073926948953,1
"ROPN1",1.01565308217689,0.0564681033029492,0.540963449875588,0.763011843957718,0,4.27409125590738,1.91918425831439e-05,0.000319186779900017,0.991600165868183,1
"CD207",-2.28943858074729,0.0742763983591815,2.23904152694544,0.32643619729268,0.024031445107649,-8.40046987494419,0,0,-2.1226937585279,1
"CYP39A1",-1.97082578581246,0.099441987350738,3.02140194084938,0.220755180858743,0.101457445126084,-6.24975997374794,4.11084055684796e-10,2.61469512296295e-08,-2.68602185039064,1
"BIRC7",1.92550615367631,0.2511864532737,7.55452719644562,0.0228852290034162,0.552950768645047,3.84190661269061,0.000122082288175118,0.00155615128928286,2.35859212039471,1
"EN1",-1.65440323317108,0.172456285804166,5.40022939918385,0.0671978047369243,0.325290764326559,-3.98383970706784,6.78106207390172e-05,0.000941621601508036,-1.38097057789438,1
"CARD14",-1.13923236155364,0.138794846682264,4.636857452767,0.0984281216740507,0.236592511694447,-3.05791664204977,0.00222881565770372,0.0175598352633225,-0.823483632093274,1
"CRCT1",-1.68092618316409,0.060907942355546,0.0598387128959276,0.970523796879065,0,-6.81101251154568,9.69135882655792e-12,9.9500494283062e-10,-3.87831026870777,1
"PSORS1C2",-2.57365725457274,0.0833811637024367,2.32272519496179,0.313059316290594,0.0354446031886638,-8.91285278906503,0,0,-3.01269930622193,1
"CBLC",-1.74612240172429,0.211283832455248,6.75457208599702,0.0341399835655996,0.444593412194119,-3.79875733067757,0.000145423390502497,0.00180588151310672,-1.92680080594572,1
"GPHRB",1.18261268413431,0.0770155165573608,2.60610487854804,0.271701174636578,0.0542473265148799,4.26141093919995,2.0314030703128e-05,0.000335284362453273,0.42924470823479,1
"DHRS7B",-1.02944640731951,0.056628237739253,1.89473051763228,0.387761329487412,0,-4.32600701114748,1.51836591519849e-05,0.000261877951961285,-0.590404737472064,1
"CWH43",-2.21537053068466,0.103047594855901,3.03458569127467,0.219304775950072,0.105893243175751,-6.9012449836063,5.1547655033346e-12,5.60108228316499e-10,-2.9429782644974,1
"P3H1",1.04082927177203,0.0569019738447932,1.3404968498092,0.511581472420646,0,4.36330761258767,1.28110605168708e-05,0.000225239754772719,0.535320886846257,1
"SLC52A1",-1.2110442327553,0.198710235924071,6.69571540727893,0.0351595957511275,0.416370363251813,-2.71675131734149,0.00659261221541274,0.0407530920628826,-1.07553279975353,1
"HAO2",-1.35644928354839,0.0591696610467691,1.43181103793087,0.488749339560942,0,-5.57640130031219,2.4554512423336e-08,9.95765358531394e-07,-0.931427974567055,1
"NYNRIN",-1.70182481985403,0.359014896740582,10.9699377497421,0.00414866420498205,0.878651714148537,-2.84026340731437,0.00450762961463846,0.030756139479472,-1.76935071898594,1
"TUT7",-2.07863684167398,0.324725770420412,9.37321674560943,0.00921789686847851,0.76369357234875,-3.64770948541732,0.000264588564200974,0.00297667841985893,-1.00434133908691,1
"CYREN",1.53599925460315,0.310129463648703,9.66947087353751,0.007948791004638,0.735921628467365,2.75816022259707,0.00581276993140989,0.0372262805184939,0.588227862659911,1
"ARPC5L",-1.28171912266819,0.0583984049435811,0.595991673977868,0.742304429962898,0,-5.3038638989497,1.13376855903624e-07,3.83979434838274e-06,-0.561263274313718,1
"ADPGK",1.57980251800893,0.0641821790911959,2.11300885650132,0.347668990617089,0.0105476310939826,6.23584874743138,4.49335013641416e-10,2.83037644583113e-08,0.692119413773909,1
"SPRY4",1.65653523950652,0.0609000222941995,0.952293914911227,0.621172189655073,0,6.71261831061659,1.91162641272058e-11,1.76777991457189e-09,1.56003860819839,1
"VMP1",1.7118958080042,0.116964909910743,3.66023657152848,0.160394594255885,0.159502800882494,5.00552382828832,5.57103204013032e-07,1.53574390636912e-05,0.816935208773462,1
"ITM2C",1.14135812717374,0.12243009104173,4.10188874943268,0.128613386987379,0.188247629004419,3.26195412808438,0.00110647046858703,0.00991564841230671,1.16559480565404,1
"TRIM8",-1.17998262690831,0.137149372239734,4.58038403836853,0.101247018617282,0.231658629877426,-3.18624158224623,0.00144134186848555,0.0122754125559654,-0.575393139568409,1
"SLC25A32",1.22880367885725,0.0576390463143856,0.42673172010751,0.807860519249384,0,5.11828081343054,3.08333291343388e-07,9.26349720236506e-06,0.870049939168908,1
"WNT5B",-1.42634996802375,0.0814016290314261,2.68433234410372,0.2612790796972,0.0627181108124407,-4.99930402629491,5.75376183808984e-07,1.58277005499691e-05,-1.37561072289599,1
"PER3",-1.75674572705042,0.36932123763428,11.1933955281688,0.00371009511923223,0.907852510771185,-2.89072490909282,0.00384354398169995,0.027251750939307,-1.0015475529924,1
"EPS15L1",1.12753580632779,0.0574127187286992,0.533628320079151,0.765815377341323,0,4.70572220662759,2.52968794201003e-06,5.71656864399805e-05,0.472682230333871,1
"CHST6",2.20297998674243,0.242115418229715,6.91437553288182,0.0315182742500698,0.514529080473946,4.47712611804915,7.5654560831584e-06,0.000145067620394562,1.62107651433295,1
"PKD2L1",1.13256830022266,0.0594272505847636,2.0478711835014,0.359178574647587,0.00425249803237926,4.64591845568401,3.3856672998489e-06,7.30244646486772e-05,0.992518658637183,1
"PRDM13",1.95168433316995,0.0949821960647502,2.89739857548674,0.234875595057774,0.0889017307669212,6.3326935548725,2.40917730209844e-10,1.6533296232664e-08,2.29099433376742,1
"TXNDC5",2.41538104478612,0.439183375490268,11.8732362504904,0.00264094591398821,1.09077244726593,3.64470772780112,0.000267695844774485,0.00300386068848064,1.03362289028569,1
"KIF18A",1.166247644515,0.0575755608238833,0.335376957896282,0.845617221223528,0,4.86039640671368,1.17150934664245e-06,2.94692142960713e-05,1.10506124452447,1
"MAGED4B",1.02463234078429,0.125285246759439,4.24654879992421,0.119639239721117,0.198793867932135,2.89479686202077,0.00379403970987102,0.0269593917040917,1.18822207329343,1
"C1orf21",-1.36359375907607,0.0589611372525596,1.15855725166849,0.560302408497677,0,-5.61567646661485,1.95794715995845e-08,8.13046911423511e-07,-1.3881275497769,1
"SYNC",-1.42748346291585,0.0589945793661204,0.189883050459219,0.909426111396513,0,-5.87712640050698,4.17449452783103e-09,2.06962867484368e-07,-1.07449182710773,1
"CIDEA",-1.63449396664772,0.0602912160650065,1.13115264017959,0.568032683757542,0,-6.6566588475843,2.80122591789222e-11,2.55420872331446e-09,-1.90465298117886,1
"IL37",-2.63449092247646,0.503423605602841,14.030372614109,0.00089813846665591,1.29465220773675,-3.7130424857009,0.000204782493596012,0.00240338337893645,-3.30689585364539,1
"B4GALT5",1.92110203275533,0.17532225293165,5.26445833218531,0.071917966327216,0.325615324968384,4.5880898066823,4.4732021222682e-06,9.30931896858213e-05,1.05284724410402,1
"TSPYL1",-1.63685586429654,0.0608353608397725,0.810505234222962,0.666808342382996,0,-6.63639755244136,3.21442872319722e-11,2.87838375661012e-09,-0.862714925317055,1
"TOB2",-1.41192468301933,0.0624578754551864,2.08492549362752,0.352585283560462,0.00779075094661177,-5.64960294860913,1.60818851568933e-08,6.80817209612768e-07,-0.742402464598984,1
"CDCA8",1.25217861403204,0.146162502926568,4.81578808146053,0.090004641232613,0.256132021950434,3.27527896860818,0.00105557680149104,0.00951992918846497,1.33568890469999,1
"GINS2",1.40087557878268,0.252976103372975,8.10191831446084,0.017405671854466,0.569985773246562,2.78522198744463,0.00534910884724349,0.0349776253498898,1.43845224455949,1
"EIF4EBP1",1.71890499268109,0.120045382608397,3.77854780746999,0.151181541345876,0.169705569533199,4.96111327210515,7.00903019179577e-07,1.88434525094485e-05,1.35096003962003,1
"PIMREG",1.18991149629267,0.057754477363428,0.411585212642114,0.814001877622217,0,4.95132953148711,7.37081691459807e-07,1.96942790470173e-05,0.676143081569225,1
"FCMR",1.29279247718209,0.0826313209956544,2.7612340909602,0.251423365534506,0.0688032732877484,4.49734773375008,6.88064041276526e-06,0.000133905478122457,1.51348932716438,1
"STAP2",-1.9774395551232,0.0711243147621271,2.19292709775136,0.334050349996051,0.0192085478655238,-7.41470999554645,1.21902488103842e-13,2.09142966103421e-11,-1.42131064234816,1
"RPH3AL",-1.56762929205247,0.168419718843934,5.32366818270356,0.0698200478932876,0.314917648866168,-3.8198552050756,0.000133530037611296,0.00167574413899296,-0.997080743525504,1
"INTS13",1.06830444446196,0.0750333023362144,2.58057507628955,0.275191643617825,0.0510256553670343,3.90003051201326,9.61805659998038e-05,0.00127061641344624,0.759826141363489,1
"ARHGEF10L",-2.01910341174849,0.297752516016479,8.69954993035526,0.0129097173895856,0.685712640769633,-3.70024808592559,0.00021538879964611,0.00250924325313524,-0.869822605272735,1
"F11R",-1.26792255699183,0.0577486432276021,1.72008727239504,0.423143617536412,0,-5.27620712000085,1.31885022236489e-07,4.4093559101066e-06,-1.04939736627731,1
"HSPB8",-1.2999853727242,0.0940634725530902,3.12034867097427,0.21009944021956,0.101774856307398,-4.23865395323699,2.24863955222698e-05,0.000366500139018595,-2.07862179691339,1
"ACAD8",-1.22364812979025,0.057851992857862,1.34698588461265,0.509924327202941,0,-5.08741760831879,3.62971990242045e-07,1.06594409476712e-05,-0.677827254633025,1
"TRAPPC9",1.09197304875181,0.143378167243478,4.81312637163772,0.0901245040937937,0.251175290479127,2.88383499245176,0.00392864548211769,0.0276869071497114,0.364047984999034,1
"DONSON",1.46037826927175,0.300308747494617,9.46456704483788,0.00880633859042538,0.708631955925774,2.66490278444545,0.00770105816658262,0.0458930975475643,0.754292180595393,1
"G6PC3",1.89661908539529,0.42565867831893,12.4900787221872,0.0019400542136953,1.0688599539588,2.90702904115209,0.00364879321085088,0.0260979784291193,0.958733906416428,1
"SPSB3",-1.79154881354524,0.226754700926581,6.90753042759118,0.0316263320141923,0.481904627216571,-3.76227464745311,0.000168375000169085,0.00204037325948393,-0.630162686154893,1
"DNAJC10",1.10719672755391,0.0574312448154514,1.06798207007139,0.586260508148191,0,4.620092584215,3.83568842887705e-06,8.11908140002075e-05,0.775117697073465,1
"DOCK6",-1.11244954232409,0.0570122738181715,0.531240259826156,0.766730330105081,0,-4.65903679726711,3.17692414397719e-06,6.93867904745705e-05,-0.516977628626471,1
"CHPF2",1.41286859739764,0.0700499558772812,2.32288306859789,0.313034605359619,0.0296278102297279,5.33823685744134,9.38547981554905e-08,3.25471466263149e-06,0.931406005348237,1
"TJAP1",1.28759350815665,0.0583091739830912,0.376412658989867,0.828443757215265,0,5.33224792349592,9.70043747550164e-08,3.33730881907826e-06,0.405284384498366,1
"TBC1D12",-1.03072025602384,0.0574204312800352,2.00187066107114,0.367535513164963,0.000164481006774098,-4.30137776664408,1.69739398789837e-05,0.000285947289511716,-0.45981038224713,1
"PAIP2B",-2.35913065071304,0.167177105086084,4.69382453884366,0.0956640915908392,0.287587180202711,-5.76983764496656,7.93479415506226e-09,3.65589332112568e-07,-2.24499701004329,1
"PGAP6",2.57979880799762,0.885959407406206,22.7130619253805,1.16928739865725e-05,2.41045630388054,2.74080997216254,0.006128794194177,0.0386054818830309,1.72903934791252,1
"RNFT2",1.4877961793289,0.0624757474253998,2.0736001569107,0.35458752074161,0.00676712673685657,5.95233970587436,2.6433597533071e-09,1.38978902513594e-07,1.40523060809198,1
"PAOX",-1.19023125006318,0.195670170505945,6.4442439313537,0.039870364888402,0.403981568021013,-2.69072328438809,0.00712973057857402,0.0432192268777437,-0.591247597336913,1
"EMX2",-2.16423730457741,0.511977558521717,14.5590085536279,0.000689527293650934,1.32181701904206,-3.02467987091415,0.00248896422271194,0.0192260690165527,-2.48292636370849,1
"TMEM80",-1.50953798102311,0.228376818301662,7.21424940911203,0.0271297408488385,0.49393221179143,-3.1587702244568,0.00158436351786295,0.0132614168613827,-0.713692823834933,1
"WLS",-1.35742605750732,0.224096475219889,7.24878651948443,0.0266652713227512,0.485866374461141,-2.8674685871814,0.00413769877775216,0.0288974045865616,-0.912138229811913,1
"OPLAH",-1.03320394669416,0.109474196994237,3.7325014484425,0.154702598545859,0.152591571910791,-3.12269934607639,0.00179200703563098,0.0147173678619002,-1.13815229258206,1
"GSTA3",-2.11172729024161,0.299731923580091,8.66415013177028,0.0131402522909546,0.689575381778464,-3.85719266304996,0.000114696756355448,0.00147925915540918,-2.08329166815367,1
"EXOC1",-1.11302931894991,0.11289636255937,3.81434545611884,0.148499642513405,0.161232851067603,-3.3125819396953,0.000924390432455402,0.00854225857461799,-0.454860908433006,1
"ERV3-2",1.18107481780268,0.0609834348607827,2.11515208310412,0.347296623454695,0.0101554845444294,4.78268159392015,1.72972002543403e-06,4.1459226859622e-05,1.10295371493494,1
"TBC1D2",-1.04804511770704,0.157316607705265,5.30429446528536,0.0704996712255137,0.293623184004522,-2.6423642973526,0.0082329449748022,0.0484647266485083,-1.04798138187278,1
"MRPL17",1.47347954543329,0.0878652626844937,2.86622166280487,0.23856562926255,0.0801804825214695,4.97090548338899,6.66409327054751e-07,1.79875114696287e-05,0.652211654653576,1
"IL36RN",-1.15491073240006,0.0738008002877706,2.54918959189865,0.279544217724644,0.0481382239536353,-4.25126210500818,2.12569221931247e-05,0.00034951955671646,-1.43348750158135,1
"POLM",1.03376289315878,0.0571965986648083,1.43979425146177,0.486802332818309,0,4.32250831674515,1.54265266287812e-05,0.000264069966475351,0.913814374451658,1
"ISYNA1",2.02839787463647,0.252958155245075,7.40668101396656,0.0246410751487943,0.552284555028433,4.03300540565527,5.50680124236091e-05,0.000793405319327558,1.69610452152292,1
"KLK5",-1.3750227785805,0.136956550977066,4.59282583553851,0.100619126234778,0.231584008502096,-3.71551045324118,0.00020279388085287,0.00238864445568253,-2.27770165436576,1
"JMJD7",-2.20777744015238,0.243158394680187,6.92842289862534,0.03129767550178,0.517293433448003,-4.4772429109642,7.56131989021469e-06,0.000145067620394562,-1.82466711087825,1
"ZNF480",1.14749976227214,0.0816252001844174,2.77926823441652,0.249166453673396,0.0690457341747541,4.01643251774508,5.90857726596727e-05,0.000841656627163751,0.717390713462674,1
"OR7E156P",1.67642511764358,0.079748221039889,2.54364089194217,0.280320848043013,0.0517298409015282,5.93640684550339,2.91336332836067e-09,1.51344001746991e-07,1.16914097933937,1
"SNHG17",1.60529716049345,0.306416358710296,9.84895810292791,0.00726651077211534,0.731950030014384,2.90000978874619,0.00373151006676409,0.0266020556372537,0.948875128416268,1
