"p_val","avg_log2FC","pct.1","pct.2","p_val_adj","gene","negLogP","sig"
1.94427401715252e-132,7.75595974666996,1,0,4.60520743702745e-128,"DSG3",127.33675080266,"Significant"
1.78277196068522e-24,1.24076854422176,0.643,0.213,4.22267366607901e-20,"LOC100506599",19.3744124801421,"Significant"
3.92032157849305e-24,1.20005194532421,0.723,0.299,9.28567369081865e-20,"PLEKHH1",19.0321865820059,"Significant"
6.61680024654885e-22,-0.394040107109101,0.946,0.972,1.56725530639756e-17,"RPL23",16.8048602510565,"Significant"
4.46036137339785e-21,0.93336795746666,0.617,0.204,1.05648119490301e-16,"FHAD1",15.9761382288744,"Significant"
4.96095218780761e-21,-0.546677818239848,0.857,0.951,1.17505113520411e-16,"RPS26",15.9299432336018,"Significant"
5.94350316601804e-21,0.702695836776462,0.704,0.284,1.40777815990303e-16,"MS4A2",15.8514657766716,"Significant"
6.3131308151572e-21,0.859021769749468,0.669,0.244,1.49532816487814e-16,"PIN4P1",15.8252634865664,"Significant"
7.97669791512177e-21,0.871757093670773,0.728,0.296,1.88936066817574e-16,"SKIDA1",15.7236851298245,"Significant"
9.16997532069731e-21,0.812630975432838,0.723,0.293,2.17200035446036e-16,"BCAS1",15.6631401082083,"Significant"
1.3706538222551e-20,0.798541932650473,0.608,0.201,3.24653064339342e-16,"LOC100128593",15.4885804935478,"Significant"
1.73748504368408e-20,-0.345817524033475,0.981,0.985,4.11540707447011e-16,"RPS20",15.385587200196,"Significant"
1.8567854573132e-20,0.814650723754113,0.707,0.299,4.39798203419205e-16,"DSC3",15.3567465490696,"Significant"
3.94984529131745e-20,-0.294658222230279,0.953,0.978,9.35560355701452e-16,"RPL12",15.0289281896684,"Significant"
5.76125559187933e-20,-0.424002105858455,0.984,0.994,1.36461099949254e-15,"RPL28",14.8649911323968,"Significant"
6.51976362083324e-20,1.32711212803365,0.453,0.117,1.54427121123056e-15,"PHKG1",14.8112764247274,"Significant"
9.60647349257732e-20,0.441387063636028,0.725,0.284,2.27538931145186e-15,"ERLIN2",14.6429442863254,"Significant"
1.0605638000274e-19,0.947888347359267,0.481,0.133,2.51205141674491e-15,"FGB",14.5999714756912,"Significant"
1.57720429924933e-19,-0.340201615902235,0.927,0.988,3.73576610320197e-15,"RPL26",14.4276203228243,"Significant"
1.70649466284394e-19,-0.268886952634845,0.988,0.988,4.04200325841216e-15,"RPS25",14.3934033407193,"Significant"
1.95250621050916e-19,0.727228656268522,0.42,0.096,4.624706210212e-15,"SORBS1",14.3349158511058,"Significant"
1.97831054582147e-19,-0.395059578353449,0.885,0.969,4.68582635883273e-15,"RPS17L",14.3292138089525,"Significant"
1.97831054582147e-19,-0.395059578353449,0.885,0.969,4.68582635883273e-15,"RPS17",14.3292138089525,"Significant"
3.64121877385973e-19,0.84070060422595,0.596,0.204,8.62459078776417e-15,"LRRC3",14.0642615018004,"Significant"
4.30665636830552e-19,1.09975920344152,0.467,0.13,1.02007462739685e-14,"MOGAT3",13.9913680546292,"Significant"
7.22418056663486e-19,0.778625233156334,0.824,0.438,1.71111940901313e-14,"WNT7B",13.7667196825302,"Significant"
9.18615725641238e-19,0.82544957386982,0.629,0.228,2.17583320775384e-14,"BACE1-AS",13.6623743992902,"Significant"
9.23289903472929e-19,0.826327752466072,0.601,0.213,2.18690446536598e-14,"LINC00410",13.6601701886453,"Significant"
1.38779039806344e-18,0.813283509387591,0.796,0.42,3.28712033685307e-14,"STEAP2",13.4831843967171,"Significant"
1.48153554680148e-18,0.66189704464549,0.608,0.207,3.50916509615399e-14,"AMER3",13.4547961989941,"Significant"
1.68844623149928e-18,0.551473759978631,0.676,0.259,3.99925374392919e-14,"KLHL30",13.3980210399544,"Significant"
2.00055234136532e-18,1.0091840554402,0.467,0.13,4.7385082757579e-14,"LRP4-AS1",13.3243583565475,"Significant"
2.13081599979934e-18,0.781134491089333,0.711,0.29,5.04705077712471e-14,"HJURP",13.2969623259154,"Significant"
2.26073006512122e-18,0.644678495856137,0.674,0.269,5.35476523224612e-14,"CPB2-AS1",13.2712595650889,"Significant"
3.49205433508232e-18,-0.327847490784686,0.934,0.957,8.27127989807597e-14,"RPL37A",13.0824272825075,"Significant"
3.95539446385714e-18,0.7191063653454,0.761,0.349,9.36874732709202e-14,"SLC15A1",13.028318473712,"Significant"
4.03582853516848e-18,0.490060355343136,0.538,0.167,9.55926346840006e-14,"NRSN1",13.0195755683863,"Significant"
4.87041922869439e-18,0.522816998445563,0.57,0.194,1.15360749850855e-13,"MIR210HG",12.9379419296788,"Significant"
6.3610769044357e-18,0.639022814583544,0.587,0.204,1.50668467558464e-13,"FLJ31485",12.8219776288948,"Significant"
6.79662113826133e-18,0.655957163312677,0.873,0.577,1.60984768280858e-13,"KBTBD12",12.7932152131887,"Significant"
8.08277790214181e-18,0.992903077759923,0.369,0.077,1.91448677390131e-13,"IL31RA",12.7179476295991,"Significant"
1.01653389462355e-17,0.995442999020011,0.535,0.176,2.40776218280533e-13,"LINC00310",12.6183864110171,"Significant"
1.11542503956375e-17,0.969394392119921,0.531,0.176,2.64199574871069e-13,"LZTS1",12.578067885553,"Significant"
1.1718388858507e-17,-0.272528747789192,0.986,0.988,2.77561758502597e-13,"RPS11",12.5566403696846,"Significant"
1.34128029636621e-17,0.728380832012496,0.749,0.352,3.176956509973e-13,"ZNRF3",12.4979887302808,"Significant"
1.3929100895016e-17,0.708365990399566,0.549,0.188,3.29924683799349e-13,"CNTN4",12.4815851908602,"Significant"
1.44994041428031e-17,-0.268576123276408,0.974,0.972,3.43432886526435e-13,"RPS15",12.4641581199115,"Significant"
1.51564051133452e-17,0.762372157287494,0.585,0.213,3.58994611514694e-13,"GAL3ST4",12.4449120701041,"Significant"
1.55598216122837e-17,0.803054565368444,0.333,0.059,3.68549934708553e-13,"C1orf141",12.4335036614028,"Significant"
1.60408664731003e-17,0.45322366621609,0.702,0.278,3.79943963281855e-13,"ZAK",12.4202804513622,"Significant"
1.63716078129521e-17,0.756028508859576,0.448,0.123,3.87777902657584e-13,"RHPN1-AS1",12.4114169426201,"Significant"
1.76562547329148e-17,0.669666321330901,0.798,0.426,4.1820604960382e-13,"USP54",12.3786096891402,"Significant"
1.77602005998269e-17,0.866383413089261,0.432,0.12,4.206681114075e-13,"FLJ41200",12.3760604082698,"Significant"
1.88842461020231e-17,0.760261989410823,0.599,0.222,4.47292253172519e-13,"MYO5C",12.3494086234763,"Significant"
1.89552031274923e-17,0.645034312837707,0.491,0.145,4.48972941277783e-13,"FLJ14107",12.3477798322881,"Significant"
2.10419054970535e-17,0.969236691146812,0.563,0.201,4.98398573603209e-13,"CDAN1",12.3024232092806,"Significant"
2.12928566407373e-17,0.342677966371013,0.561,0.185,5.04342602392503e-13,"IL13RA1",12.2972743449432,"Significant"
2.7087065226566e-17,1.17346358118376,0.451,0.13,6.41584226956443e-13,"C6orf147",12.1927463215163,"Significant"
2.75901371509702e-17,0.631670423814221,0.847,0.46,6.53499988557881e-13,"LMOD3",12.1847544156875,"Significant"
2.7606472756056e-17,0.862321033146171,0.77,0.414,6.53886913699943e-13,"SPDYE5",12.1844973541264,"Significant"
3.3299265616652e-17,-0.278190355119479,0.953,0.981,7.88726405396019e-13,"EIF1",12.1030736193923,"Significant"
3.35306164550453e-17,0.569793592329781,0.566,0.204,7.94206181354202e-13,"TRAM2",12.1000667371191,"Significant"
3.36041328658863e-17,-0.418586966689001,0.847,0.917,7.95947491061384e-13,"RGS1",12.0991155818785,"Significant"
3.73744869931641e-17,0.419281557940919,0.521,0.17,8.85252098920084e-13,"BMP8B",12.0529330348626,"Significant"
4.36883668311175e-17,1.03518119611061,0.451,0.13,1.03480265676185e-12,"LINC00617",11.9851424649424,"Significant"
4.47376123129367e-17,0.894448808299926,0.57,0.21,1.05965508524422e-12,"EIF2AK4",11.9748354733686,"Significant"
4.53889543412033e-17,0.701786829705514,0.829,0.457,1.07508277252574e-12,"ECT2",11.9685580973602,"Significant"
4.76615983086438e-17,0.745552901387577,0.575,0.201,1.12891261753854e-12,"MET",11.9473396729462,"Significant"
5.95385483195299e-17,0.525640985328417,0.939,0.735,1.41023005549639e-12,"IFNLR1",11.850710033669,"Significant"
6.06205083913655e-17,-0.26275956295499,0.979,0.966,1.43585736175788e-12,"TMSB10",11.8428887008167,"Significant"
6.06783346408984e-17,-0.267329652196317,0.962,0.975,1.43722703430432e-12,"RPS12",11.8424746222921,"Significant"
6.10120570176562e-17,0.67151815726637,0.608,0.222,1.4451315825202e-12,"LOC100134229",11.8400926076059,"Significant"
7.60134850030676e-17,0.283040376781573,0.643,0.247,1.80045540578266e-12,"ZNF470",11.744617630895,"Significant"
8.00360706698568e-17,-0.378725585120916,0.883,0.96,1.89573436988623e-12,"RPL35A",11.7222225160351,"Significant"
9.65283432718926e-17,0.62579225397102,0.531,0.188,2.28637033873805e-12,"LINC00643",11.640853422653,"Significant"
9.90936198971239e-17,0.621004813869542,0.913,0.642,2.34713148088328e-12,"ZNF526",11.6294625815464,"Significant"
1.00191193164171e-16,0.513098543054426,0.643,0.256,2.37312860128655e-12,"TUBD1",11.6246787264621,"Significant"
1.01757999735572e-16,-0.262832530844866,0.974,0.991,2.41023998173675e-12,"RPS15A",11.6179397136263,"Significant"
1.05029332420638e-16,0.444271889870274,0.664,0.278,2.48772476771524e-12,"LOC440970",11.6041976699919,"Significant"
1.09879271368147e-16,0.617237677515241,0.714,0.324,2.60260042162592e-12,"KLF8",11.5845925041934,"Significant"
1.10070781799302e-16,0.708696982252682,0.739,0.33,2.60713653769828e-12,"PATE4",11.5838362239079,"Significant"
1.24826662167214e-16,0.786607622110504,0.749,0.398,2.95664432009262e-12,"DSG2",11.5292009173109,"Significant"
1.36200505965412e-16,0.800125243032508,0.634,0.259,3.22604518429675e-12,"TMEM254-AS1",11.4913295541345,"Significant"
1.40402316204769e-16,0.675194015641768,0.603,0.228,3.32556926162616e-12,"LOC284578",11.4781340026851,"Significant"
1.4802946016715e-16,0.856519287228962,0.531,0.173,3.50622579351911e-12,"C14orf178",11.4551601196963,"Significant"
1.48753789030434e-16,0.76856478697587,0.657,0.269,3.52338224697487e-12,"SHANK2-AS1",11.4530402382418,"Significant"
1.50890871480637e-16,0.550801096502613,0.803,0.392,3.57400118189036e-12,"AASS",11.446845308213,"Significant"
1.87794592335614e-16,1.53197855743227,0.35,0.08,4.44810271406135e-12,"LOC285762",11.3518251927311,"Significant"
1.90010671990852e-16,0.425835108714933,0.622,0.235,4.50059277677532e-12,"MAK",11.346730281174,"Significant"
1.93464293358886e-16,0.600406405986381,0.674,0.287,4.58239525249857e-12,"COL6A4P2",11.3389074536504,"Significant"
2.17774407499929e-16,0.5790907087293,0.615,0.244,5.15820461604332e-12,"ZNF749",11.2875014342307,"Significant"
2.59745649685493e-16,0.72505025373366,0.643,0.253,6.15233545845059e-12,"ADAMTSL2",11.2109599924878,"Significant"
2.60815322508502e-16,-0.30978544663304,0.911,0.935,6.17767172893638e-12,"CST7",11.2091751730982,"Significant"
2.76888748889677e-16,0.615847437305942,0.723,0.315,6.55838690620089e-12,"GALNT15",11.1832029660943,"Significant"
3.41400103350243e-16,1.06901566434863,0.65,0.275,8.08640284795387e-12,"CCDC50",11.0922446268058,"Significant"
3.69410918417249e-16,0.577747910823303,0.674,0.275,8.74986701363097e-12,"DIXDC1",11.0579985476274,"Significant"
3.92108419924668e-16,0.292977629536426,0.58,0.207,9.28748003433569e-12,"PEX5L",11.0321021068504,"Significant"
4.34869143862512e-16,0.67076625145173,0.908,0.577,1.03003105415275e-11,"KIAA1456",10.98714968166,"Significant"
4.37574517701573e-16,1.42935240296036,0.296,0.049,1.03643900262795e-11,"ZNF625",10.9844562522789,"Significant"
4.49587099506629e-16,0.687161142135269,0.432,0.123,1.0648920038914e-11,"CD1D",10.972694434002,"Significant"
4.5308070250761e-16,0.541220197366582,0.585,0.222,1.07316695195953e-11,"FAM101B",10.9693327098378,"Significant"
4.69276588188121e-16,-0.313067243305224,0.918,0.944,1.11152852678238e-11,"RPL27",10.9540793868874,"Significant"
5.05770173695308e-16,0.796039646458789,0.474,0.151,1.19796723341471e-11,"SERPINB6",10.9215550605292,"Significant"
5.30249402444979e-16,0.588837318551151,0.561,0.213,1.25594873463118e-11,"TMEM180",10.9010280872877,"Significant"
5.6478292852905e-16,0.804926846433097,0.575,0.219,1.33774484451391e-11,"HILPDA",10.8736267140622,"Significant"
6.03581035200426e-16,0.327842351479984,0.758,0.352,1.42964203997573e-11,"JAKMIP2",10.8447726894748,"Significant"
6.4095724900225e-16,-0.302754178766556,0.92,0.963,1.51817133998673e-11,"RPS28",10.8186792114369,"Significant"
6.52773800065382e-16,0.594331310084329,0.603,0.228,1.54616002283486e-11,"PEX11A",10.8107455599405,"Significant"
6.76953547732929e-16,0.387513796068832,0.589,0.231,1.60343217316022e-11,"STEAP4",10.7949494064529,"Significant"
6.77363849679513e-16,0.689517467400798,0.824,0.451,1.6044040143509e-11,"PHYHD1",10.7946862600485,"Significant"
7.46180346300338e-16,0.521244191163623,0.683,0.306,1.76740276824698e-11,"CIITA",10.7526644691154,"Significant"
7.59198635990235e-16,0.595141279038418,0.526,0.179,1.79823788920647e-11,"LOC154092",10.7451528559089,"Significant"
7.67985409439883e-16,0.607280332977405,0.897,0.537,1.81905024079931e-11,"GRM6",10.740155305884,"Significant"
7.96142954880196e-16,0.564079580214258,0.423,0.117,1.88574420292923e-11,"APOF",10.7245172186987,"Significant"
8.13710628406619e-16,0.71119804909503,0.62,0.247,1.92735499444392e-11,"SIRT3",10.7150382864193,"Significant"
8.50542845149504e-16,0.352233837121849,0.62,0.241,2.01459578302112e-11,"FDXACB1",10.6958120794552,"Significant"
8.95107070643439e-16,1.20242770920818,0.258,0.034,2.12015060752605e-11,"KIF9-AS1",10.6736332873287,"Significant"
9.65300416747525e-16,0.508527516844936,0.493,0.17,2.28641056710819e-11,"RNF144A",10.6408457813688,"Significant"
1.02702883035648e-15,0.410918261181963,0.791,0.401,2.43262048758236e-11,"MICAL3",10.6139256399409,"Significant"
1.03571535425598e-15,0.524719304526196,0.432,0.12,2.45319538809072e-11,"NUDT16P1",10.61026786044,"Significant"
1.04570029540237e-15,0.826762166631469,0.467,0.154,2.47684571969007e-11,"TEX101",10.6061010443524,"Significant"
1.07102601854687e-15,-0.353726602826943,0.862,0.923,2.53683222753011e-11,"RPS5",10.595708253735,"Significant"
1.10099239210785e-15,0.457613300133396,0.568,0.213,2.60781057994666e-11,"C7",10.5837239570626,"Significant"
1.10366616015903e-15,0.419765729044077,0.514,0.182,2.61414366695268e-11,"PCDHB16",10.5826705483353,"Significant"
1.17813055024392e-15,0.612706768891372,0.599,0.241,2.79052002130775e-11,"ATP1A2",10.554314857178,"Significant"
1.24080808748005e-15,0.785084884215491,0.495,0.17,2.93897803600525e-11,"RHBG",10.5318036595474,"Significant"
1.50576631768918e-15,0.576803578587268,0.653,0.275,3.56655810007859e-11,"LOC100287225",10.4477506968254,"Significant"
1.59135774825815e-15,0.52690945589,0.516,0.182,3.76928996252426e-11,"CCP110",10.4237404520223,"Significant"
1.59672602891567e-15,-0.271757881857043,0.967,0.966,3.78200527208965e-11,"RPS29",10.422277870087,"Significant"
1.65948624546504e-15,0.48670542670193,0.563,0.213,3.93065912100849e-11,"WWTR1",10.4055346179159,"Significant"
1.75284322868553e-15,0.344866031551681,0.432,0.13,4.15178447146455e-11,"PLAC4",10.3817651997846,"Significant"
1.76088028313635e-15,-0.291454117555252,0.932,0.954,4.17082103863676e-11,"RPS16",10.3797784444385,"Significant"
1.80884391752646e-15,0.302630250757237,0.624,0.253,4.28442770305318e-11,"NFAM1",10.3681071812099,"Significant"
1.84295698003696e-15,0.500883730728023,0.768,0.355,4.36522790291554e-11,"EPHA1-AS1",10.3599930774121,"Significant"
1.86897735036357e-15,1.2345674950978,0.559,0.213,4.42685975207114e-11,"CUBN",10.3539042367441,"Significant"
2.05609095703924e-15,0.847550361199238,0.392,0.108,4.87005704084314e-11,"KRT42P",10.3124659520547,"Significant"
2.17771555047366e-15,0.672237940418293,0.815,0.485,5.1581370528519e-11,"BMP7",10.2875071227435,"Significant"
2.17890601356272e-15,0.501320043287185,0.406,0.114,5.16095678372466e-11,"GTSE1",10.2872697775641,"Significant"
2.25337997191944e-15,0.528858755598208,0.754,0.343,5.33735580148838e-11,"TMC7",10.2726738450749,"Significant"
2.40585490115177e-15,0.565464670455191,0.493,0.167,5.69850791886809e-11,"LINC00696",10.2442388438767,"Significant"
2.47552039870424e-15,0.479161870874372,0.589,0.231,5.86351761637087e-11,"FBXW8",10.2318417657144,"Significant"
2.6546235941887e-15,0.814869585472003,0.702,0.352,6.28774144519534e-11,"SPDYE1",10.2015053249893,"Significant"
2.75008277558115e-15,0.77665958077542,0.516,0.185,6.5138460622415e-11,"HHLA2",10.186162509067,"Significant"
2.76668056676689e-15,0.644946293794899,0.772,0.355,6.55315959044406e-11,"GNAL",10.1835492554522,"Significant"
2.92869767843759e-15,0.630264537337869,0.451,0.139,6.93691332114729e-11,"GDNF",10.1588337321089,"Significant"
3.12115718236623e-15,0.740535951929507,0.439,0.139,7.39277290215264e-11,"SLC9A7P1",10.1311926346461,"Significant"
3.41199611514877e-15,-0.268492767293603,0.993,0.988,8.08165399834138e-11,"RPS24",10.0924997470421,"Significant"
3.4646392292079e-15,1.28595438368252,0.397,0.114,8.20634447830182e-11,"CCSAP",10.0858502565763,"Significant"
3.49044973168474e-15,1.29109273198565,0.362,0.093,8.26747923446847e-11,"SDSL",10.0826268872358,"Significant"
3.62589824035252e-15,0.682229776977136,0.434,0.133,8.58830257209898e-11,"LAMA4",10.0660926634582,"Significant"
3.71044515793588e-15,0.572433751705488,0.5,0.17,8.78856040108692e-11,"HRH1",10.0560822581534,"Significant"
3.72286548635856e-15,0.542787875787367,0.629,0.256,8.81797919098889e-11,"LOC286467",10.0546309303735,"Significant"
3.96839371255387e-15,0.49412239654304,0.777,0.38,9.39953734755509e-11,"ISPD",10.0268935221821,"Significant"
4.00520837957024e-15,0.556958355951248,0.653,0.272,9.48673656785007e-11,"MPP7",10.0228831589447,"Significant"
4.42353690136091e-15,0.679940236866444,0.692,0.318,1.04775895045634e-10,"IMPAD1",9.97973862052781,"Significant"
4.43553591823986e-15,0.788815580633236,0.404,0.117,1.05060103759429e-10,"STAP2",9.97856217461491,"Significant"
4.53920311899247e-15,0.386831344838177,0.512,0.182,1.07515565076456e-10,"THUMPD3",9.96852865819042,"Significant"
4.56900173820499e-15,0.4269804492822,0.493,0.167,1.08221375171123e-10,"SSTR5-AS1",9.96568695177993,"Significant"
4.79047867349157e-15,0.981237435208785,0.401,0.12,1.13467277860321e-10,"GTF2IRD2",9.94512936396531,"Significant"
4.80987370433337e-15,0.598221935422466,0.634,0.259,1.1392666856084e-10,"TINAGL1",9.94337460205682,"Significant"
4.86459792124928e-15,0.732931359663489,0.373,0.096,1.15222866362711e-10,"GPR4",9.93846132516899,"Significant"
4.88449013787142e-15,0.592402394463609,0.751,0.364,1.15694033405622e-10,"TONSL",9.93668903798715,"Significant"
4.96794841453791e-15,0.331641047868409,0.46,0.148,1.17670826146745e-10,"CRISPLD2",9.92933119742829,"Significant"
5.47405837776103e-15,0.682750437905247,0.448,0.142,1.29658546735648e-10,"LOC100272217",9.88719885045042,"Significant"
5.60302629217323e-15,0.588810884246741,0.798,0.432,1.32713280756415e-10,"MIRLET7BHG",9.87708561465912,"Significant"
6.68334201754568e-15,-0.267106353512256,0.969,0.985,1.58301639027587e-10,"TPT1",9.80051458850497,"Significant"
6.80205874126804e-15,0.572130877075309,0.85,0.503,1.61113563345675e-10,"SLC7A14",9.79286789695986,"Significant"
7.38475528647659e-15,0.591702866757605,0.638,0.256,1.74915313715485e-10,"C12orf77",9.75717216667345,"Significant"
7.54757523701859e-15,0.64854383231935,0.624,0.262,1.78771867064022e-10,"LOC100505676",9.74770082413161,"Significant"
7.63994183788951e-15,0.558146783130762,0.509,0.176,1.80959662372251e-10,"LOC644669",9.74241822270822,"Significant"
7.74020997766968e-15,0.675501355299851,0.667,0.296,1.83334613531084e-10,"NRIP2",9.73675553260245,"Significant"
8.11891871990161e-15,0.710694686578896,0.887,0.648,1.9230470879959e-10,"SLAMF7",9.71601008143682,"Significant"
8.59651305423862e-15,0.493187271503136,0.42,0.127,2.03617008202696e-10,"MGC34034",9.69118594804418,"Significant"
8.61223747258366e-15,0.546712937431902,0.718,0.324,2.03989456775617e-10,"C14orf105",9.69039227856674,"Significant"
8.72587502437449e-15,0.79080332569783,0.39,0.108,2.06681075827334e-10,"TM4SF20",9.68469928650774,"Significant"
9.59195572879441e-15,0.667372256174778,0.707,0.321,2.27195063392224e-10,"DNAJC16",9.64360110942584,"Significant"
1.09418835459405e-14,0.717636665829997,0.439,0.145,2.59169453669147e-10,"C9orf139",9.58641618677015,"Significant"
1.12377999830543e-14,0.305892528785708,0.606,0.247,2.66178530398625e-10,"NDST3",9.57482697705605,"Significant"
1.16051558025269e-14,0.699794040545136,0.852,0.549,2.74879720338652e-10,"NUAK2",9.56085729969781,"Significant"
1.27413704280337e-14,0.657569571538439,0.782,0.475,3.01792099958407e-10,"SV2B",9.52029213298116,"Significant"
1.42132419340802e-14,0.396689531987676,0.58,0.219,3.36654848450623e-10,"FLJ33360",9.4728151265096,"Significant"
1.43542885095754e-14,1.1591165391786,0.336,0.083,3.39995677637803e-10,"SLC22A20",9.46852660410475,"Significant"
1.43743724440883e-14,0.529849998429394,0.556,0.21,3.40471385710676e-10,"FAIM",9.46791938169582,"Significant"
1.49085580431892e-14,0.627923906249259,0.756,0.377,3.53124105810979e-10,"MAGI2-AS3",9.45207263456562,"Significant"
1.57097354872472e-14,0.641368534890507,0.643,0.272,3.72100794750937e-10,"ICAM4",9.42933940239024,"Significant"
1.64255054633024e-14,0.576125583035348,0.556,0.219,3.8905452240378e-10,"FUT4",9.4099895320423,"Significant"
1.66098699972981e-14,0.579179904021847,0.523,0.194,3.93421380756003e-10,"LOC100506421",9.40514204174248,"Significant"
1.66894085998965e-14,0.442538721028837,0.462,0.154,3.95305332097149e-10,"DNM1P35",9.40306732761314,"Significant"
1.67960790920913e-14,0.600881762851648,0.507,0.182,3.97831929375275e-10,"LOC100128164",9.40030036400943,"Significant"
1.74267587685363e-14,0.280350417117132,0.596,0.231,4.1277020819155e-10,"KIAA1715",9.38429165557881,"Significant"
1.92995110847513e-14,0.400508312742831,0.549,0.204,4.5712821955342e-10,"MMRN2",9.33996196790769,"Significant"
1.98769223475531e-14,0.92118488581908,0.319,0.074,4.70804782724143e-10,"FCGR2B",9.32715913397611,"Significant"
2.22683634743995e-14,0.427288945952915,0.507,0.182,5.27448457254626e-10,"NOS3",9.27781997361054,"Significant"
2.26089824778141e-14,0.396111274011864,0.768,0.386,5.35516358969506e-10,"DOPEY2",9.27122725778886,"Significant"
2.36444155300705e-14,0.561930673168166,0.817,0.448,5.6004162624525e-10,"MRO",9.25177969196388,"Significant"
2.38099663165174e-14,0.549891054034491,0.746,0.37,5.6396286217303e-10,"ALG1L9P",9.24874949403858,"Significant"
2.41526177819392e-14,0.614008235777674,0.862,0.488,5.72078904783012e-10,"STRIP2",9.24254406640186,"Significant"
2.59947305489551e-14,0.52495016024794,0.676,0.29,6.1571118778255e-10,"LOC100506730",9.21062295498724,"Significant"
2.69314472040062e-14,0.600182404398164,0.702,0.34,6.37898258474091e-10,"WHAMMP2",9.1952485835152,"Significant"
2.73789143455338e-14,0.658472319010707,0.599,0.244,6.48496965188314e-10,"LOC550112",9.18809205197011,"Significant"
2.77405228266873e-14,0.600816307855492,0.833,0.475,6.57062023672915e-10,"CDH23",9.18239363307719,"Significant"
2.83782696210466e-14,0.63366940018032,0.636,0.265,6.72167694244111e-10,"LRRC19",9.17252236444713,"Significant"
2.92401800618913e-14,0.476439628738062,0.404,0.12,6.92582904945957e-10,"ALS2CL",9.1595282323639,"Significant"
2.93534084014696e-14,0.610836178672076,0.688,0.302,6.95264831397209e-10,"KIF11",9.15784973799021,"Significant"
2.9527071608872e-14,0.824730240396029,0.728,0.358,6.99378218127743e-10,"PARP11",9.15528789775488,"Significant"
3.12300432651752e-14,0.373057665695698,0.62,0.256,7.39714804778941e-10,"MMAB",9.13093568916688,"Significant"
3.66996581133317e-14,0.483222951844118,0.782,0.401,8.69268102072374e-10,"CDCP1",9.0608462565857,"Significant"
4.15332503207605e-14,-0.258475084817388,0.934,0.951,9.83756567097533e-10,"FAU",9.00711235547689,"Significant"
4.21341687897209e-14,0.474371030006249,0.641,0.275,9.9798992195333e-10,"SMIM5",9.00087384434605,"Significant"
4.51153000594899e-14,0.327932313611591,0.624,0.262,1.06860099720908e-09,"B4GALT5",8.97118442487312,"Significant"
4.54996658870741e-14,0.703773416174516,0.761,0.401,1.07770508620124e-09,"SCARF1",8.9675000674965,"Significant"
4.61611318427275e-14,0.632593928002487,0.779,0.423,1.09337256882684e-09,"STAC2",8.96123182614281,"Significant"
4.78389867095557e-14,0.550002940012731,0.857,0.494,1.13311423920254e-09,"ZSCAN2",8.94572630288664,"Significant"
4.79544838209245e-14,0.500821751105601,0.538,0.201,1.13584990378242e-09,"DZIP1",8.9446790544224,"Significant"
4.83109039429506e-14,0.402022795497761,0.54,0.204,1.14429207079273e-09,"LOC158435",8.94146311143092,"Significant"
4.89124955712578e-14,0.528245592292186,0.758,0.386,1.15854137010081e-09,"MYEF2",8.93608845347029,"Significant"
5.05589512651548e-14,-0.255347963676295,0.927,0.932,1.19753931966646e-09,"CD3D",8.92171021817742,"Significant"
5.16156973077197e-14,0.54209541351927,0.883,0.534,1.22256940643065e-09,"MOB1B",8.91272647619272,"Significant"
5.3249695094272e-14,0.554624868245813,0.815,0.432,1.26127227800293e-09,"CDHR3",8.89919114969197,"Significant"
5.34804033205504e-14,1.11602036170292,0.362,0.102,1.26673683305056e-09,"ULBP1",8.89731360123757,"Significant"
5.4871153677539e-14,0.39289673407008,0.646,0.269,1.29967814600619e-09,"PNPLA3",8.88616418363135,"Significant"
5.54690457451704e-14,0.50579223527458,0.711,0.343,1.31383981752011e-09,"AQP4-AS1",8.88145758044419,"Significant"
5.63363084635148e-14,0.606995271683222,0.364,0.102,1.33438180226681e-09,"RBM26-AS1",8.87471988938994,"Significant"
5.63752127758979e-14,0.77267787995712,0.592,0.244,1.33530328980992e-09,"CCDC148",8.87442008101764,"Significant"
5.65780911144647e-14,0.556002566256227,0.531,0.207,1.34010866613721e-09,"DDX55",8.87285998432898,"Significant"
5.7395539034784e-14,0.599242733920785,0.446,0.145,1.35947073757789e-09,"LOC286359",8.86663013610533,"Significant"
5.86776230629528e-14,0.636902389034202,0.458,0.16,1.3898381798691e-09,"HEXA-AS1",8.85703576210633,"Significant"
5.88635721703557e-14,-0.281958533942546,0.913,0.957,1.39424257042704e-09,"RPL10A",8.85566166107785,"Significant"
6.14469760185974e-14,-0.297705651622473,0.958,0.954,1.4554330739765e-09,"RPS23",8.83700776018117,"Significant"
6.17002847223681e-14,0.855687316874718,0.425,0.136,1.46143294393401e-09,"RHOJ",8.83522110692135,"Significant"
6.21823479324727e-14,0.553354129996717,0.627,0.272,1.47285109312855e-09,"ZNF791",8.83184115858952,"Significant"
6.31930958644329e-14,0.583944622521599,0.631,0.281,1.49679166864496e-09,"FAM74A2",8.82483864284609,"Significant"
6.45716971366158e-14,0.341154153578066,0.575,0.225,1.52944521837788e-09,"ZNF252P-AS1",8.81546607394721,"Significant"
6.62353831319924e-14,0.593847726212651,0.563,0.235,1.56885128486437e-09,"SLC41A2",8.80441822226636,"Significant"
6.78072928556331e-14,0.547478681972637,0.671,0.302,1.60608353857853e-09,"EID2B",8.79423186914443,"Significant"
6.81017795580429e-14,0.564565900251678,0.749,0.358,1.6130587506118e-09,"LOC100288748",8.79234981450697,"Significant"
6.92585127232254e-14,0.576674958336736,0.685,0.318,1.64045713236232e-09,"CLEC4E",8.78503511390442,"Significant"
6.98938935376829e-14,1.34712681894602,0.249,0.04,1.65550676233356e-09,"PKP2",8.7810690409233,"Significant"
7.09519933189274e-14,0.481297832507611,0.563,0.219,1.68056891375211e-09,"TAF1L",8.77454367406113,"Significant"
7.3984749337525e-14,0.780619733291284,0.493,0.182,1.75240277280862e-09,"LOC283688",8.75636606831369,"Significant"
7.42135655997714e-14,0.395617657132418,0.563,0.225,1.75782251479619e-09,"ZNF33B",8.75502497723488,"Significant"
7.53771177465066e-14,0.649960154217859,0.359,0.099,1.78538241094376e-09,"CCL28",8.74826874808109,"Significant"
7.77943181709127e-14,0.46878315126167,0.585,0.231,1.84263622019624e-09,"TMEM45B",8.73456039628153,"Significant"
7.96697936846619e-14,0.300657672983998,0.465,0.154,1.8870587332149e-09,"CLDN19",8.72421458255145,"Significant"
8.0025488297985e-14,0.64896242967273,0.805,0.432,1.89548371582607e-09,"WDR11-AS1",8.72227994226221,"Significant"
8.73446152244912e-14,0.529267768832047,0.554,0.216,2.0688445562073e-09,"ITGB8",8.68427213906723,"Significant"
8.94470973257306e-14,0.503570231290815,0.667,0.293,2.11864394725725e-09,"C2CD2",8.67394202334309,"Significant"
9.05250485835076e-14,1.60897756367523,0.387,0.142,2.14417630074896e-09,"PMEL",8.66873950848739,"Significant"
9.13251666567365e-14,0.532264682765046,0.723,0.349,2.16312789743146e-09,"METTL20",8.66491780163968,"Significant"
9.14883163671435e-14,0.732111994936465,0.373,0.111,2.16699226147216e-09,"MURC",8.66414263958278,"Significant"
9.15050339019142e-14,0.630108957459628,0.819,0.472,2.16738823300074e-09,"TRIOBP",8.66406328879641,"Significant"
9.25482280503314e-14,-0.271645705537968,0.937,0.972,2.19209732960015e-09,"RPL39",8.65914016698974,"Significant"
9.32653526860721e-14,0.377243387170939,0.648,0.275,2.2090831437223e-09,"FLJ12825",8.6557879381891,"Significant"
9.33066786237138e-14,0.496158551130021,0.739,0.361,2.21006198988129e-09,"BCDIN3D-AS1",8.6555955446471,"Significant"
9.42283349893323e-14,0.49196660310528,0.615,0.262,2.23189234255733e-09,"CNNM1",8.65132675783522,"Significant"
9.59796740050983e-14,0.536664228596007,0.815,0.466,2.27337455848476e-09,"KIAA1919",8.64332900453821,"Significant"
9.66709451469558e-14,0.448563817450246,0.664,0.278,2.2897480067508e-09,"GP6",8.64021231036729,"Significant"
1.02993402850229e-13,0.349216236542843,0.613,0.262,2.43950173991052e-09,"CDC6",8.61269886780248,"Significant"
1.14034362534254e-13,0.537150122912639,0.58,0.241,2.70101791098635e-09,"LOC728342",8.56847253591001,"Significant"
1.14900172746645e-13,-0.269597630477144,0.93,0.948,2.72152549167702e-09,"RPS7",8.56518759342745,"Significant"
1.1672718465148e-13,0.906856966014563,0.634,0.324,2.76480009565495e-09,"LOC100271836",8.55833626417573,"Significant"
1.18929897664958e-13,0.378345428230725,0.54,0.207,2.81697355609219e-09,"SHCBP1",8.55021722986802,"Significant"
1.21543132701367e-13,0.457820757927277,0.467,0.167,2.87887064116458e-09,"CNGB1",8.54077784922077,"Significant"
1.27438836820141e-13,0.387159074035727,0.545,0.216,3.01851628892187e-09,"MPPED2",8.52020647620614,"Significant"
1.34792708949749e-13,0.608378827025512,0.575,0.241,3.19270010418375e-09,"ZNF468",8.49584187357297,"Significant"
1.35564805287974e-13,0.753607134108654,0.425,0.142,3.21098797805095e-09,"C16orf89",8.49336132043035,"Significant"
1.37610578208393e-13,0.890164877597154,0.43,0.142,3.25944415544399e-09,"LOC285033",8.48685645539394,"Significant"
1.47159805430348e-13,0.618116349054605,0.857,0.531,3.48562715142321e-09,"FLJ30403",8.457719070106,"Significant"
1.54020352832767e-13,-0.398407805262384,0.789,0.861,3.64812607719691e-09,"CXCR4",8.43793016110986,"Significant"
1.5514386565951e-13,0.759519203038262,0.657,0.306,3.67473760201115e-09,"CHML",8.43477366666609,"Significant"
1.56004227929333e-13,0.549792508328638,0.697,0.327,3.69511614273418e-09,"KIAA1737",8.43237190656392,"Significant"
1.56164996617611e-13,0.631979780939548,0.815,0.466,3.69892410988473e-09,"ERVV-1",8.43192457892964,"Significant"
1.57560205339044e-13,0.703495232779497,0.465,0.167,3.7319710236606e-09,"SLC25A43",8.42806173692799,"Significant"
1.61813968753356e-13,0.610303657621198,0.824,0.478,3.83272566389199e-09,"ABCB5",8.41649226525432,"Significant"
1.68609946122309e-13,0.476394664684407,0.629,0.269,3.99369518385301e-09,"NOX4",8.39862508543988,"Significant"
1.69822079332275e-13,1.08605710622678,0.495,0.188,4.02240577106427e-09,"TRPM1",8.39551412089858,"Significant"
1.74846856182787e-13,0.593344501350591,0.756,0.389,4.1414226355455e-09,"LOC401052",8.38285044713121,"Significant"
1.77404427345082e-13,1.24562860545501,0.42,0.145,4.2020012660956e-09,"IFT81",8.37654382107375,"Significant"
1.77533153239762e-13,0.568636821583111,0.641,0.29,4.20505026763699e-09,"FLJ37453",8.37622880823066,"Significant"
1.87214120629926e-13,0.593232468400617,0.477,0.173,4.43435366124044e-09,"RPL34-AS1",8.35316967274609,"Significant"
1.88498396171293e-13,0.683385420155013,0.685,0.336,4.46477301171324e-09,"SAA2",8.35020061567045,"Significant"
1.89320433248679e-13,0.594703388077182,0.878,0.586,4.48424378192822e-09,"LINC00672",8.34831078540171,"Significant"
1.90498139851588e-13,0.31134546075925,0.479,0.173,4.51213894052471e-09,"C11orf44",8.34561753575917,"Significant"
1.93935092626211e-13,0.281640207397378,0.493,0.182,4.59354660394444e-09,"BMP3",8.33785187312061,"Significant"
2.07931650228777e-13,0.255487362264117,0.446,0.151,4.92506906731881e-09,"AURKA",8.30758767474097,"Significant"
2.22733884784754e-13,-0.260006956731425,0.951,0.975,5.27567479501169e-09,"RPS8",8.27772198323273,"Significant"
2.25166271105429e-13,0.671384084736317,0.739,0.373,5.33328829740319e-09,"ALS2CR8",8.27300493936471,"Significant"
2.25518545480077e-13,0.397338141991707,0.678,0.299,5.3416322682411e-09,"FBXL13",8.27232601323917,"Significant"
2.71374506150735e-13,0.413127239384597,0.662,0.29,6.42777655268632e-09,"USP46",8.19193922892519,"Significant"
2.7843885876998e-13,0.448275475254513,0.643,0.284,6.59510280882574e-09,"MCC",8.18077842999515,"Significant"
2.78480625914967e-13,0.607931037480566,0.535,0.216,6.59609210542191e-09,"CDON",8.1807132886556,"Significant"
2.90617048827417e-13,1.1705074851102,0.34,0.093,6.8835554185262e-09,"BCYRN1",8.16218718679244,"Significant"
2.91247435756927e-13,-0.395784296161226,0.498,0.179,6.89848676333857e-09,"MIR17HG",8.16124616468398,"Significant"
3.04811839466284e-13,0.566764461793998,0.7,0.336,7.21977322959841e-09,"ENOSF1",8.14147644324487,"Significant"
3.27381945142582e-13,0.546060919805203,0.455,0.16,7.75436875264721e-09,"CASP14",8.11045355031978,"Significant"
3.36648722492595e-13,0.346314543629042,0.535,0.213,7.9738616409596e-09,"TMEM185B",8.09833130430055,"Significant"
3.40522557370388e-13,0.593207538412619,0.775,0.41,8.06561729387501e-09,"KIAA1614",8.0933623887134,"Significant"
3.43516980030513e-13,0.625819635386164,0.556,0.247,8.13654318900274e-09,"ITGAX",8.08956006597126,"Significant"
3.48856630395696e-13,0.405517917774779,0.46,0.16,8.26301814755246e-09,"LOC730091",8.08286129342857,"Significant"
3.59771752207257e-13,0.598317767781991,0.615,0.278,8.52155372278108e-09,"LOC100505549",8.06948121371789,"Significant"
3.62358750063863e-13,0.549693937284808,0.772,0.389,8.58282935401265e-09,"SWAP70",8.06636952214214,"Significant"
3.65366370973205e-13,0.441723416494583,0.739,0.377,8.65406786287133e-09,"CARD6",8.06277970350349,"Significant"
3.67311853455268e-13,0.59305578688641,0.714,0.34,8.70014856094147e-09,"OR11A1",8.06047333144503,"Significant"
3.86195786569997e-13,1.15239607666538,0.263,0.052,9.14743340069694e-09,"PRAP1",8.03870074377796,"Significant"
3.90495097070109e-13,0.568157609612488,0.817,0.451,9.2492668692026e-09,"SLC28A2",8.03389268966941,"Significant"
3.93527054540615e-13,0.299436490853048,0.707,0.336,9.32108181384901e-09,"APOLD1",8.03053368007952,"Significant"
3.942665201001e-13,0.435070177677568,0.951,0.772,9.33859679509096e-09,"BRIP1",8.0297183753685,"Significant"
3.95621126886585e-13,0.538284396297396,0.425,0.142,9.37068201143566e-09,"LINC00488",8.0282287993978,"Significant"
4.03862468200715e-13,0.515605961140329,0.798,0.451,9.56588642180213e-09,"KIAA1751",8.01927477992208,"Significant"
4.04351939966963e-13,0.513533357207525,0.603,0.25,9.57748005005748e-09,"LINC00652",8.01874874398169,"Significant"
4.0929715065637e-13,0.57289966533524,0.495,0.194,9.69461231044678e-09,"NAV1",8.01346955376426,"Significant"
4.09517450790349e-13,1.56295705023589,0.305,0.077,9.6998303394202e-09,"LOC100506207",8.01323586195004,"Significant"
4.10327958460389e-13,0.473938046498167,0.711,0.34,9.71902802409278e-09,"LOC100379224",8.01237716561695,"Significant"
4.26277689297693e-13,0.680867531566317,0.723,0.364,1.00968133487051e-08,"TRIM5",7.99581567210283,"Significant"
4.32154520398318e-13,0.461845183689264,0.559,0.244,1.02360119701546e-08,"IQCH-AS1",7.98986921491371,"Significant"
4.35943107506984e-13,0.473535020805736,0.657,0.296,1.03257484444104e-08,"TRPM6",7.98607845942972,"Significant"
4.50669966246399e-13,0.356664754494808,0.523,0.198,1.06745688205122e-08,"ACVR2B-AS1",7.97164965847195,"Significant"
4.70565208674913e-13,0.328924896163325,0.582,0.241,1.1145807532674e-08,"RTN4IP1",7.95288846067147,"Significant"
4.83338265991662e-13,0.615642604618037,0.678,0.321,1.14483501682785e-08,"LIMS3L",7.94125709537116,"Significant"
5.11017923427077e-13,0.541907871411132,0.911,0.645,1.21039705342937e-08,"MAP1LC3C",7.91707214222291,"Significant"
5.16960468432887e-13,0.602314436782567,0.824,0.466,1.22447256553014e-08,"STAU2-AS1",7.9120509408556,"Significant"
5.20776803409219e-13,0.436834077884212,0.627,0.278,1.23351193655508e-08,"SRSF12",7.90885664353548,"Significant"
5.23897600579601e-13,0.485736130798174,0.613,0.269,1.24090385673284e-08,"KLHL8",7.90626186564703,"Significant"
5.38923599118743e-13,0.556692898546227,0.859,0.537,1.27649443687265e-08,"EPHA10",7.89398107356696,"Significant"
5.40135748297007e-13,0.528559287178825,0.692,0.321,1.27936553341629e-08,"SLC44A4",7.89300535351586,"Significant"
5.42268947527681e-13,0.315415422818241,0.58,0.25,1.28441822911407e-08,"DCDC5",7.89129353933454,"Significant"
5.56845874396465e-13,0.278707717095134,0.746,0.377,1.31894513809547e-08,"FZD4",7.87977326868254,"Significant"
5.62113096137829e-13,0.496003361659953,0.761,0.37,1.33142107951206e-08,"CSAD",7.87568457143174,"Significant"
5.72202313886008e-13,0.564355473183446,0.521,0.204,1.3553184006704e-08,"STIL",7.86795866537252,"Significant"
5.7449257599564e-13,0.600708784278163,0.559,0.225,1.36074311550327e-08,"ANKRD30BL",7.86622385425983,"Significant"
5.78136199610892e-13,0.413423667515221,0.692,0.306,1.36937340239836e-08,"MESTIT1",7.86347811177161,"Significant"
5.82248553198101e-13,0.425922515332234,0.683,0.312,1.37911392310502e-08,"GSDMC",7.86039985700595,"Significant"
6.11041446469213e-13,0.52211155066267,0.385,0.12,1.44731277010698e-08,"RNF144B",7.83943760595537,"Significant"
6.14013157454909e-13,0.25430414634115,0.646,0.284,1.4543515647477e-08,"ST6GAL2",7.83733059748368,"Significant"
6.2292180324341e-13,0.579588686458494,0.648,0.296,1.47545258316234e-08,"TMEM106A",7.83107474292569,"Significant"
6.59865373783251e-13,0.487898724765911,0.695,0.318,1.56295712434301e-08,"SOWAHC",7.80605293555512,"Significant"
6.65503738398972e-13,0.526138086153118,0.688,0.33,1.5763121547718e-08,"CNTLN",7.80235777563394,"Significant"
6.66822662057776e-13,0.589073695512598,0.742,0.37,1.57943615735005e-08,"FGFR2",7.80149792409308,"Significant"
6.74516059174881e-13,-0.2650911925234,0.941,0.954,1.59765873776162e-08,"RPL34",7.79651598105121,"Significant"
7.3338081709262e-13,0.531779491183127,0.561,0.225,1.73708580336558e-08,"TDGF1P3",7.76017872904406,"Significant"
7.4565532432569e-13,0.624186332900767,0.263,0.052,1.76615920119783e-08,"LOC643201",7.75297015178592,"Significant"
7.49025648065323e-13,0.303262414724638,0.575,0.244,1.77414215000752e-08,"KIAA1210",7.75101158603157,"Significant"
7.52903386509923e-13,0.481805148552406,0.596,0.247,1.7833269612874e-08,"HTR3B",7.7487690244831,"Significant"
7.72327294418712e-13,0.452855503333386,0.596,0.256,1.82933442956016e-08,"TMEM169",7.73770689177036,"Significant"
8.25319523042607e-13,0.499239980063859,0.66,0.312,1.95485182227872e-08,"ZNF252P",7.70888615653185,"Significant"
8.30441864258231e-13,0.600356200971678,0.507,0.198,1.96698459968205e-08,"FAM83E",7.7061990403345,"Significant"
8.44110461102491e-13,0.378562570326709,0.54,0.213,1.99936003816736e-08,"PAQR5",7.69910899252026,"Significant"
8.50693628663841e-13,0.6501987310931,0.552,0.241,2.01495292885317e-08,"TCF7",7.69573509492143,"Significant"
8.65550372673686e-13,0.35982202002559,0.592,0.256,2.05014261271489e-08,"SFR1",7.68821592735358,"Significant"
8.6782083178814e-13,0.470227390477311,0.768,0.426,2.05552042217339e-08,"OTUD3",7.6870782040244,"Significant"
8.84910586915429e-13,0.494496358722585,0.444,0.154,2.09599921616788e-08,"KIAA1755",7.67860888409958,"Significant"
9.52221213259936e-13,0.78372008705607,0.469,0.176,2.25543116572748e-08,"CFL1P1",7.64677042274534,"Significant"
1.02264648109282e-12,0.459470566872738,0.399,0.13,2.42224045511644e-08,"LOC553103",7.61578274676408,"Significant"
1.04436393460224e-12,0.855743668120946,0.27,0.059,2.47368041549887e-08,"SLC30A8",7.60665640929486,"Significant"
1.06502005857542e-12,0.298269171712453,0.582,0.238,2.52260651074174e-08,"ENPP6",7.59815048770717,"Significant"
1.10871674392334e-12,0.44135393248858,0.615,0.269,2.62610647965683e-08,"ALDH8A1",7.58068766873021,"Significant"
1.16666259877713e-12,0.370870996998813,0.641,0.29,2.7633570314635e-08,"NR2C1",7.55856299970991,"Significant"
1.1694574345337e-12,0.576149806068572,0.843,0.497,2.76997687943652e-08,"LPCAT2",7.55752385590849,"Significant"
1.20539279328983e-12,1.56372966892757,0.195,0.022,2.85509337018629e-08,"GYPE",7.54437968444314,"Significant"
1.21474097660869e-12,0.686510760653021,0.746,0.426,2.87723547719534e-08,"LGMN",7.54102459335416,"Significant"
1.23731705440978e-12,0.38828022445973,0.528,0.219,2.930709175075e-08,"FAM173B",7.53302727604355,"Significant"
1.24607576605248e-12,0.531844428544689,0.892,0.611,2.95145505947191e-08,"FLJ42102",7.52996382520645,"Significant"
1.27397944665365e-12,0.968543383396963,0.347,0.105,3.01754771734383e-08,"TTC23",7.52034585355364,"Significant"
1.34339597063643e-12,0.484217812136475,0.362,0.108,3.18196769604946e-08,"PRRG1",7.49730423370851,"Significant"
1.36296115657768e-12,0.882317175512928,0.376,0.12,3.2283097954699e-08,"SLC25A4",7.49102479612859,"Significant"
1.36617191314805e-12,0.401247896787949,0.692,0.315,3.23591479348247e-08,"EFR3B",7.490002922538,"Significant"
1.36995160604416e-12,0.632545334092036,0.585,0.25,3.24486737407619e-08,"CDT1",7.48880304921306,"Significant"
1.42321573947511e-12,0.614179490080454,0.582,0.259,3.37102880052075e-08,"HLCS",7.47223753705073,"Significant"
1.44719888716239e-12,0.546622606172545,0.638,0.287,3.42783528413283e-08,"NPFFR2",7.46498005515925,"Significant"
1.49956390139331e-12,0.605410869648512,0.451,0.164,3.5518670568402e-08,"HOMER3",7.44954329783747,"Significant"
1.52016515765497e-12,0.56132698974862,0.838,0.478,3.60066319242155e-08,"TLR10",7.44361750082083,"Significant"
1.5570647244968e-12,0.587199036532745,0.678,0.327,3.68806350644313e-08,"LIMS3",7.43320160923979,"Significant"
1.60150994204278e-12,0.460243065611951,0.671,0.318,3.79333644872252e-08,"C1orf140",7.42097863598334,"Significant"
1.6320993102418e-12,0.571757239826858,0.756,0.417,3.86579042623872e-08,"CYB561D1",7.41276169381371,"Significant"
1.64736188619416e-12,0.517119328877515,0.573,0.241,3.90194136363948e-08,"SYK",7.40871926124574,"Significant"
1.65665832452931e-12,0.482076472070476,0.697,0.318,3.92396090748013e-08,"KLK7",7.40627532793588,"Significant"
1.66440709874124e-12,0.654378468833666,0.338,0.099,3.9423146540785e-08,"IRF6",7.40424871565363,"Significant"
1.68036396947727e-12,0.39351836891676,0.7,0.315,3.98011009810386e-08,"RASSF8",7.40010491427364,"Significant"
1.75099859926499e-12,0.311982758513393,0.549,0.219,4.14741528221906e-08,"ZIM3",7.38222247639234,"Significant"
1.79173212684251e-12,1.10405679980108,0.465,0.176,4.24389671563916e-08,"ZNF519",7.37223519413305,"Significant"
1.83163698593644e-12,0.466781458226932,0.754,0.398,4.33841536488905e-08,"ZNF2",7.36266887047683,"Significant"
1.84721945715573e-12,0.686551532194822,0.561,0.241,4.37532400621905e-08,"LOC401321",7.35898978060675,"Significant"
1.85480829960965e-12,0.698557507511949,0.369,0.114,4.39329893845541e-08,"RPS15AP10",7.35720924451421,"Significant"
1.86336981891523e-12,0.666570470798938,0.528,0.216,4.41357775308262e-08,"ZNF761",7.35520921813356,"Significant"
1.86714701117834e-12,0.497774451983334,0.681,0.321,4.42252441067702e-08,"C14orf132",7.35432976126887,"Significant"
1.922988344262e-12,0.807769387205909,0.336,0.096,4.55479019221898e-08,"LIX1",7.34153162318278,"Significant"
1.96106670314568e-12,0.570997978255216,0.702,0.355,4.64498259307086e-08,"RP2",7.33301590917248,"Significant"
1.97196629712858e-12,0.505698790689789,0.918,0.636,4.67079937137874e-08,"NXN",7.33060878691355,"Significant"
2.0469251375858e-12,0.273350821546188,0.69,0.315,4.84834688088573e-08,"EXOG",7.31440631560224,"Significant"
2.0525394315528e-12,0.729784183050091,0.448,0.164,4.86164489757597e-08,"LMLN",7.31321676590719,"Significant"
2.15671797420026e-12,0.335252503126418,0.54,0.219,5.10840219369073e-08,"FLJ31813",7.29171491727701,"Significant"
2.1690818993784e-12,1.18977955811354,0.244,0.046,5.13768738686767e-08,"LOC440704",7.28923232480473,"Significant"
2.17268209786516e-12,0.457825263763203,0.937,0.772,5.14621481700343e-08,"AXL",7.2885120891144,"Significant"
2.21127228324689e-12,1.24698959693706,0.289,0.074,5.23761953009858e-08,"KLHL23",7.28086605268056,"Significant"
2.21437208047392e-12,0.373303243522889,0.664,0.309,5.24496170981052e-08,"LRRC8B",7.28025767797161,"Significant"
2.26019363392397e-12,1.00338598981917,0.284,0.068,5.35349464131233e-08,"LOC100287036",7.2713626277042,"Significant"
2.27018042989556e-12,0.816384524805783,0.293,0.074,5.37714936625062e-08,"LOC100506874",7.26944789953972,"Significant"
2.30733139223648e-12,0.393577020970976,0.688,0.318,5.46514513565133e-08,"BEND2",7.26239830017804,"Significant"
2.4578228517113e-12,0.445182735019838,0.805,0.451,5.82159920656338e-08,"KCNN3",7.23495769727741,"Significant"
2.47793849900919e-12,0.564752582723404,0.46,0.176,5.86924512875317e-08,"RRN3P3",7.23141775181856,"Significant"
2.62002808742785e-12,0.439989904251391,0.65,0.296,6.2057985278816e-08,"GFRAL",7.20720232795417,"Significant"
2.65831017819653e-12,0.716106446142545,0.369,0.117,6.29647348807631e-08,"ZNF573",7.20090262094015,"Significant"
2.67715227058941e-12,0.397511293617451,0.779,0.392,6.34110286811807e-08,"CTSL2",7.19783520144264,"Significant"
2.68602409991863e-12,0.598782493810785,0.737,0.389,6.36211668306728e-08,"NMUR1",7.19639837006871,"Significant"
2.71709240248392e-12,-0.323492686101905,0.852,0.895,6.43570506452342e-08,"RPL24",7.19140386696346,"Significant"
2.77166909772945e-12,0.555604794274068,0.711,0.364,6.56497542488199e-08,"UPK1B",7.18276689529546,"Significant"
2.83259149258463e-12,0.718939470968464,0.629,0.299,6.70927620933597e-08,"LOC150622",7.17332432860092,"Significant"
2.90601434099601e-12,0.754587168789539,0.303,0.077,6.88318556808315e-08,"LINC00114",7.16221052187324,"Significant"
3.04337718157042e-12,1.09607649316293,0.261,0.056,7.2085431922677e-08,"FAM92B",7.14215249498737,"Significant"
3.07176271410398e-12,0.327869200442218,0.575,0.244,7.27577716462669e-08,"LUZP2",7.13812061055069,"Significant"
3.11056351733504e-12,0.542388743601825,0.758,0.389,7.36768074715977e-08,"UBE2Q2P3",7.13266920104557,"Significant"
3.16304809749378e-12,0.486132472892501,0.847,0.562,7.49199572372376e-08,"PPP1R3B",7.12540247918304,"Significant"
3.36654905561299e-12,0.54673686673831,0.845,0.515,7.97400809312494e-08,"YES1",7.09832332789137,"Significant"
3.39144229989863e-12,0.501150230176636,0.819,0.528,8.0329702315399e-08,"GTF2E1",7.09512384243556,"Significant"
3.43602884867686e-12,0.600412988361579,0.627,0.284,8.13857793097602e-08,"LOC554223",7.08945147357318,"Significant"
3.46067614860623e-12,0.385075539061307,0.441,0.157,8.19695752558871e-08,"CCRN4L",7.0863473153038,"Significant"
3.47339782159228e-12,0.56471935523471,0.322,0.09,8.22709008022347e-08,"ANXA2P2",7.08475374748172,"Significant"
3.50062581908318e-12,0.309058529154246,0.378,0.12,8.29158231508043e-08,"GIN1",7.0813625834263,"Significant"
3.5185840739554e-12,0.52235165823769,0.728,0.361,8.33411823757076e-08,"TNNI1",7.07914034242442,"Significant"
3.62771428736877e-12,0.418180108109819,0.697,0.346,8.59260406106166e-08,"LOC440243",7.06587519961888,"Significant"
3.65043665561706e-12,0.554655931371669,0.798,0.472,8.64642426249457e-08,"LOC100335030",7.06316345833051,"Significant"
3.66906143865359e-12,0.446343700753143,0.521,0.207,8.6905389235949e-08,"RTBDN",7.06095329095223,"Significant"
4.22289548060705e-12,0.317305071907722,0.716,0.336,1.00023502353659e-07,"SFTPB",6.99989794256742,"Significant"
4.32577358332474e-12,0.654144419943747,0.439,0.157,1.0246027309463e-07,"ATP5L2",6.98944449090226,"Significant"
4.40110613899949e-12,0.537601945096553,0.826,0.515,1.04244600008342e-07,"SHROOM1",6.98194643273138,"Significant"
4.41149066266273e-12,0.681016747340791,0.343,0.102,1.04490567835829e-07,"FAM138A",6.98092291071781,"Significant"
4.52992870747399e-12,0.323362848082879,0.688,0.327,1.07295891365229e-07,"CALN1",6.96941690796483,"Significant"
4.67766791040633e-12,0.409948325806892,0.761,0.389,1.10795242125884e-07,"ZNF772",6.95547888909171,"Significant"
4.71499149656651e-12,0.286510650211614,0.528,0.21,1.11679288587674e-07,"CLMN",6.95202736122728,"Significant"
4.74969103253695e-12,0.595942644948594,0.824,0.568,1.1250118179667e-07,"MMS22L",6.94884291537416,"Significant"
4.90662198359881e-12,0.361023901428038,0.477,0.185,1.16218248303521e-07,"BEND3P3",6.93472567474002,"Significant"
5.18193093794305e-12,0.291008211892684,0.585,0.244,1.22739216196119e-07,"TRIM16",6.91101665441682,"Significant"
5.24101487676971e-12,0.506205855643276,0.871,0.534,1.24138678371167e-07,"NOM1",6.90609288259461,"Significant"
5.27575860650116e-12,0.534281136677391,0.732,0.377,1.24961618353587e-07,"PTGR2",6.90322335896709,"Significant"
5.29049976531472e-12,0.469999021189241,0.502,0.201,1.25310777441244e-07,"ACACB",6.90201157559821,"Significant"
5.56474861005443e-12,1.13633161340968,0.284,0.074,1.31806635577749e-07,"EMCN",6.88006272538495,"Significant"
5.62121371039042e-12,0.516205242054545,0.742,0.377,1.33144067944308e-07,"LINC00330",6.87567817820321,"Significant"
5.66339411249037e-12,0.423713231183105,0.561,0.244,1.34143152948447e-07,"TMPRSS3",6.87243149006321,"Significant"
5.67377839930166e-12,0.291111568077745,0.786,0.414,1.34389115165859e-07,"GPR12",6.87163590549975,"Significant"
5.78192861638354e-12,1.06355525960035,0.277,0.068,1.3695076120766e-07,"ALPP",6.86343554948254,"Significant"
5.82995955476008e-12,0.674086565083688,0.371,0.123,1.38088422014047e-07,"LOC148709",6.8598427331969,"Significant"
5.86992657967352e-12,0.391173243898726,0.617,0.278,1.39035080966147e-07,"CCDC170",6.85687560587706,"Significant"
5.98642524583075e-12,1.11216822003815,0.286,0.074,1.41794468372747e-07,"LOC100287177",6.84834071133949,"Significant"
6.12362553225146e-12,1.17897927875958,0.343,0.108,1.45044194356908e-07,"AHCYL2",6.83849964989626,"Significant"
6.27423157763673e-12,0.438858109447597,0.908,0.691,1.48611449147903e-07,"DCUN1D2",6.82794773088354,"Significant"
6.43689334472933e-12,0.429333010035125,0.65,0.29,1.52464255763259e-07,"ZNF426",6.81683196185377,"Significant"
6.5917147548561e-12,0.412538402636628,0.66,0.306,1.56131355683522e-07,"LOC202781",6.80650986930892,"Significant"
6.6699525050361e-12,0.666212590713547,0.34,0.102,1.57984495034285e-07,"FAM138F",6.80138553362452,"Significant"
6.82992339259283e-12,0.531115884779142,0.857,0.522,1.61773565476954e-07,"GTF2H2C",6.79109244258414,"Significant"
6.85540570374459e-12,0.35523400296435,0.582,0.259,1.62377139498894e-07,"BRDT",6.78947511356977,"Significant"
7.0582444354673e-12,0.512515000059773,0.885,0.59,1.67181577698478e-07,"EXD1",6.77681158063319,"Significant"
7.16451326647452e-12,0.32103953469155,0.286,0.071,1.69698661229716e-07,"TLL2",6.77032158386288,"Significant"
7.26223289434125e-12,-0.383817375671101,0.782,0.83,1.72013248335367e-07,"ATP5E",6.76443810275893,"Significant"
7.2691102678454e-12,0.390684901576908,0.723,0.355,1.72176145804186e-07,"LOC100190940",6.76402701817404,"Significant"
7.27738272453148e-12,0.854219080727749,0.258,0.056,1.72372087213253e-07,"H3F3C",6.76353305957113,"Significant"
7.67213393254251e-12,0.456701167159724,0.671,0.321,1.81722164326202e-07,"C5orf28",6.74059209934294,"Significant"
7.89439854413828e-12,0.253358201956774,0.432,0.157,1.86986723916459e-07,"DRAM1",6.72818922733784,"Significant"
8.33776337031554e-12,0.44358697246196,0.528,0.225,1.97488263189294e-07,"WIPF3",6.70445870957467,"Significant"
8.45544751483462e-12,0.734232079228325,0.411,0.148,2.00275729836373e-07,"C16orf55",6.69837167695093,"Significant"
8.51689416107035e-12,0.388588053322048,0.474,0.182,2.01731155099112e-07,"PTPN3",6.69522702472844,"Significant"
8.55777892970972e-12,0.475990508848267,0.507,0.21,2.02699551729104e-07,"TPT1-AS1",6.69314721174997,"Significant"
8.59359199231963e-12,0.71224062900775,0.329,0.099,2.03547819930083e-07,"LINC00839",6.69133354470883,"Significant"
8.73089736239885e-12,0.510216659621415,0.735,0.377,2.06800034925779e-07,"LOC100287015",6.68444939223152,"Significant"
8.85049627438953e-12,0.446333290452874,0.636,0.309,2.0963285475519e-07,"RFWD3",6.67854065145598,"Significant"
8.95044777986483e-12,0.504712982016928,0.864,0.577,2.12000306113878e-07,"SGSM1",6.6736635119794,"Significant"
9.2421581352565e-12,0.447876433433462,0.547,0.238,2.18909757591685e-07,"LOC100133612",6.65973487994061,"Significant"
9.64199084722984e-12,0.317222510275242,0.58,0.247,2.28380195207486e-07,"SLC47A1",6.64134156016801,"Significant"
9.64562761808655e-12,0.413325898174318,0.822,0.475,2.28466335761998e-07,"FASTKD2",6.64117778364613,"Significant"
9.70277172656054e-12,0.267917006833262,0.507,0.207,2.29819851115313e-07,"C1orf106",6.63861246103724,"Significant"
9.70388596931658e-12,0.646090435636099,0.617,0.309,2.29846243069232e-07,"FAM60A",6.63856259057643,"Significant"
9.76479228316269e-12,0.336653868074122,0.282,0.071,2.31288870018991e-07,"FLJ38109",6.63584526565409,"Significant"
9.90358319641561e-12,0.752545810796704,0.338,0.102,2.345762715903e-07,"FAM138C",6.6297159207737,"Significant"
9.90460453717236e-12,0.435253733226318,0.692,0.33,2.34600463067465e-07,"ADM2",6.629671134985,"Significant"
1.01645410576506e-11,2.54672292475998,0.197,0.031,2.40757319491513e-07,"TUBB4A",6.61842050060445,"Significant"
1.04583308130988e-11,0.56176189921508,0.413,0.151,2.47716023639057e-07,"GTF2IRD2B",6.60604589994244,"Significant"
1.10022944359762e-11,0.442890318012914,0.833,0.448,2.60600346010531e-07,"ALPK1",6.58402501199118,"Significant"
1.1216706823687e-11,0.343305469258693,0.343,0.102,2.6567891782585e-07,"LOC100292680",6.57564290639198,"Significant"
1.13985676880902e-11,0.474407884435186,0.354,0.111,2.69986474260104e-07,"PODNL1",6.56865799251264,"Significant"
1.16729899360981e-11,0.355296030380858,0.746,0.407,2.7648643962642e-07,"ADRBK2",6.55832616396086,"Significant"
1.17577564494606e-11,0.424885666382832,0.819,0.509,2.78494219261924e-07,"KDSR",6.5551838150996,"Significant"
1.1833378097907e-11,0.270033434370555,0.453,0.17,2.80285393627024e-07,"NAPEPLD",6.55239953382183,"Significant"
1.19355331877602e-11,0.377489419895474,0.592,0.259,2.82705039085289e-07,"PCA3",6.54866645034518,"Significant"
1.19702562563113e-11,0.548855194635629,0.782,0.398,2.83527489686988e-07,"OTUD6A",6.54740482728046,"Significant"
1.1986524584213e-11,1.56052012017791,0.289,0.083,2.8391282130167e-07,"ASAP1",6.54681499460047,"Significant"
1.23973156126694e-11,0.503652480998895,0.768,0.404,2.93642817601689e-07,"GAREML",6.53218061737884,"Significant"
1.24105789434826e-11,0.505107582292082,0.451,0.179,2.93956972855329e-07,"C20orf166-AS1",6.53171623359813,"Significant"
1.25806371878651e-11,0.457015899714125,0.742,0.392,2.97984972431772e-07,"TMEM105",6.52580563711341,"Significant"
1.2739351167723e-11,0.397229213559722,0.655,0.312,3.01744271758686e-07,"ZDHHC15",6.52036096569526,"Significant"
1.33792412384768e-11,0.551325864882303,0.791,0.438,3.16900707974562e-07,"PRELID2",6.49907679056955,"Significant"
1.34264808364942e-11,0.562545885250627,0.697,0.352,3.18019625093202e-07,"RAD21-AS1",6.49754607873664,"Significant"
1.39511992850163e-11,0.270664346388464,0.577,0.25,3.30448106264896e-07,"LILRA6",6.48089673264531,"Significant"
1.45333458914501e-11,0.332017614960818,0.352,0.111,3.44236830784888e-07,"MELK",6.46314266523764,"Significant"
1.46808084757639e-11,0.364026389734295,0.646,0.299,3.47729629556944e-07,"KIAA0408",6.45875830211273,"Significant"
1.47430448104508e-11,0.429221411753826,0.697,0.349,3.49203759380338e-07,"ALDH3B1",6.45692108951015,"Significant"
1.47963487403626e-11,0.86874784596716,0.202,0.031,3.50466316264229e-07,"SLC13A1",6.45535371625236,"Significant"
1.51884122919894e-11,0.385788678539458,0.716,0.346,3.59752733548061e-07,"FGD5P1",6.44399589743214,"Significant"
1.5198174767426e-11,0.315966297408129,0.718,0.349,3.59983967541252e-07,"RHOBTB3",6.44371684079775,"Significant"
1.54513597424227e-11,0.559449563147803,0.829,0.478,3.65980906859025e-07,"CHP2",6.43654157105931,"Significant"
1.55096272077495e-11,0.476897514890568,0.692,0.346,3.67361030042754e-07,"SVOP",6.43490691589913,"Significant"
1.5581815985489e-11,0.495051976509335,0.932,0.67,3.69070893432291e-07,"KIF1B",6.43289020384305,"Significant"
1.61404890459022e-11,0.612804985970751,0.554,0.247,3.82303623541239e-07,"PRRT3",6.41759158564169,"Significant"
1.76268763484506e-11,0.444025958091026,0.676,0.333,4.17510193189402e-07,"ZNF674-AS1",6.37933291708608,"Significant"
1.77917442493583e-11,0.480554285751998,0.718,0.377,4.21415254290301e-07,"LOC100506085",6.37528974795383,"Significant"
1.81293960629734e-11,0.425353491860093,0.763,0.417,4.29412875147588e-07,"LOC100129550",6.36712493819105,"Significant"
1.82346263334693e-11,0.345767792592744,0.634,0.29,4.31905359334553e-07,"ASB4",6.36461140693888,"Significant"
1.82906280228138e-11,0.82927159377001,0.439,0.173,4.33231815348368e-07,"KSR2",6.36327965748791,"Significant"
1.83985958339247e-11,0.50270550803361,0.901,0.627,4.3578914092234e-07,"RNF207",6.3607235957884,"Significant"
1.85256060918481e-11,0.674491783965724,0.3,0.083,4.38797505891513e-07,"MRGPRX3",6.35773584960378,"Significant"
1.86773950721636e-11,0.362554236094881,0.601,0.272,4.42392779679268e-07,"CXorf23",6.35419196979341,"Significant"
1.92077348296274e-11,0.406319517695752,0.697,0.34,4.54954407174556e-07,"LURAP1",6.34203212357284,"Significant"
1.94773256824528e-11,0.269071168006817,0.477,0.191,4.61339936114577e-07,"PRPF4",6.33597894885267,"Significant"
1.96349442405205e-11,0.830791989769845,0.587,0.284,4.65073289280969e-07,"LOC220729",6.33247860276111,"Significant"
1.96769394854829e-11,0.437982159008103,0.779,0.426,4.66067988653148e-07,"PPEF2",6.33155072506295,"Significant"
1.99624189349942e-11,0.350439840916666,0.599,0.269,4.72829854894271e-07,"DCDC2",6.32529510952423,"Significant"
2.01096616390053e-11,0.719222004374546,0.296,0.08,4.7631744558148e-07,"LOC283585",6.32210351174682,"Significant"
2.03488997113929e-11,0.479551746276974,0.43,0.16,4.81984038564052e-07,"RAB12",6.31696734366641,"Significant"
2.03568697721553e-11,0.90005598369489,0.275,0.068,4.8217281742327e-07,"HNMT",6.31679727669567,"Significant"
2.11992602355996e-11,0.397619504835679,0.746,0.41,5.02125677940413e-07,"ZSWIM7",6.29918756890113,"Significant"
2.2211695833753e-11,1.79521110013187,0.249,0.062,5.26106227518273e-07,"DGKD",6.27892655742958,"Significant"
2.29726714518665e-11,0.449533507821745,0.547,0.225,5.44130696008909e-07,"APOC1P1",6.26429677357718,"Significant"
2.30250475511673e-11,0.45854997104476,0.655,0.306,5.45371276296948e-07,"C12orf43",6.26330773928444,"Significant"
2.3131332641122e-11,0.302763343888234,0.786,0.423,5.47888744937617e-07,"PART1",6.2613076210139,"Significant"
2.34435966821014e-11,0.516047966050421,0.495,0.201,5.55285031012253e-07,"FLJ35282",6.25548403377829,"Significant"
2.373208421332e-11,0.520764738786346,0.826,0.472,5.62118146676697e-07,"AIPL1",6.25017239429371,"Significant"
2.38212849158838e-11,0.732976891152901,0.254,0.059,5.64230954517625e-07,"DBIL5P2",6.24854309151028,"Significant"
2.39010149652738e-11,0.55062499625142,0.69,0.346,5.66119440467475e-07,"C17orf77",6.24709193124368,"Significant"
2.4057866680905e-11,0.268324853142909,0.599,0.262,5.69834630203915e-07,"IL23R",6.24425116118735,"Significant"
2.41524143177511e-11,0.450567282132249,0.695,0.336,5.72074085530253e-07,"LINC00092",6.24254772495959,"Significant"
2.45807147638581e-11,0.526529624350237,0.77,0.444,5.82218809896744e-07,"LOC253039",6.23491376780411,"Significant"
2.5044188972668e-11,0.485433941123447,0.873,0.58,5.93196660006615e-07,"ABI2",6.22680130293155,"Significant"
2.54445767595109e-11,0.315056398388636,0.641,0.296,6.02680245125774e-07,"KIAA0930",6.21991304376268,"Significant"
2.54866743144223e-11,0.546064820041292,0.744,0.398,6.03677367811408e-07,"LINC00629",6.2191951057746,"Significant"
2.5704229694053e-11,0.454222270021573,0.833,0.444,6.08830384533339e-07,"CYP2B7P1",6.21550368162204,"Significant"
2.5975889848374e-11,0.294790953869156,0.716,0.358,6.15264926948586e-07,"SYNPO2L",6.21093784107455,"Significant"
2.70449593099938e-11,0.382899195807775,0.749,0.37,6.40586906216512e-07,"CA13",6.19342194268755,"Significant"
2.71348210807875e-11,0.538968163673169,0.866,0.546,6.42715372119533e-07,"AQP6",6.19198131274426,"Significant"
2.72089451775825e-11,0.569762107145634,0.3,0.083,6.44471075476219e-07,"PLEKHG6",6.19079656945559,"Significant"
2.73022753559994e-11,0.338981341993942,0.505,0.207,6.46681694082202e-07,"STL",6.18930943265364,"Significant"
2.77321630752076e-11,0.252860953807238,0.495,0.194,6.56864014599367e-07,"CXCR2",6.1825245297124,"Significant"
2.7969461755635e-11,0.430925498741437,0.725,0.386,6.62484671143971e-07,"LRRC25",6.17882416616792,"Significant"
2.83834747337149e-11,0.38876784157969,0.512,0.207,6.7229098254277e-07,"LOC100287042",6.1724427139099,"Significant"
2.85004748272832e-11,0.303025958193881,0.664,0.318,6.7506224675903e-07,"KIAA1841",6.17065617949851,"Significant"
2.85569773687533e-11,0.5063276031056,0.345,0.114,6.76400565956292e-07,"TIMELESS",6.16979603769229,"Significant"
2.90921267827927e-11,0.525137161316084,0.556,0.241,6.89076114977227e-07,"UMPS",6.1617328035077,"Significant"
2.96882029583345e-11,0.419258067318495,0.894,0.62,7.03194775271112e-07,"EIF5A2",6.15292436472518,"Significant"
3.12520556266748e-11,0.628576369033501,0.826,0.497,7.40236189573418e-07,"CD24",6.13062968640135,"Significant"
3.30868437274367e-11,0.859550304625785,0.329,0.105,7.83694980528066e-07,"TMEM198B",6.105852934827,"Significant"
3.31399324363323e-11,0.329926166247667,0.477,0.182,7.84952439686966e-07,"DIRC1",6.105156656385,"Significant"
3.35014686496516e-11,-0.513008519190301,0.669,0.762,7.93515786435648e-07,"PSMB8",6.10044442884147,"Significant"
3.37669493818563e-11,0.252776689352179,0.453,0.176,7.99803963058647e-07,"NUMBL",6.09701644825171,"Significant"
3.52545614387765e-11,0.34963205076199,0.538,0.222,8.3503954223886e-07,"HYLS1",6.07829295856486,"Significant"
3.5481582887996e-11,0.316207947483921,0.451,0.173,8.40416772285072e-07,"FAM83H",6.07550528891938,"Significant"
3.67652051433876e-11,0.64647282896448,0.782,0.485,8.70820649026279e-07,"PDE7B",6.06007128145473,"Significant"
3.8060879322067e-11,0.40997687152127,0.655,0.321,9.0150998762248e-07,"AKR1D1",6.04502945746592,"Significant"
3.81270950343981e-11,0.339837923476723,0.533,0.231,9.03078372984753e-07,"LOC646762",6.04427455812744,"Significant"
3.87396262677096e-11,0.282049681779912,0.674,0.324,9.1758678777697e-07,"G6PC",6.03735284841636,"Significant"
3.88348005065884e-11,0.311429209627283,0.383,0.13,9.19841084799054e-07,"ERC2-IT1",6.03628719651993,"Significant"
3.88870331748678e-11,0.323554319573134,0.704,0.358,9.2107826777992e-07,"NPHP3",6.03570346446037,"Significant"
3.97434290985978e-11,0.7393254712129,0.265,0.068,9.41362861629388e-07,"LOC157381",6.02624293934956,"Significant"
4.0017968821999e-11,0.417351952090124,0.941,0.778,9.47865609517868e-07,"PPIL6",6.02325323352921,"Significant"
4.16068725889456e-11,0.380358257335562,0.521,0.213,9.85500384141765e-07,"FAM86B3P",6.00634320209929,"Significant"
4.21516045121853e-11,0.379453132182184,0.577,0.253,9.98402904475621e-07,"ZNF514",6.00069416424428,"Significant"
4.23394390735924e-11,1.81742214262481,0.207,0.037,1.00285195389711e-06,"NCR3LG1",5.99876317500664,"Significant"
4.26853404406074e-11,-0.348230897943818,0.822,0.877,1.01104497367623e-06,"RPL38",5.99522952553165,"Significant"
4.30920420218861e-11,0.445178602400921,0.765,0.38,1.02067810733039e-06,"C18orf61",5.99111120037315,"Significant"
4.33435291541778e-11,0.332106362609163,0.977,0.843,1.02663483154586e-06,"KIN",5.98858400513317,"Significant"
4.43718496168701e-11,0.504652300047463,0.352,0.12,1.05099163002518e-06,"SRRM4",5.97840074262861,"Significant"
4.53998500803672e-11,0.488665514494308,0.39,0.136,1.07534084900358e-06,"MLLT4-AS1",5.96845385632632,"Significant"
4.54742904301012e-11,0.622839817444933,0.498,0.219,1.07710404312738e-06,"TXLNG2P",5.96774234389451,"Significant"
4.659808487869e-11,0.29090240121772,0.613,0.278,1.10372223843665e-06,"MYO6",5.95714020694362,"Significant"
4.67673506791107e-11,0.615215038933774,0.256,0.062,1.10773146818542e-06,"FAM138D",5.95556550677334,"Significant"
4.72526669100092e-11,0.269655412900261,0.61,0.287,1.11922666843048e-06,"PVR",5.95108195021904,"Significant"
4.94163658556474e-11,0.720885990114597,0.296,0.086,1.17047604165686e-06,"LOC339975",5.93163747140154,"Significant"
5.04502577712126e-11,0.493546213440969,0.85,0.522,1.19496480556894e-06,"MOCS3",5.92264488548763,"Significant"
5.0633465514517e-11,0.495462710180493,0.697,0.37,1.19930426417685e-06,"SPDYE2L",5.9210706221642,"Significant"
5.0633465514517e-11,0.495462710180493,0.697,0.37,1.19930426417685e-06,"SPDYE2",5.9210706221642,"Significant"
5.2846064627513e-11,0.259447582649572,0.509,0.219,1.25171188676727e-06,"CDK19",5.90249562351097,"Significant"
5.3895886065637e-11,0.305122778463244,0.664,0.318,1.27657795735068e-06,"C6orf132",5.89395265879672,"Significant"
5.42723844443187e-11,0.377859772177911,0.695,0.352,1.28549569794813e-06,"FAM84B",5.89092937243264,"Significant"
5.45077834426913e-11,0.555783621252765,0.906,0.651,1.29107135862359e-06,"ESYT2",5.88904975324094,"Significant"
5.50260796404331e-11,0.655110299120548,0.549,0.259,1.3033477223633e-06,"ZNF611",5.88493970266255,"Significant"
5.77673923521377e-11,0.516240975761022,0.387,0.139,1.36827845525273e-06,"LINC00685",5.86382551133401,"Significant"
5.85924514928733e-11,0.451673428072448,0.829,0.5,1.3878208060602e-06,"PURB",5.85766660590079,"Significant"
6.33451741215229e-11,0.407941537895878,0.7,0.355,1.50039379424239e-06,"ZNF841",5.82379474079688,"Significant"
6.38030030029996e-11,0.551937686480299,0.371,0.133,1.51123792912905e-06,"PPP1R3E",5.82066715500368,"Significant"
6.38759378041265e-11,0.407266119929636,0.573,0.253,1.51296546282854e-06,"KIAA1161",5.82017098570727,"Significant"
6.51564358689928e-11,0.538439220934122,0.721,0.386,1.54329533999296e-06,"LOC100506834",5.81155095517115,"Significant"
6.57528568859761e-11,0.484170399262751,0.749,0.389,1.55742216820123e-06,"EPGN",5.80759364788891,"Significant"
6.66210418460238e-11,0.360107643299356,0.364,0.127,1.57798599716492e-06,"TEX11",5.8018968549802,"Significant"
6.7045904125377e-11,0.526744569336365,0.615,0.29,1.58804928511368e-06,"DYDC1",5.7991360233694,"Significant"
6.73134996406833e-11,1.08367791372881,0.268,0.071,1.59438755248922e-06,"GOLGA6L6",5.79740610486599,"Significant"
6.93672312766171e-11,0.264238786711926,0.446,0.176,1.64303224001795e-06,"FTLP10",5.78435391463888,"Significant"
7.61087049473198e-11,0.731510427133761,0.404,0.151,1.80271078538222e-06,"LOC150935",5.7440739429324,"Significant"
7.70261583646636e-11,0.449255794963276,0.556,0.244,1.82444158702542e-06,"LOC144742",5.7388700368423,"Significant"
8.04478215857199e-11,1.30692169991718,0.192,0.031,1.90548710207936e-06,"M1AP",5.71999398654792,"Significant"
8.31818137744745e-11,0.39917209771292,0.481,0.194,1.9702444410622e-06,"SIGLEC16",5.70547988915882,"Significant"
8.39315205802396e-11,0.393912654849631,0.453,0.185,1.98800199646356e-06,"MOK",5.70158318379551,"Significant"
8.7546539762863e-11,0.55904178567436,0.401,0.151,2.07362734082317e-06,"CHIAP2",5.68326928958923,"Significant"
8.79010663107906e-11,0.680021754715888,0.465,0.207,2.08202465663739e-06,"CNOT10",5.68151413160831,"Significant"
8.80900768852001e-11,0.502110676595537,0.8,0.469,2.08650156110285e-06,"LOC646719",5.68058128601669,"Significant"
8.84602563640562e-11,0.269238827903141,0.669,0.327,2.09526963223904e-06,"S1PR3",5.67876008140476,"Significant"
8.96767323851991e-11,0.437717220674271,0.873,0.549,2.12408308327583e-06,"CROCCP3",5.67282849987751,"Significant"
8.99591717945864e-11,0.977105221016753,0.359,0.13,2.13077294312657e-06,"MRPL45P2",5.67146282658846,"Significant"
9.02622592635685e-11,0.367659885006126,0.434,0.17,2.13795187291688e-06,"IL18",5.67000207534889,"Significant"
9.03991658678945e-11,0.252121389257858,0.359,0.12,2.14119464274695e-06,"LOC100505687",5.66934385188881,"Significant"
9.22235623121234e-11,0.282766729611001,0.528,0.235,2.18440729692495e-06,"GXYLT1",5.66066638139077,"Significant"
9.24562830816571e-11,0.452418416499768,0.638,0.306,2.18991952107213e-06,"GAMT",5.65957184506696,"Significant"
9.35286685015789e-11,0.278659663073296,0.73,0.389,2.2153200421284e-06,"TMC5",5.65456352339581,"Significant"
9.43075553211274e-11,0.27144850892582,0.352,0.12,2.23376875533622e-06,"TIRAP",5.65096178801519,"Significant"
9.82423927134851e-11,0.492507435358027,0.742,0.395,2.32696931381161e-06,"INHBA-AS1",5.63320934379972,"Significant"
9.87785056926258e-11,0.380514667016465,0.756,0.407,2.33966768583554e-06,"C8orf86",5.63084582312695,"Significant"
9.94247179647431e-11,0.423346482529324,0.739,0.389,2.3549738697129e-06,"ANKRD30BP2",5.62801390734717,"Significant"
9.96755392010486e-11,0.288025221499283,0.542,0.244,2.36091482151604e-06,"PIK3R2",5.6269196813723,"Significant"
9.99191047532973e-11,0.474543250327026,0.653,0.327,2.3666839151866e-06,"CENPL",5.62585974082746,"Significant"
1.00504836683417e-10,0.479142941062169,0.54,0.235,2.38055756168341e-06,"EHHADH",5.62332131285814,"Significant"
1.00691988602145e-10,0.29063235760825,0.563,0.247,2.3849904420304e-06,"SCN2B",5.62251335707744,"Significant"
1.0104387213885e-10,0.281970362448694,0.366,0.133,2.39332515548079e-06,"ZNF398",5.62099829443375,"Significant"
1.01740673459482e-10,0.292555182401651,0.397,0.145,2.40982959156129e-06,"LOC646999",5.6180136669941,"Significant"
1.02013533568536e-10,0.835995129534008,0.256,0.065,2.41629255610434e-06,"LOC646278",5.61685048403694,"Significant"
1.04661719735236e-10,0.364933577028929,0.657,0.336,2.47901749364879e-06,"SLC26A4",5.60572040854144,"Significant"
1.05836667674786e-10,0.467038091315462,0.805,0.457,2.50684731054499e-06,"PAICS",5.60087211766014,"Significant"
1.06277277393649e-10,0.424846577110046,0.512,0.213,2.51728359234597e-06,"CLDN18",5.59906785491128,"Significant"
1.07099395699083e-10,0.525998844415625,0.404,0.151,2.53675628652847e-06,"PRICKLE2-AS1",5.59572125469393,"Significant"
1.0849977119668e-10,0.271685063118988,0.531,0.231,2.56992558056456e-06,"LINC00466",5.59007945270688,"Significant"
1.10075796882379e-10,0.362940794602993,0.418,0.16,2.60725532495604e-06,"PROSER2-AS1",5.58381643688313,"Significant"
1.11070878052256e-10,0.425339728742492,0.608,0.287,2.63082481754572e-06,"EFHC1",5.57990806993262,"Significant"
1.13106883024965e-10,0.352210486566945,0.2,0.034,2.67904963132932e-06,"SERPINA10",5.57201924069833,"Significant"
1.13137984792321e-10,0.374064285138473,0.493,0.207,2.67978630779092e-06,"RASSF6",5.57189983621277,"Significant"
1.13757773081403e-10,0.252646934085335,0.683,0.352,2.69446661320612e-06,"POU2F1",5.56952719332243,"Significant"
1.14756808085244e-10,0.261437118488585,0.418,0.154,2.71812975630708e-06,"PRKCI",5.56572981504169,"Significant"
1.15279801249735e-10,0.516283786682143,0.347,0.12,2.73051737240121e-06,"FAM120C",5.56375505600301,"Significant"
1.1860490917568e-10,0.263915982929034,0.683,0.336,2.80927587873515e-06,"QTRTD1",5.55140560977343,"Significant"
1.24955374826539e-10,0.376617097063976,0.317,0.102,2.9596930081414e-06,"C21orf88",5.52875333346283,"Significant"
1.2601687539531e-10,0.39602151260265,0.315,0.099,2.98483571061332e-06,"TSEN2",5.52507956803131,"Significant"
1.2683757748362e-10,0.598664783962812,0.829,0.497,3.00427486027701e-06,"KBTBD6",5.52226033636798,"Significant"
1.27146253424148e-10,0.455679281330565,0.42,0.157,3.01158615860437e-06,"LOC285540",5.52120470756523,"Significant"
1.27964024624981e-10,0.473044074521606,0.805,0.454,3.0309558872673e-06,"MBOAT2",5.51842038433703,"Significant"
1.31492429869394e-10,0.447981381842027,0.84,0.506,3.11452969388646e-06,"PCDHB9",5.50660752421204,"Significant"
1.31904747977613e-10,0.412136170509722,0.948,0.753,3.12429586059775e-06,"SLC31A1",5.50524784658059,"Significant"
1.33237929191548e-10,0.706158805620234,0.542,0.256,3.15587359083101e-06,"ATP6V1C1",5.50088040086947,"Significant"
1.41308282024689e-10,0.405034112363706,0.439,0.176,3.34702796803679e-06,"LOC728218",5.4753406586272,"Significant"
1.47955431782494e-10,0.632357113015531,0.634,0.321,3.50447235720016e-06,"RGS12",5.45537736132255,"Significant"
1.48472500546998e-10,0.947247255838403,0.277,0.08,3.51671964795619e-06,"ORAOV1",5.45386225215466,"Significant"
1.51365435642041e-10,0.508109509443796,0.833,0.503,3.58524170861739e-06,"ZNF320",5.44548155989014,"Significant"
1.51881848920737e-10,0.426966053897504,0.918,0.722,3.59747347353659e-06,"SPRED1",5.4440023997094,"Significant"
1.52098335963394e-10,0.260925294341929,0.415,0.154,3.60260118562896e-06,"ECT2L",5.44338381238957,"Significant"
1.56491799696844e-10,0.48735205669953,0.754,0.414,3.70666476761946e-06,"LOC100132077",5.43101668997702,"Significant"
1.64404162912816e-10,0.485704994497257,0.324,0.102,3.89407700275296e-06,"C21orf58",5.40959546484987,"Significant"
1.65618475029975e-10,0.557881717963623,0.746,0.41,3.92283919956e-06,"LOC440173",5.40639949359747,"Significant"
1.67492002063148e-10,0.312082178843665,0.406,0.154,3.96721556086771e-06,"ZNF517",5.4015142012521,"Significant"
1.70070966967678e-10,0.42541922108819,0.69,0.355,4.02830092359642e-06,"SPPL3",5.3948780940827,"Significant"
1.72380327323127e-10,0.348584819301002,0.547,0.244,4.0830004329756e-06,"ZNF208",5.3890205740229,"Significant"
1.72818356614897e-10,0.419841954026163,0.523,0.225,4.09337559478046e-06,"LOC100128573",5.38791840408262,"Significant"
1.72849997280091e-10,0.295179770041229,0.721,0.364,4.09412503557623e-06,"EFCAB2",5.38783889801167,"Significant"
1.75394836530052e-10,0.458526606498449,0.289,0.083,4.15440209805081e-06,"PDPN",5.3814914710861,"Significant"
1.80479455688681e-10,0.478510278462062,0.277,0.077,4.27483638744211e-06,"KMO",5.3690805025477,"Significant"
1.81249444897664e-10,0.622834800048046,0.423,0.167,4.29307435184606e-06,"FGFR1",5.36723158990005,"Significant"
1.82375699039816e-10,0.279681719734507,0.303,0.09,4.31975080745709e-06,"CYP4F11",5.36454130551559,"Significant"
1.83873134611649e-10,0.433216608129348,0.547,0.244,4.35521906641153e-06,"C8orf44",5.3609899952049,"Significant"
1.85089329899609e-10,0.571401259915759,0.376,0.136,4.38402586800213e-06,"SCN9A",5.35812689195584,"Significant"
1.86377632272022e-10,0.825243256045526,0.509,0.244,4.41454059799511e-06,"KLRC3",5.35511448486936,"Significant"
1.88654754446569e-10,0.45973113508727,0.352,0.117,4.46847651382143e-06,"FGD6",5.34984052036205,"Significant"
1.91062549002146e-10,0.744154019233356,0.214,0.043,4.52550753566482e-06,"LINC00605",5.34433270760174,"Significant"
1.91169796942554e-10,0.448919328116368,0.786,0.432,4.52804781038135e-06,"COX10-AS1",5.34408899620248,"Significant"
1.96670055287367e-10,0.410998664090675,0.772,0.426,4.65832692953658e-06,"C6orf25",5.33177003518492,"Significant"
2.09091012345204e-10,0.704287486456661,0.336,0.117,4.9525297184085e-06,"TPTEP1",5.30517290973144,"Significant"
2.09792485047153e-10,0.335160076125428,0.662,0.318,4.96914480082687e-06,"C19orf40",5.30371834773347,"Significant"
2.12715749898077e-10,0.545050870766435,0.575,0.272,5.03838525208585e-06,"GCNT2",5.29770862793393,"Significant"
2.173155610906e-10,1.01497109485417,0.315,0.105,5.14733637999195e-06,"PHLPP2",5.28841744954645,"Significant"
2.18432363821796e-10,0.798881305555055,0.232,0.056,5.17378896948307e-06,"CLDN10",5.28619128943047,"Significant"
2.28018701183606e-10,0.795001074405848,0.38,0.148,5.40085095623488e-06,"WDR73",5.26753780749531,"Significant"
2.29007642025517e-10,0.284610023910438,0.718,0.377,5.4242750090164e-06,"STX1B",5.26565829999081,"Significant"
2.2917265820963e-10,0.304965190208614,0.648,0.327,5.42818358235329e-06,"TVP23A",5.26534547282977,"Significant"
2.32092702015416e-10,0.318566215489401,0.592,0.272,5.49734773993715e-06,"LHFPL5",5.25984679045664,"Significant"
2.36204266567015e-10,0.733126163563202,0.268,0.074,5.59473425790631e-06,"FENDRR",5.25222053702942,"Significant"
2.38625424781059e-10,0.347715671119092,0.594,0.29,5.65208181136416e-06,"CCPG1",5.24779156055899,"Significant"
2.40069895550891e-10,0.646770407813588,0.634,0.318,5.6862955460184e-06,"OSTM1",5.24517057154159,"Significant"
2.42649636458315e-10,0.327156173861143,0.725,0.383,5.74739928915165e-06,"LOC157273",5.24052863007154,"Significant"
2.49260793571672e-10,0.546607168143945,0.333,0.111,5.90399115653863e-06,"BPHL",5.22885430170489,"Significant"
2.52030687218154e-10,-0.324351240807235,0.319,0.099,5.96959885744921e-06,"TMPRSS11BNL",5.22405485142499,"Significant"
2.5621312302147e-10,0.333343942776364,0.716,0.377,6.06866403188653e-06,"CLDN16",5.21690690487838,"Significant"
2.56525369917561e-10,1.11808662482659,0.181,0.028,6.07605991186735e-06,"MIR205HG",5.21637795250755,"Significant"
2.57038719516287e-10,0.458571464543903,0.803,0.457,6.08821911046277e-06,"BNIPL",5.21550972602189,"Significant"
2.58812335163961e-10,0.297312469657381,0.678,0.336,6.13022897069358e-06,"C9orf64",5.21252330380922,"Significant"
2.61283318036242e-10,0.412888550791655,0.784,0.432,6.18875667100642e-06,"UVSSA",5.20839659252397,"Significant"
2.65755326801481e-10,0.426021901194941,0.69,0.358,6.29468067061987e-06,"EGFEM1P",5.20102629677222,"Significant"
2.69604258342312e-10,-0.266216775769672,0.338,0.111,6.385846463096e-06,"ADARB2",5.19478152754912,"Significant"
2.72780542766192e-10,0.350886126695002,0.556,0.259,6.46107993596002e-06,"TRIM72",5.18969488587028,"Significant"
2.77718197757547e-10,0.368804693522193,0.772,0.42,6.57803323208526e-06,"HOMEZ",5.18190393680125,"Significant"
2.81117322288448e-10,0.560106825812057,0.577,0.275,6.65854489572418e-06,"LOC100505659",5.17662066764689,"Significant"
2.86078059335448e-10,0.48967732270153,0.84,0.519,6.77604491341941e-06,"TRIM45",5.16902372404902,"Significant"
2.89658789357125e-10,0.358283748793169,0.746,0.392,6.86085808471286e-06,"CD109",5.16362156386314,"Significant"
2.92668779919665e-10,0.607054287497657,0.251,0.065,6.93215272117719e-06,"TEX35",5.15913187797862,"Significant"
2.93454950262528e-10,0.38390539657665,0.453,0.182,6.95077395191825e-06,"CT64",5.15796683507414,"Significant"
3.06315810665302e-10,0.387477768120399,0.913,0.725,7.25539629141835e-06,"PSTPIP2",5.13933886131365,"Significant"
3.08134305000928e-10,0.305921016874342,0.495,0.21,7.29846914825197e-06,"MARVELD2",5.1367682234668,"Significant"
3.12900977368165e-10,0.264892737285872,0.484,0.204,7.41137254994235e-06,"APBB2",5.13010135535858,"Significant"
3.12905822198604e-10,0.84123807982589,0.171,0.025,7.41148730459614e-06,"GDPD2",5.13009463097294,"Significant"
3.16922141254866e-10,0.269232777852644,0.462,0.188,7.50661783776275e-06,"NCCRP1",5.12455569352159,"Significant"
3.23620804930075e-10,0.817752391436309,0.392,0.157,7.66528238557377e-06,"TRMT5",5.11547184130048,"Significant"
3.3054233155665e-10,0.647958086021461,0.317,0.108,7.82922566525081e-06,"HSD3BP4",5.10628118889202,"Significant"
3.31314141221816e-10,-0.426176561000462,0.725,0.796,7.84750674897993e-06,"TSC22D3",5.10526830212764,"Significant"
3.34051768222088e-10,0.545475171726822,0.322,0.105,7.91235018210838e-06,"OR4F13P",5.10169450012778,"Significant"
3.36477762564745e-10,0.270805660747596,0.343,0.117,7.96981228410854e-06,"GJD4",5.09855190757953,"Significant"
3.39213400687647e-10,0.295503524393896,0.638,0.312,8.03460860868761e-06,"SMAD9",5.0950352742494,"Significant"
3.41707520853294e-10,0.362321761076386,0.732,0.377,8.09368433893113e-06,"FAM92A1P2",5.09185373749494,"Significant"
3.42636190343608e-10,0.333556268751975,0.725,0.364,8.11568080447871e-06,"CDKN2B-AS1",5.09067504241489,"Significant"
3.48349878022614e-10,1.15473928694194,0.265,0.077,8.25101521084365e-06,"FAM200A",5.08349261225712,"Significant"
3.54075610207495e-10,0.289269096380334,0.716,0.349,8.38663490337472e-06,"TAF1A",5.07641226277734,"Significant"
3.61677986843062e-10,0.326045657080065,0.643,0.318,8.56670479636477e-06,"TMEM170B",5.06718619837506,"Significant"
3.62000083145418e-10,0.442780520603384,0.709,0.373,8.57433396938236e-06,"CDC5L",5.06679960477276,"Significant"
3.65212868858403e-10,0.303945229742238,0.585,0.269,8.65043201178012e-06,"HYAL4",5.06296220286499,"Significant"
3.78585958027513e-10,0.557721652040232,0.653,0.343,8.96718700183968e-06,"PIGM",5.04734377336359,"Significant"
3.79059975134566e-10,0.39809292631693,0.624,0.299,8.97841457103734e-06,"BDH1",5.04680034527463,"Significant"
3.7991467759576e-10,1.17845895984672,0.214,0.046,8.99865905353317e-06,"TCL6",5.04582220267622,"Significant"
3.88727230585917e-10,0.63648539036501,0.286,0.086,9.20739318365803e-06,"CCNYL1",5.0358633107589,"Significant"
3.94337241808364e-10,0.366870460633779,0.399,0.151,9.34027190947291e-06,"LOC100129917",5.02964048061522,"Significant"
3.95434153854691e-10,0.711659864310082,0.289,0.09,9.36625336820221e-06,"FCRL1",5.028434098217,"Significant"
4.09005481225325e-10,0.565592324327148,0.312,0.099,9.68770382830306e-06,"PRDM7",5.01377914687779,"Significant"
4.20874679112041e-10,0.488258033978569,0.451,0.188,9.96883764944781e-06,"UGT2B15",5.00135547677955,"Significant"
4.3169073220049e-10,0.267368675227706,0.57,0.256,1.02250266829008e-05,"MGC16142",4.99033554999823,"Significant"
4.32988318305547e-10,0.713505948932275,0.401,0.164,1.02557613073852e-05,"DAK",4.98903209547851,"Significant"
4.33449889666209e-10,0.321667729504022,0.859,0.556,1.02666940866338e-05,"AP4E1",4.98856937831748,"Significant"
4.40769266030107e-10,0.73112876451242,0.289,0.09,1.04400608351891e-05,"ADAMTS2",4.98129697065273,"Significant"
4.44865178391528e-10,-0.5676078117638,0.582,0.701,1.05370766153817e-05,"S100A6",4.97727986217004,"Significant"
4.47334376990681e-10,0.721466924981767,0.359,0.133,1.05955620534013e-05,"GCAT",4.97487600070718,"Significant"
4.51500229301294e-10,0.409197337744125,0.789,0.448,1.06942344312305e-05,"THAP6",4.97085029984351,"Significant"
4.60235669150143e-10,0.37730543695592,0.704,0.367,1.09011420594903e-05,"ZDHHC8P1",4.96252800076098,"Significant"
4.62541649760664e-10,0.409669143059166,0.589,0.29,1.09557615162311e-05,"PPIL2",4.960357429988,"Significant"
4.73988727555585e-10,0.415125888887943,0.746,0.407,1.12268970008816e-05,"SLC15A2",4.94974026169142,"Significant"
4.90660742362879e-10,0.288224431082402,0.608,0.278,1.16217903436071e-05,"CENPH",4.93472696347269,"Significant"
4.92595227158381e-10,0.531525642493698,0.697,0.38,1.16676105504734e-05,"FBXO48",4.93301807548818,"Significant"
5.03380308809385e-10,0.484972253867472,0.805,0.525,1.19230659944591e-05,"BBS5",4.92361205220834,"Significant"
5.06670452995068e-10,0.606927342651936,0.505,0.228,1.20009963496412e-05,"ZNF595",4.92078269635334,"Significant"
5.0724219252176e-10,0.715559973440045,0.258,0.071,1.20145385720704e-05,"FGF2",4.92029290396551,"Significant"
5.21520720860703e-10,0.276989481985214,0.681,0.343,1.23527397943066e-05,"ALG10B",4.90823670672951,"Significant"
5.25443936633866e-10,0.334097538131656,0.761,0.429,1.24456650831097e-05,"ZNF543",4.90498189019989,"Significant"
5.4942526989476e-10,0.621475423356914,0.631,0.309,1.30136869427273e-05,"B3GALNT2",4.88559964486522,"Significant"
5.50528021085926e-10,0.356823588062044,0.671,0.34,1.30398067074412e-05,"SELRC1",4.88472884622019,"Significant"
5.52455220614744e-10,0.534964181085214,0.695,0.377,1.30854543554808e-05,"BMS1P4",4.88321119311181,"Significant"
5.55435112108449e-10,0.606109057604085,0.533,0.253,1.31560360654007e-05,"POLI",4.88087494463123,"Significant"
5.69989524031623e-10,0.460357063005352,0.838,0.509,1.3500771866213e-05,"PARK2",4.86964140130837,"Significant"
5.79766106883117e-10,0.336497386689802,0.655,0.333,1.37323400076335e-05,"LRAT",4.86225545214325,"Significant"
6.00722904411115e-10,0.391724875515321,0.472,0.207,1.42287227138817e-05,"LPAR6",4.84683408397828,"Significant"
6.03429074800165e-10,0.317408552573915,0.786,0.414,1.42928210657167e-05,"FAM83B",4.84488204326251,"Significant"
6.17111682755912e-10,1.32711543039494,0.192,0.037,1.46169073177565e-05,"KCNK2",4.83514450678408,"Significant"
6.20522718487117e-10,0.787498828487899,0.254,0.068,1.46977011100858e-05,"PATE2",4.83275058860423,"Significant"
6.2302361986356e-10,0.3013973081205,0.333,0.117,1.47569374600883e-05,"KLF17",4.83100376325744,"Significant"
6.41985335577228e-10,0.327756400766677,0.549,0.241,1.52060646584822e-05,"MILR1",4.81798316715965,"Significant"
6.42505064210422e-10,0.393810772227916,0.765,0.426,1.52183749508881e-05,"FAM106A",4.81763171994005,"Significant"
6.48869459442396e-10,0.314133046597086,0.512,0.216,1.53691220163526e-05,"LOC100131496",4.81335094150119,"Significant"
6.52116438373803e-10,0.42811280421798,0.723,0.395,1.54460299593219e-05,"FLT1",4.81118312713357,"Significant"
6.61341056646159e-10,0.513911602976345,0.805,0.531,1.56645242677209e-05,"PTCHD4",4.80508279012418,"Significant"
6.66623360553987e-10,0.259393729519708,0.596,0.272,1.57896409180817e-05,"PLIN5",4.80162774643685,"Significant"
6.72345945306807e-10,-0.361610150144831,0.397,0.151,1.5925186060537e-05,"FOXO3B",4.79791548492087,"Significant"
6.90564852129112e-10,0.363913117588898,0.8,0.448,1.63567190875301e-05,"STON2",4.78630380488699,"Significant"
6.95140074586165e-10,0.501675473135794,0.415,0.164,1.64650878066479e-05,"ELOVL2-AS1",4.78343594889735,"Significant"
6.95554051224e-10,1.41895043448123,0.3,0.108,1.64748932572917e-05,"CHD7",4.78317739056821,"Significant"
6.98183571537365e-10,0.431399451186176,0.819,0.478,1.6537176075434e-05,"LINC00574",4.78153864953335,"Significant"
7.12672217898991e-10,1.05860437362387,0.275,0.086,1.68803541531555e-05,"LINC-ROR",4.772618446031,"Significant"
7.42750835166598e-10,0.484180219594843,0.758,0.435,1.7592796281756e-05,"ALDH5A1",4.75466512624923,"Significant"
7.75844355054999e-10,0.491477461399644,0.777,0.417,1.83766493938327e-05,"LINC00327",4.73573367044827,"Significant"
7.82588179001468e-10,0.645648039207679,0.378,0.151,1.85363836078288e-05,"MFSD8",4.7319749914624,"Significant"
7.83825194693894e-10,0.849683518611854,0.284,0.09,1.85656835615196e-05,"FRG2C",4.73128905605103,"Significant"
7.87007874830284e-10,0.955716266523221,0.286,0.093,1.86410685232301e-05,"POTEE",4.72952919710852,"Significant"
7.98302924655534e-10,0.370827821032378,0.669,0.333,1.8908603073391e-05,"FAM124A",4.7233405547048,"Significant"
8.50961891143512e-10,0.301582912981278,0.653,0.309,2.01558833536252e-05,"INE1",4.69559816366334,"Significant"
8.56344975540927e-10,1.71792955408653,0.216,0.052,2.02833870906624e-05,"HIST1H1D",4.69285952113564,"Significant"
8.57871988725029e-10,0.44309802038146,0.723,0.373,2.0319555924941e-05,"MMD2",4.69208578760146,"Significant"
8.60180625144453e-10,0.479815680701748,0.808,0.488,2.03742382871715e-05,"HOGA1",4.69091861885115,"Significant"
8.6142371328561e-10,0.333741467959702,0.824,0.481,2.0403682072883e-05,"PLEKHM3",4.69029145219968,"Significant"
8.66152074682063e-10,0.423816300551515,0.728,0.404,2.05156780409193e-05,"MGC2752",4.68791412507466,"Significant"
8.73171165262797e-10,0.312188861481289,0.336,0.117,2.06819322204146e-05,"FLJ30679",4.68440888949185,"Significant"
8.9955997834862e-10,0.300247336622171,0.467,0.207,2.13069776471654e-05,"LOC729444",4.67147814973433,"Significant"
9.09000281851897e-10,0.303541911691511,0.761,0.401,2.1530580675944e-05,"SLC12A8",4.66694425717338,"Significant"
9.10654206428174e-10,0.764973631090215,0.533,0.275,2.15697555334577e-05,"LY9",4.6661547770612,"Significant"
9.14266384817567e-10,0.581676808797061,0.803,0.494,2.16553135907889e-05,"KLHL6",4.66443552286634,"Significant"
9.16422746305543e-10,0.477279484828075,0.89,0.623,2.17063891689931e-05,"KIAA1875",4.6634124148876,"Significant"
9.40044738637892e-10,-0.309562152772151,0.89,0.895,2.22658996793771e-05,"CALM1",4.65235975200839,"Significant"
9.91257860626816e-10,0.48496714229016,0.676,0.358,2.34789336868068e-05,"LOC285972",4.62932163078267,"Significant"
1.00304961680921e-09,1.0517404826894,0.204,0.046,2.37582332237429e-05,"FRG2",4.62418585871225,"Significant"
1.01792849800741e-09,-0.336481167832104,0.275,0.08,2.41106544038036e-05,"SLC2A10",4.61779100197825,"Significant"
1.02119681236862e-09,0.419633950176895,0.711,0.414,2.41880676977632e-05,"MCPH1",4.61639882455742,"Significant"
1.03970862360399e-09,0.429117471585461,0.777,0.414,2.46265384586842e-05,"MAFF",4.60859662892185,"Significant"
1.04458153277416e-09,0.489250956326341,0.864,0.58,2.47419581852888e-05,"ORC6",4.60656593140814,"Significant"
1.04702338238511e-09,1.00034512655892,0.204,0.046,2.47997958351737e-05,"LOC100288255",4.60555189449727,"Significant"
1.10778965543838e-09,0.29417607396507,0.678,0.333,2.62391057787135e-05,"FAM172BP",4.58105096967701,"Significant"
1.11812302526894e-09,0.424016334031883,0.345,0.127,2.64838619765202e-05,"CRAMP1L",4.57701868415697,"Significant"
1.12183434827992e-09,0.341952738484378,0.298,0.096,2.65717683733583e-05,"ZNF670-ZNF695",4.57557954196776,"Significant"
1.13036940016603e-09,0.340705022458574,0.754,0.42,2.67739296123327e-05,"SRD5A3",4.5722878826903,"Significant"
1.15157518516214e-09,0.303690880595781,0.756,0.398,2.72762098357504e-05,"ADIPOQ",4.5642159771892,"Significant"
1.15819676289263e-09,0.279802599961656,0.805,0.472,2.74330485258749e-05,"LOC441666",4.56172592829049,"Significant"
1.17504263411129e-09,0.411771388520411,0.822,0.454,2.783205983156e-05,"FRRS1",4.55545465064131,"Significant"
1.26206643079097e-09,0.80290245980654,0.235,0.062,2.9893305479715e-05,"ZNF503-AS1",4.52442605979416,"Significant"
1.28888785125628e-09,0.576332775506961,0.723,0.395,3.05285976448563e-05,"FAM210A",4.51529314490175,"Significant"
1.33514000597271e-09,0.424284814570669,0.789,0.451,3.16241261814696e-05,"TAT",4.49998146581008,"Significant"
1.34853528767251e-09,0.444891136428921,0.338,0.12,3.19414068238112e-05,"LOC286189",4.49564595975786,"Significant"
1.35169906257441e-09,0.365079281667974,0.732,0.41,3.20163439961374e-05,"POM121",4.49462826245281,"Significant"
1.38811140408719e-09,0.349058799595044,0.951,0.79,3.28788067172092e-05,"CRX",4.48308395285752,"Significant"
1.38862954180972e-09,0.427897210989408,0.777,0.435,3.2891079327305e-05,"LOC100996291",4.48292187482377,"Significant"
1.39925642689267e-09,0.385857954492341,0.73,0.392,3.31427877273798e-05,"SIGLEC8",4.47961096472479,"Significant"
1.4219764580958e-09,0.446387027142814,0.768,0.432,3.36809343864572e-05,"LOC283663",4.47261586867912,"Significant"
1.4223231730987e-09,0.255677072739084,0.303,0.096,3.36891466780158e-05,"LINC00381",4.4725099892481,"Significant"
1.43056611409566e-09,0.418115848985043,0.723,0.398,3.38843889784697e-05,"DHODH",4.47000034138507,"Significant"
1.43203650479514e-09,0.269660480823864,0.815,0.485,3.39192166525776e-05,"ZNF347",4.46955418611436,"Significant"
1.44857191773673e-09,0.418910508033739,0.272,0.083,3.43108744435122e-05,"EGFLAM-AS4",4.46456821341708,"Significant"
1.45395140987247e-09,0.391477777017371,0.617,0.302,3.44382930942394e-05,"RNF144A-AS1",4.46295838213486,"Significant"
1.46477367855802e-09,0.873732153757371,0.392,0.167,3.46946293503252e-05,"SPRY2",4.45973774780386,"Significant"
1.47070039214055e-09,0.313535886357514,0.763,0.432,3.4835009488241e-05,"LOC646471",4.45798406683775,"Significant"
1.50199659728091e-09,0.319065988464122,0.505,0.222,3.55762914031956e-05,"LOC729609",4.4488393262654,"Significant"
1.50618286312883e-09,0.613174553891996,0.401,0.16,3.56754472960694e-05,"LINC00559",4.4476305730277,"Significant"
1.52044729373831e-09,0.372835131800334,0.481,0.21,3.60133145994856e-05,"LINC00221",4.44353690512082,"Significant"
1.54206414669163e-09,1.20999606588827,0.211,0.049,3.65253313785379e-05,"LOC100289473",4.43740583520975,"Significant"
1.57062125264376e-09,0.384919875321006,0.554,0.265,3.720173499012e-05,"SEMA5A",4.42943680530454,"Significant"
1.57928526593931e-09,0.420087196089831,0.782,0.478,3.74069508090384e-05,"NUBPL",4.42704769144841,"Significant"
1.58082585172198e-09,0.374770332616245,0.852,0.546,3.74434411238869e-05,"PIWIL2",4.4266242456059,"Significant"
1.58688485849373e-09,0.333756574501775,0.582,0.284,3.75869547582825e-05,"MS4A7",4.42496285878332,"Significant"
1.61219845203081e-09,0.396859407548223,0.732,0.383,3.81865325348019e-05,"LOC284276",4.41808977523156,"Significant"
1.63094332371898e-09,0.325495401316982,0.573,0.265,3.86305235656079e-05,"TECRL",4.41306940575335,"Significant"
1.63823121797424e-09,0.43992817569394,0.782,0.448,3.88031446289379e-05,"CEP19",4.41113307750746,"Significant"
1.6417636506788e-09,0.531244185854999,0.439,0.191,3.8886813829978e-05,"ZNF28",4.41019763907793,"Significant"
1.65409069490292e-09,0.401896544952388,0.808,0.444,3.91787921994706e-05,"SIRPB2",4.40694895652889,"Significant"
1.66048151961413e-09,0.442474740636278,0.876,0.605,3.93301652735804e-05,"PAXBP1-AS1",4.40527422859017,"Significant"
1.70855177446866e-09,0.300025517138344,0.85,0.549,4.04687573300647e-05,"UBOX5",4.39288013123931,"Significant"
1.71017913633427e-09,-0.569242755377551,0.458,0.194,4.05073030232134e-05,"SKAP2",4.39246667118638,"Significant"
1.71391180627358e-09,0.331595534265326,0.812,0.475,4.05957150433961e-05,"HUNK",4.39151980463013,"Significant"
1.77739583517558e-09,-0.263725370445723,0.923,0.923,4.20993977519689e-05,"RPL37",4.37572411686902,"Significant"
1.79991479087903e-09,0.456213988104979,0.751,0.432,4.26327817367608e-05,"TLR7",4.37025632924564,"Significant"
1.81778238229018e-09,0.468482644330398,0.824,0.485,4.30559935069252e-05,"NXNL2",4.36596638507425,"Significant"
1.83940705722466e-09,0.509534438208991,0.763,0.454,4.35681955574232e-05,"TES",4.36083042665323,"Significant"
1.93237762776965e-09,0.393156629256305,0.326,0.117,4.57702964913519e-05,"SLC2A11",4.33941627428581,"Significant"
2.0002735686303e-09,0.442590558438978,0.594,0.284,4.73784797465773e-05,"UACA",4.32441887878137,"Significant"
2.00312719202853e-09,0.303963488730001,0.681,0.373,4.74460706703877e-05,"FOXP4",4.32379974860716,"Significant"
2.02999160901091e-09,0.339955683579031,0.819,0.522,4.80823812510324e-05,"THEM4",4.31801403229952,"Significant"
2.04677295285883e-09,0.689134947138527,0.261,0.077,4.84798641614143e-05,"KIAA1462",4.31443860571534,"Significant"
2.0515146691886e-09,0.329294105325364,0.758,0.417,4.85921764544012e-05,"ATP6V0D2",4.31343364835482,"Significant"
2.05473807471544e-09,0.390321143882749,0.77,0.448,4.86685260377098e-05,"FZD2",4.31275180648677,"Significant"
2.07101004495918e-09,1.2015459263411,0.223,0.059,4.90539439249031e-05,"HLA-DPB2",4.30932606971186,"Significant"
2.12533800628638e-09,0.367096390071723,0.284,0.09,5.03407560168992e-05,"EPB41L4A",4.29808026650911,"Significant"
2.19041056248567e-09,0.364302604107501,0.772,0.426,5.18820645830356e-05,"PROM2",4.2849827500286,"Significant"
2.21134055850864e-09,0.430955335104138,0.697,0.383,5.23778124688357e-05,"LOC100506060",4.28085264360747,"Significant"
2.21509059767851e-09,0.368635926505025,0.77,0.435,5.24666358966131e-05,"CLDN11",4.28011678139678,"Significant"
2.24937282702414e-09,1.64933780408669,0.141,0.015,5.32786447808939e-05,"LOC284632",4.27344683060324,"Significant"
2.2617583260974e-09,1.66345154539615,0.171,0.031,5.35720077119429e-05,"INCA1",4.27106207731803,"Significant"
2.35112608759537e-09,0.283836450567823,0.547,0.253,5.56887725107839e-05,"CXorf21",4.2542323547026,"Significant"
2.35520643088091e-09,1.02700217245725,0.293,0.105,5.57854195218453e-05,"SDHAP3",4.25347929655797,"Significant"
2.38954897565462e-09,0.284032050372833,0.707,0.373,5.65988570373554e-05,"DHRS4-AS1",4.24719233890681,"Significant"
2.40914917040075e-09,0.324972149716223,0.629,0.296,5.70631072501122e-05,"SULT1C2P1",4.24364458345294,"Significant"
2.55554883938845e-09,1.18313117939496,0.293,0.105,6.05307298097549e-05,"IRF8",4.21802408983371,"Significant"
2.56841074876982e-09,1.21706241215449,0.251,0.074,6.0835376995362e-05,"TMEM97",4.21584379629045,"Significant"
2.57399464406209e-09,0.440311828912242,0.779,0.466,6.09676371392547e-05,"FAM161A",4.21490063616175,"Significant"
2.57631086700629e-09,0.339183204978148,0.641,0.321,6.1022499195911e-05,"BMPR2",4.2145100096604,"Significant"
2.5833502167956e-09,0.406502494691865,0.894,0.605,6.11892332350206e-05,"LNX2",4.21332498893255,"Significant"
2.60793815815907e-09,1.07733731947753,0.164,0.028,6.17716232141557e-05,"MSRB2",4.20921098626651,"Significant"
2.61916090167843e-09,0.355961715320623,0.735,0.386,6.20374451171552e-05,"DPY19L1P1",4.207346096003,"Significant"
2.69410043133365e-09,0.335246280310503,0.77,0.41,6.38124628165688e-05,"SHISA2",4.19509449363172,"Significant"
2.70767202595021e-09,-0.534803360945352,0.671,0.769,6.41339196066567e-05,"DUSP4",4.19291221694346,"Significant"
2.72278978325512e-09,3.1448391636489,0.16,0.028,6.44919988061808e-05,"MS4A1",4.19049416272706,"Significant"
2.93011656480436e-09,0.323347975495387,0.561,0.272,6.94027409539561e-05,"SLC16A12",4.15862337741731,"Significant"
2.93118274423818e-09,0.35797777438759,0.845,0.481,6.94279944800256e-05,"ARL11",4.15846537973607,"Significant"
2.97084050102426e-09,0.363536591949469,0.721,0.41,7.03673281072607e-05,"ZNF91",4.15262893910054,"Significant"
3.00509223695127e-09,0.444431057526268,0.81,0.481,7.11786147244279e-05,"ZCCHC4",4.1476504684731,"Significant"
3.01535372305137e-09,0.32769040551059,0.221,0.056,7.14216682841947e-05,"FAM138E",4.14617000967169,"Significant"
3.01858850954954e-09,0.343290696518951,0.8,0.444,7.14982874371905e-05,"ASB16-AS1",4.1457043605134,"Significant"
3.02149402524067e-09,0.386162702199143,0.263,0.08,7.15671074818505e-05,"VSIG10",4.14528653525297,"Significant"
3.07434293058817e-09,0.339256918915154,0.561,0.272,7.28188866539113e-05,"ZNF204P",4.13775596538778,"Significant"
3.14872441225399e-09,0.93282948877056,0.19,0.04,7.4580686428648e-05,"COQ7",4.12737362377972,"Significant"
3.1670648793121e-09,1.23497876589856,0.2,0.046,7.50150987313864e-05,"CYB5D1",4.12485131479806,"Significant"
3.1955172543426e-09,0.688461335949705,0.408,0.179,7.56890216863587e-05,"TAF11",4.12096710817222,"Significant"
3.27726845029537e-09,0.25051899957735,0.413,0.173,7.76253805136962e-05,"USP28",4.10999625793171,"Significant"
3.28912103843398e-09,0.422207307715059,0.833,0.562,7.79061209163471e-05,"KLHL28",4.10842841940364,"Significant"
3.4199908318081e-09,0.469883046684982,0.779,0.491,8.10059028422067e-05,"LEPR",4.09148333323996,"Significant"
3.42275208216053e-09,-0.377685792048395,0.702,0.781,8.10713058180543e-05,"GZMA",4.09113283173161,"Significant"
3.59862754098972e-09,0.313112547821115,0.373,0.145,8.52370919358824e-05,"THNSL1",4.06937137568406,"Significant"
3.63552182071843e-09,0.286602980826702,0.742,0.41,8.61109698455368e-05,"LOC283731",4.06494151939519,"Significant"
3.69674026266881e-09,0.288181234935938,0.723,0.377,8.75609898615735e-05,"LOC340515",4.0576893374537,"Significant"
3.74222970700129e-09,0.897554204352465,0.415,0.194,8.86384528400326e-05,"HIST2H2AA3",4.05237783304097,"Significant"
3.74222970700129e-09,0.897554204352465,0.415,0.194,8.86384528400326e-05,"HIST2H2AA4",4.05237783304097,"Significant"
3.7540029960374e-09,0.703288144634869,0.505,0.262,8.89173149641418e-05,"SPDYE8P",4.05101366016404,"Significant"
3.76897070194439e-09,0.328844624192888,0.631,0.318,8.92718400462547e-05,"RP1-177G6.2",4.04928551357722,"Significant"
3.84698561282344e-09,0.430345168931122,0.791,0.463,9.11197012253361e-05,"CTCFL",4.04038771294564,"Significant"
3.8684921744188e-09,0.437052148261713,0.77,0.448,9.16291056432836e-05,"LOC100506083",4.03796655239693,"Significant"
3.90492359373961e-09,0.380053355840432,0.329,0.117,9.24920202413163e-05,"CADM2-AS2",4.03389573444643,"Significant"
3.96746177217117e-09,0.481577719391789,0.383,0.157,9.39732995356463e-05,"DYX1C1",4.02699552418257,"Significant"
3.97263204113299e-09,0.301096406355369,0.723,0.395,9.4095762526276e-05,"DPYSL5",4.02642993398925,"Significant"
3.99132241000414e-09,0.507198313229864,0.81,0.503,9.4538462603358e-05,"FAM105B",4.02439146452842,"Significant"
3.99769752617691e-09,0.401899393808689,0.223,0.059,9.46894636050262e-05,"MUC22",4.0236983436237,"Significant"
4.01142421465186e-09,0.600881443173021,0.547,0.281,9.5014593948244e-05,"TAF1",4.02220968329628,"Significant"
4.03225803572228e-09,0.360986226425192,0.617,0.302,9.5508063834118e-05,"TFAMP1",4.01995995898364,"Significant"
4.06933982379351e-09,0.896880939460483,0.455,0.238,9.6386383066373e-05,"THADA",4.01598431647939,"Significant"
4.0834642687557e-09,2.25235234956479,0.15,0.022,9.67209346697476e-05,"SLITRK4",4.01447951529087,"Significant"
4.08646203526478e-09,0.254262084968629,0.383,0.151,9.67919397672816e-05,"SCG3",4.01416080653808,"Significant"
4.09067038064248e-09,0.42931007711919,0.822,0.552,9.68916186358978e-05,"DIP2A",4.01371378886884,"Significant"
4.10467110380197e-09,0.47027892116052,0.791,0.466,9.72232397646536e-05,"MAP3K9",4.01222991104929,"Significant"
4.11616472803207e-09,0.320657611335552,0.901,0.694,9.74954777481676e-05,"PER2",4.01101552824572,"Significant"
4.20316253641136e-09,0.371260154109408,0.754,0.472,9.95561078374394e-05,"XPR1",4.00193209054641,"Significant"
4.41467811914512e-09,0.386766059075795,0.96,0.772,0.000104566065930071,"EXPH5",3.98060923105543,"Significant"
4.50556726386354e-09,0.371625236065194,0.779,0.454,0.000106718866211872,"LMX1B",3.97175879737565,"Significant"
4.51616913244373e-09,-0.283149696091661,0.329,0.12,0.000106969982071062,"SHROOM3",3.9707380769867,"Significant"
4.65256939714351e-09,-0.592398814149374,0.493,0.219,0.000110200758740741,"GEN1",3.95781541532287,"Significant"
4.8075042994917e-09,0.382475022235276,0.615,0.333,0.00011387054683776,"PIKFYVE",3.94358859374324,"Significant"
4.90969420641001e-09,-0.276537830922636,0.467,0.198,0.000116291016973027,"PLCD3",3.93445383152882,"Significant"
4.96397298549715e-09,1.03602191360499,0.192,0.043,0.000117576664134486,"LINC00331",3.92967886570279,"Significant"
5.20012546358287e-09,0.365933556842093,0.366,0.145,0.000123170171730424,"ADAMTSL5",3.909494453059,"Significant"
5.26150102914748e-09,0.266503981666677,0.676,0.352,0.000124623913376387,"GLB1L3",3.90439861537394,"Significant"
5.29094035383882e-09,0.359964576636512,0.81,0.491,0.000125321213221026,"STX16",3.90197540941237,"Significant"
5.29667483401278e-09,1.99002385206746,0.214,0.062,0.000125457040118427,"HIST2H2BE",3.90150496289623,"Significant"
5.33588116412393e-09,0.368849625368727,0.81,0.515,0.000126385681253439,"SRSF8",3.89830212625038,"Significant"
5.38959092409327e-09,0.314051785597762,0.425,0.179,0.000127657850628073,"LOC440028",3.89395247204961,"Significant"
5.41715960944165e-09,0.320801263444078,0.812,0.457,0.000128310842509235,"WDR5B",3.89173664336808,"Significant"
5.57649173344141e-09,0.296010837778783,0.66,0.346,0.000132084783198293,"KLLN",3.87914721231483,"Significant"
5.62353057695562e-09,0.727762883340121,0.347,0.136,0.000133198945245771,"VN1R2",3.87549921417289,"Significant"
5.7809474161398e-09,0.354790559422014,0.735,0.407,0.000136927520498687,"ZKSCAN8",3.86350925603294,"Significant"
5.83317266161379e-09,0.25354630464681,0.373,0.148,0.000138164527662984,"FLJ25363",3.85960344334136,"Significant"
5.84117803301042e-09,0.334523447514715,0.782,0.463,0.000138354142889885,"ZNF333",3.8590078317722,"Significant"
5.87312740815995e-09,0.333628916156233,0.692,0.352,0.000139110895789676,"CASP6",3.85663885278285,"Significant"
5.96993539467802e-09,0.361678548888085,0.845,0.503,0.000141403889758344,"FLJ43681",3.84953864374032,"Significant"
6.12176991116288e-09,0.574786605068103,0.397,0.167,0.000145000242115804,"DKFZp686O1327",3.83863127259627,"Significant"
6.12814322722487e-09,0.94354172246444,0.174,0.034,0.000145151200480048,"LOC440700",3.83817936796386,"Significant"
6.16242440675306e-09,1.13081773522452,0.242,0.074,0.000145963184498353,"FLJ26245",3.83575667014313,"Significant"
6.20195867522393e-09,0.369917224590939,0.838,0.537,0.000146899593181354,"GBP6",3.83297940692818,"Significant"
6.22818918666546e-09,0.702663394240289,0.481,0.244,0.000147520889075358,"FRG1B",3.83114647888699,"Significant"
6.29135181935761e-09,0.298889267417489,0.803,0.469,0.000149016959193304,"ZNF286B",3.82676430296395,"Significant"
6.40838779936614e-09,0.297726467231904,0.617,0.318,0.000151789073415786,"TCEANC2",3.8187594901403,"Significant"
6.8008454070297e-09,0.936743510255954,0.319,0.123,0.000161084824310905,"NSUN5P1",3.79294537223427,"Significant"
6.89359216036026e-09,1.69701102348452,0.148,0.022,0.000163281623910293,"GABRA2",3.78706268901362,"Significant"
6.89461737626987e-09,0.509261317897192,0.862,0.599,0.000163305907174328,"SMAD5",3.78699810548492,"Significant"
6.90044594903236e-09,0.397412841770007,0.939,0.682,0.00016344396274878,"UCKL1-AS1",3.78663111664565,"Significant"
6.92140877496843e-09,0.369409880189558,0.934,0.747,0.000163940488243902,"TBXA2R",3.78531377584134,"Significant"
6.94702443167345e-09,0.261376171158339,0.718,0.386,0.000164547220688617,"ZNF491",3.78370944882868,"Significant"
7.00901450697595e-09,0.467776337025062,0.678,0.373,0.000166015517612232,"MYO5A",3.77985131618648,"Significant"
7.1713834816635e-09,0.259420869828338,0.678,0.349,0.000169861389146682,"C11orf70",3.7699053285247,"Significant"
7.45862809074608e-09,0.294444269605483,0.758,0.398,0.000176665064957412,"CHDH",3.75284932257158,"Significant"
7.55900396873377e-09,0.297976124243934,0.575,0.281,0.000179042568003428,"CDK4",3.7470437016953,"Significant"
7.84553149535653e-09,0.388048043770182,0.967,0.741,0.000185829258999015,"CXorf56",3.7308859048666,"Significant"
7.96726677339311e-09,0.643133741258421,0.218,0.059,0.000188712680794589,"LOC644554",3.72419891587068,"Significant"
8.08911776336779e-09,0.407156419533134,0.688,0.377,0.000191598843343129,"NEK8",3.7176071170279,"Significant"
8.66911453242965e-09,0.423428783398511,0.826,0.494,0.000205336646815129,"LOC100131089",3.68753353436409,"Significant"
8.67174058556916e-09,0.370762501082953,0.603,0.321,0.000205398847509791,"LRPPRC",3.68740199755248,"Significant"
8.75031099042825e-09,0.347064201228616,0.265,0.083,0.000207259866119283,"LOC646736",3.68348478671652,"Significant"
8.75551359622865e-09,0.347176744199911,0.725,0.398,0.000207383095040272,"SLC2A4",3.68322664828426,"Significant"
8.9454430071592e-09,0.754136033653482,0.223,0.062,0.000211881763067573,"RGR",3.6739064219582,"Significant"
9.08964103375563e-09,0.411773152219713,0.857,0.583,0.000215297237525536,"CLEC4GP1",3.6669615425644,"Significant"
9.09064891546858e-09,0.653650017489754,0.211,0.056,0.000215321110211789,"THAP7-AS1",3.66691338959567,"Significant"
9.39893357574146e-09,0.399849886718251,0.878,0.614,0.000222623140675012,"SPATS2",3.65242969469526,"Significant"
9.57417350820053e-09,0.406054503030439,0.859,0.593,0.000226773873715238,"ZNF681",3.64440698132625,"Significant"
9.84543381324339e-09,0.276646775500303,0.763,0.42,0.000233198945300483,"CEACAM5",3.63227341811206,"Significant"
1.00593536258479e-08,0.397235807007084,0.669,0.336,0.000238265849981832,"LINC00483",3.62293819948003,"Significant"
1.04381018399746e-08,0.376202873847481,0.854,0.546,0.000247236880181639,"CHM",3.60688674529558,"Significant"
1.07054322820001e-08,0.252329120293567,0.725,0.37,0.000253568869031454,"LINC00167",3.5959040663966,"Significant"
1.11720579775706e-08,0.7027320289043,0.183,0.04,0.000264621365256737,"SULT1C2",3.57737509424332,"Significant"
1.12589737928058e-08,0.385204376556759,0.869,0.583,0.000266680053256398,"DIS3",3.57400946681722,"Significant"
1.13405215703885e-08,0.371052472202275,0.749,0.42,0.000268611593916222,"GPR1",3.57087524607843,"Significant"
1.15530006557152e-08,0.85208584330026,0.401,0.176,0.00027364437353127,"KANK2",3.56281347706448,"Significant"
1.16327749614732e-08,0.260162939583426,0.819,0.481,0.000275533907737454,"PDSS2",3.55982494840156,"Significant"
1.18257109328144e-08,0.408441057150619,0.786,0.46,0.000280103789154643,"ASB11",3.55268101613958,"Significant"
1.20759363700404e-08,-0.559254063001044,0.678,0.731,0.000286030628860777,"DNAJA1",3.54358745906328,"Significant"
1.21598859335713e-08,0.283120447225998,0.742,0.395,0.00028801905822257,"ZNF876P",3.54057877402184,"Significant"
1.23450791454339e-08,0.665666520391888,0.451,0.219,0.000292405544638748,"KLRC2",3.53401439647758,"Significant"
1.24416854452841e-08,0.367907283144817,0.254,0.08,0.000294693761456998,"ATF5",3.53062905788431,"Significant"
1.24512406922525e-08,0.255873637704081,0.758,0.417,0.000294920087036692,"SMCR7L",3.53029564660011,"Significant"
1.24894646049366e-08,0.548436707910712,0.338,0.133,0.000295825458632529,"D21S2088E",3.52896445350394,"Significant"
1.25297198203724e-08,0.294443172098948,0.77,0.429,0.000296778943665341,"C5orf64",3.52756691530119,"Significant"
1.27223795242846e-08,0.303984681729457,0.81,0.451,0.000301342281412205,"HRH4",3.52093992808198,"Significant"
1.30268625243289e-08,-0.645756046117457,0.521,0.654,0.000308554265751254,"TOB1",3.51066844510302,"Significant"
1.31355935210032e-08,0.314216512017405,0.415,0.176,0.000311129668138481,"FKBP7",3.50705857425133,"Significant"
1.33755172883319e-08,0.39538522290735,0.873,0.611,0.00031681250249143,"STYX",3.49919768801721,"Significant"
1.33950005200642e-08,0.640802364696616,0.326,0.127,0.00031727398231824,"SPDYE3",3.49856554025037,"Significant"
1.38534751455667e-08,0.416316180007351,0.322,0.123,0.000328133412297893,"LINC00263",3.4839495451769,"Significant"
1.42399222400923e-08,0.677463847199733,0.34,0.139,0.000337286798178827,"POLE3",3.47200065729966,"Significant"
1.43039724564862e-08,0.490685325440626,0.768,0.608,0.000338803891604331,"FCRL3",3.47005160987445,"Significant"
1.45853661398546e-08,0.28843123884528,0.622,0.306,0.000345468982388596,"PNPLA1",3.46159093926572,"Significant"
1.46971020689033e-08,0.342811539296647,0.704,0.395,0.000348115559604044,"FLG2",3.45827656476755,"Significant"
1.48235500273303e-08,0.364418655614097,0.627,0.321,0.000351110605947345,"GAS7",3.45455605166584,"Significant"
1.48882732809057e-08,0.341303782997163,0.838,0.534,0.000352643640931533,"FGD4",3.45266394319112,"Significant"
1.49857773752824e-08,0.254847789004484,0.669,0.358,0.000354953122910939,"SLC27A1",3.44982899850934,"Significant"
1.51609090018931e-08,0.36808731521163,0.915,0.731,0.00035910129061884,"CMBL",3.44478303400611,"Significant"
1.51742620729431e-08,0.44878971670676,0.829,0.478,0.000359417571459729,"PKNOX1",3.44440069461309,"Significant"
1.52704220927393e-08,0.3916795658823,0.85,0.5,0.000361695217688624,"ZNF542",3.44165723341469,"Significant"
1.52706121127001e-08,0.568287905969508,0.207,0.056,0.000361699718501414,"LOXL1-AS1",3.44165182923487,"Significant"
1.53497259780701e-08,0.268027570368322,0.542,0.278,0.000363573609516569,"SIN3A",3.43940764815987,"Significant"
1.53979139080442e-08,0.31260272953046,0.491,0.235,0.000364714988825935,"FAM76A",3.43804638795952,"Significant"
1.54033315563054e-08,0.471753199040125,0.308,0.114,0.000364843311242649,"TMEM40",3.43789361136016,"Significant"
1.5427095577399e-08,0.4451222049311,0.322,0.12,0.000365406185846272,"FTH1P3",3.4372241048867,"Significant"
1.57220166375483e-08,0.415549902983587,0.845,0.556,0.000372391686076969,"MSH3",3.42900002353173,"Significant"
1.58051401079035e-08,0.25378782866945,0.556,0.281,0.000374360548595802,"BAG5",3.42670992497109,"Significant"
1.58156105227696e-08,0.324172298389847,0.577,0.278,0.000374608550842321,"ADH4",3.42642231360987,"Significant"
1.58286510299745e-08,0.360881498236028,0.547,0.278,0.000374917428295976,"WHAMMP3",3.42606437062981,"Significant"
1.64810923443139e-08,1.22040176971869,0.192,0.046,0.000390371153267418,"TRIM7",3.40852228229544,"Significant"
1.64812682818792e-08,0.253279965018213,0.568,0.29,0.000390375320524591,"MYO1C",3.4085176461764,"Significant"
1.69236560703603e-08,0.489147292634823,0.857,0.596,0.000400853717682553,"RFC2",3.39701408422193,"Significant"
1.7024450615002e-08,0.39732745805993,0.812,0.531,0.000403241137266937,"SLC30A6",3.39443516908063,"Significant"
1.71220223310992e-08,0.294415542789864,0.829,0.531,0.000405552220934416,"AP5B1",3.39195321592028,"Significant"
1.73417180540529e-08,0.7894566780884,0.216,0.062,0.000410755933828297,"TLR8-AS1",3.38641615397867,"Significant"
1.74590138196639e-08,0.374404594193498,0.718,0.41,0.00041353420133256,"GPR161",3.38348856631516,"Significant"
1.75575183705785e-08,0.373901680859877,0.822,0.525,0.000415867380125523,"EPB41",3.38104514356167,"Significant"
1.77807180402375e-08,0.593517937288388,0.425,0.198,0.000421154087501065,"FBLN1",3.37555897991714,"Significant"
1.79777359761516e-08,0.276524561260378,0.629,0.324,0.000425820654331128,"CHST5",3.37077327703464,"Significant"
1.805611250584e-08,0.294481763291401,0.754,0.444,0.000427677080813325,"SLC35F1",3.36888402293235,"Significant"
1.81215932598023e-08,0.312623494161888,0.808,0.494,0.000429228057951677,"NPHS1",3.36731189664246,"Significant"
1.8336601648583e-08,0.267150503348999,0.749,0.441,0.000434320746648338,"ZBTB24",3.36218942474855,"Significant"
1.85486593074517e-08,-0.349532773138348,0.465,0.201,0.000439343544356302,"PLEKHG1",3.35719575066942,"Significant"
1.89667561893228e-08,1.53220325088101,0.221,0.068,0.000449246587100301,"SULT1A1",3.3475152135159,"Significant"
1.96628254434701e-08,0.345325930246018,0.796,0.46,0.000465733683454033,"ABHD15",3.33186235126802,"Significant"
2.03875063662094e-08,0.528266940586592,0.251,0.08,0.000482898475790036,"SULT1E1",3.31614416539489,"Significant"
2.05382131125674e-08,0.415870042589293,0.728,0.407,0.000486468115784271,"DLX6-AS1",3.31294561910113,"Significant"
2.06304897718624e-08,0.430024449844806,0.885,0.605,0.000488653780736332,"FAM114A1",3.3109987367247,"Significant"
2.06580026327976e-08,0.262351373692326,0.751,0.42,0.000489305450360443,"SIRT5",3.3104199466184,"Significant"
2.0828848224567e-08,0.303520417078953,0.298,0.111,0.000493352099047094,"WDPCP",3.30684301968092,"Significant"
2.08728350345803e-08,0.454420164569121,0.843,0.537,0.00049439397062907,"AP4B1-AS1",3.30592683431587,"Significant"
2.13029989339298e-08,0.402559760031001,0.737,0.429,0.000504582832749062,"SLC25A45",3.29706752942126,"Significant"
2.1445138772961e-08,0.335219776217133,0.723,0.41,0.000507949556976355,"RPL23AP53",3.29417941412268,"Significant"
2.14612836716645e-08,0.314297726949503,0.718,0.392,0.000508331965047045,"CXCL16",3.29385258003355,"Significant"
2.15892507609126e-08,0.933770725401157,0.216,0.062,0.000511362993522977,"SLC7A2",3.29127070433137,"Significant"
2.20620643727317e-08,1.81507789793606,0.195,0.052,0.000522562056732523,"CSDA",3.2818621276166,"Significant"
2.26333478406306e-08,0.286311496304712,0.822,0.512,0.000536093476953178,"C1QTNF6",3.27075947712551,"Significant"
2.27728207792254e-08,0.285032146945545,0.728,0.383,0.000539397032976733,"ATP8B1",3.26809144676962,"Significant"
2.28425046226062e-08,0.333462227152863,0.716,0.398,0.00054104756449105,"TMEM38A",3.26676455358479,"Significant"
2.2988810060925e-08,0.932555930074431,0.129,0.015,0.000544512955103069,"AOX2P",3.26399178301042,"Significant"
2.30016607623934e-08,0.509886334210501,0.538,0.269,0.000544817336818051,"REEP3",3.26374908104275,"Significant"
2.34721320639861e-08,0.268293237182667,0.62,0.318,0.000555960920067575,"MCAM",3.25495573502856,"Significant"
2.35237015690454e-08,-0.276525675552238,0.491,0.225,0.000557182395364409,"FAM212B",3.2540026139223,"Significant"
2.35379907929244e-08,0.258234370820559,0.512,0.244,0.000557520849921208,"GCM1",3.25373888642077,"Significant"
2.39059921176355e-08,0.411834758047904,0.242,0.074,0.000566237329298313,"CLEC17A",3.24700150308488,"Significant"
2.39102040754628e-08,0.304013843813823,0.441,0.198,0.000566337093731413,"ERBB3",3.2469249921872,"Significant"
2.39599121701226e-08,0.335695399951282,0.751,0.448,0.000567514479661524,"LOC100506990",3.24602305332977,"Significant"
2.3964752554229e-08,1.010015753598,0.246,0.08,0.000567629128999468,"OSCAR",3.24593532597155,"Significant"
2.41462906849225e-08,1.51306076405579,0.148,0.025,0.000571929041163073,"CA12",3.24265785047789,"Significant"
2.43173575915086e-08,-0.304690418561481,0.812,0.836,0.000575980931912473,"RPS21",3.23959189383767,"Significant"
2.45636668708574e-08,0.45522054257291,0.23,0.068,0.000581815013503128,"TDRD1",3.2352150761494,"Significant"
2.49162058098724e-08,1.1478520267379,0.176,0.04,0.000590165250812637,"MECOM",3.22902636553177,"Significant"
2.52587171918744e-08,0.4034582424938,0.878,0.59,0.000598277975406738,"PTPRG-AS1",3.22309698468157,"Significant"
2.5854021804606e-08,0.463293652585933,0.519,0.256,0.000612378360463899,"UAP1L1",3.21298016431141,"Significant"
2.61665739419479e-08,0.326671614470636,0.261,0.086,0.000619781470388979,"CYP3A4",3.20776141200786,"Significant"
2.63089171535515e-08,0.297970404239707,0.373,0.151,0.000623153011699022,"NHLRC1",3.2054053016917,"Significant"
2.63360133260739e-08,0.410454490260657,0.793,0.451,0.000623794811641386,"ZNF114",3.2049582417701,"Significant"
2.69237497312706e-08,0.27030704132709,0.352,0.145,0.000637715936134875,"ZNF85",3.19537273012116,"Significant"
2.74944013232915e-08,0.382016342333575,0.376,0.157,0.000651232389743483,"LOC100507584",3.18626400747842,"Significant"
2.78364283463432e-08,0.836447880266049,0.425,0.219,0.000659333641811485,"CADM1",3.18089476426791,"Significant"
2.81322305003334e-08,0.920169690113354,0.251,0.083,0.000666340011630897,"TAS2R20",3.17630410792534,"Significant"
2.82725845498522e-08,0.375431279586744,0.915,0.704,0.000669664437647799,"EYA3",3.17414276354464,"Significant"
2.87527465594452e-08,0.331936263527886,0.873,0.602,0.000681037555007019,"SCN11A",3.16682893877354,"Significant"
2.89290765880018e-08,0.348268171994392,0.836,0.509,0.000685214108063411,"RAB3IP",3.16417370380487,"Significant"
2.92464460584551e-08,0.264857268366834,0.507,0.241,0.000692731321340567,"CGREF1",3.15943517561153,"Significant"
2.95233202345795e-08,0.294947151935698,0.474,0.222,0.00069928936307625,"MT1IP",3.15534307778353,"Significant"
2.99772757251036e-08,0.27677777968812,0.723,0.417,0.000710041752824805,"SH2B3",3.14871611256506,"Significant"
3.02850743417278e-08,0.254207312267928,0.73,0.395,0.000717332270858165,"LOC100134868",3.14427963097918,"Significant"
3.03738891043877e-08,0.391507163854483,0.488,0.231,0.000719435937326526,"STAG3L1",3.14300787205992,"Significant"
3.066874678789e-08,0.372236264571967,0.798,0.469,0.000726419936417963,"MORN4",3.13881224521729,"Significant"
3.06784812445721e-08,0.285036867660779,0.756,0.42,0.000726650506758934,"CYP2B6",3.13867441923909,"Significant"
3.10744846656337e-08,2.444365488646,0.113,0.009,0.0007360302437902,"MSR1",3.13310433995416,"Significant"
3.12643853053747e-08,0.648466474680879,0.169,0.037,0.000740528230343106,"HEATR8-TTC4",3.1304583806964,"Significant"
3.24552456675296e-08,0.270399311463629,0.775,0.475,0.000768734948881106,"RBL1",3.11422337421734,"Significant"
3.34049211705205e-08,0.317143263897615,0.69,0.395,0.000791228962844948,"RASA4",3.10169782382048,"Significant"
3.37624852583166e-08,0.484729859354154,0.491,0.238,0.000799698225828488,"DDX19A",3.09707386748624,"Significant"
3.45736880105091e-08,0.515151523485359,0.373,0.164,0.000818912374216917,"BTN2A3P",3.08676256640809,"Significant"
3.48229846137734e-08,0.44380766448021,0.88,0.593,0.000824817213561836,"LOC100128531",3.08364228410074,"Significant"
3.48581063497559e-08,0.330960318748826,0.735,0.42,0.000825649107000319,"URB1",3.08320448448501,"Significant"
3.48688981762837e-08,0.393646369904213,0.261,0.09,0.000825904722203456,"ITPK1-AS1",3.0830700507522,"Significant"
3.48694322931377e-08,0.393955864128126,0.85,0.546,0.000825917373295259,"SMIM17",3.08306339834165,"Significant"
3.52534374480438e-08,0.251612761870358,0.737,0.407,0.000835012919394366,"GPX8",3.07830680502146,"Significant"
3.5568072177487e-08,0.400571806307443,0.869,0.586,0.000842465357595956,"LOC100287314",3.07444794839637,"Significant"
3.62902532156797e-08,0.611635275567065,0.275,0.096,0.000859570937666588,"C2orf54",3.06571827655007,"Significant"
3.70812753432922e-08,0.533374155081315,0.256,0.09,0.00087830708778122,"FKRP",3.05635361255488,"Significant"
3.71807662206052e-08,0.377006950117546,0.826,0.546,0.000880663628701255,"ZNF788",3.0551899395947,"Significant"
3.72471152137763e-08,0.807232108993989,0.195,0.052,0.000882235170953506,"CLEC4C",3.05441563274378,"Significant"
3.74693405631537e-08,0.296067191148259,0.472,0.219,0.000887498800578858,"LINC00620",3.05183222520508,"Significant"
3.75121749171251e-08,0.30340688663118,0.761,0.444,0.000888513375087026,"RBBP9",3.05133603023035,"Significant"
3.7877011979937e-08,0.522388409089264,0.542,0.293,0.000897154905756787,"PVT1",3.04713256374842,"Significant"
3.88775254566803e-08,0.323064475937994,0.84,0.531,0.00092085306796693,"C17orf103",3.03580966064119,"Significant"
3.92791639789184e-08,0.500876117841233,0.737,0.457,0.000930366278004661,"BMS1P2",3.03134603940376,"Significant"
4.07020041300024e-08,0.404257340455022,0.425,0.185,0.000964067669823238,"ZNF74",3.01589248103558,"Significant"
4.15947638070308e-08,0.367869026570005,0.819,0.543,0.000985213575533332,"FTO",3.00646961252661,"Significant"
4.16334824531075e-08,0.368196046799154,0.777,0.454,0.000986130665384305,"LOC100506394",3.00606553587459,"Significant"
4.23065046188308e-08,0.39050448603644,0.836,0.531,0.00100207186840163,"ATP6V1A",2.99910112983508,"Significant"
4.24824949318252e-08,0.316818024253775,0.718,0.414,0.00100624037495521,"CEP44",2.9972982607844,"Significant"
4.35354288628088e-08,0.470656385101133,0.857,0.562,0.00103118016804449,"EVI5",2.98666544805154,"Significant"
4.44546336103915e-08,0.409523746038383,0.791,0.497,0.00105295245169573,"ZNF100",2.97759123986143,"Significant"
4.47019840958756e-08,0.350447796815741,0.866,0.58,0.00105881119529491,"DGKB",2.97518147535227,"Significant"
4.48616722051451e-08,0.35509407689143,0.784,0.463,0.00106259356785107,"SLC25A53",2.9736328173132,"Significant"
4.55817448861303e-08,0.261248779508181,0.742,0.407,0.00107964920937288,"ZKSCAN7",2.96671732893948,"Significant"
4.56428567843924e-08,0.250836395891557,0.69,0.383,0.00108109670579512,"LSG1",2.96613545598683,"Significant"
4.58233250647004e-08,0.390523706178507,0.894,0.645,0.00108537127748249,"PCDH11X",2.96442167547435,"Significant"
4.61610912190651e-08,0.301140302826698,0.777,0.438,0.00109337160661478,"CD300LG",2.96123220833968,"Significant"
4.67749662742776e-08,0.500264682189743,0.246,0.083,0.00110791185117254,"ATMIN",2.95549479201937,"Significant"
4.77857006256463e-08,0.288459283992567,0.556,0.29,0.00113185210501906,"ADAMTS17",2.94621031711443,"Significant"
4.8162836278552e-08,0.355851836116491,0.92,0.731,0.00114078494009378,"IL17RD",2.94279622072971,"Significant"
4.8553617712274e-08,0.384446965793955,0.838,0.565,0.00115004098913292,"OLFML2A",2.93928668048377,"Significant"
4.96380299179265e-08,0.415828317159512,0.667,0.352,0.00117572637663601,"LOC642236",2.9296937385863,"Significant"
5.04191816951853e-08,0.319114426470369,0.197,0.052,0.00119422873763216,"STXBP5-AS1",2.92291248227088,"Significant"
5.08663856951026e-08,0.642176878436617,0.357,0.151,0.0012048212115742,"HHLA3",2.91907739507055,"Significant"
5.11008299643201e-08,0.416161579102863,0.737,0.435,0.00121037425853489,"ZNF493",2.91708032118376,"Significant"
5.21235983577679e-08,0.353455858995702,0.613,0.327,0.00123459955070209,"ZNF563",2.90847388541819,"Significant"
5.24308782966946e-08,0.362317587513408,0.899,0.679,0.00124187778333551,"KDELC2",2.90592114219058,"Significant"
5.27802519862097e-08,0.667479924739692,0.293,0.114,0.00125015304854536,"LOC155060",2.90303681573602,"Significant"
5.29684047865575e-08,0.381205186639306,0.859,0.546,0.0012546096357744,"TRIM65",2.90149138127535,"Significant"
5.31323038551638e-08,0.598840841087866,0.155,0.031,0.00125849174911341,"MRAP2",2.90014962741499,"Significant"
5.51365375128223e-08,0.433937992555221,0.549,0.296,0.00130596402752871,"LOC349196",2.88406878543533,"Significant"
5.52204601939309e-08,0.945744811080695,0.251,0.086,0.00130795182015345,"NDUFB2-AS1",2.88340825343291,"Significant"
5.57617211763087e-08,0.368187644774066,0.869,0.546,0.00132077212778205,"BVES",2.87917210455309,"Significant"
5.62445262968925e-08,0.467551392113383,0.232,0.074,0.0013322078498682,"WDR31",2.87542801164568,"Significant"
5.67147051164139e-08,0.294623276622438,0.697,0.377,0.00134334450538738,"CEACAM8",2.87181259671162,"Significant"
5.69583745420548e-08,0.336299034444933,0.758,0.42,0.00134911605940311,"C19orf54",2.86995068799285,"Significant"
5.73432768297968e-08,-0.254492663823154,0.415,0.185,0.00135823285499057,"FREM2",2.86702576837043,"Significant"
5.7415485795819e-08,1.82244813513834,0.134,0.022,0.00135994319655977,"PFKFB2",2.86647923128849,"Significant"
5.75756118729955e-08,2.59337547895198,0.122,0.015,0.00136373594282377,"FAM184A",2.86526971301994,"Significant"
5.76987304270694e-08,0.401471192180657,0.878,0.627,0.00136665212889556,"DNAJC27-AS1",2.86434201778579,"Significant"
5.83851354413042e-08,0.307222049274327,0.847,0.522,0.00138291031806273,"PDE12",2.85920598303845,"Significant"
5.8668577599965e-08,0.336609949188869,0.732,0.389,0.00138962392903277,"HERC2P7",2.85710271603663,"Significant"
5.88479443369969e-08,0.307126399347151,0.46,0.222,0.00139387240956611,"FBXO17",2.8557769782878,"Significant"
5.99434922340504e-08,0.395627132812505,0.812,0.506,0.00141982155705572,"FAM153C",2.84776623424774,"Significant"
6.06220898883187e-08,0.386440902728423,0.815,0.512,0.00143589482109472,"CXorf36",2.8428773708814,"Significant"
6.07100148799076e-08,0.363297210088721,0.305,0.117,0.00143797741244549,"ZNF441",2.84224793573848,"Significant"
6.11567570531166e-08,0.363010269916035,0.847,0.512,0.00144855894756012,"ARIH2OS",2.83906382695026,"Significant"
6.13612218888765e-08,0.37682127825725,0.869,0.593,0.00145340190165993,"GGT6",2.83761427590286,"Significant"
6.2779002195085e-08,0.330646043727431,0.174,0.04,0.00148698344599278,"SPANXA2-OT1",2.82769386628235,"Significant"
6.31803340350739e-08,0.316134017129437,0.817,0.515,0.00149648939195476,"ZNF250",2.8249263573616,"Significant"
6.33952844170715e-08,0.318283196449739,0.876,0.565,0.00150158070670276,"SLC7A11",2.82345132045221,"Significant"
6.36095862638846e-08,0.422766474292685,0.73,0.401,0.00150665666024637,"ALKBH4",2.821985704254,"Significant"
6.41923172904068e-08,0.251279993419355,0.671,0.373,0.00152045922734057,"LOC652276",2.81802522141161,"Significant"
6.42722363917426e-08,0.315871254194182,0.772,0.435,0.00152235219117481,"LOC286190",2.81748486334097,"Significant"
6.43577534851575e-08,0.425170743348323,0.615,0.346,0.00152437774904944,"SSBP2",2.81690739913864,"Significant"
6.6981655803299e-08,-0.254351138002995,0.939,0.901,0.00158652749935694,"RPL36A",2.79955239585133,"Significant"
6.80391738338199e-08,-0.258198260057505,0.803,0.812,0.00161157587142786,"COX4I1",2.79274924350765,"Significant"
6.81078274853644e-08,0.279396428397727,0.908,0.602,0.00161320200181834,"PCDHA9",2.79231124774915,"Significant"
6.86244971406294e-08,0.387983091002649,0.887,0.664,0.00162543983927295,"IAPP",2.78902909996379,"Significant"
6.91530643748394e-08,0.338918516679268,0.758,0.441,0.00163795948278245,"C6orf123",2.78569684532385,"Significant"
6.94097432949067e-08,-0.329628937533572,0.552,0.269,0.00164403917968316,"UHRF1BP1",2.78408783684618,"Significant"
6.95943877133182e-08,0.294392765471918,0.784,0.475,0.00164841266737766,"RAB5B",2.78293405675903,"Significant"
7.08490887493227e-08,0.270007452128437,0.263,0.093,0.00167813151611646,"ZNF763",2.77517400626926,"Significant"
7.2622499486187e-08,0.409427330632813,0.88,0.596,0.00172013652282983,"PLAC8",2.76443708288391,"Significant"
7.35348266141581e-08,0.604796126821712,0.333,0.142,0.00174174590318295,"LOC284412",2.75901520231033,"Significant"
7.62550427406804e-08,1.4250398885736,0.141,0.025,0.00180617694235576,"LOC401074",2.74323970622377,"Significant"
7.64212767901298e-08,0.264947409466359,0.871,0.599,0.00181011436205101,"TRIM66",2.74229398577242,"Significant"
7.72268075231108e-08,0.497418541675439,0.732,0.46,0.0018291941629924,"BMS1P6",2.73774019313448,"Significant"
7.82193347784715e-08,0.303952024990577,0.789,0.503,0.00185270316356288,"MTMR12",2.73219415691064,"Significant"
7.83836177904528e-08,1.10837713131905,0.174,0.043,0.00185659437098467,"LOC255167",2.73128297061975,"Significant"
7.85610158573465e-08,3.4805507009884,0.113,0.012,0.00186079622159711,"TYRP1",2.73030118446278,"Significant"
7.95167103691254e-08,0.307042634276658,0.772,0.454,0.0018834328018031,"MFAP5",2.72504987019218,"Significant"
7.9716371404221e-08,0.345340908321497,0.765,0.435,0.00188816197308038,"WFDC8",2.72396075315354,"Significant"
8.07248894423769e-08,0.294227950017725,0.782,0.444,0.00191204973133214,"MAGEA10",2.71850081615916,"Significant"
8.09598392616794e-08,0.284069937119739,0.768,0.454,0.00191761475275214,"BLOC1S6",2.71723863781139,"Significant"
8.20297515352822e-08,0.582198131844992,0.714,0.386,0.00194295669486469,"MIR4461",2.71153687896321,"Significant"
8.25309529377919e-08,0.354101048900318,0.446,0.21,0.00195482815128454,"DYNAP",2.70889141536747,"Significant"
8.26434692925369e-08,0.415572538565965,0.521,0.259,0.00195749321366303,"ZFP90",2.70829973490159,"Significant"
8.42953809220481e-08,0.371131387769103,0.869,0.571,0.00199662039251963,"OSMR",2.69970449752547,"Significant"
8.61238383313013e-08,0.604172744204321,0.331,0.136,0.0020399292347152,"MRAS",2.6903848980181,"Significant"
8.62555496333113e-08,-0.259391379169753,0.941,0.914,0.00204304894861461,"HLA-F",2.68972122815044,"Significant"
8.68302457542255e-08,0.336088902254991,0.761,0.454,0.00205666120093459,"ZC3H12B",2.68683724485519,"Significant"
9.15638939793281e-08,0.355701717591394,0.918,0.71,0.00216878239279437,"ALG1",2.66378402122215,"Significant"
9.20821632346611e-08,2.02798753627854,0.131,0.022,0.00218105811837618,"SMIM16",2.66133276167771,"Significant"
9.25033966747071e-08,2.08060445937231,0.127,0.019,0.00219103545363711,"PITPNM3",2.65935059496582,"Significant"
9.31297582725806e-08,0.31629434457145,0.948,0.781,0.00220587145444434,"GREB1",2.65641979935371,"Significant"
9.47469038268378e-08,0.251142514456968,0.739,0.426,0.00224417516404248,"IREB2",2.64894324821438,"Significant"
9.76038238615039e-08,0.389353418882387,0.812,0.593,0.00231184417198358,"C14orf23",2.63604144253888,"Significant"
9.86087838737576e-08,-0.289026399324742,0.815,0.849,0.00233564765483382,"MYL12A",2.63159267230574,"Significant"
9.98541422443707e-08,0.423965870305697,0.866,0.593,0.00236514521320016,"SLC50A1",2.62614218965958,"Significant"
9.99882892812501e-08,0.908243850556836,0.19,0.052,0.00236832261991569,"ZNF676",2.62555913703972,"Significant"
1.00654584337767e-07,0.656302546309436,0.528,0.281,0.00238410448462434,"POTEM",2.6226747153322,"Significant"
1.00684983611604e-07,0.289376634839057,0.836,0.503,0.00238482452182445,"AICDA",2.6225435713438,"Significant"
1.00886678045922e-07,0.427119084977694,0.338,0.142,0.00238960185619571,"STON1",2.62167445305239,"Significant"
1.02547768039515e-07,0.81143120139401,0.157,0.034,0.00242894643378396,"ANKRD22",2.61458206270354,"Significant"
1.03521452777883e-07,0.377801078941841,0.904,0.614,0.00245200913049694,"PPARA",2.61047791697701,"Significant"
1.04051862917897e-07,0.31490895722341,0.336,0.139,0.00246457242507331,"C21orf49",2.60825841494179,"Significant"
1.04422731999999e-07,0.843888476513199,0.232,0.077,0.00247335683015198,"HIATL2",2.60671322363597,"Significant"
1.06556234148382e-07,0.303996880399866,0.232,0.077,0.00252389096203857,"ZNF695",2.59792941155463,"Significant"
1.06599678803231e-07,0.366638425605857,0.817,0.503,0.00252491999213333,"TMEM56",2.59775237894156,"Significant"
1.07531084094579e-07,-0.486804531046378,0.427,0.191,0.00254698125786419,"NANP",2.59397425081028,"Significant"
1.08996739070543e-07,0.323184117591788,0.887,0.602,0.00258169676162489,"CCR6",2.58809477000412,"Significant"
1.11569483435747e-07,0.644604117539932,0.331,0.142,0.00264263478465911,"PPP2R3A",2.57796285274679,"Significant"
1.12743897300938e-07,0.478739916612703,0.57,0.299,0.00267045195147003,"KIAA1671",2.57341523173684,"Significant"
1.1695907958495e-07,0.449120518092616,0.857,0.574,0.00277029275904914,"SNHG7",2.55747433313007,"Significant"
1.17134819819311e-07,0.887389499991898,0.263,0.102,0.00277445534224021,"RB1",2.55682226121736,"Significant"
1.20043982254707e-07,0.371658269940881,0.538,0.284,0.00284336176368499,"SLC6A20",2.54616788108446,"Significant"
1.22372192374178e-07,1.02739739991032,0.308,0.127,0.00289850774857479,"MLPH",2.53782553429311,"Significant"
1.24831481436233e-07,0.268493852232521,0.742,0.426,0.00295675846929862,"FKBP9",2.529184150528,"Significant"
1.25058859178097e-07,-0.543619722042496,0.462,0.213,0.0029621441384924,"ZNF594",2.52839381244924,"Significant"
1.26755142138877e-07,-0.405578507624738,0.542,0.262,0.00300232229670144,"NANOS1",2.52254268845325,"Significant"
1.2958505528796e-07,-0.333407141648185,0.775,0.824,0.00306935161955062,"DUSP1",2.51295335670231,"Significant"
1.30701008488513e-07,0.654143528063503,0.146,0.028,0.00309578408705893,"LOC339593",2.50922933644804,"Significant"
1.33887030152208e-07,0.255313403265028,0.704,0.407,0.00317124819618519,"SNAPC1",2.49876976679805,"Significant"
1.3463027094439e-07,1.42698584181161,0.148,0.031,0.00318885259758883,"LOC613038",2.49636555524224,"Significant"
1.3463027094439e-07,1.43278264959469,0.148,0.031,0.00318885259758883,"LOC388242",2.49636555524224,"Significant"
1.37069902140501e-07,0.31728106484161,0.178,0.046,0.00324663770209991,"LINC00348",2.48856617234032,"Significant"
1.39725908620743e-07,0.555808064625429,0.256,0.093,0.00330954787159093,"SPG20",2.48023133259439,"Significant"
1.4121326778941e-07,0.326843356549207,0.784,0.441,0.00334477746085997,"FAM213A",2.47563277198752,"Significant"
1.51094905442542e-07,0.296307127831241,0.967,0.79,0.00357883393031206,"LRRC57",2.44625845383755,"Significant"
1.51306681886287e-07,0.382295732441683,0.826,0.525,0.00358385006715858,"LOC283299",2.4456501676393,"Significant"
1.52989703034833e-07,0.40779596565054,0.892,0.673,0.00362371410608306,"MAP7D3",2.44084607342577,"Significant"
1.53547685947183e-07,0.721508054638895,0.315,0.133,0.00363693048934498,"PIAS2",2.43926499929788,"Significant"
1.54856219725353e-07,-0.45466271770391,0.31,0.12,0.00366792442041471,"H1FX-AS1",2.43557962178473,"Significant"
1.58600481432523e-07,0.398375733534516,0.317,0.136,0.00375661100321074,"ARMC5",2.42520377376961,"Significant"
1.59464988517419e-07,0.336399593320269,0.216,0.068,0.00377708771802359,"IL1RL1",2.42284292912237,"Significant"
1.60928919951711e-07,0.272048991991392,0.791,0.454,0.00381176239797622,"FEZ1",2.41887417845969,"Significant"
1.65042921975395e-07,-0.545013596291217,0.178,0.046,0.0039092066499092,"UNC45B",2.40791137112746,"Significant"
1.66455471031098e-07,0.257562014824425,0.831,0.519,0.00394266428684258,"RBM41",2.40421020100917,"Significant"
1.68826005431758e-07,0.289872702461881,0.859,0.562,0.00399881276465661,"ZNF662",2.3980689302451,"Significant"
1.69673258202979e-07,0.414594317080207,0.235,0.08,0.00401888079379575,"LOC730102",2.39589487546124,"Significant"
1.70206679774148e-07,0.910898026590911,0.176,0.046,0.00403151541713048,"ZNF500",2.39453167505305,"Significant"
1.73536609637215e-07,0.270176107995314,0.871,0.605,0.00411038813586706,"SPAST",2.38611716661386,"Significant"
1.74178253047407e-07,0.314015397747647,0.305,0.12,0.00412558610168089,"BCAT1",2.38451434465483,"Significant"
1.74288772688062e-07,0.279245963296605,0.714,0.41,0.00412820386988944,"LUST",2.38423886337171,"Significant"
1.74362411403966e-07,0.799464028328776,0.136,0.025,0.00412994807651434,"RNF212",2.38405540844652,"Significant"
1.76046229608082e-07,0.375443582442701,0.261,0.096,0.00416983099449702,"KIAA1009",2.37988154685952,"Significant"
1.77313762573013e-07,0.267809136750143,0.826,0.528,0.00419985378030438,"LOC731424",2.376765829486,"Significant"
1.79183951532331e-07,0.338698166026971,0.836,0.543,0.0042441510759948,"ZNF492",2.37220916522708,"Significant"
1.79289759182088e-07,0.376903158500724,0.892,0.556,0.00424665723598694,"CRHR1-IT1",2.37195279117011,"Significant"
1.82959281647014e-07,0.26951101232394,0.678,0.37,0.00433357354509116,"PRR7-AS1",2.36315382862447,"Significant"
1.89400866125495e-07,-0.477899907070729,0.533,0.256,0.00448614891504847,"SPTSSA",2.34812631436642,"Significant"
1.90372650861596e-07,0.258381063077364,0.829,0.537,0.00450916660830777,"ICMT",2.3459037177358,"Significant"
1.96479251165899e-07,0.29217383165849,0.697,0.395,0.00465380754311549,"MOAP1",2.33219158080245,"Significant"
1.9695771722535e-07,0.292348326412518,0.831,0.506,0.00466514049019963,"DTWD2",2.33113527298935,"Significant"
1.97099908044747e-07,0.36767097176083,0.81,0.54,0.00466850842194787,"CRLF3",2.33082185339302,"Significant"
2.01990565721879e-07,0.508499364474328,0.81,0.512,0.00478434853968842,"TUBGCP4",2.32017718952348,"Significant"
2.03326087376736e-07,0.297309588807427,0.768,0.469,0.00481598170560537,"LOC285696",2.31731517149478,"Significant"
2.03990711205574e-07,1.55025217204539,0.134,0.025,0.00483172398561523,"LINC00336",2.31589788294405,"Significant"
2.04441314845364e-07,0.254741748024038,0.89,0.623,0.0048423969834273,"AP3M1",2.3149396096393,"Significant"
2.06412969380862e-07,0.381364057303308,0.859,0.531,0.0048890975927551,"TNFAIP8L3",2.31077129356619,"Significant"
2.06626652794504e-07,0.481014360800505,0.153,0.034,0.00489415889809062,"PVRL4",2.31032193456664,"Significant"
2.12183195432219e-07,0.25979092025379,0.843,0.512,0.00502577116700755,"OGFOD3",2.2987972895533,"Significant"
2.14012991368986e-07,0.36140274900149,0.7,0.423,0.0050691117135658,"LARS",2.29506813764806,"Significant"
2.23998419651326e-07,0.504426604052438,0.134,0.025,0.00530562656786131,"POF1B",2.27526332073599,"Significant"
2.46403876620736e-07,0.354593425629732,0.88,0.704,0.00583632222163874,"L1TD1",2.23386073884565,"Significant"
2.46607672339813e-07,0.444028446575413,0.282,0.111,0.00584114932704081,"DKFZP686I15217",2.23350169102433,"Significant"
2.48069715103689e-07,0.91332858040656,0.141,0.028,0.00587577927194597,"SEC14L3",2.2309345271732,"Significant"
2.48189949216204e-07,0.277830586831531,0.808,0.519,0.00587862713713501,"ERCC4",2.23072408487302,"Significant"
2.49036957236072e-07,0.424834667640663,0.434,0.201,0.00589868936909361,"SH3TC2",2.22924447361228,"Significant"
2.49686273779828e-07,0.32460576164562,0.878,0.651,0.00591406908074901,"RRP15",2.22811360689599,"Significant"
2.53279771571036e-07,0.391707105100104,0.246,0.09,0.00599918466943155,"FANCC",2.22190776922096,"Significant"
2.53777232978762e-07,0.368182985663475,0.899,0.608,0.00601096754033495,"BCL2L15",2.22105561724707,"Significant"
2.55324424148747e-07,0.487365264457349,0.157,0.037,0.00604761431038723,"FAM83D",2.21841591397043,"Significant"
2.57218529135536e-07,0.45368147127827,0.448,0.228,0.0060924780811043,"LOC100132832",2.21520602460078,"Significant"
2.57674662745637e-07,0.531979125491488,0.413,0.198,0.00610328206179316,"GHDC",2.21443655875885,"Significant"
2.6167590790615e-07,0.514535089884151,0.246,0.09,0.00619805555466506,"TP53BP2",2.20774453539323,"Significant"
2.63225271638806e-07,1.28343411531862,0.15,0.034,0.00623475378403675,"LINC00516",2.20518069252153,"Significant"
2.63225271638806e-07,1.28343411531862,0.15,0.034,0.00623475378403675,"LOC101101776",2.20518069252153,"Significant"
2.65808050009953e-07,0.404429641372325,0.202,0.062,0.00629592947253574,"C1QTNF9",2.20094014562042,"Significant"
2.79477446818072e-07,0.255836624142466,0.263,0.099,0.00661970280533285,"LOC100506013",2.17916150797741,"Significant"
2.80610938992677e-07,0.397261669982692,0.843,0.522,0.00664655070098054,"SNHG4",2.17740367803042,"Significant"
2.81890641727019e-07,-0.382641981728372,0.315,0.127,0.00667686173994618,"SLCO4C1",2.1754276167574,"Significant"
2.85069784927311e-07,0.3209236938522,0.925,0.71,0.00675216292578828,"ATM",2.17055708698117,"Significant"
2.87072596447499e-07,0.324457150840145,0.808,0.481,0.00679960151945546,"LOC158696",2.16751653773089,"Significant"
2.92124415994451e-07,0.286767256851489,0.195,0.059,0.00691925891724458,"METTL21EP",2.15994041788231,"Significant"
2.92424482878019e-07,1.51540609004085,0.127,0.022,0.00692636630144875,"CHST3",2.15949454447999,"Significant"
2.93418569949725e-07,0.353472197181408,0.833,0.525,0.00694991224782919,"PAPL",2.15802067893854,"Significant"
2.94245645960566e-07,0.408878155515439,0.737,0.481,0.00696950237022196,"TESPA1",2.15679822987645,"Significant"
2.96985927540565e-07,0.740907803544453,0.197,0.062,0.00703440867972582,"ADARB1",2.15277240397558,"Significant"
3.0201727681864e-07,0.34778416575578,0.754,0.466,0.0071535812187263,"RNF216",2.14547648768716,"Significant"
3.05373604361602e-07,1.4500537028887,0.23,0.086,0.0072330791929089,"FAM219B",2.14067677991117,"Significant"
3.09750880670123e-07,0.625856555083038,0.2,0.062,0.00733675935955254,"SPDYE6",2.1344957252393,"Significant"
3.09859646050597e-07,0.367603906536899,0.779,0.475,0.00733933557635443,"QPRT",2.13434325460489,"Significant"
3.1870230698007e-07,0.548955474888091,0.387,0.182,0.00754878284312995,"SPICE1",2.12212306785767,"Significant"
3.20518759878056e-07,0.352019149418989,0.667,0.361,0.00759180734647163,"GINS1",2.11965482131652,"Significant"
3.22758142501872e-07,0.444002582682168,0.514,0.284,0.00764484936329933,"IL27RA",2.11663106765289,"Significant"
3.25919159006239e-07,0.364585125421673,0.512,0.269,0.00771972120022177,"NFYB",2.11239838404142,"Significant"
3.30501251445153e-07,0.31835575512788,0.913,0.685,0.00782825264172988,"ADAMTS4",2.10633516677251,"Significant"
3.3092439025052e-07,0.382563540884317,0.876,0.614,0.00783827510747381,"GSDMA",2.10577949773964,"Significant"
3.3100808623048e-07,0.254460289654459,0.411,0.188,0.00784025753045516,"ZNF525",2.10566967172644,"Significant"
3.31738568751936e-07,0.371384145926899,0.805,0.475,0.00785755973945836,"SPRYD4",2.10471230844357,"Significant"
3.33263740299054e-07,0.266036014167596,0.15,0.034,0.0078936849527234,"LOC152225",2.10272021085463,"Significant"
3.33395652865989e-07,0.40360790924652,0.932,0.722,0.00789680943378382,"UTP23",2.10254834227752,"Significant"
3.3691078457e-07,-0.299920865132845,0.798,0.821,0.00798006884332502,"CCL4",2.09799336201428,"Significant"
3.39681168730147e-07,0.533876873121202,0.354,0.16,0.00804568816254226,"NHEJ1",2.09443680396854,"Significant"
3.42507605670748e-07,0.313638111652695,0.897,0.627,0.00811263514791733,"HCG11",2.09083805524478,"Significant"
3.45081927366489e-07,0.365813754217487,0.789,0.494,0.00817361053160266,"PEX26",2.08758606004326,"Significant"
3.46884410046219e-07,-0.284161209776699,0.688,0.377,0.00821630413635475,"ARHGAP11A",2.08532349318196,"Significant"
3.48569651766921e-07,0.276288117842214,0.951,0.772,0.00825622077175128,"PACS2",2.08321870250569,"Significant"
3.50434180642079e-07,0.283059127781057,0.721,0.417,0.00830038400268828,"LOC654433",2.08090181528768,"Significant"
3.51535308955139e-07,0.461494039498447,0.23,0.08,0.00832646532791143,"TMEM44-AS1",2.07953932204675,"Significant"
3.64115633869186e-07,0.27840760626083,0.756,0.435,0.00862444290382554,"CD209",2.06426894861509,"Significant"
3.9837872799046e-07,1.89610763995935,0.141,0.031,0.00943599855118203,"BTNL9",2.02521213446869,"Significant"
4.11333810018973e-07,-0.26537551362691,0.275,0.105,0.00974285262410939,"TMEM25",2.01131386678408,"Significant"
4.20667475713749e-07,-0.354517884092887,0.369,0.164,0.00996392982975586,"FBXO40",2.00156933961176,"Significant"
4.3148118940224e-07,0.333125834575843,0.925,0.704,0.0102200634521815,"SHOX",1.99054640783666,"Significant"
4.33056653709244e-07,0.507502143472331,0.352,0.167,0.0102573798997572,"PIK3AP1",1.98896355934063,"Significant"
4.42218043297168e-07,0.318286561326796,0.944,0.741,0.0104743765735367,"ACADSB",1.97987181645046,"Significant"
4.44237839982247e-07,0.481635733051275,0.838,0.571,0.0105222174778195,"SKP2",1.9778927262567,"Significant"
4.45348946558902e-07,0.585320556332342,0.317,0.142,0.0105485351481941,"IRF2BP2",1.9768078456958,"Significant"
4.45515855835381e-07,0.344087183868871,0.873,0.562,0.0105524885613168,"PAR-SN",1.97664510993969,"Significant"
4.471256603985e-07,0.34275575852035,0.784,0.478,0.0105906183921989,"METTL16",1.97507868045166,"Significant"
4.54200325633492e-07,0.3533440346555,0.822,0.568,0.0107581889129549,"ZNF652",1.96826083381012,"Significant"
4.57847415986958e-07,-0.33960656400679,0.354,0.164,0.0108445738950671,"PGM3",1.96478750761075,"Significant"
4.609090282147e-07,0.429963859700012,0.244,0.09,0.0109170912422934,"SUGT1P3",1.96189305995526,"Significant"
4.61132342306724e-07,0.912977641834343,0.16,0.04,0.0109223806598771,"LOC340017",1.96168269178113,"Significant"
4.67799498794545e-07,0.311939539756612,0.852,0.568,0.0110802989284476,"SLC36A2",1.95544852289062,"Significant"
4.70316050445367e-07,0.77870246086406,0.141,0.031,0.011139905970849,"NEK10",1.95311847491757,"Significant"
4.72312720376097e-07,-0.284879902319887,0.202,0.062,0.0111871990948282,"SERPINE1",1.9512786328571,"Significant"
4.79088412010788e-07,0.340792226770359,0.599,0.324,0.0113476881268875,"ICAM1",1.94509260860345,"Significant"
4.81380958041887e-07,0.272249259003827,0.723,0.401,0.0114019893721801,"PLA2G12A",1.94301936813856,"Significant"
4.8487207108396e-07,0.873858046221633,0.181,0.052,0.0114846798756947,"CTH",1.93988110583743,"Significant"
4.98084235482901e-07,0.25124836917862,0.934,0.701,0.011797623201648,"ZXDC",1.92820547865833,"Significant"
4.98459832484439e-07,-0.417396464858377,0.761,0.787,0.0118065195922264,"ZFP36L2",1.92787810786129,"Significant"
4.98799274134379e-07,0.364095120014231,0.819,0.525,0.0118145596071469,"PTK6",1.9275824622458,"Significant"
5.01474100353692e-07,1.85873782375204,0.16,0.043,0.0118779155409775,"ZNF860",1.9252597671393,"Significant"
5.15580325199148e-07,0.286286151051515,0.331,0.145,0.012212035582667,"FAM169B",1.91321193895138,"Significant"
5.20468494204133e-07,0.981674807392875,0.157,0.04,0.0123278167537191,"DNM1P41",1.90911382979257,"Significant"
5.31724837966382e-07,0.771509884607202,0.117,0.019,0.0125944345120717,"PDZD7",1.89982132747513,"Significant"
5.42495229046677e-07,0.312945419754339,0.232,0.083,0.0128495419951996,"C10orf67",1.89111235190486,"Significant"
5.42959655815963e-07,0.328329971553968,0.838,0.534,0.0128605424076569,"AP3S2",1.89074071417349,"Significant"
5.43081978322478e-07,0.276422639963326,0.946,0.799,0.0128634397385462,"TANGO2",1.89064288368864,"Significant"
5.52059303291408e-07,0.284165587271122,0.822,0.494,0.0130760766577603,"KIAA1377",1.88352254205735,"Significant"
5.52346778371813e-07,0.256446828978786,0.275,0.108,0.0130828857925148,"GOLGA8I",1.88329644977844,"Significant"
5.5777187815508e-07,0.316470941366587,0.953,0.787,0.0132113847059812,"LAIR1",1.87905166091308,"Significant"
5.62447550699528e-07,0.364861420115925,0.831,0.534,0.013322132685869,"POU2AF1",1.87542624516844,"Significant"
5.67632675579577e-07,0.44604421082723,0.866,0.565,0.0134449475537779,"CRYBB2P1",1.8714408875388,"Significant"
5.71955636498181e-07,0.319938902325581,0.899,0.676,0.0135473412060959,"ZSCAN22",1.86814593082825,"Significant"
5.74256909410482e-07,0.39995339603209,0.27,0.108,0.0136018491562967,"MKNK1",1.86640204576327,"Significant"
5.78624547216842e-07,0.613412343114928,0.27,0.108,0.0137053010253781,"HCG25",1.86311142110771,"Significant"
6.27831052525826e-07,0.364830872228095,0.883,0.645,0.0148708063101267,"FAM210B",1.8276654829545,"Significant"
6.32137175835535e-07,-0.898923105828423,0.277,0.429,0.0149728011468405,"MIR155HG",1.82469694322316,"Significant"
6.38018946455796e-07,0.437084516760139,0.535,0.315,0.015112116765752,"LOC399744",1.82067469943999,"Significant"
6.4321112091094e-07,1.04905325899486,0.103,0.012,0.0152350986098965,"LOC284395",1.81715473044063,"Significant"
6.45138185904531e-07,0.253013514261817,0.817,0.534,0.0152807430713347,"RNF141",1.81585552639293,"Significant"
6.45420492133672e-07,0.300247722640863,0.885,0.605,0.0152874297766782,"CWC25",1.81566552489736,"Significant"
6.4943169761825e-07,0.938227722468256,0.251,0.102,0.0153824391897859,"NFS1",1.81297479309952,"Significant"
6.55575684879821e-07,0.584039847023818,0.43,0.225,0.0155279656720634,"NBPF1",1.8088854377208,"Significant"
6.67520184223144e-07,-0.356646947950056,0.418,0.201,0.0158108830835094,"SARM1",1.80104387278856,"Significant"
6.76707213329921e-07,0.326260808578208,0.676,0.38,0.0160284870549325,"GPANK1",1.79510746920566,"Significant"
6.78676864467289e-07,0.319187576328225,0.84,0.577,0.0160751402117722,"TMOD3",1.7938452303519,"Significant"
6.79838183822091e-07,0.391463745081097,0.869,0.568,0.0161026472220101,"NEK2",1.79310272152064,"Significant"
6.87066193301377e-07,0.372693382257313,0.256,0.099,0.0162738498545364,"LOC401242",1.78850969520087,"Significant"
7.06622842751888e-07,1.42966062817089,0.176,0.052,0.0167370686534212,"HIST1H2BG",1.77632060244314,"Significant"
7.07322313264956e-07,0.2778622880071,0.822,0.549,0.0167536363119937,"SCARB2",1.7758909164577,"Significant"
7.17888732357594e-07,1.23739222474125,0.134,0.028,0.017003912514622,"CT49",1.76945113815061,"Significant"
7.47928577777164e-07,0.921426051501624,0.254,0.105,0.0177154362932299,"SATB1",1.75164814745674,"Significant"
7.49985009278864e-07,0.406653053742474,0.934,0.775,0.0177641449297792,"PTPN2",1.75045569226786,"Significant"
7.58544264915855e-07,0.371572506735316,0.592,0.324,0.0179668794587969,"IFITM3",1.74552734590209,"Significant"
7.6945307405811e-07,0.33103029351888,0.718,0.42,0.0182252655121404,"HLA-DOA",1.73932613600766,"Significant"
8.03008578963464e-07,0.309974305068741,0.815,0.5,0.0190200612013286,"LOC100506469",1.7207880899561,"Significant"
8.11492136227799e-07,0.482614007457436,0.401,0.204,0.0192210027386916,"UHRF2",1.71622395940832,"Significant"
8.12304139314894e-07,0.615947043374666,0.359,0.179,0.0192402358438126,"BCOR",1.7157896087515,"Significant"
8.15867799386005e-07,0.37224491285682,0.134,0.028,0.0193246446962569,"MMP19",1.71388848229313,"Significant"
8.18476181154576e-07,2.46733322980435,0.129,0.028,0.0193864268268273,"DST",1.71250222972441,"Significant"
8.70730845731711e-07,0.304454541920644,0.397,0.194,0.0206241308120013,"EGLN1",1.6856243453965,"Significant"
8.76355005810414e-07,0.317955650299882,0.915,0.66,0.0207573446676255,"LOC100506385",1.68282820332621,"Significant"
8.960228382377e-07,-0.281655725150705,0.88,0.858,0.0212231969464982,"CDC42",1.67318919575767,"Significant"
9.21253600502724e-07,0.785304906224222,0.345,0.173,0.0218208127815075,"SLC38A10",1.66112907684806,"Significant"
9.27297496147595e-07,0.330742310931465,0.298,0.127,0.0219639684937519,"LINC00174",1.6582891879366,"Significant"
9.56199229233557e-07,0.289872468279833,0.817,0.512,0.022648534943626,"CPT2",1.64495988576936,"Significant"
9.89333277209462e-07,1.2940221715099,0.131,0.028,0.0234333480039833,"LOC100507634",1.63016565780594,"Significant"
1.02498995248165e-06,0.279260578267139,0.8,0.491,0.0242779120144804,"DUXA",1.61478866683823,"Significant"
1.0341926723873e-06,0.602120038582938,0.777,0.5,0.0244958876381656,"MYO10",1.61090681873581,"Significant"
1.04155599838242e-06,-0.324510774274959,0.822,0.867,0.024670295377686,"CAPZA1",1.60782565066709,"Significant"
1.04589475179748e-06,0.368543771677134,0.911,0.713,0.0247730630910752,"C12orf5",1.6060202913025,"Significant"
1.0522438210963e-06,0.598307803562749,0.272,0.117,0.0249234471464871,"LOC729737",1.60339189085865,"Significant"
1.05691329279443e-06,0.300763656045289,0.897,0.648,0.0250340482531289,"AFMID",1.6014689150009,"Significant"
1.07811157339525e-06,0.382130279315401,0.892,0.611,0.0255361507274399,"KCNJ11",1.59284456689334,"Significant"
1.09325656060867e-06,0.260996944462392,0.833,0.528,0.0258948748945769,"SEPN1",1.5867861828398,"Significant"
1.10798415852003e-06,0.346376094224765,0.138,0.031,0.0262437127787055,"LOC285501",1.58097472397471,"Significant"
1.11287512082536e-06,-0.809409069575653,0.277,0.429,0.0263595601118694,"ALOX5AP",1.57906184152043,"Significant"
1.11295074698976e-06,0.339378594095046,0.831,0.562,0.0263613513931995,"ARMC10",1.5790323297546,"Significant"
1.12011694977879e-06,-0.320028138365166,0.31,0.13,0.0265310900724605,"SCIN",1.57624490596457,"Significant"
1.12224327958035e-06,0.283991351897171,0.817,0.494,0.0265814543201403,"LOC100505812",1.57542126169526,"Significant"
1.13441530074699e-06,0.665864644691633,0.164,0.046,0.0268697608134933,"TMEM231",1.57073619950812,"Significant"
1.14169457917168e-06,0.556923956484119,0.192,0.062,0.0270421778022603,"PPIAL4G",1.56795833605072,"Significant"
1.14357005227959e-06,0.275202398986446,0.843,0.509,0.0270866002582944,"SPRYD7",1.56724550149022,"Significant"
1.17358132973626e-06,0.365441500391046,0.815,0.543,0.027797447376133,"ST8SIA1",1.55599508326749,"Significant"
1.18511910150581e-06,0.352744076199963,0.378,0.185,0.0280707310382667,"ZNF83",1.55174627700749,"Significant"
1.1922840197037e-06,0.405242679078469,0.181,0.056,0.0282404392907017,"TEDDM1",1.54912855195296,"Significant"
1.20139987204584e-06,0.448905344863849,0.444,0.231,0.0284563573692779,"LOC284581",1.54582069369904,"Significant"
1.20211801159755e-06,-0.57656056178508,0.507,0.256,0.0284733672226997,"LOC100288637",1.5455611707257,"Significant"
1.20770086093536e-06,0.318595730388174,0.864,0.611,0.0286056025921148,"HCG18",1.5435488991595,"Significant"
1.22234750094687e-06,0.38076380713842,0.214,0.074,0.0289525229074276,"ALOX15",1.53831358609772,"Significant"
1.24347106397332e-06,0.315187774052026,0.887,0.614,0.029452855621272,"SEC14L4",1.53087259152416,"Significant"
1.26774220645253e-06,0.300352510999874,0.195,0.065,0.0300277419020347,"DNAJC5G",1.52247732568842,"Significant"
1.271543597393e-06,0.285190644266053,0.235,0.086,0.0301177816478505,"FABP2",1.5211770196419,"Significant"
1.27295635728222e-06,1.14063951073498,0.209,0.077,0.0301512442785866,"PER3",1.520694760732,"Significant"
1.2827745756194e-06,1.9021601876873,0.143,0.037,0.0303837985981211,"IGFBP4",1.51735793135951,"Significant"
1.31322460890894e-06,0.526039354773729,0.251,0.102,0.0311050380866171,"ZSCAN30",1.50716926254836,"Significant"
1.31679045876467e-06,0.323921599498639,0.688,0.432,0.0311894988062999,"LOC257396",1.5059916039991,"Significant"
1.32284371396745e-06,-0.351378209263815,0.836,0.802,0.0313328762090329,"KLF6",1.50399973712026,"Significant"
1.32960135838092e-06,0.292856384948995,0.221,0.08,0.0314929377746104,"NCRNA00185",1.50178682492103,"Significant"
1.34265211094899e-06,0.299383972740066,0.831,0.54,0.0318020578999377,"TMX1",1.49754477606368,"Significant"
1.35256806144198e-06,0.313574064924102,0.742,0.444,0.0320369271033148,"SUV39H2",1.49434914695967,"Significant"
1.35389329133818e-06,0.517062991120018,0.211,0.074,0.0320683164986362,"TTPA",1.49392383877887,"Significant"
1.35586325422105e-06,-0.644103655832905,0.169,0.049,0.0321149770394799,"LINC00689",1.49329238414749,"Significant"
1.38568723090185e-06,0.420094457494561,0.284,0.12,0.0328213877511413,"MC2R",1.48384306009215,"Significant"
1.3992701124432e-06,0.329375286873071,0.89,0.667,0.0331431118833295,"NRIP3",1.47960671709019,"Significant"
1.40409153908822e-06,0.789007476808422,0.153,0.04,0.0332573121948437,"PLEKHA6",1.4781128527147,"Significant"
1.43377576664453e-06,0.297537020181144,0.937,0.759,0.0339604128087423,"GSTM3",1.46902703929177,"Significant"
1.44315019917714e-06,0.524426774780186,0.39,0.198,0.0341824556177097,"AVL9",1.46619674141301,"Significant"
1.44487190069202e-06,0.321658754261707,0.805,0.512,0.0342232358397912,"LOC100128398",1.46567892989349,"Significant"
1.44540479947796e-06,0.276812264311368,0.826,0.519,0.0342358580804351,"BSN-AS2",1.46551878259357,"Significant"
1.45647664892308e-06,0.271559581920433,0.765,0.454,0.0344981059063921,"KRBOX4",1.46220474889727,"Significant"
1.46345434272471e-06,0.484689363352112,0.369,0.185,0.0346633795617775,"GUSBP1",1.4601290973209,"Significant"
1.4977829857331e-06,0.625158796934114,0.11,0.019,0.0354764878000743,"VRTN",1.45005938220415,"Significant"
1.50282143789545e-06,-0.305402427048873,0.185,0.059,0.0355958285779915,"FAM154B",1.4486008933672,"Significant"
1.52112236361939e-06,0.328251096699598,0.955,0.806,0.0360293043046889,"SPDYE7P",1.44334412365461,"Significant"
1.52645799222572e-06,0.473408973749225,0.218,0.08,0.0361556840038584,"ALAD",1.44182341794171,"Significant"
1.5464732381292e-06,-0.376984283362555,0.305,0.133,0.0366297651183281,"ZNF14",1.43616586616049,"Significant"
1.5613404292615e-06,0.661098189311123,0.244,0.096,0.0369819094074879,"ZNF702P",1.43201066960389,"Significant"
1.56377409744853e-06,0.32216972984874,0.688,0.41,0.0370395532721658,"MRPS25",1.43133425991136,"Significant"
1.56402013911987e-06,0.264376995026011,0.878,0.63,0.0370453810151933,"CPSF2",1.43126593409941,"Significant"
1.58454229762635e-06,0.324532703214262,0.685,0.407,0.0375314688615777,"RPL23AP82",1.42560443835818,"Significant"
1.6010416840924e-06,-0.262754038811511,0.129,0.028,0.0379222733294125,"LIPG",1.42110563586915,"Significant"
1.61149519226335e-06,0.373502740057146,0.883,0.599,0.0381698751239497,"CC2D2A",1.41827926088057,"Significant"
1.66399781985242e-06,0.323405182819039,0.894,0.667,0.0394134523610244,"PCDH11Y",1.4043555221079,"Significant"
1.67400838530484e-06,0.767740385583866,0.214,0.077,0.0396505626143305,"TMEM217",1.40175064596137,"Significant"
1.6898615026072e-06,0.316114771456595,0.876,0.645,0.0400260595507542,"DNASE1",1.39765716282015,"Significant"
1.70200220379939e-06,0.272616800860464,0.146,0.037,0.0403136241991923,"ZNF365",1.39454815697078,"Significant"
1.78018738934481e-06,0.894990555053022,0.317,0.16,0.0421655185040213,"BZRAP1",1.37504255484,"Significant"
1.79601502761526e-06,0.339676249477829,0.873,0.562,0.042540411944095,"ANKS4B",1.37119830888131,"Significant"
1.82165144751501e-06,0.503506057844011,0.397,0.207,0.0431476361858405,"TNRC6A",1.36504299182747,"Significant"
1.82266258611809e-06,0.315093821308629,0.157,0.043,0.0431715860147932,"PNPLA5",1.36480199617069,"Significant"
1.84111887299248e-06,-0.261340399555064,0.211,0.074,0.0436087416257,"MCM10",1.36042644515183,"Significant"
1.9159938427758e-06,0.93159605752944,0.167,0.049,0.0453822301599877,"EEF1DP3",1.34311416595708,"Significant"
1.92938934233242e-06,0.276602075244775,0.901,0.633,0.0456995159624858,"PRKX",1.34008839984119,"Significant"
1.97425957024819e-06,0.356272921499514,0.906,0.704,0.0467623121808987,"CBFA2T2",1.330104023118,"Significant"
1.97689202634114e-06,0.31828270988019,0.927,0.728,0.0468246645359162,"ARSA",1.32952532534028,"Significant"
1.99226603585741e-06,0.37022525335615,0.822,0.519,0.0471888133253186,"ZNF124",1.32616094388498,"Significant"
1.9939638026744e-06,-1.08744413494641,0.202,0.34,0.0472290266301458,"PMAIP1",1.32579100495289,"Significant"
2.00031052846937e-06,0.301869967334685,0.833,0.522,0.0473793551773254,"DSCR6",1.32441085422607,"Significant"
2.00219339100454e-06,-0.81042078895634,0.392,0.522,0.0474239526593335,"SPOCK2",1.32400225156834,"Significant"
2.00265626349158e-06,0.31834366938667,0.606,0.333,0.0474349162570616,"PLD6",1.32390186179834,"Significant"
2.01727343884232e-06,0.278654305435695,0.815,0.466,0.0477811386724193,"GP2",1.32074350479008,"Significant"
2.04955538778513e-06,0.924639825052296,0.185,0.062,0.0485457689150787,"ZCCHC16",1.31384861574379,"Significant"
2.04970931545881e-06,1.23201404157987,0.143,0.037,0.0485494148459573,"HEXDC",1.31381600016799,"Significant"
2.07906710053635e-06,-0.363486859057886,0.662,0.716,0.0492447833433039,"CD52",1.30763976892702,"Significant"
2.07925255161495e-06,0.302142110776268,0.908,0.71,0.0492491759375517,"BMS1P5",1.30760103194339,"Significant"
