"p_val","avg_log2FC","pct.1","pct.2","p_val_adj","gene","negLogP","sig"
1.94427401715252e-132,7.75595974666996,1,0,4.60520743702745e-128,"DSG3",127.33675080266,"Significant"
1.78277196068522e-24,1.24076854422176,0.643,0.213,4.22267366607901e-20,"LOC100506599",19.3744124801421,"Significant"
3.92032157849305e-24,1.20005194532421,0.723,0.299,9.28567369081865e-20,"PLEKHH1",19.0321865820059,"Significant"
6.61680024654885e-22,-0.394040107109101,0.946,0.972,1.56725530639756e-17,"RPL23",16.8048602510565,"Significant"
4.46036137339785e-21,0.93336795746666,0.617,0.204,1.05648119490301e-16,"FHAD1",15.9761382288744,"Significant"
4.96095218780761e-21,-0.546677818239848,0.857,0.951,1.17505113520411e-16,"RPS26",15.9299432336018,"Significant"
5.94350316601804e-21,0.702695836776462,0.704,0.284,1.40777815990303e-16,"MS4A2",15.8514657766716,"Significant"
6.3131308151572e-21,0.859021769749468,0.669,0.244,1.49532816487814e-16,"PIN4P1",15.8252634865664,"Significant"
6.44507974506891e-21,-0.175484342534377,1,1,1.52658158841702e-16,"HLA-B",15.8162799798013,"NS"
7.97669791512177e-21,0.871757093670773,0.728,0.296,1.88936066817574e-16,"SKIDA1",15.7236851298245,"Significant"
9.16997532069731e-21,0.812630975432838,0.723,0.293,2.17200035446036e-16,"BCAS1",15.6631401082083,"Significant"
1.3706538222551e-20,0.798541932650473,0.608,0.201,3.24653064339342e-16,"LOC100128593",15.4885804935478,"Significant"
1.73748504368408e-20,-0.345817524033475,0.981,0.985,4.11540707447011e-16,"RPS20",15.385587200196,"Significant"
1.8567854573132e-20,0.814650723754113,0.707,0.299,4.39798203419205e-16,"DSC3",15.3567465490696,"Significant"
3.94984529131745e-20,-0.294658222230279,0.953,0.978,9.35560355701452e-16,"RPL12",15.0289281896684,"Significant"
5.76125559187933e-20,-0.424002105858455,0.984,0.994,1.36461099949254e-15,"RPL28",14.8649911323968,"Significant"
6.51976362083324e-20,1.32711212803365,0.453,0.117,1.54427121123056e-15,"PHKG1",14.8112764247274,"Significant"
9.60647349257732e-20,0.441387063636028,0.725,0.284,2.27538931145186e-15,"ERLIN2",14.6429442863254,"Significant"
9.84019747027309e-20,-0.245249784723905,0.993,0.991,2.33074917280888e-15,"RPS27A",14.6325044612397,"NS"
1.0605638000274e-19,0.947888347359267,0.481,0.133,2.51205141674491e-15,"FGB",14.5999714756912,"Significant"
1.57720429924933e-19,-0.340201615902235,0.927,0.988,3.73576610320197e-15,"RPL26",14.4276203228243,"Significant"
1.70649466284394e-19,-0.268886952634845,0.988,0.988,4.04200325841216e-15,"RPS25",14.3934033407193,"Significant"
1.95250621050916e-19,0.727228656268522,0.42,0.096,4.624706210212e-15,"SORBS1",14.3349158511058,"Significant"
1.97831054582147e-19,-0.395059578353449,0.885,0.969,4.68582635883273e-15,"RPS17L",14.3292138089525,"Significant"
1.97831054582147e-19,-0.395059578353449,0.885,0.969,4.68582635883273e-15,"RPS17",14.3292138089525,"Significant"
3.64121877385973e-19,0.84070060422595,0.596,0.204,8.62459078776417e-15,"LRRC3",14.0642615018004,"Significant"
4.30665636830552e-19,1.09975920344152,0.467,0.13,1.02007462739685e-14,"MOGAT3",13.9913680546292,"Significant"
6.01130854937083e-19,-0.177552556555911,1,1,1.42383854300397e-14,"TMSB4X",13.8465392549814,"NS"
7.22418056663486e-19,0.778625233156334,0.824,0.438,1.71111940901313e-14,"WNT7B",13.7667196825302,"Significant"
9.18615725641238e-19,0.82544957386982,0.629,0.228,2.17583320775384e-14,"BACE1-AS",13.6623743992902,"Significant"
9.23289903472929e-19,0.826327752466072,0.601,0.213,2.18690446536598e-14,"LINC00410",13.6601701886453,"Significant"
1.38779039806344e-18,0.813283509387591,0.796,0.42,3.28712033685307e-14,"STEAP2",13.4831843967171,"Significant"
1.48153554680148e-18,0.66189704464549,0.608,0.207,3.50916509615399e-14,"AMER3",13.4547961989941,"Significant"
1.6021033731483e-18,-0.23024844368526,0.991,0.994,3.79474204963906e-14,"RPS19",13.4208177402496,"NS"
1.68158543805536e-18,-0.183153476200813,1,1,3.98300326857792e-14,"HLA-C",13.3997893371948,"NS"
1.68844623149928e-18,0.551473759978631,0.676,0.259,3.99925374392919e-14,"KLHL30",13.3980210399544,"Significant"
1.72275750219361e-18,-0.163638217206788,0.998,1,4.08052341969579e-14,"HLA-A",13.3892841252176,"NS"
2.00055234136532e-18,1.0091840554402,0.467,0.13,4.7385082757579e-14,"LRP4-AS1",13.3243583565475,"Significant"
2.13081599979934e-18,0.781134491089333,0.711,0.29,5.04705077712471e-14,"HJURP",13.2969623259154,"Significant"
2.26073006512122e-18,0.644678495856137,0.674,0.269,5.35476523224612e-14,"CPB2-AS1",13.2712595650889,"Significant"
2.85824408021383e-18,-0.204668952873475,1,1,6.77003692839447e-14,"RPS27",13.1694089623704,"NS"
3.49205433508232e-18,-0.327847490784686,0.934,0.957,8.27127989807597e-14,"RPL37A",13.0824272825075,"Significant"
3.95539446385714e-18,0.7191063653454,0.761,0.349,9.36874732709202e-14,"SLC15A1",13.028318473712,"Significant"
4.03582853516848e-18,0.490060355343136,0.538,0.167,9.55926346840006e-14,"NRSN1",13.0195755683863,"Significant"
4.87041922869439e-18,0.522816998445563,0.57,0.194,1.15360749850855e-13,"MIR210HG",12.9379419296788,"Significant"
6.3610769044357e-18,0.639022814583544,0.587,0.204,1.50668467558464e-13,"FLJ31485",12.8219776288948,"Significant"
6.79662113826133e-18,0.655957163312677,0.873,0.577,1.60984768280858e-13,"KBTBD12",12.7932152131887,"Significant"
8.08277790214181e-18,0.992903077759923,0.369,0.077,1.91448677390131e-13,"IL31RA",12.7179476295991,"Significant"
1.01653389462355e-17,0.995442999020011,0.535,0.176,2.40776218280533e-13,"LINC00310",12.6183864110171,"Significant"
1.11542503956375e-17,0.969394392119921,0.531,0.176,2.64199574871069e-13,"LZTS1",12.578067885553,"Significant"
1.1718388858507e-17,-0.272528747789192,0.986,0.988,2.77561758502597e-13,"RPS11",12.5566403696846,"Significant"
1.34128029636621e-17,0.728380832012496,0.749,0.352,3.176956509973e-13,"ZNRF3",12.4979887302808,"Significant"
1.3929100895016e-17,0.708365990399566,0.549,0.188,3.29924683799349e-13,"CNTN4",12.4815851908602,"Significant"
1.44994041428031e-17,-0.268576123276408,0.974,0.972,3.43432886526435e-13,"RPS15",12.4641581199115,"Significant"
1.50971331118361e-17,-0.222588648349178,0.998,1,3.57590694886951e-13,"RPL41",12.4466137908041,"NS"
1.51564051133452e-17,0.762372157287494,0.585,0.213,3.58994611514694e-13,"GAL3ST4",12.4449120701041,"Significant"
1.55598216122837e-17,0.803054565368444,0.333,0.059,3.68549934708553e-13,"C1orf141",12.4335036614028,"Significant"
1.60408664731003e-17,0.45322366621609,0.702,0.278,3.79943963281855e-13,"ZAK",12.4202804513622,"Significant"
1.63716078129521e-17,0.756028508859576,0.448,0.123,3.87777902657584e-13,"RHPN1-AS1",12.4114169426201,"Significant"
1.76562547329148e-17,0.669666321330901,0.798,0.426,4.1820604960382e-13,"USP54",12.3786096891402,"Significant"
1.77602005998269e-17,0.866383413089261,0.432,0.12,4.206681114075e-13,"FLJ41200",12.3760604082698,"Significant"
1.88842461020231e-17,0.760261989410823,0.599,0.222,4.47292253172519e-13,"MYO5C",12.3494086234763,"Significant"
1.89552031274923e-17,0.645034312837707,0.491,0.145,4.48972941277783e-13,"FLJ14107",12.3477798322881,"Significant"
2.10419054970535e-17,0.969236691146812,0.563,0.201,4.98398573603209e-13,"CDAN1",12.3024232092806,"Significant"
2.12928566407373e-17,0.342677966371013,0.561,0.185,5.04342602392503e-13,"IL13RA1",12.2972743449432,"Significant"
2.7087065226566e-17,1.17346358118376,0.451,0.13,6.41584226956443e-13,"C6orf147",12.1927463215163,"Significant"
2.75901371509702e-17,0.631670423814221,0.847,0.46,6.53499988557881e-13,"LMOD3",12.1847544156875,"Significant"
2.7606472756056e-17,0.862321033146171,0.77,0.414,6.53886913699943e-13,"SPDYE5",12.1844973541264,"Significant"
3.01530275657417e-17,0.049051424401958,0.631,0.244,7.14204610922157e-13,"AVPR1A",12.1461773503186,"NS"
3.3299265616652e-17,-0.278190355119479,0.953,0.981,7.88726405396019e-13,"EIF1",12.1030736193923,"Significant"
3.35306164550453e-17,0.569793592329781,0.566,0.204,7.94206181354202e-13,"TRAM2",12.1000667371191,"Significant"
3.36041328658863e-17,-0.418586966689001,0.847,0.917,7.95947491061384e-13,"RGS1",12.0991155818785,"Significant"
3.73744869931641e-17,0.419281557940919,0.521,0.17,8.85252098920084e-13,"BMP8B",12.0529330348626,"Significant"
4.36883668311175e-17,1.03518119611061,0.451,0.13,1.03480265676185e-12,"LINC00617",11.9851424649424,"Significant"
4.47376123129367e-17,0.894448808299926,0.57,0.21,1.05965508524422e-12,"EIF2AK4",11.9748354733686,"Significant"
4.53889543412033e-17,0.701786829705514,0.829,0.457,1.07508277252574e-12,"ECT2",11.9685580973602,"Significant"
4.76615983086438e-17,0.745552901387577,0.575,0.201,1.12891261753854e-12,"MET",11.9473396729462,"Significant"
5.95385483195299e-17,0.525640985328417,0.939,0.735,1.41023005549639e-12,"IFNLR1",11.850710033669,"Significant"
6.06205083913655e-17,-0.26275956295499,0.979,0.966,1.43585736175788e-12,"TMSB10",11.8428887008167,"Significant"
6.06783346408984e-17,-0.267329652196317,0.962,0.975,1.43722703430432e-12,"RPS12",11.8424746222921,"Significant"
6.10120570176562e-17,0.67151815726637,0.608,0.222,1.4451315825202e-12,"LOC100134229",11.8400926076059,"Significant"
6.44488306210721e-17,-0.179527942647774,0.998,0.997,1.52653500209071e-12,"RPLP1",11.8162932332647,"NS"
7.60134850030676e-17,0.283040376781573,0.643,0.247,1.80045540578266e-12,"ZNF470",11.744617630895,"Significant"
8.00360706698568e-17,-0.378725585120916,0.883,0.96,1.89573436988623e-12,"RPL35A",11.7222225160351,"Significant"
9.65283432718926e-17,0.62579225397102,0.531,0.188,2.28637033873805e-12,"LINC00643",11.640853422653,"Significant"
9.90936198971239e-17,0.621004813869542,0.913,0.642,2.34713148088328e-12,"ZNF526",11.6294625815464,"Significant"
1.00191193164171e-16,0.513098543054426,0.643,0.256,2.37312860128655e-12,"TUBD1",11.6246787264621,"Significant"
1.01757999735572e-16,-0.262832530844866,0.974,0.991,2.41023998173675e-12,"RPS15A",11.6179397136263,"Significant"
1.05029332420638e-16,0.444271889870274,0.664,0.278,2.48772476771524e-12,"LOC440970",11.6041976699919,"Significant"
1.09879271368147e-16,0.617237677515241,0.714,0.324,2.60260042162592e-12,"KLF8",11.5845925041934,"Significant"
1.10070781799302e-16,0.708696982252682,0.739,0.33,2.60713653769828e-12,"PATE4",11.5838362239079,"Significant"
1.24826662167214e-16,0.786607622110504,0.749,0.398,2.95664432009262e-12,"DSG2",11.5292009173109,"Significant"
1.36200505965412e-16,0.800125243032508,0.634,0.259,3.22604518429675e-12,"TMEM254-AS1",11.4913295541345,"Significant"
1.40402316204769e-16,0.675194015641768,0.603,0.228,3.32556926162616e-12,"LOC284578",11.4781340026851,"Significant"
1.4802946016715e-16,0.856519287228962,0.531,0.173,3.50622579351911e-12,"C14orf178",11.4551601196963,"Significant"
1.48753789030434e-16,0.76856478697587,0.657,0.269,3.52338224697487e-12,"SHANK2-AS1",11.4530402382418,"Significant"
1.50890871480637e-16,0.550801096502613,0.803,0.392,3.57400118189036e-12,"AASS",11.446845308213,"Significant"
1.6004569307555e-16,-0.204800811005967,0.995,0.994,3.79084228618747e-12,"RPS14",11.4212642835407,"NS"
1.87794592335614e-16,1.53197855743227,0.35,0.08,4.44810271406135e-12,"LOC285762",11.3518251927311,"Significant"
1.90010671990852e-16,0.425835108714933,0.622,0.235,4.50059277677532e-12,"MAK",11.346730281174,"Significant"
1.93464293358886e-16,0.600406405986381,0.674,0.287,4.58239525249857e-12,"COL6A4P2",11.3389074536504,"Significant"
2.17774407499929e-16,0.5790907087293,0.615,0.244,5.15820461604332e-12,"ZNF749",11.2875014342307,"Significant"
2.44956788400876e-16,-0.209730808502263,0.981,0.991,5.80204649006314e-12,"RPS6",11.2364187956476,"NS"
2.59745649685493e-16,0.72505025373366,0.643,0.253,6.15233545845059e-12,"ADAMTSL2",11.2109599924878,"Significant"
2.60815322508502e-16,-0.30978544663304,0.911,0.935,6.17767172893638e-12,"CST7",11.2091751730982,"Significant"
2.76888748889677e-16,0.615847437305942,0.723,0.315,6.55838690620089e-12,"GALNT15",11.1832029660943,"Significant"
3.41400103350243e-16,1.06901566434863,0.65,0.275,8.08640284795387e-12,"CCDC50",11.0922446268058,"Significant"
3.69410918417249e-16,0.577747910823303,0.674,0.275,8.74986701363097e-12,"DIXDC1",11.0579985476274,"Significant"
3.92108419924668e-16,0.292977629536426,0.58,0.207,9.28748003433569e-12,"PEX5L",11.0321021068504,"Significant"
4.34869143862512e-16,0.67076625145173,0.908,0.577,1.03003105415275e-11,"KIAA1456",10.98714968166,"Significant"
4.37574517701573e-16,1.42935240296036,0.296,0.049,1.03643900262795e-11,"ZNF625",10.9844562522789,"Significant"
4.49587099506629e-16,0.687161142135269,0.432,0.123,1.0648920038914e-11,"CD1D",10.972694434002,"Significant"
4.5308070250761e-16,0.541220197366582,0.585,0.222,1.07316695195953e-11,"FAM101B",10.9693327098378,"Significant"
4.69276588188121e-16,-0.313067243305224,0.918,0.944,1.11152852678238e-11,"RPL27",10.9540793868874,"Significant"
5.05770173695308e-16,0.796039646458789,0.474,0.151,1.19796723341471e-11,"SERPINB6",10.9215550605292,"Significant"
5.30249402444979e-16,0.588837318551151,0.561,0.213,1.25594873463118e-11,"TMEM180",10.9010280872877,"Significant"
5.6478292852905e-16,0.804926846433097,0.575,0.219,1.33774484451391e-11,"HILPDA",10.8736267140622,"Significant"
6.03581035200426e-16,0.327842351479984,0.758,0.352,1.42964203997573e-11,"JAKMIP2",10.8447726894748,"Significant"
6.4095724900225e-16,-0.302754178766556,0.92,0.963,1.51817133998673e-11,"RPS28",10.8186792114369,"Significant"
6.52773800065382e-16,0.594331310084329,0.603,0.228,1.54616002283486e-11,"PEX11A",10.8107455599405,"Significant"
6.76953547732929e-16,0.387513796068832,0.589,0.231,1.60343217316022e-11,"STEAP4",10.7949494064529,"Significant"
6.77363849679513e-16,0.689517467400798,0.824,0.451,1.6044040143509e-11,"PHYHD1",10.7946862600485,"Significant"
7.46180346300338e-16,0.521244191163623,0.683,0.306,1.76740276824698e-11,"CIITA",10.7526644691154,"Significant"
7.59198635990235e-16,0.595141279038418,0.526,0.179,1.79823788920647e-11,"LOC154092",10.7451528559089,"Significant"
7.67985409439883e-16,0.607280332977405,0.897,0.537,1.81905024079931e-11,"GRM6",10.740155305884,"Significant"
7.96142954880196e-16,0.564079580214258,0.423,0.117,1.88574420292923e-11,"APOF",10.7245172186987,"Significant"
8.13710628406619e-16,0.71119804909503,0.62,0.247,1.92735499444392e-11,"SIRT3",10.7150382864193,"Significant"
8.24947815802727e-16,-0.249919101636008,0.977,0.978,1.95397139651034e-11,"RPL17",10.7090817980526,"NS"
8.50542845149504e-16,0.352233837121849,0.62,0.241,2.01459578302112e-11,"FDXACB1",10.6958120794552,"Significant"
8.95107070643439e-16,1.20242770920818,0.258,0.034,2.12015060752605e-11,"KIF9-AS1",10.6736332873287,"Significant"
9.65300416747525e-16,0.508527516844936,0.493,0.17,2.28641056710819e-11,"RNF144A",10.6408457813688,"Significant"
1.02702883035648e-15,0.410918261181963,0.791,0.401,2.43262048758236e-11,"MICAL3",10.6139256399409,"Significant"
1.03571535425598e-15,0.524719304526196,0.432,0.12,2.45319538809072e-11,"NUDT16P1",10.61026786044,"Significant"
1.04570029540237e-15,0.826762166631469,0.467,0.154,2.47684571969007e-11,"TEX101",10.6061010443524,"Significant"
1.07102601854687e-15,-0.353726602826943,0.862,0.923,2.53683222753011e-11,"RPS5",10.595708253735,"Significant"
1.10099239210785e-15,0.457613300133396,0.568,0.213,2.60781057994666e-11,"C7",10.5837239570626,"Significant"
1.10366616015903e-15,0.419765729044077,0.514,0.182,2.61414366695268e-11,"PCDHB16",10.5826705483353,"Significant"
1.17813055024392e-15,0.612706768891372,0.599,0.241,2.79052002130775e-11,"ATP1A2",10.554314857178,"Significant"
1.24080808748005e-15,0.785084884215491,0.495,0.17,2.93897803600525e-11,"RHBG",10.5318036595474,"Significant"
1.50576631768918e-15,0.576803578587268,0.653,0.275,3.56655810007859e-11,"LOC100287225",10.4477506968254,"Significant"
1.59135774825815e-15,0.52690945589,0.516,0.182,3.76928996252426e-11,"CCP110",10.4237404520223,"Significant"
1.59672602891567e-15,-0.271757881857043,0.967,0.966,3.78200527208965e-11,"RPS29",10.422277870087,"Significant"
1.62281354965958e-15,-0.214088142614206,0.962,0.966,3.84379617372369e-11,"IL32",10.4152396498729,"NS"
1.65948624546504e-15,0.48670542670193,0.563,0.213,3.93065912100849e-11,"WWTR1",10.4055346179159,"Significant"
1.75284322868553e-15,0.344866031551681,0.432,0.13,4.15178447146455e-11,"PLAC4",10.3817651997846,"Significant"
1.75535443731781e-15,-0.216739411655539,0.995,0.991,4.15773252023097e-11,"RPL23A",10.3811434536107,"NS"
1.76088028313635e-15,-0.291454117555252,0.932,0.954,4.17082103863676e-11,"RPS16",10.3797784444385,"Significant"
1.80884391752646e-15,0.302630250757237,0.624,0.253,4.28442770305318e-11,"NFAM1",10.3681071812099,"Significant"
1.84295698003696e-15,0.500883730728023,0.768,0.355,4.36522790291554e-11,"EPHA1-AS1",10.3599930774121,"Significant"
1.86897735036357e-15,1.2345674950978,0.559,0.213,4.42685975207114e-11,"CUBN",10.3539042367441,"Significant"
2.05609095703924e-15,0.847550361199238,0.392,0.108,4.87005704084314e-11,"KRT42P",10.3124659520547,"Significant"
2.08142105306491e-15,0.241431127272392,0.655,0.284,4.93005390628955e-11,"LPGAT1",10.3071483320258,"NS"
2.17771555047366e-15,0.672237940418293,0.815,0.485,5.1581370528519e-11,"BMP7",10.2875071227435,"Significant"
2.17890601356272e-15,0.501320043287185,0.406,0.114,5.16095678372466e-11,"GTSE1",10.2872697775641,"Significant"
2.25337997191944e-15,0.528858755598208,0.754,0.343,5.33735580148838e-11,"TMC7",10.2726738450749,"Significant"
2.40585490115177e-15,0.565464670455191,0.493,0.167,5.69850791886809e-11,"LINC00696",10.2442388438767,"Significant"
2.47552039870424e-15,0.479161870874372,0.589,0.231,5.86351761637087e-11,"FBXW8",10.2318417657144,"Significant"
2.6546235941887e-15,0.814869585472003,0.702,0.352,6.28774144519534e-11,"SPDYE1",10.2015053249893,"Significant"
2.75008277558115e-15,0.77665958077542,0.516,0.185,6.5138460622415e-11,"HHLA2",10.186162509067,"Significant"
2.76668056676689e-15,0.644946293794899,0.772,0.355,6.55315959044406e-11,"GNAL",10.1835492554522,"Significant"
2.92869767843759e-15,0.630264537337869,0.451,0.139,6.93691332114729e-11,"GDNF",10.1588337321089,"Significant"
3.12115718236623e-15,0.740535951929507,0.439,0.139,7.39277290215264e-11,"SLC9A7P1",10.1311926346461,"Significant"
3.41199611514877e-15,-0.268492767293603,0.993,0.988,8.08165399834138e-11,"RPS24",10.0924997470421,"Significant"
3.42399764768576e-15,-0.231676265858105,0.969,0.978,8.1100808283085e-11,"RPL30",10.0909748174148,"NS"
3.4646392292079e-15,1.28595438368252,0.397,0.114,8.20634447830182e-11,"CCSAP",10.0858502565763,"Significant"
3.49044973168474e-15,1.29109273198565,0.362,0.093,8.26747923446847e-11,"SDSL",10.0826268872358,"Significant"
3.62589824035252e-15,0.682229776977136,0.434,0.133,8.58830257209898e-11,"LAMA4",10.0660926634582,"Significant"
3.71044515793588e-15,0.572433751705488,0.5,0.17,8.78856040108692e-11,"HRH1",10.0560822581534,"Significant"
3.72286548635856e-15,0.542787875787367,0.629,0.256,8.81797919098889e-11,"LOC286467",10.0546309303735,"Significant"
3.96839371255387e-15,0.49412239654304,0.777,0.38,9.39953734755509e-11,"ISPD",10.0268935221821,"Significant"
4.00520837957024e-15,0.556958355951248,0.653,0.272,9.48673656785007e-11,"MPP7",10.0228831589447,"Significant"
4.42353690136091e-15,0.679940236866444,0.692,0.318,1.04775895045634e-10,"IMPAD1",9.97973862052781,"Significant"
4.43553591823986e-15,0.788815580633236,0.404,0.117,1.05060103759429e-10,"STAP2",9.97856217461491,"Significant"
4.53920311899247e-15,0.386831344838177,0.512,0.182,1.07515565076456e-10,"THUMPD3",9.96852865819042,"Significant"
4.56900173820499e-15,0.4269804492822,0.493,0.167,1.08221375171123e-10,"SSTR5-AS1",9.96568695177993,"Significant"
4.79047867349157e-15,0.981237435208785,0.401,0.12,1.13467277860321e-10,"GTF2IRD2",9.94512936396531,"Significant"
4.80987370433337e-15,0.598221935422466,0.634,0.259,1.1392666856084e-10,"TINAGL1",9.94337460205682,"Significant"
4.85557334304363e-15,-0.187714726521246,1,1,1.15009110203331e-10,"CCL5",9.93926775656527,"NS"
4.86459792124928e-15,0.732931359663489,0.373,0.096,1.15222866362711e-10,"GPR4",9.93846132516899,"Significant"
4.88449013787142e-15,0.592402394463609,0.751,0.364,1.15694033405622e-10,"TONSL",9.93668903798715,"Significant"
4.96794841453791e-15,0.331641047868409,0.46,0.148,1.17670826146745e-10,"CRISPLD2",9.92933119742829,"Significant"
5.47405837776103e-15,0.682750437905247,0.448,0.142,1.29658546735648e-10,"LOC100272217",9.88719885045042,"Significant"
5.60302629217323e-15,0.588810884246741,0.798,0.432,1.32713280756415e-10,"MIRLET7BHG",9.87708561465912,"Significant"
6.68334201754568e-15,-0.267106353512256,0.969,0.985,1.58301639027587e-10,"TPT1",9.80051458850497,"Significant"
6.80205874126804e-15,0.572130877075309,0.85,0.503,1.61113563345675e-10,"SLC7A14",9.79286789695986,"Significant"
6.84503116415645e-15,0.243946509209568,0.589,0.228,1.6213140815421e-10,"PIWIL3",9.7901328453195,"NS"
6.94986032747455e-15,-0.198076996477825,0.981,0.972,1.64614391716562e-10,"RPS18",9.78353219846846,"NS"
7.38475528647659e-15,0.591702866757605,0.638,0.256,1.74915313715485e-10,"C12orf77",9.75717216667345,"Significant"
7.54757523701859e-15,0.64854383231935,0.624,0.262,1.78771867064022e-10,"LOC100505676",9.74770082413161,"Significant"
7.63994183788951e-15,0.558146783130762,0.509,0.176,1.80959662372251e-10,"LOC644669",9.74241822270822,"Significant"
7.74020997766968e-15,0.675501355299851,0.667,0.296,1.83334613531084e-10,"NRIP2",9.73675553260245,"Significant"
8.11891871990161e-15,0.710694686578896,0.887,0.648,1.9230470879959e-10,"SLAMF7",9.71601008143682,"Significant"
8.59651305423862e-15,0.493187271503136,0.42,0.127,2.03617008202696e-10,"MGC34034",9.69118594804418,"Significant"
8.61223747258366e-15,0.546712937431902,0.718,0.324,2.03989456775617e-10,"C14orf105",9.69039227856674,"Significant"
8.72587502437449e-15,0.79080332569783,0.39,0.108,2.06681075827334e-10,"TM4SF20",9.68469928650774,"Significant"
9.59195572879441e-15,0.667372256174778,0.707,0.321,2.27195063392224e-10,"DNAJC16",9.64360110942584,"Significant"
1.09418835459405e-14,0.717636665829997,0.439,0.145,2.59169453669147e-10,"C9orf139",9.58641618677015,"Significant"
1.12377999830543e-14,0.305892528785708,0.606,0.247,2.66178530398625e-10,"NDST3",9.57482697705605,"Significant"
1.16051558025269e-14,0.699794040545136,0.852,0.549,2.74879720338652e-10,"NUAK2",9.56085729969781,"Significant"
1.20821781841584e-14,0.150373098443383,0.554,0.21,2.86178472469975e-10,"WNK3",9.54336303877728,"NS"
1.25001411153519e-14,-0.173234587757471,1,0.997,2.96078342458225e-10,"RPL10",9.52859335922631,"NS"
1.27413704280337e-14,0.657569571538439,0.782,0.475,3.01792099958407e-10,"SV2B",9.52029213298116,"Significant"
1.42132419340802e-14,0.396689531987676,0.58,0.219,3.36654848450623e-10,"FLJ33360",9.4728151265096,"Significant"
1.43542885095754e-14,1.1591165391786,0.336,0.083,3.39995677637803e-10,"SLC22A20",9.46852660410475,"Significant"
1.43743724440883e-14,0.529849998429394,0.556,0.21,3.40471385710676e-10,"FAIM",9.46791938169582,"Significant"
1.47108605221969e-14,-0.241549889252782,0.941,0.951,3.48441442328756e-10,"RPS13",9.45787019722254,"NS"
1.49085580431892e-14,0.627923906249259,0.756,0.377,3.53124105810979e-10,"MAGI2-AS3",9.45207263456562,"Significant"
1.57097354872472e-14,0.641368534890507,0.643,0.272,3.72100794750937e-10,"ICAM4",9.42933940239024,"Significant"
1.60038678170914e-14,0.249145753907236,0.535,0.191,3.79067613115626e-10,"XDH",9.42128331936153,"NS"
1.64255054633024e-14,0.576125583035348,0.556,0.219,3.8905452240378e-10,"FUT4",9.4099895320423,"Significant"
1.66098699972981e-14,0.579179904021847,0.523,0.194,3.93421380756003e-10,"LOC100506421",9.40514204174248,"Significant"
1.66894085998965e-14,0.442538721028837,0.462,0.154,3.95305332097149e-10,"DNM1P35",9.40306732761314,"Significant"
1.67960790920913e-14,0.600881762851648,0.507,0.182,3.97831929375275e-10,"LOC100128164",9.40030036400943,"Significant"
1.74267587685363e-14,0.280350417117132,0.596,0.231,4.1277020819155e-10,"KIAA1715",9.38429165557881,"Significant"
1.92995110847513e-14,0.400508312742831,0.549,0.204,4.5712821955342e-10,"MMRN2",9.33996196790769,"Significant"
1.98769223475531e-14,0.92118488581908,0.319,0.074,4.70804782724143e-10,"FCGR2B",9.32715913397611,"Significant"
2.22683634743995e-14,0.427288945952915,0.507,0.182,5.27448457254626e-10,"NOS3",9.27781997361054,"Significant"
2.26089824778141e-14,0.396111274011864,0.768,0.386,5.35516358969506e-10,"DOPEY2",9.27122725778886,"Significant"
2.36444155300705e-14,0.561930673168166,0.817,0.448,5.6004162624525e-10,"MRO",9.25177969196388,"Significant"
2.38099663165174e-14,0.549891054034491,0.746,0.37,5.6396286217303e-10,"ALG1L9P",9.24874949403858,"Significant"
2.41526177819392e-14,0.614008235777674,0.862,0.488,5.72078904783012e-10,"STRIP2",9.24254406640186,"Significant"
2.59947305489551e-14,0.52495016024794,0.676,0.29,6.1571118778255e-10,"LOC100506730",9.21062295498724,"Significant"
2.69314472040062e-14,0.600182404398164,0.702,0.34,6.37898258474091e-10,"WHAMMP2",9.1952485835152,"Significant"
2.73789143455338e-14,0.658472319010707,0.599,0.244,6.48496965188314e-10,"LOC550112",9.18809205197011,"Significant"
2.77405228266873e-14,0.600816307855492,0.833,0.475,6.57062023672915e-10,"CDH23",9.18239363307719,"Significant"
2.83782696210466e-14,0.63366940018032,0.636,0.265,6.72167694244111e-10,"LRRC19",9.17252236444713,"Significant"
2.92401800618913e-14,0.476439628738062,0.404,0.12,6.92582904945957e-10,"ALS2CL",9.1595282323639,"Significant"
2.93534084014696e-14,0.610836178672076,0.688,0.302,6.95264831397209e-10,"KIF11",9.15784973799021,"Significant"
2.9527071608872e-14,0.824730240396029,0.728,0.358,6.99378218127743e-10,"PARP11",9.15528789775488,"Significant"
3.05289711633004e-14,0.173044904019342,0.521,0.188,7.23109210973934e-10,"HK2",9.14079610638249,"NS"
3.12300432651752e-14,0.373057665695698,0.62,0.256,7.39714804778941e-10,"MMAB",9.13093568916688,"Significant"
3.66996581133317e-14,0.483222951844118,0.782,0.401,8.69268102072374e-10,"CDCP1",9.0608462565857,"Significant"
3.89978543052157e-14,-0.22747791874126,0.972,0.966,9.2370317707334e-10,"RPL31",9.03446756262046,"NS"
4.15332503207605e-14,-0.258475084817388,0.934,0.951,9.83756567097533e-10,"FAU",9.00711235547689,"Significant"
4.21341687897209e-14,0.474371030006249,0.641,0.275,9.9798992195333e-10,"SMIM5",9.00087384434605,"Significant"
4.51153000594899e-14,0.327932313611591,0.624,0.262,1.06860099720908e-09,"B4GALT5",8.97118442487312,"Significant"
4.54996658870741e-14,0.703773416174516,0.761,0.401,1.07770508620124e-09,"SCARF1",8.9675000674965,"Significant"
4.61611318427275e-14,0.632593928002487,0.779,0.423,1.09337256882684e-09,"STAC2",8.96123182614281,"Significant"
4.78389867095557e-14,0.550002940012731,0.857,0.494,1.13311423920254e-09,"ZSCAN2",8.94572630288664,"Significant"
4.79544838209245e-14,0.500821751105601,0.538,0.201,1.13584990378242e-09,"DZIP1",8.9446790544224,"Significant"
4.83109039429506e-14,0.402022795497761,0.54,0.204,1.14429207079273e-09,"LOC158435",8.94146311143092,"Significant"
4.89124955712578e-14,0.528245592292186,0.758,0.386,1.15854137010081e-09,"MYEF2",8.93608845347029,"Significant"
5.05589512651548e-14,-0.255347963676295,0.927,0.932,1.19753931966646e-09,"CD3D",8.92171021817742,"Significant"
5.16156973077197e-14,0.54209541351927,0.883,0.534,1.22256940643065e-09,"MOB1B",8.91272647619272,"Significant"
5.2660825779676e-14,0.143937569968081,0.601,0.241,1.24732431941741e-09,"FUT9",8.90402061001753,"NS"
5.3249695094272e-14,0.554624868245813,0.815,0.432,1.26127227800293e-09,"CDHR3",8.89919114969197,"Significant"
5.34804033205504e-14,1.11602036170292,0.362,0.102,1.26673683305056e-09,"ULBP1",8.89731360123757,"Significant"
5.4871153677539e-14,0.39289673407008,0.646,0.269,1.29967814600619e-09,"PNPLA3",8.88616418363135,"Significant"
5.54690457451704e-14,0.50579223527458,0.711,0.343,1.31383981752011e-09,"AQP4-AS1",8.88145758044419,"Significant"
5.63363084635148e-14,0.606995271683222,0.364,0.102,1.33438180226681e-09,"RBM26-AS1",8.87471988938994,"Significant"
5.63752127758979e-14,0.77267787995712,0.592,0.244,1.33530328980992e-09,"CCDC148",8.87442008101764,"Significant"
5.65780911144647e-14,0.556002566256227,0.531,0.207,1.34010866613721e-09,"DDX55",8.87285998432898,"Significant"
5.7395539034784e-14,0.599242733920785,0.446,0.145,1.35947073757789e-09,"LOC286359",8.86663013610533,"Significant"
5.86776230629528e-14,0.636902389034202,0.458,0.16,1.3898381798691e-09,"HEXA-AS1",8.85703576210633,"Significant"
5.88635721703557e-14,-0.281958533942546,0.913,0.957,1.39424257042704e-09,"RPL10A",8.85566166107785,"Significant"
6.14469760185974e-14,-0.297705651622473,0.958,0.954,1.4554330739765e-09,"RPS23",8.83700776018117,"Significant"
6.17002847223681e-14,0.855687316874718,0.425,0.136,1.46143294393401e-09,"RHOJ",8.83522110692135,"Significant"
6.21823479324727e-14,0.553354129996717,0.627,0.272,1.47285109312855e-09,"ZNF791",8.83184115858952,"Significant"
6.31930958644329e-14,0.583944622521599,0.631,0.281,1.49679166864496e-09,"FAM74A2",8.82483864284609,"Significant"
6.45716971366158e-14,0.341154153578066,0.575,0.225,1.52944521837788e-09,"ZNF252P-AS1",8.81546607394721,"Significant"
6.62353831319924e-14,0.593847726212651,0.563,0.235,1.56885128486437e-09,"SLC41A2",8.80441822226636,"Significant"
6.78072928556331e-14,0.547478681972637,0.671,0.302,1.60608353857853e-09,"EID2B",8.79423186914443,"Significant"
6.81017795580429e-14,0.564565900251678,0.749,0.358,1.6130587506118e-09,"LOC100288748",8.79234981450697,"Significant"
6.92585127232254e-14,0.576674958336736,0.685,0.318,1.64045713236232e-09,"CLEC4E",8.78503511390442,"Significant"
6.98938935376829e-14,1.34712681894602,0.249,0.04,1.65550676233356e-09,"PKP2",8.7810690409233,"Significant"
7.09519933189274e-14,0.481297832507611,0.563,0.219,1.68056891375211e-09,"TAF1L",8.77454367406113,"Significant"
7.3984749337525e-14,0.780619733291284,0.493,0.182,1.75240277280862e-09,"LOC283688",8.75636606831369,"Significant"
7.41797686895409e-14,-0.210407222864844,0.387,0.117,1.75702200118046e-09,"CNTNAP2",8.75522280029671,"NS"
7.42135655997714e-14,0.395617657132418,0.563,0.225,1.75782251479619e-09,"ZNF33B",8.75502497723488,"Significant"
7.53771177465066e-14,0.649960154217859,0.359,0.099,1.78538241094376e-09,"CCL28",8.74826874808109,"Significant"
7.77943181709127e-14,0.46878315126167,0.585,0.231,1.84263622019624e-09,"TMEM45B",8.73456039628153,"Significant"
7.96697936846619e-14,0.300657672983998,0.465,0.154,1.8870587332149e-09,"CLDN19",8.72421458255145,"Significant"
8.0025488297985e-14,0.64896242967273,0.805,0.432,1.89548371582607e-09,"WDR11-AS1",8.72227994226221,"Significant"
8.73446152244912e-14,0.529267768832047,0.554,0.216,2.0688445562073e-09,"ITGB8",8.68427213906723,"Significant"
8.94470973257306e-14,0.503570231290815,0.667,0.293,2.11864394725725e-09,"C2CD2",8.67394202334309,"Significant"
9.05250485835076e-14,1.60897756367523,0.387,0.142,2.14417630074896e-09,"PMEL",8.66873950848739,"Significant"
9.13251666567365e-14,0.532264682765046,0.723,0.349,2.16312789743146e-09,"METTL20",8.66491780163968,"Significant"
9.14883163671435e-14,0.732111994936465,0.373,0.111,2.16699226147216e-09,"MURC",8.66414263958278,"Significant"
9.15050339019142e-14,0.630108957459628,0.819,0.472,2.16738823300074e-09,"TRIOBP",8.66406328879641,"Significant"
9.25482280503314e-14,-0.271645705537968,0.937,0.972,2.19209732960015e-09,"RPL39",8.65914016698974,"Significant"
9.32653526860721e-14,0.377243387170939,0.648,0.275,2.2090831437223e-09,"FLJ12825",8.6557879381891,"Significant"
9.33066786237138e-14,0.496158551130021,0.739,0.361,2.21006198988129e-09,"BCDIN3D-AS1",8.6555955446471,"Significant"
9.42283349893323e-14,0.49196660310528,0.615,0.262,2.23189234255733e-09,"CNNM1",8.65132675783522,"Significant"
9.59796740050983e-14,0.536664228596007,0.815,0.466,2.27337455848476e-09,"KIAA1919",8.64332900453821,"Significant"
9.66709451469558e-14,0.448563817450246,0.664,0.278,2.2897480067508e-09,"GP6",8.64021231036729,"Significant"
1.02993402850229e-13,0.349216236542843,0.613,0.262,2.43950173991052e-09,"CDC6",8.61269886780248,"Significant"
1.10829677757427e-13,0.178102510964752,0.683,0.312,2.62511174736241e-09,"SOCS7",8.5808522045514,"NS"
1.14034362534254e-13,0.537150122912639,0.58,0.241,2.70101791098635e-09,"LOC728342",8.56847253591001,"Significant"
1.14900172746645e-13,-0.269597630477144,0.93,0.948,2.72152549167702e-09,"RPS7",8.56518759342745,"Significant"
1.1672718465148e-13,0.906856966014563,0.634,0.324,2.76480009565495e-09,"LOC100271836",8.55833626417573,"Significant"
1.18929897664958e-13,0.378345428230725,0.54,0.207,2.81697355609219e-09,"SHCBP1",8.55021722986802,"Significant"
1.21543132701367e-13,0.457820757927277,0.467,0.167,2.87887064116458e-09,"CNGB1",8.54077784922077,"Significant"
1.27438836820141e-13,0.387159074035727,0.545,0.216,3.01851628892187e-09,"MPPED2",8.52020647620614,"Significant"
1.34792708949749e-13,0.608378827025512,0.575,0.241,3.19270010418375e-09,"ZNF468",8.49584187357297,"Significant"
1.35564805287974e-13,0.753607134108654,0.425,0.142,3.21098797805095e-09,"C16orf89",8.49336132043035,"Significant"
1.37610578208393e-13,0.890164877597154,0.43,0.142,3.25944415544399e-09,"LOC285033",8.48685645539394,"Significant"
1.47159805430348e-13,0.618116349054605,0.857,0.531,3.48562715142321e-09,"FLJ30403",8.457719070106,"Significant"
1.54020352832767e-13,-0.398407805262384,0.789,0.861,3.64812607719691e-09,"CXCR4",8.43793016110986,"Significant"
1.5514386565951e-13,0.759519203038262,0.657,0.306,3.67473760201115e-09,"CHML",8.43477366666609,"Significant"
1.56004227929333e-13,0.549792508328638,0.697,0.327,3.69511614273418e-09,"KIAA1737",8.43237190656392,"Significant"
1.56164996617611e-13,0.631979780939548,0.815,0.466,3.69892410988473e-09,"ERVV-1",8.43192457892964,"Significant"
1.57560205339044e-13,0.703495232779497,0.465,0.167,3.7319710236606e-09,"SLC25A43",8.42806173692799,"Significant"
1.61813968753356e-13,0.610303657621198,0.824,0.478,3.83272566389199e-09,"ABCB5",8.41649226525432,"Significant"
1.68609946122309e-13,0.476394664684407,0.629,0.269,3.99369518385301e-09,"NOX4",8.39862508543988,"Significant"
1.69822079332275e-13,1.08605710622678,0.495,0.188,4.02240577106427e-09,"TRPM1",8.39551412089858,"Significant"
1.74846856182787e-13,0.593344501350591,0.756,0.389,4.1414226355455e-09,"LOC401052",8.38285044713121,"Significant"
1.77404427345082e-13,1.24562860545501,0.42,0.145,4.2020012660956e-09,"IFT81",8.37654382107375,"Significant"
1.77533153239762e-13,0.568636821583111,0.641,0.29,4.20505026763699e-09,"FLJ37453",8.37622880823066,"Significant"
1.87214120629926e-13,0.593232468400617,0.477,0.173,4.43435366124044e-09,"RPL34-AS1",8.35316967274609,"Significant"
1.88498396171293e-13,0.683385420155013,0.685,0.336,4.46477301171324e-09,"SAA2",8.35020061567045,"Significant"
1.89320433248679e-13,0.594703388077182,0.878,0.586,4.48424378192822e-09,"LINC00672",8.34831078540171,"Significant"
1.90498139851588e-13,0.31134546075925,0.479,0.173,4.51213894052471e-09,"C11orf44",8.34561753575917,"Significant"
1.93935092626211e-13,0.281640207397378,0.493,0.182,4.59354660394444e-09,"BMP3",8.33785187312061,"Significant"
2.05452179233641e-13,-0.236710709659628,0.934,0.929,4.86634031732801e-09,"RPSA",8.31279752286727,"NS"
2.07931650228777e-13,0.255487362264117,0.446,0.151,4.92506906731881e-09,"AURKA",8.30758767474097,"Significant"
2.08658966493956e-13,0.220119438386044,0.653,0.278,4.94229628037584e-09,"CHEK1",8.30607122310322,"NS"
2.22733884784754e-13,-0.260006956731425,0.951,0.975,5.27567479501169e-09,"RPS8",8.27772198323273,"Significant"
2.25166271105429e-13,0.671384084736317,0.739,0.373,5.33328829740319e-09,"ALS2CR8",8.27300493936471,"Significant"
2.25518545480077e-13,0.397338141991707,0.678,0.299,5.3416322682411e-09,"FBXL13",8.27232601323917,"Significant"
2.41053169257835e-13,0.0853989772872952,0.54,0.219,5.70958536704107e-09,"CR1",8.24339542929258,"NS"
2.71374506150735e-13,0.413127239384597,0.662,0.29,6.42777655268632e-09,"USP46",8.19193922892519,"Significant"
2.7843885876998e-13,0.448275475254513,0.643,0.284,6.59510280882574e-09,"MCC",8.18077842999515,"Significant"
2.78480625914967e-13,0.607931037480566,0.535,0.216,6.59609210542191e-09,"CDON",8.1807132886556,"Significant"
2.78757845023956e-13,-0.196816838427389,0.979,0.975,6.60265831723743e-09,"RPL11",8.18028117656886,"NS"
2.90617048827417e-13,1.1705074851102,0.34,0.093,6.8835554185262e-09,"BCYRN1",8.16218718679244,"Significant"
2.91247435756927e-13,-0.395784296161226,0.498,0.179,6.89848676333857e-09,"MIR17HG",8.16124616468398,"Significant"
2.97037083157523e-13,-0.195860614169088,0.988,0.994,7.03562035166909e-09,"RPL19",8.15269760349877,"NS"
3.04811839466284e-13,0.566764461793998,0.7,0.336,7.21977322959841e-09,"ENOSF1",8.14147644324487,"Significant"
3.27381945142582e-13,0.546060919805203,0.455,0.16,7.75436875264721e-09,"CASP14",8.11045355031978,"Significant"
3.36648722492595e-13,0.346314543629042,0.535,0.213,7.9738616409596e-09,"TMEM185B",8.09833130430055,"Significant"
3.40522557370388e-13,0.593207538412619,0.775,0.41,8.06561729387501e-09,"KIAA1614",8.0933623887134,"Significant"
3.43516980030513e-13,0.625819635386164,0.556,0.247,8.13654318900274e-09,"ITGAX",8.08956006597126,"Significant"
3.48856630395696e-13,0.405517917774779,0.46,0.16,8.26301814755246e-09,"LOC730091",8.08286129342857,"Significant"
3.59771752207257e-13,0.598317767781991,0.615,0.278,8.52155372278108e-09,"LOC100505549",8.06948121371789,"Significant"
3.62358750063863e-13,0.549693937284808,0.772,0.389,8.58282935401265e-09,"SWAP70",8.06636952214214,"Significant"
3.65366370973205e-13,0.441723416494583,0.739,0.377,8.65406786287133e-09,"CARD6",8.06277970350349,"Significant"
3.67311853455268e-13,0.59305578688641,0.714,0.34,8.70014856094147e-09,"OR11A1",8.06047333144503,"Significant"
3.69935782959695e-13,-0.128569346698622,1,1,8.76229895518333e-09,"B2M",8.05738193349389,"NS"
3.86195786569997e-13,1.15239607666538,0.263,0.052,9.14743340069694e-09,"PRAP1",8.03870074377796,"Significant"
3.90495097070109e-13,0.568157609612488,0.817,0.451,9.2492668692026e-09,"SLC28A2",8.03389268966941,"Significant"
3.93527054540615e-13,0.299436490853048,0.707,0.336,9.32108181384901e-09,"APOLD1",8.03053368007952,"Significant"
3.942665201001e-13,0.435070177677568,0.951,0.772,9.33859679509096e-09,"BRIP1",8.0297183753685,"Significant"
3.95621126886585e-13,0.538284396297396,0.425,0.142,9.37068201143566e-09,"LINC00488",8.0282287993978,"Significant"
4.03862468200715e-13,0.515605961140329,0.798,0.451,9.56588642180213e-09,"KIAA1751",8.01927477992208,"Significant"
4.04351939966963e-13,0.513533357207525,0.603,0.25,9.57748005005748e-09,"LINC00652",8.01874874398169,"Significant"
4.0929715065637e-13,0.57289966533524,0.495,0.194,9.69461231044678e-09,"NAV1",8.01346955376426,"Significant"
4.09517450790349e-13,1.56295705023589,0.305,0.077,9.6998303394202e-09,"LOC100506207",8.01323586195004,"Significant"
4.10327958460389e-13,0.473938046498167,0.711,0.34,9.71902802409278e-09,"LOC100379224",8.01237716561695,"Significant"
4.26277689297693e-13,0.680867531566317,0.723,0.364,1.00968133487051e-08,"TRIM5",7.99581567210283,"Significant"
4.32154520398318e-13,0.461845183689264,0.559,0.244,1.02360119701546e-08,"IQCH-AS1",7.98986921491371,"Significant"
4.35943107506984e-13,0.473535020805736,0.657,0.296,1.03257484444104e-08,"TRPM6",7.98607845942972,"Significant"
4.44592554521647e-13,0.227186174400101,0.638,0.256,1.05306192463997e-08,"OPRK1",7.97754608965147,"NS"
4.50669966246399e-13,0.356664754494808,0.523,0.198,1.06745688205122e-08,"ACVR2B-AS1",7.97164965847195,"Significant"
4.70565208674913e-13,0.328924896163325,0.582,0.241,1.1145807532674e-08,"RTN4IP1",7.95288846067147,"Significant"
4.74645526830894e-13,0.118398304309269,0.545,0.216,1.12424539485166e-08,"TMTC1",7.94913888271898,"NS"
4.83338265991662e-13,0.615642604618037,0.678,0.321,1.14483501682785e-08,"LIMS3L",7.94125709537116,"Significant"
5.11017923427077e-13,0.541907871411132,0.911,0.645,1.21039705342937e-08,"MAP1LC3C",7.91707214222291,"Significant"
5.14237803076963e-13,0.238280557055433,0.404,0.127,1.2180236603681e-08,"DNAJB7",7.91434427535873,"NS"
5.16960468432887e-13,0.602314436782567,0.824,0.466,1.22447256553014e-08,"STAU2-AS1",7.9120509408556,"Significant"
5.20776803409219e-13,0.436834077884212,0.627,0.278,1.23351193655508e-08,"SRSF12",7.90885664353548,"Significant"
5.23897600579601e-13,0.485736130798174,0.613,0.269,1.24090385673284e-08,"KLHL8",7.90626186564703,"Significant"
5.38923599118743e-13,0.556692898546227,0.859,0.537,1.27649443687265e-08,"EPHA10",7.89398107356696,"Significant"
5.40135748297007e-13,0.528559287178825,0.692,0.321,1.27936553341629e-08,"SLC44A4",7.89300535351586,"Significant"
5.42268947527681e-13,0.315415422818241,0.58,0.25,1.28441822911407e-08,"DCDC5",7.89129353933454,"Significant"
5.56845874396465e-13,0.278707717095134,0.746,0.377,1.31894513809547e-08,"FZD4",7.87977326868254,"Significant"
5.62113096137829e-13,0.496003361659953,0.761,0.37,1.33142107951206e-08,"CSAD",7.87568457143174,"Significant"
5.68012346279659e-13,0.234153146235371,0.444,0.151,1.345394043398e-08,"SUSD5",7.87115049944577,"NS"
5.72202313886008e-13,0.564355473183446,0.521,0.204,1.3553184006704e-08,"STIL",7.86795866537252,"Significant"
5.7449257599564e-13,0.600708784278163,0.559,0.225,1.36074311550327e-08,"ANKRD30BL",7.86622385425983,"Significant"
5.78136199610892e-13,0.413423667515221,0.692,0.306,1.36937340239836e-08,"MESTIT1",7.86347811177161,"Significant"
5.82248553198101e-13,0.425922515332234,0.683,0.312,1.37911392310502e-08,"GSDMC",7.86039985700595,"Significant"
6.11041446469213e-13,0.52211155066267,0.385,0.12,1.44731277010698e-08,"RNF144B",7.83943760595537,"Significant"
6.14013157454909e-13,0.25430414634115,0.646,0.284,1.4543515647477e-08,"ST6GAL2",7.83733059748368,"Significant"
6.2292180324341e-13,0.579588686458494,0.648,0.296,1.47545258316234e-08,"TMEM106A",7.83107474292569,"Significant"
6.59865373783251e-13,0.487898724765911,0.695,0.318,1.56295712434301e-08,"SOWAHC",7.80605293555512,"Significant"
6.65503738398972e-13,0.526138086153118,0.688,0.33,1.5763121547718e-08,"CNTLN",7.80235777563394,"Significant"
6.66822662057776e-13,0.589073695512598,0.742,0.37,1.57943615735005e-08,"FGFR2",7.80149792409308,"Significant"
6.74516059174881e-13,-0.2650911925234,0.941,0.954,1.59765873776162e-08,"RPL34",7.79651598105121,"Significant"
7.3338081709262e-13,0.531779491183127,0.561,0.225,1.73708580336558e-08,"TDGF1P3",7.76017872904406,"Significant"
7.4565532432569e-13,0.624186332900767,0.263,0.052,1.76615920119783e-08,"LOC643201",7.75297015178592,"Significant"
7.49025648065323e-13,0.303262414724638,0.575,0.244,1.77414215000752e-08,"KIAA1210",7.75101158603157,"Significant"
7.52903386509923e-13,0.481805148552406,0.596,0.247,1.7833269612874e-08,"HTR3B",7.7487690244831,"Significant"
7.63082814698158e-13,-0.161870745779161,0.998,0.991,1.80743795489406e-08,"HLA-H",7.74293660208855,"NS"
7.72327294418712e-13,0.452855503333386,0.596,0.256,1.82933442956016e-08,"TMEM169",7.73770689177036,"Significant"
8.12964582132471e-13,-0.167750398319114,0.998,0.994,1.92558790923897e-08,"RPS3",7.71543664965829,"NS"
8.25319523042607e-13,0.499239980063859,0.66,0.312,1.95485182227872e-08,"ZNF252P",7.70888615653185,"Significant"
8.30441864258231e-13,0.600356200971678,0.507,0.198,1.96698459968205e-08,"FAM83E",7.7061990403345,"Significant"
8.44110461102491e-13,0.378562570326709,0.54,0.213,1.99936003816736e-08,"PAQR5",7.69910899252026,"Significant"
8.50693628663841e-13,0.6501987310931,0.552,0.241,2.01495292885317e-08,"TCF7",7.69573509492143,"Significant"
8.65550372673686e-13,0.35982202002559,0.592,0.256,2.05014261271489e-08,"SFR1",7.68821592735358,"Significant"
8.6782083178814e-13,0.470227390477311,0.768,0.426,2.05552042217339e-08,"OTUD3",7.6870782040244,"Significant"
8.84910586915429e-13,0.494496358722585,0.444,0.154,2.09599921616788e-08,"KIAA1755",7.67860888409958,"Significant"
9.52221213259936e-13,0.78372008705607,0.469,0.176,2.25543116572748e-08,"CFL1P1",7.64677042274534,"Significant"
9.62001307616837e-13,0.202352253611498,0.739,0.367,2.27859629722124e-08,"MAPKBP1",7.64233261269572,"NS"
1.02264648109282e-12,0.459470566872738,0.399,0.13,2.42224045511644e-08,"LOC553103",7.61578274676408,"Significant"
1.04436393460224e-12,0.855743668120946,0.27,0.059,2.47368041549887e-08,"SLC30A8",7.60665640929486,"Significant"
1.06502005857542e-12,0.298269171712453,0.582,0.238,2.52260651074174e-08,"ENPP6",7.59815048770717,"Significant"
1.10871674392334e-12,0.44135393248858,0.615,0.269,2.62610647965683e-08,"ALDH8A1",7.58068766873021,"Significant"
1.16666259877713e-12,0.370870996998813,0.641,0.29,2.7633570314635e-08,"NR2C1",7.55856299970991,"Significant"
1.1694574345337e-12,0.576149806068572,0.843,0.497,2.76997687943652e-08,"LPCAT2",7.55752385590849,"Significant"
1.18951358930695e-12,0.159341436070385,0.69,0.321,2.81748188763245e-08,"SLC1A2",7.55013886716351,"NS"
1.20539279328983e-12,1.56372966892757,0.195,0.022,2.85509337018629e-08,"GYPE",7.54437968444314,"Significant"
1.21434578406082e-12,0.238259652698307,0.751,0.349,2.87629942412646e-08,"LAMP3",7.54116590567542,"NS"
1.21474097660869e-12,0.686510760653021,0.746,0.426,2.87723547719534e-08,"LGMN",7.54102459335416,"Significant"
1.23731705440978e-12,0.38828022445973,0.528,0.219,2.930709175075e-08,"FAM173B",7.53302727604355,"Significant"
1.24607576605248e-12,0.531844428544689,0.892,0.611,2.95145505947191e-08,"FLJ42102",7.52996382520645,"Significant"
1.27397944665365e-12,0.968543383396963,0.347,0.105,3.01754771734383e-08,"TTC23",7.52034585355364,"Significant"
1.27438037057654e-12,-0.185166378286855,0.977,0.981,3.01849734574759e-08,"CFL1",7.5202092016981,"NS"
1.28163811082636e-12,0.125800630553729,0.638,0.272,3.03568802930332e-08,"DCX",7.51774286193127,"NS"
1.34339597063643e-12,0.484217812136475,0.362,0.108,3.18196769604946e-08,"PRRG1",7.49730423370851,"Significant"
1.36296115657768e-12,0.882317175512928,0.376,0.12,3.2283097954699e-08,"SLC25A4",7.49102479612859,"Significant"
1.36617191314805e-12,0.401247896787949,0.692,0.315,3.23591479348247e-08,"EFR3B",7.490002922538,"Significant"
1.36995160604416e-12,0.632545334092036,0.585,0.25,3.24486737407619e-08,"CDT1",7.48880304921306,"Significant"
1.42321573947511e-12,0.614179490080454,0.582,0.259,3.37102880052075e-08,"HLCS",7.47223753705073,"Significant"
1.44719888716239e-12,0.546622606172545,0.638,0.287,3.42783528413283e-08,"NPFFR2",7.46498005515925,"Significant"
1.44943580462965e-12,0.1393383754024,0.627,0.269,3.43313364684579e-08,"SLC24A2",7.46430928979945,"NS"
1.46636996988653e-12,-0.180006640689564,0.993,0.994,3.47324391067324e-08,"RPL18A",7.45926471702327,"NS"
1.49956390139331e-12,0.605410869648512,0.451,0.164,3.5518670568402e-08,"HOMER3",7.44954329783747,"Significant"
1.52016515765497e-12,0.56132698974862,0.838,0.478,3.60066319242155e-08,"TLR10",7.44361750082083,"Significant"
1.5570647244968e-12,0.587199036532745,0.678,0.327,3.68806350644313e-08,"LIMS3",7.43320160923979,"Significant"
1.60150994204278e-12,0.460243065611951,0.671,0.318,3.79333644872252e-08,"C1orf140",7.42097863598334,"Significant"
1.6320993102418e-12,0.571757239826858,0.756,0.417,3.86579042623872e-08,"CYB561D1",7.41276169381371,"Significant"
1.64709452937119e-12,0.164894775917489,0.577,0.238,3.90130810226861e-08,"VGLL3",7.40878975032104,"NS"
1.64736188619416e-12,0.517119328877515,0.573,0.241,3.90194136363948e-08,"SYK",7.40871926124574,"Significant"
1.65665832452931e-12,0.482076472070476,0.697,0.318,3.92396090748013e-08,"KLK7",7.40627532793588,"Significant"
1.66440709874124e-12,0.654378468833666,0.338,0.099,3.9423146540785e-08,"IRF6",7.40424871565363,"Significant"
1.68036396947727e-12,0.39351836891676,0.7,0.315,3.98011009810386e-08,"RASSF8",7.40010491427364,"Significant"
1.70558502716877e-12,-0.14651496875205,0.592,0.25,4.03984869535195e-08,"JRK",7.39363490023698,"NS"
1.7230696616972e-12,0.171525988361267,0.676,0.315,4.08126280069599e-08,"SPTY2D1",7.38920543923374,"NS"
1.75099859926499e-12,0.311982758513393,0.549,0.219,4.14741528221906e-08,"ZIM3",7.38222247639234,"Significant"
1.79173212684251e-12,1.10405679980108,0.465,0.176,4.24389671563916e-08,"ZNF519",7.37223519413305,"Significant"
1.83163698593644e-12,0.466781458226932,0.754,0.398,4.33841536488905e-08,"ZNF2",7.36266887047683,"Significant"
1.84721945715573e-12,0.686551532194822,0.561,0.241,4.37532400621905e-08,"LOC401321",7.35898978060675,"Significant"
1.85480829960965e-12,0.698557507511949,0.369,0.114,4.39329893845541e-08,"RPS15AP10",7.35720924451421,"Significant"
1.86336981891523e-12,0.666570470798938,0.528,0.216,4.41357775308262e-08,"ZNF761",7.35520921813356,"Significant"
1.86714701117834e-12,0.497774451983334,0.681,0.321,4.42252441067702e-08,"C14orf132",7.35432976126887,"Significant"
1.922988344262e-12,0.807769387205909,0.336,0.096,4.55479019221898e-08,"LIX1",7.34153162318278,"Significant"
1.96106670314568e-12,0.570997978255216,0.702,0.355,4.64498259307086e-08,"RP2",7.33301590917248,"Significant"
1.97196629712858e-12,0.505698790689789,0.918,0.636,4.67079937137874e-08,"NXN",7.33060878691355,"Significant"
2.00088497880609e-12,-0.142633750798973,0.998,0.988,4.7392961608001e-08,"HLA-E",7.32428615119037,"NS"
2.01278223744492e-12,0.216768747030761,0.617,0.275,4.76747600761203e-08,"RIMKLA",7.32171148386936,"NS"
2.0469251375858e-12,0.273350821546188,0.69,0.315,4.84834688088573e-08,"EXOG",7.31440631560224,"Significant"
2.0525394315528e-12,0.729784183050091,0.448,0.164,4.86164489757597e-08,"LMLN",7.31321676590719,"Significant"
2.15671797420026e-12,0.335252503126418,0.54,0.219,5.10840219369073e-08,"FLJ31813",7.29171491727701,"Significant"
2.1690818993784e-12,1.18977955811354,0.244,0.046,5.13768738686767e-08,"LOC440704",7.28923232480473,"Significant"
2.17268209786516e-12,0.457825263763203,0.937,0.772,5.14621481700343e-08,"AXL",7.2885120891144,"Significant"
2.21127228324689e-12,1.24698959693706,0.289,0.074,5.23761953009858e-08,"KLHL23",7.28086605268056,"Significant"
2.21437208047392e-12,0.373303243522889,0.664,0.309,5.24496170981052e-08,"LRRC8B",7.28025767797161,"Significant"
2.26019363392397e-12,1.00338598981917,0.284,0.068,5.35349464131233e-08,"LOC100287036",7.2713626277042,"Significant"
2.27018042989556e-12,0.816384524805783,0.293,0.074,5.37714936625062e-08,"LOC100506874",7.26944789953972,"Significant"
2.28801549072228e-12,0.0510051667901503,0.641,0.293,5.41939349132479e-08,"DIEXF",7.26604931458885,"NS"
2.30733139223648e-12,0.393577020970976,0.688,0.318,5.46514513565133e-08,"BEND2",7.26239830017804,"Significant"
2.31561971994778e-12,0.224866745231914,0.716,0.355,5.48477686866832e-08,"NRXN3",7.26084103566943,"NS"
2.4578228517113e-12,0.445182735019838,0.805,0.451,5.82159920656338e-08,"KCNN3",7.23495769727741,"Significant"
2.47793849900919e-12,0.564752582723404,0.46,0.176,5.86924512875317e-08,"RRN3P3",7.23141775181856,"Significant"
2.62002808742785e-12,0.439989904251391,0.65,0.296,6.2057985278816e-08,"GFRAL",7.20720232795417,"Significant"
2.65831017819653e-12,0.716106446142545,0.369,0.117,6.29647348807631e-08,"ZNF573",7.20090262094015,"Significant"
2.67715227058941e-12,0.397511293617451,0.779,0.392,6.34110286811807e-08,"CTSL2",7.19783520144264,"Significant"
2.68602409991863e-12,0.598782493810785,0.737,0.389,6.36211668306728e-08,"NMUR1",7.19639837006871,"Significant"
2.71709240248392e-12,-0.323492686101905,0.852,0.895,6.43570506452342e-08,"RPL24",7.19140386696346,"Significant"
2.77166909772945e-12,0.555604794274068,0.711,0.364,6.56497542488199e-08,"UPK1B",7.18276689529546,"Significant"
2.83259149258463e-12,0.718939470968464,0.629,0.299,6.70927620933597e-08,"LOC150622",7.17332432860092,"Significant"
2.90601434099601e-12,0.754587168789539,0.303,0.077,6.88318556808315e-08,"LINC00114",7.16221052187324,"Significant"
3.04337718157042e-12,1.09607649316293,0.261,0.056,7.2085431922677e-08,"FAM92B",7.14215249498737,"Significant"
3.07176271410398e-12,0.327869200442218,0.575,0.244,7.27577716462669e-08,"LUZP2",7.13812061055069,"Significant"
3.11056351733504e-12,0.542388743601825,0.758,0.389,7.36768074715977e-08,"UBE2Q2P3",7.13266920104557,"Significant"
3.1236127785896e-12,0.170861215903087,0.622,0.262,7.39858922736732e-08,"NLRP3",7.1308510842123,"NS"
3.16304809749378e-12,0.486132472892501,0.847,0.562,7.49199572372376e-08,"PPP1R3B",7.12540247918304,"Significant"
3.21732153839739e-12,0.219236384344892,0.437,0.151,7.62054779584807e-08,"C4orf40",7.1180138086915,"NS"
3.31647256946137e-12,0.129972830774128,0.62,0.262,7.8553969280262e-08,"KIF14",7.10483186545581,"NS"
3.36654905561299e-12,0.54673686673831,0.845,0.515,7.97400809312494e-08,"YES1",7.09832332789137,"Significant"
3.39144229989863e-12,0.501150230176636,0.819,0.528,8.0329702315399e-08,"GTF2E1",7.09512384243556,"Significant"
3.43602884867686e-12,0.600412988361579,0.627,0.284,8.13857793097602e-08,"LOC554223",7.08945147357318,"Significant"
3.46067614860623e-12,0.385075539061307,0.441,0.157,8.19695752558871e-08,"CCRN4L",7.0863473153038,"Significant"
3.47339782159228e-12,0.56471935523471,0.322,0.09,8.22709008022347e-08,"ANXA2P2",7.08475374748172,"Significant"
3.50062581908318e-12,0.309058529154246,0.378,0.12,8.29158231508043e-08,"GIN1",7.0813625834263,"Significant"
3.5185840739554e-12,0.52235165823769,0.728,0.361,8.33411823757076e-08,"TNNI1",7.07914034242442,"Significant"
3.62771428736877e-12,0.418180108109819,0.697,0.346,8.59260406106166e-08,"LOC440243",7.06587519961888,"Significant"
3.65043665561706e-12,0.554655931371669,0.798,0.472,8.64642426249457e-08,"LOC100335030",7.06316345833051,"Significant"
3.66906143865359e-12,0.446343700753143,0.521,0.207,8.6905389235949e-08,"RTBDN",7.06095329095223,"Significant"
4.07381090602159e-12,-0.24536865843513,0.474,0.179,9.64922851200275e-08,"ROCK2",7.01550740856025,"NS"
4.16118950517918e-12,-0.044590670815472,0.347,0.102,9.8561934619674e-08,"ACVRL1",7.00629078056111,"NS"
4.22289548060705e-12,0.317305071907722,0.716,0.336,1.00023502353659e-07,"SFTPB",6.99989794256742,"Significant"
4.32577358332474e-12,0.654144419943747,0.439,0.157,1.0246027309463e-07,"ATP5L2",6.98944449090226,"Significant"
4.36487131768603e-12,0.165702877536753,0.636,0.281,1.03386342030711e-07,"IMPG2",6.98553683041498,"NS"
4.40110613899949e-12,0.537601945096553,0.826,0.515,1.04244600008342e-07,"SHROOM1",6.98194643273138,"Significant"
4.41149066266273e-12,0.681016747340791,0.343,0.102,1.04490567835829e-07,"FAM138A",6.98092291071781,"Significant"
4.52992870747399e-12,0.323362848082879,0.688,0.327,1.07295891365229e-07,"CALN1",6.96941690796483,"Significant"
4.67766791040633e-12,0.409948325806892,0.761,0.389,1.10795242125884e-07,"ZNF772",6.95547888909171,"Significant"
4.71499149656651e-12,0.286510650211614,0.528,0.21,1.11679288587674e-07,"CLMN",6.95202736122728,"Significant"
4.74969103253695e-12,0.595942644948594,0.824,0.568,1.1250118179667e-07,"MMS22L",6.94884291537416,"Significant"
4.87081706744852e-12,0.138896842505314,0.547,0.216,1.15370173059586e-07,"RD3",6.93790645591133,"NS"
4.90662198359881e-12,0.361023901428038,0.477,0.185,1.16218248303521e-07,"BEND3P3",6.93472567474002,"Significant"
4.98748210388489e-12,0.0663690369014838,0.685,0.318,1.18133501112617e-07,"TTC21B",6.92762692469682,"NS"
4.98954924382079e-12,-0.181770095386517,0.972,0.975,1.18182463389139e-07,"RPL9",6.92744696185034,"NS"
5.02316161689665e-12,0.0603463908069384,0.739,0.358,1.18978606057814e-07,"ATP8B2",6.92453112353465,"NS"
5.18193093794305e-12,0.291008211892684,0.585,0.244,1.22739216196119e-07,"TRIM16",6.91101665441682,"Significant"
5.24101487676971e-12,0.506205855643276,0.871,0.534,1.24138678371167e-07,"NOM1",6.90609288259461,"Significant"
5.27575860650116e-12,0.534281136677391,0.732,0.377,1.24961618353587e-07,"PTGR2",6.90322335896709,"Significant"
5.29049976531472e-12,0.469999021189241,0.502,0.201,1.25310777441244e-07,"ACACB",6.90201157559821,"Significant"
5.29694232322416e-12,0.183677112447576,0.359,0.114,1.25463375867887e-07,"ZNF556",6.90148303099388,"NS"
5.47911990274465e-12,0.178450794060208,0.561,0.231,1.2977843401641e-07,"TMEM184A",6.88679747060056,"NS"
5.56474861005443e-12,1.13633161340968,0.284,0.074,1.31806635577749e-07,"EMCN",6.88006272538495,"Significant"
5.60651620101697e-12,-0.170444775934718,0.998,0.997,1.32795942737288e-07,"RPL15",6.87681519359545,"NS"
5.62121371039042e-12,0.516205242054545,0.742,0.377,1.33144067944308e-07,"LINC00330",6.87567817820321,"Significant"
5.66339411249037e-12,0.423713231183105,0.561,0.244,1.34143152948447e-07,"TMPRSS3",6.87243149006321,"Significant"
5.67377839930166e-12,0.291111568077745,0.786,0.414,1.34389115165859e-07,"GPR12",6.87163590549975,"Significant"
5.78192861638354e-12,1.06355525960035,0.277,0.068,1.3695076120766e-07,"ALPP",6.86343554948254,"Significant"
5.80964688299401e-12,-0.217785669208284,0.61,0.269,1.37607296070596e-07,"DAPP1",6.86135853878077,"NS"
5.82995955476008e-12,0.674086565083688,0.371,0.123,1.38088422014047e-07,"LOC148709",6.8598427331969,"Significant"
5.86992657967352e-12,0.391173243898726,0.617,0.278,1.39035080966147e-07,"CCDC170",6.85687560587706,"Significant"
5.98642524583075e-12,1.11216822003815,0.286,0.074,1.41794468372747e-07,"LOC100287177",6.84834071133949,"Significant"
6.10000969654014e-12,0.202827986094546,0.81,0.463,1.4448482967225e-07,"PIK3C2A",6.84017774969287,"NS"
6.12362553225146e-12,1.17897927875958,0.343,0.108,1.45044194356908e-07,"AHCYL2",6.83849964989626,"Significant"
6.27423157763673e-12,0.438858109447597,0.908,0.691,1.48611449147903e-07,"DCUN1D2",6.82794773088354,"Significant"
6.43689334472933e-12,0.429333010035125,0.65,0.29,1.52464255763259e-07,"ZNF426",6.81683196185377,"Significant"
6.5917147548561e-12,0.412538402636628,0.66,0.306,1.56131355683522e-07,"LOC202781",6.80650986930892,"Significant"
6.6699525050361e-12,0.666212590713547,0.34,0.102,1.57984495034285e-07,"FAM138F",6.80138553362452,"Significant"
6.82992339259283e-12,0.531115884779142,0.857,0.522,1.61773565476954e-07,"GTF2H2C",6.79109244258414,"Significant"
6.85540570374459e-12,0.35523400296435,0.582,0.259,1.62377139498894e-07,"BRDT",6.78947511356977,"Significant"
7.0582444354673e-12,0.512515000059773,0.885,0.59,1.67181577698478e-07,"EXD1",6.77681158063319,"Significant"
7.16451326647452e-12,0.32103953469155,0.286,0.071,1.69698661229716e-07,"TLL2",6.77032158386288,"Significant"
7.26223289434125e-12,-0.383817375671101,0.782,0.83,1.72013248335367e-07,"ATP5E",6.76443810275893,"Significant"
7.2691102678454e-12,0.390684901576908,0.723,0.355,1.72176145804186e-07,"LOC100190940",6.76402701817404,"Significant"
7.27738272453148e-12,0.854219080727749,0.258,0.056,1.72372087213253e-07,"H3F3C",6.76353305957113,"Significant"
7.67213393254251e-12,0.456701167159724,0.671,0.321,1.81722164326202e-07,"C5orf28",6.74059209934294,"Significant"
7.89439854413828e-12,0.253358201956774,0.432,0.157,1.86986723916459e-07,"DRAM1",6.72818922733784,"Significant"
7.96249928856175e-12,0.188544516521946,0.728,0.358,1.88599758148874e-07,"PFAS",6.72445886851638,"NS"
8.1220601989972e-12,0.150661739459391,0.514,0.216,1.92379117873448e-07,"SEPT7P2",6.71584207099113,"NS"
8.33776337031554e-12,0.44358697246196,0.528,0.225,1.97488263189294e-07,"WIPF3",6.70445870957467,"Significant"
8.45544751483462e-12,0.734232079228325,0.411,0.148,2.00275729836373e-07,"C16orf55",6.69837167695093,"Significant"
8.51689416107035e-12,0.388588053322048,0.474,0.182,2.01731155099112e-07,"PTPN3",6.69522702472844,"Significant"
8.55777892970972e-12,0.475990508848267,0.507,0.21,2.02699551729104e-07,"TPT1-AS1",6.69314721174997,"Significant"
8.59359199231963e-12,0.71224062900775,0.329,0.099,2.03547819930083e-07,"LINC00839",6.69133354470883,"Significant"
8.73089736239885e-12,0.510216659621415,0.735,0.377,2.06800034925779e-07,"LOC100287015",6.68444939223152,"Significant"
8.85049627438953e-12,0.446333290452874,0.636,0.309,2.0963285475519e-07,"RFWD3",6.67854065145598,"Significant"
8.95044777986483e-12,0.504712982016928,0.864,0.577,2.12000306113878e-07,"SGSM1",6.6736635119794,"Significant"
9.2421581352565e-12,0.447876433433462,0.547,0.238,2.18909757591685e-07,"LOC100133612",6.65973487994061,"Significant"
9.27796584438305e-12,0.215720066061595,0.434,0.154,2.19757898990057e-07,"RHPN2",6.65805550566879,"NS"
9.64199084722984e-12,0.317222510275242,0.58,0.247,2.28380195207486e-07,"SLC47A1",6.64134156016801,"Significant"
9.64562761808655e-12,0.413325898174318,0.822,0.475,2.28466335761998e-07,"FASTKD2",6.64117778364613,"Significant"
9.70277172656054e-12,0.267917006833262,0.507,0.207,2.29819851115313e-07,"C1orf106",6.63861246103724,"Significant"
9.70388596931658e-12,0.646090435636099,0.617,0.309,2.29846243069232e-07,"FAM60A",6.63856259057643,"Significant"
9.76479228316269e-12,0.336653868074122,0.282,0.071,2.31288870018991e-07,"FLJ38109",6.63584526565409,"Significant"
9.90358319641561e-12,0.752545810796704,0.338,0.102,2.345762715903e-07,"FAM138C",6.6297159207737,"Significant"
9.90460453717236e-12,0.435253733226318,0.692,0.33,2.34600463067465e-07,"ADM2",6.629671134985,"Significant"
1.01645410576506e-11,2.54672292475998,0.197,0.031,2.40757319491513e-07,"TUBB4A",6.61842050060445,"Significant"
1.04583308130988e-11,0.56176189921508,0.413,0.151,2.47716023639057e-07,"GTF2IRD2B",6.60604589994244,"Significant"
1.09382572305267e-11,-0.151889978248818,0.408,0.145,2.59083560762256e-07,"CRIPAK",6.58656014277156,"NS"
1.10022944359762e-11,0.442890318012914,0.833,0.448,2.60600346010531e-07,"ALPK1",6.58402501199118,"Significant"
1.11128440109816e-11,0.178825002590103,0.58,0.244,2.63218823244111e-07,"NEDD4L",6.57968305678018,"NS"
1.11601153050157e-11,0.0649591533852218,0.669,0.302,2.64338491114603e-07,"GHR",6.57783959335127,"NS"
1.1216706823687e-11,0.343305469258693,0.343,0.102,2.6567891782585e-07,"LOC100292680",6.57564290639198,"Significant"
1.13985676880902e-11,0.474407884435186,0.354,0.111,2.69986474260104e-07,"PODNL1",6.56865799251264,"Significant"
1.16729899360981e-11,0.355296030380858,0.746,0.407,2.7648643962642e-07,"ADRBK2",6.55832616396086,"Significant"
1.17577564494606e-11,0.424885666382832,0.819,0.509,2.78494219261924e-07,"KDSR",6.5551838150996,"Significant"
1.1833378097907e-11,0.270033434370555,0.453,0.17,2.80285393627024e-07,"NAPEPLD",6.55239953382183,"Significant"
1.18450625635242e-11,0.201728504849334,0.54,0.219,2.80562151879634e-07,"GSTCD",6.55197091612475,"NS"
1.19355331877602e-11,0.377489419895474,0.592,0.259,2.82705039085289e-07,"PCA3",6.54866645034518,"Significant"
1.19702562563113e-11,0.548855194635629,0.782,0.398,2.83527489686988e-07,"OTUD6A",6.54740482728046,"Significant"
1.1986524584213e-11,1.56052012017791,0.289,0.083,2.8391282130167e-07,"ASAP1",6.54681499460047,"Significant"
1.21732129382602e-11,0.0608674390971973,0.599,0.265,2.8833472165563e-07,"TRPM8",6.54010305613602,"NS"
1.23973156126694e-11,0.503652480998895,0.768,0.404,2.93642817601689e-07,"GAREML",6.53218061737884,"Significant"
1.24105789434826e-11,0.505107582292082,0.451,0.179,2.93956972855329e-07,"C20orf166-AS1",6.53171623359813,"Significant"
1.25806371878651e-11,0.457015899714125,0.742,0.392,2.97984972431772e-07,"TMEM105",6.52580563711341,"Significant"
1.2739351167723e-11,0.397229213559722,0.655,0.312,3.01744271758686e-07,"ZDHHC15",6.52036096569526,"Significant"
1.33792412384768e-11,0.551325864882303,0.791,0.438,3.16900707974562e-07,"PRELID2",6.49907679056955,"Significant"
1.34264808364942e-11,0.562545885250627,0.697,0.352,3.18019625093202e-07,"RAD21-AS1",6.49754607873664,"Significant"
1.36528097637308e-11,0.176241597424156,0.373,0.12,3.23380452063727e-07,"SMG7-AS1",6.49028623618423,"NS"
1.39511992850163e-11,0.270664346388464,0.577,0.25,3.30448106264896e-07,"LILRA6",6.48089673264531,"Significant"
1.41272373661956e-11,0.19144067966088,0.596,0.259,3.3461774425571e-07,"BAG1",6.47545103280575,"NS"
1.45333458914501e-11,0.332017614960818,0.352,0.111,3.44236830784888e-07,"MELK",6.46314266523764,"Significant"
1.46808084757639e-11,0.364026389734295,0.646,0.299,3.47729629556944e-07,"KIAA0408",6.45875830211273,"Significant"
1.47430448104508e-11,0.429221411753826,0.697,0.349,3.49203759380338e-07,"ALDH3B1",6.45692108951015,"Significant"
1.47963487403626e-11,0.86874784596716,0.202,0.031,3.50466316264229e-07,"SLC13A1",6.45535371625236,"Significant"
1.51884122919894e-11,0.385788678539458,0.716,0.346,3.59752733548061e-07,"FGD5P1",6.44399589743214,"Significant"
1.5198174767426e-11,0.315966297408129,0.718,0.349,3.59983967541252e-07,"RHOBTB3",6.44371684079775,"Significant"
1.54513597424227e-11,0.559449563147803,0.829,0.478,3.65980906859025e-07,"CHP2",6.43654157105931,"Significant"
1.55096272077495e-11,0.476897514890568,0.692,0.346,3.67361030042754e-07,"SVOP",6.43490691589913,"Significant"
1.5581815985489e-11,0.495051976509335,0.932,0.67,3.69070893432291e-07,"KIF1B",6.43289020384305,"Significant"
1.58724294830697e-11,0.225569609415463,0.538,0.219,3.7595436473599e-07,"HEATR3",6.42486486875895,"NS"
1.61404890459022e-11,0.612804985970751,0.554,0.247,3.82303623541239e-07,"PRRT3",6.41759158564169,"Significant"
1.7269702636431e-11,0.192927724210554,0.676,0.318,4.09050176646504e-07,"GRWD1",6.3882234154545,"NS"
1.74020632588202e-11,0.131347399565271,0.643,0.284,4.12185270348415e-07,"SLC6A14",6.38490753201508,"NS"
1.76268763484506e-11,0.444025958091026,0.676,0.333,4.17510193189402e-07,"ZNF674-AS1",6.37933291708608,"Significant"
1.77917442493583e-11,0.480554285751998,0.718,0.377,4.21415254290301e-07,"LOC100506085",6.37528974795383,"Significant"
1.81293960629734e-11,0.425353491860093,0.763,0.417,4.29412875147588e-07,"LOC100129550",6.36712493819105,"Significant"
1.82346263334693e-11,0.345767792592744,0.634,0.29,4.31905359334553e-07,"ASB4",6.36461140693888,"Significant"
1.82906280228138e-11,0.82927159377001,0.439,0.173,4.33231815348368e-07,"KSR2",6.36327965748791,"Significant"
1.83985958339247e-11,0.50270550803361,0.901,0.627,4.3578914092234e-07,"RNF207",6.3607235957884,"Significant"
1.85256060918481e-11,0.674491783965724,0.3,0.083,4.38797505891513e-07,"MRGPRX3",6.35773584960378,"Significant"
1.86773950721636e-11,0.362554236094881,0.601,0.272,4.42392779679268e-07,"CXorf23",6.35419196979341,"Significant"
1.87210209863284e-11,0.120209584683689,0.585,0.259,4.43426103082174e-07,"LILRB1",6.3531787449363,"NS"
1.87763262303313e-11,0.12155113366981,0.716,0.349,4.44736063091627e-07,"ZNF839",6.3518976527263,"NS"
1.92077348296274e-11,0.406319517695752,0.697,0.34,4.54954407174556e-07,"LURAP1",6.34203212357284,"Significant"
1.93703873576845e-11,-0.032363080581508,0.671,0.321,4.58806994954114e-07,"C6orf170",6.33836996948303,"NS"
1.94773256824528e-11,0.269071168006817,0.477,0.191,4.61339936114577e-07,"PRPF4",6.33597894885267,"Significant"
1.96349442405205e-11,0.830791989769845,0.587,0.284,4.65073289280969e-07,"LOC220729",6.33247860276111,"Significant"
1.96769394854829e-11,0.437982159008103,0.779,0.426,4.66067988653148e-07,"PPEF2",6.33155072506295,"Significant"
1.99624189349942e-11,0.350439840916666,0.599,0.269,4.72829854894271e-07,"DCDC2",6.32529510952423,"Significant"
2.01096616390053e-11,0.719222004374546,0.296,0.08,4.7631744558148e-07,"LOC283585",6.32210351174682,"Significant"
2.03488997113929e-11,0.479551746276974,0.43,0.16,4.81984038564052e-07,"RAB12",6.31696734366641,"Significant"
2.03568697721553e-11,0.90005598369489,0.275,0.068,4.8217281742327e-07,"HNMT",6.31679727669567,"Significant"
2.11992602355996e-11,0.397619504835679,0.746,0.41,5.02125677940413e-07,"ZSWIM7",6.29918756890113,"Significant"
2.2211695833753e-11,1.79521110013187,0.249,0.062,5.26106227518273e-07,"DGKD",6.27892655742958,"Significant"
2.29726714518665e-11,0.449533507821745,0.547,0.225,5.44130696008909e-07,"APOC1P1",6.26429677357718,"Significant"
2.30250475511673e-11,0.45854997104476,0.655,0.306,5.45371276296948e-07,"C12orf43",6.26330773928444,"Significant"
2.3131332641122e-11,0.302763343888234,0.786,0.423,5.47888744937617e-07,"PART1",6.2613076210139,"Significant"
2.34435966821014e-11,0.516047966050421,0.495,0.201,5.55285031012253e-07,"FLJ35282",6.25548403377829,"Significant"
2.373208421332e-11,0.520764738786346,0.826,0.472,5.62118146676697e-07,"AIPL1",6.25017239429371,"Significant"
2.38212849158838e-11,0.732976891152901,0.254,0.059,5.64230954517625e-07,"DBIL5P2",6.24854309151028,"Significant"
2.39010149652738e-11,0.55062499625142,0.69,0.346,5.66119440467475e-07,"C17orf77",6.24709193124368,"Significant"
2.4057866680905e-11,0.268324853142909,0.599,0.262,5.69834630203915e-07,"IL23R",6.24425116118735,"Significant"
2.41524143177511e-11,0.450567282132249,0.695,0.336,5.72074085530253e-07,"LINC00092",6.24254772495959,"Significant"
2.44454323700914e-11,0.227163501616412,0.303,0.083,5.79014511117985e-07,"KCNRG",6.23731055195565,"NS"
2.45807147638581e-11,0.526529624350237,0.77,0.444,5.82218809896744e-07,"LOC253039",6.23491376780411,"Significant"
2.5044188972668e-11,0.485433941123447,0.873,0.58,5.93196660006615e-07,"ABI2",6.22680130293155,"Significant"
2.54445767595109e-11,0.315056398388636,0.641,0.296,6.02680245125774e-07,"KIAA0930",6.21991304376268,"Significant"
2.54866743144223e-11,0.546064820041292,0.744,0.398,6.03677367811408e-07,"LINC00629",6.2191951057746,"Significant"
2.5704229694053e-11,0.454222270021573,0.833,0.444,6.08830384533339e-07,"CYP2B7P1",6.21550368162204,"Significant"
2.5975889848374e-11,0.294790953869156,0.716,0.358,6.15264926948586e-07,"SYNPO2L",6.21093784107455,"Significant"
2.59970654683446e-11,-0.19623834938748,0.944,0.938,6.15766492683211e-07,"RPS9",6.21058394719428,"NS"
2.69840766639758e-11,0.243165750996388,0.707,0.336,6.3914483986293e-07,"KIAA1549",6.19440071300703,"NS"
2.70449593099938e-11,0.382899195807775,0.749,0.37,6.40586906216512e-07,"CA13",6.19342194268755,"Significant"
2.71348210807875e-11,0.538968163673169,0.866,0.546,6.42715372119533e-07,"AQP6",6.19198131274426,"Significant"
2.72089451775825e-11,0.569762107145634,0.3,0.083,6.44471075476219e-07,"PLEKHG6",6.19079656945559,"Significant"
2.73022753559994e-11,0.338981341993942,0.505,0.207,6.46681694082202e-07,"STL",6.18930943265364,"Significant"
2.74509220952112e-11,-0.0234043516906617,0.549,0.231,6.50202540747173e-07,"ENTPD7",6.18695133777696,"NS"
2.77321630752076e-11,0.252860953807238,0.495,0.194,6.56864014599367e-07,"CXCR2",6.1825245297124,"Significant"
2.7969461755635e-11,0.430925498741437,0.725,0.386,6.62484671143971e-07,"LRRC25",6.17882416616792,"Significant"
2.83834747337149e-11,0.38876784157969,0.512,0.207,6.7229098254277e-07,"LOC100287042",6.1724427139099,"Significant"
2.85004748272832e-11,0.303025958193881,0.664,0.318,6.7506224675903e-07,"KIAA1841",6.17065617949851,"Significant"
2.85569773687533e-11,0.5063276031056,0.345,0.114,6.76400565956292e-07,"TIMELESS",6.16979603769229,"Significant"
2.90921267827927e-11,0.525137161316084,0.556,0.241,6.89076114977227e-07,"UMPS",6.1617328035077,"Significant"
2.96140210022986e-11,0.227472813856469,0.448,0.17,7.01437701460445e-07,"IL1R1",6.154010895004,"NS"
2.96882029583345e-11,0.419258067318495,0.894,0.62,7.03194775271112e-07,"EIF5A2",6.15292436472518,"Significant"
3.00831625803151e-11,-0.126302788948749,0.383,0.13,7.12549788877343e-07,"DSC1",6.14718478426089,"NS"
3.12520556266748e-11,0.628576369033501,0.826,0.497,7.40236189573418e-07,"CD24",6.13062968640135,"Significant"
3.23255675745584e-11,-0.0281431191762289,0.34,0.102,7.65663393570991e-07,"CATSPER2P1",6.11596211606416,"NS"
3.2579377133307e-11,-0.178796776827162,0.96,0.975,7.71675126779511e-07,"RPL7",6.112565498035,"NS"
3.30868437274367e-11,0.859550304625785,0.329,0.105,7.83694980528066e-07,"TMEM198B",6.105852934827,"Significant"
3.31399324363323e-11,0.329926166247667,0.477,0.182,7.84952439686966e-07,"DIRC1",6.105156656385,"Significant"
3.35014686496516e-11,-0.513008519190301,0.669,0.762,7.93515786435648e-07,"PSMB8",6.10044442884147,"Significant"
3.37669493818563e-11,0.252776689352179,0.453,0.176,7.99803963058647e-07,"NUMBL",6.09701644825171,"Significant"
3.38644722202739e-11,0.197683333774131,0.446,0.173,8.02113889009408e-07,"LOC100130691",6.09576396356527,"NS"
3.46503601262071e-11,0.0722364488339124,0.498,0.207,8.20728429949342e-07,"KANK4",6.0858005223995,"NS"
3.52545614387765e-11,0.34963205076199,0.538,0.222,8.3503954223886e-07,"HYLS1",6.07829295856486,"Significant"
3.5481582887996e-11,0.316207947483921,0.451,0.173,8.40416772285072e-07,"FAM83H",6.07550528891938,"Significant"
3.61282104395003e-11,0.232722206932001,0.674,0.302,8.55732792470004e-07,"LOC100505702",6.06766182512664,"NS"
3.67652051433876e-11,0.64647282896448,0.782,0.485,8.70820649026279e-07,"PDE7B",6.06007128145473,"Significant"
3.8060879322067e-11,0.40997687152127,0.655,0.321,9.0150998762248e-07,"AKR1D1",6.04502945746592,"Significant"
3.81270950343981e-11,0.339837923476723,0.533,0.231,9.03078372984753e-07,"LOC646762",6.04427455812744,"Significant"
3.87396262677096e-11,0.282049681779912,0.674,0.324,9.1758678777697e-07,"G6PC",6.03735284841636,"Significant"
3.88348005065884e-11,0.311429209627283,0.383,0.13,9.19841084799054e-07,"ERC2-IT1",6.03628719651993,"Significant"
3.88870331748678e-11,0.323554319573134,0.704,0.358,9.2107826777992e-07,"NPHP3",6.03570346446037,"Significant"
3.97434290985978e-11,0.7393254712129,0.265,0.068,9.41362861629388e-07,"LOC157381",6.02624293934956,"Significant"
3.99569437927302e-11,0.207706456867314,0.484,0.194,9.46420170674606e-07,"SPAG6",6.02391601233688,"NS"
4.0017968821999e-11,0.417351952090124,0.941,0.778,9.47865609517868e-07,"PPIL6",6.02325323352921,"Significant"
4.16068725889456e-11,0.380358257335562,0.521,0.213,9.85500384141765e-07,"FAM86B3P",6.00634320209929,"Significant"
4.21516045121853e-11,0.379453132182184,0.577,0.253,9.98402904475621e-07,"ZNF514",6.00069416424428,"Significant"
4.23394390735924e-11,1.81742214262481,0.207,0.037,1.00285195389711e-06,"NCR3LG1",5.99876317500664,"Significant"
4.26853404406074e-11,-0.348230897943818,0.822,0.877,1.01104497367623e-06,"RPL38",5.99522952553165,"Significant"
4.30920420218861e-11,0.445178602400921,0.765,0.38,1.02067810733039e-06,"C18orf61",5.99111120037315,"Significant"
4.33214758123271e-11,0.132581150095901,0.61,0.287,1.02611247609078e-06,"CDH6",5.98880503194518,"NS"
4.33435291541778e-11,0.332106362609163,0.977,0.843,1.02663483154586e-06,"KIN",5.98858400513317,"Significant"
4.34637845287803e-11,-0.149947239947456,0.991,0.997,1.02948320034869e-06,"RPS3A",5.98738073603516,"NS"
4.43718496168701e-11,0.504652300047463,0.352,0.12,1.05099163002518e-06,"SRRM4",5.97840074262861,"Significant"
4.53998500803672e-11,0.488665514494308,0.39,0.136,1.07534084900358e-06,"MLLT4-AS1",5.96845385632632,"Significant"
4.54742904301012e-11,0.622839817444933,0.498,0.219,1.07710404312738e-06,"TXLNG2P",5.96774234389451,"Significant"
4.5936756774805e-11,0.139586204227695,0.638,0.299,1.08805802096803e-06,"RAD54B",5.9633479451577,"NS"
4.659808487869e-11,0.29090240121772,0.613,0.278,1.10372223843665e-06,"MYO6",5.95714020694362,"Significant"
4.67673506791107e-11,0.615215038933774,0.256,0.062,1.10773146818542e-06,"FAM138D",5.95556550677334,"Significant"
4.72526669100092e-11,0.269655412900261,0.61,0.287,1.11922666843048e-06,"PVR",5.95108195021904,"Significant"
4.94163658556474e-11,0.720885990114597,0.296,0.086,1.17047604165686e-06,"LOC339975",5.93163747140154,"Significant"
5.04502577712126e-11,0.493546213440969,0.85,0.522,1.19496480556894e-06,"MOCS3",5.92264488548763,"Significant"
5.0633465514517e-11,0.495462710180493,0.697,0.37,1.19930426417685e-06,"SPDYE2L",5.9210706221642,"Significant"
5.0633465514517e-11,0.495462710180493,0.697,0.37,1.19930426417685e-06,"SPDYE2",5.9210706221642,"Significant"
5.17405882052829e-11,-0.215594769409872,0.969,0.966,1.22552757223033e-06,"RPL32",5.91167691343452,"NS"
5.20595590739591e-11,-0.0497516077776088,0.401,0.145,1.2330827162258e-06,"SAV1",5.90900778958795,"NS"
5.24745892256304e-11,-0.22505366849802,0.904,0.895,1.24291312039828e-06,"MYL6",5.90555922747283,"NS"
5.2846064627513e-11,0.259447582649572,0.509,0.219,1.25171188676727e-06,"CDK19",5.90249562351097,"Significant"
5.3895886065637e-11,0.305122778463244,0.664,0.318,1.27657795735068e-06,"C6orf132",5.89395265879672,"Significant"
5.42723844443187e-11,0.377859772177911,0.695,0.352,1.28549569794813e-06,"FAM84B",5.89092937243264,"Significant"
5.45077834426913e-11,0.555783621252765,0.906,0.651,1.29107135862359e-06,"ESYT2",5.88904975324094,"Significant"
5.47908958858048e-11,0.146732949063176,0.477,0.185,1.29777715995117e-06,"MCOLN3",5.8867998734154,"NS"
5.50260796404331e-11,0.655110299120548,0.549,0.259,1.3033477223633e-06,"ZNF611",5.88493970266255,"Significant"
5.63262862904907e-11,0.221968396987696,0.756,0.404,1.33414441707656e-06,"KATNAL1",5.87479715681773,"NS"
5.77673923521377e-11,0.516240975761022,0.387,0.139,1.36827845525273e-06,"LINC00685",5.86382551133401,"Significant"
5.85924514928733e-11,0.451673428072448,0.829,0.5,1.3878208060602e-06,"PURB",5.85766660590079,"Significant"
6.00536128464021e-11,-0.0358146075874675,0.655,0.309,1.42242987387988e-06,"SLX4",5.84696913522303,"NS"
6.06657523196711e-11,0.0509043657557857,0.514,0.213,1.43692900944373e-06,"MTL5",5.84256468737616,"NS"
6.33451741215229e-11,0.407941537895878,0.7,0.355,1.50039379424239e-06,"ZNF841",5.82379474079688,"Significant"
6.38030030029996e-11,0.551937686480299,0.371,0.133,1.51123792912905e-06,"PPP1R3E",5.82066715500368,"Significant"
6.38759378041265e-11,0.407266119929636,0.573,0.253,1.51296546282854e-06,"KIAA1161",5.82017098570727,"Significant"
6.51564358689928e-11,0.538439220934122,0.721,0.386,1.54329533999296e-06,"LOC100506834",5.81155095517115,"Significant"
6.57256422427899e-11,0.0789476323844576,0.399,0.142,1.55677756216272e-06,"CYB561",5.80777343651762,"NS"
6.57528568859761e-11,0.484170399262751,0.749,0.389,1.55742216820123e-06,"EPGN",5.80759364788891,"Significant"
6.66210418460238e-11,0.360107643299356,0.364,0.127,1.57798599716492e-06,"TEX11",5.8018968549802,"Significant"
6.7045904125377e-11,0.526744569336365,0.615,0.29,1.58804928511368e-06,"DYDC1",5.7991360233694,"Significant"
6.73134996406833e-11,1.08367791372881,0.268,0.071,1.59438755248922e-06,"GOLGA6L6",5.79740610486599,"Significant"
6.93672312766171e-11,0.264238786711926,0.446,0.176,1.64303224001795e-06,"FTLP10",5.78435391463888,"Significant"
7.03752700218152e-11,0.183167327586826,0.347,0.114,1.66690864573671e-06,"GP5",5.77808820085562,"NS"
7.11422872294682e-11,0.22493794298423,0.646,0.302,1.68507621531718e-06,"MEG3",5.77338045138426,"NS"
7.2136261962705e-11,0.192818107714898,0.563,0.244,1.70861950084863e-06,"AUNIP",5.76735464124672,"NS"
7.61087049473198e-11,0.731510427133761,0.404,0.151,1.80271078538222e-06,"LOC150935",5.7440739429324,"Significant"
7.70261583646636e-11,0.449255794963276,0.556,0.244,1.82444158702542e-06,"LOC144742",5.7388700368423,"Significant"
8.04478215857199e-11,1.30692169991718,0.192,0.031,1.90548710207936e-06,"M1AP",5.71999398654792,"Significant"
8.31818137744745e-11,0.39917209771292,0.481,0.194,1.9702444410622e-06,"SIGLEC16",5.70547988915882,"Significant"
8.39315205802396e-11,0.393912654849631,0.453,0.185,1.98800199646356e-06,"MOK",5.70158318379551,"Significant"
8.54042995280565e-11,-0.171301421415257,0.979,0.969,2.02288623862155e-06,"RPLP2",5.69402854003103,"NS"
8.7546539762863e-11,0.55904178567436,0.401,0.151,2.07362734082317e-06,"CHIAP2",5.68326928958923,"Significant"
8.79010663107906e-11,0.680021754715888,0.465,0.207,2.08202465663739e-06,"CNOT10",5.68151413160831,"Significant"
8.79432131855649e-11,-0.180019354017986,0.972,0.975,2.08302294751329e-06,"RPS4X",5.68130594564347,"NS"
8.80900768852001e-11,0.502110676595537,0.8,0.469,2.08650156110285e-06,"LOC646719",5.68058128601669,"Significant"
8.84602563640562e-11,0.269238827903141,0.669,0.327,2.09526963223904e-06,"S1PR3",5.67876008140476,"Significant"
8.96767323851991e-11,0.437717220674271,0.873,0.549,2.12408308327583e-06,"CROCCP3",5.67282849987751,"Significant"
8.99591717945864e-11,0.977105221016753,0.359,0.13,2.13077294312657e-06,"MRPL45P2",5.67146282658846,"Significant"
9.02622592635685e-11,0.367659885006126,0.434,0.17,2.13795187291688e-06,"IL18",5.67000207534889,"Significant"
9.03991658678945e-11,0.252121389257858,0.359,0.12,2.14119464274695e-06,"LOC100505687",5.66934385188881,"Significant"
9.22235623121234e-11,0.282766729611001,0.528,0.235,2.18440729692495e-06,"GXYLT1",5.66066638139077,"Significant"
9.24562830816571e-11,0.452418416499768,0.638,0.306,2.18991952107213e-06,"GAMT",5.65957184506696,"Significant"
9.35286685015789e-11,0.278659663073296,0.73,0.389,2.2153200421284e-06,"TMC5",5.65456352339581,"Significant"
9.3859279590303e-11,0.210201308834923,0.291,0.086,2.22315089637592e-06,"AJUBA",5.65303105856088,"NS"
9.43075553211274e-11,0.27144850892582,0.352,0.12,2.23376875533622e-06,"TIRAP",5.65096178801519,"Significant"
9.73438003860933e-11,0.220539513637154,0.784,0.444,2.30568525594501e-06,"MACC1",5.63719997758582,"NS"
9.82423927134851e-11,0.492507435358027,0.742,0.395,2.32696931381161e-06,"INHBA-AS1",5.63320934379972,"Significant"
9.87785056926258e-11,0.380514667016465,0.756,0.407,2.33966768583554e-06,"C8orf86",5.63084582312695,"Significant"
9.94247179647431e-11,0.423346482529324,0.739,0.389,2.3549738697129e-06,"ANKRD30BP2",5.62801390734717,"Significant"
9.96755392010486e-11,0.288025221499283,0.542,0.244,2.36091482151604e-06,"PIK3R2",5.6269196813723,"Significant"
9.99191047532973e-11,0.474543250327026,0.653,0.327,2.3666839151866e-06,"CENPL",5.62585974082746,"Significant"
1.00107946883642e-10,0.219157822052033,0.709,0.352,2.37115682988594e-06,"IGF1",5.62503972054666,"NS"
1.00504836683417e-10,0.479142941062169,0.54,0.235,2.38055756168341e-06,"EHHADH",5.62332131285814,"Significant"
1.00691988602145e-10,0.29063235760825,0.563,0.247,2.3849904420304e-06,"SCN2B",5.62251335707744,"Significant"
1.0104387213885e-10,0.281970362448694,0.366,0.133,2.39332515548079e-06,"ZNF398",5.62099829443375,"Significant"
1.01740673459482e-10,0.292555182401651,0.397,0.145,2.40982959156129e-06,"LOC646999",5.6180136669941,"Significant"
1.02013533568536e-10,0.835995129534008,0.256,0.065,2.41629255610434e-06,"LOC646278",5.61685048403694,"Significant"
1.04661719735236e-10,0.364933577028929,0.657,0.336,2.47901749364879e-06,"SLC26A4",5.60572040854144,"Significant"
1.05836667674786e-10,0.467038091315462,0.805,0.457,2.50684731054499e-06,"PAICS",5.60087211766014,"Significant"
1.06277277393649e-10,0.424846577110046,0.512,0.213,2.51728359234597e-06,"CLDN18",5.59906785491128,"Significant"
1.07099395699083e-10,0.525998844415625,0.404,0.151,2.53675628652847e-06,"PRICKLE2-AS1",5.59572125469393,"Significant"
1.0849977119668e-10,0.271685063118988,0.531,0.231,2.56992558056456e-06,"LINC00466",5.59007945270688,"Significant"
1.10075796882379e-10,0.362940794602993,0.418,0.16,2.60725532495604e-06,"PROSER2-AS1",5.58381643688313,"Significant"
1.11070878052256e-10,0.425339728742492,0.608,0.287,2.63082481754572e-06,"EFHC1",5.57990806993262,"Significant"
1.13106883024965e-10,0.352210486566945,0.2,0.034,2.67904963132932e-06,"SERPINA10",5.57201924069833,"Significant"
1.13137984792321e-10,0.374064285138473,0.493,0.207,2.67978630779092e-06,"RASSF6",5.57189983621277,"Significant"
1.13757773081403e-10,0.252646934085335,0.683,0.352,2.69446661320612e-06,"POU2F1",5.56952719332243,"Significant"
1.14756808085244e-10,0.261437118488585,0.418,0.154,2.71812975630708e-06,"PRKCI",5.56572981504169,"Significant"
1.15279801249735e-10,0.516283786682143,0.347,0.12,2.73051737240121e-06,"FAM120C",5.56375505600301,"Significant"
1.16980502662538e-10,0.191851825279413,0.5,0.21,2.77080018606488e-06,"LOC440896",5.55739479187144,"NS"
1.1860490917568e-10,0.263915982929034,0.683,0.336,2.80927587873515e-06,"QTRTD1",5.55140560977343,"Significant"
1.20793688059556e-10,0.0076540474829816,0.249,0.062,2.86111929537865e-06,"HYMAI",5.54346403375554,"NS"
1.23252571474462e-10,0.193103255721886,0.702,0.343,2.9193604079441e-06,"METTL21B",5.53471228612907,"NS"
1.24955374826539e-10,0.376617097063976,0.317,0.102,2.9596930081414e-06,"C21orf88",5.52875333346283,"Significant"
1.25929315918918e-10,0.139948846307476,0.561,0.244,2.9827617768555e-06,"FAHD1",5.52538143089153,"NS"
1.2601687539531e-10,0.39602151260265,0.315,0.099,2.98483571061332e-06,"TSEN2",5.52507956803131,"Significant"
1.2683757748362e-10,0.598664783962812,0.829,0.497,3.00427486027701e-06,"KBTBD6",5.52226033636798,"Significant"
1.27146253424148e-10,0.455679281330565,0.42,0.157,3.01158615860437e-06,"LOC285540",5.52120470756523,"Significant"
1.27478688345129e-10,-0.213740952126573,0.995,0.978,3.01946021214271e-06,"RPL27A",5.52007068877821,"NS"
1.27964024624981e-10,0.473044074521606,0.805,0.454,3.0309558872673e-06,"MBOAT2",5.51842038433703,"Significant"
1.29294774966391e-10,0.0520958973358479,0.357,0.12,3.06247603985395e-06,"CTF1",5.51392730043963,"NS"
1.30973619799949e-10,-0.0122737608668335,0.329,0.105,3.10224115858159e-06,"EFCAB5",5.50832444450749,"NS"
1.31492429869394e-10,0.447981381842027,0.84,0.506,3.11452969388646e-06,"PCDHB9",5.50660752421204,"Significant"
1.31904747977613e-10,0.412136170509722,0.948,0.753,3.12429586059775e-06,"SLC31A1",5.50524784658059,"Significant"
1.33237929191548e-10,0.706158805620234,0.542,0.256,3.15587359083101e-06,"ATP6V1C1",5.50088040086947,"Significant"
1.41308282024689e-10,0.405034112363706,0.439,0.176,3.34702796803679e-06,"LOC728218",5.4753406586272,"Significant"
1.46430586968293e-10,-0.16512676086257,0.998,1,3.468354882931e-06,"RPL13",5.45987647180327,"NS"
1.47955431782494e-10,0.632357113015531,0.634,0.321,3.50447235720016e-06,"RGS12",5.45537736132255,"Significant"
1.48472500546998e-10,0.947247255838403,0.277,0.08,3.51671964795619e-06,"ORAOV1",5.45386225215466,"Significant"
1.49620399355431e-10,0.127977516527926,0.467,0.191,3.54390877913275e-06,"BTBD7",5.45051746546138,"NS"
1.51365435642041e-10,0.508109509443796,0.833,0.503,3.58524170861739e-06,"ZNF320",5.44548155989014,"Significant"
1.51881848920737e-10,0.426966053897504,0.918,0.722,3.59747347353659e-06,"SPRED1",5.4440023997094,"Significant"
1.52098335963394e-10,0.260925294341929,0.415,0.154,3.60260118562896e-06,"ECT2L",5.44338381238957,"Significant"
1.56491799696844e-10,0.48735205669953,0.754,0.414,3.70666476761946e-06,"LOC100132077",5.43101668997702,"Significant"
1.5669836043004e-10,0.193652589990844,0.688,0.333,3.71155736514594e-06,"SLC14A1",5.43044382268403,"NS"
1.58951460167507e-10,0.198451257060614,0.521,0.225,3.76492428552757e-06,"LOC401320",5.42424375325032,"NS"
1.59751699027814e-10,0.123836894028951,0.594,0.275,3.78387874317279e-06,"CACNB2",5.42206278929316,"NS"
1.63252718583948e-10,0.165228046110535,0.552,0.247,3.8668038923794e-06,"LOC643770",5.41264785291197,"NS"
1.63644841309873e-10,-0.19489107507157,0.953,0.948,3.87609171126566e-06,"HSPA8",5.41160595576333,"NS"
1.64404162912816e-10,0.485704994497257,0.324,0.102,3.89407700275296e-06,"C21orf58",5.40959546484987,"Significant"
1.65618475029975e-10,0.557881717963623,0.746,0.41,3.92283919956e-06,"LOC440173",5.40639949359747,"Significant"
1.66157338258355e-10,0.0386793195306065,0.545,0.238,3.93560271398739e-06,"TRIM6",5.40498874861248,"NS"
1.6650468270883e-10,-0.243862405039525,0.925,0.92,3.94382991464136e-06,"CD3E",5.40408182312371,"NS"
1.67492002063148e-10,0.312082178843665,0.406,0.154,3.96721556086771e-06,"ZNF517",5.4015142012521,"Significant"
1.69390969734666e-10,0.209289749476336,0.531,0.219,4.01219450913531e-06,"PECR",5.39661802076715,"NS"
1.70070966967678e-10,0.42541922108819,0.69,0.355,4.02830092359642e-06,"SPPL3",5.3948780940827,"Significant"
1.72380327323127e-10,0.348584819301002,0.547,0.244,4.0830004329756e-06,"ZNF208",5.3890205740229,"Significant"
1.72818356614897e-10,0.419841954026163,0.523,0.225,4.09337559478046e-06,"LOC100128573",5.38791840408262,"Significant"
1.72849997280091e-10,0.295179770041229,0.721,0.364,4.09412503557623e-06,"EFCAB2",5.38783889801167,"Significant"
1.75394836530052e-10,0.458526606498449,0.289,0.083,4.15440209805081e-06,"PDPN",5.3814914710861,"Significant"
1.80479455688681e-10,0.478510278462062,0.277,0.077,4.27483638744211e-06,"KMO",5.3690805025477,"Significant"
1.81249444897664e-10,0.622834800048046,0.423,0.167,4.29307435184606e-06,"FGFR1",5.36723158990005,"Significant"
1.81905230050987e-10,0.159352910833412,0.749,0.398,4.30860727898769e-06,"ZNF765",5.36566308918879,"NS"
1.82375699039816e-10,0.279681719734507,0.303,0.09,4.31975080745709e-06,"CYP4F11",5.36454130551559,"Significant"
1.83873134611649e-10,0.433216608129348,0.547,0.244,4.35521906641153e-06,"C8orf44",5.3609899952049,"Significant"
1.84325402851371e-10,0.0241603720282666,0.486,0.201,4.36593149193756e-06,"SS18L1",5.35992308331009,"NS"
1.85089329899609e-10,0.571401259915759,0.376,0.136,4.38402586800213e-06,"SCN9A",5.35812689195584,"Significant"
1.86377632272022e-10,0.825243256045526,0.509,0.244,4.41454059799511e-06,"KLRC3",5.35511448486936,"Significant"
1.88654754446569e-10,0.45973113508727,0.352,0.117,4.46847651382143e-06,"FGD6",5.34984052036205,"Significant"
1.91062549002146e-10,0.744154019233356,0.214,0.043,4.52550753566482e-06,"LINC00605",5.34433270760174,"Significant"
1.91169796942554e-10,0.448919328116368,0.786,0.432,4.52804781038135e-06,"COX10-AS1",5.34408899620248,"Significant"
1.96670055287367e-10,0.410998664090675,0.772,0.426,4.65832692953658e-06,"C6orf25",5.33177003518492,"Significant"
2.04281250896705e-10,0.219861268327979,0.526,0.222,4.83860570873935e-06,"LOC643401",5.31527976650381,"NS"
2.09091012345204e-10,0.704287486456661,0.336,0.117,4.9525297184085e-06,"TPTEP1",5.30517290973144,"Significant"
2.09792485047153e-10,0.335160076125428,0.662,0.318,4.96914480082687e-06,"C19orf40",5.30371834773347,"Significant"
2.12715749898077e-10,0.545050870766435,0.575,0.272,5.03838525208585e-06,"GCNT2",5.29770862793393,"Significant"
2.173155610906e-10,1.01497109485417,0.315,0.105,5.14733637999195e-06,"PHLPP2",5.28841744954645,"Significant"
2.18432363821796e-10,0.798881305555055,0.232,0.056,5.17378896948307e-06,"CLDN10",5.28619128943047,"Significant"
2.19220230425904e-10,0.206692947539293,0.772,0.398,5.19245037786795e-06,"PLEKHH2",5.2846276451484,"NS"
2.20431921789955e-10,0.22205394292347,0.35,0.12,5.22115049951688e-06,"MYOM3",5.28223378808258,"NS"
2.20868237318865e-10,0.0921700878705962,0.66,0.343,5.23148506913463e-06,"PPP2R1B",5.2813750098365,"NS"
2.22767370234802e-10,0.174669213229421,0.542,0.238,5.27646793138151e-06,"SCIMP",5.27765669701392,"NS"
2.23278128797664e-10,0.166664316109408,0.735,0.377,5.28856575870147e-06,"UBE2D4",5.27666209120412,"NS"
2.28018701183606e-10,0.795001074405848,0.38,0.148,5.40085095623488e-06,"WDR73",5.26753780749531,"Significant"
2.29007642025517e-10,0.284610023910438,0.718,0.377,5.4242750090164e-06,"STX1B",5.26565829999081,"Significant"
2.2917265820963e-10,0.304965190208614,0.648,0.327,5.42818358235329e-06,"TVP23A",5.26534547282977,"Significant"
2.29922094794959e-10,0.241747381046467,0.373,0.13,5.4459347373134e-06,"GYG2P1",5.26392756743867,"NS"
2.32092702015416e-10,0.318566215489401,0.592,0.272,5.49734773993715e-06,"LHFPL5",5.25984679045664,"Significant"
2.36204266567015e-10,0.733126163563202,0.268,0.074,5.59473425790631e-06,"FENDRR",5.25222053702942,"Significant"
2.36602996754383e-10,0.226302447162739,0.509,0.228,5.6041785811243e-06,"DAG1",5.25148803406415,"NS"
2.37300884098215e-10,0.0700019892357635,0.631,0.287,5.62070874075031e-06,"MECR",5.25020891880993,"NS"
2.38625424781059e-10,0.347715671119092,0.594,0.29,5.65208181136416e-06,"CCPG1",5.24779156055899,"Significant"
2.3877563799256e-10,0.186306730647571,0.549,0.253,5.65563976149177e-06,"LRP2BP",5.24751826091178,"NS"
2.40069895550891e-10,0.646770407813588,0.634,0.318,5.6862955460184e-06,"OSTM1",5.24517057154159,"Significant"
2.42649636458315e-10,0.327156173861143,0.725,0.383,5.74739928915165e-06,"LOC157273",5.24052863007154,"Significant"
2.47670854441606e-10,-0.234354913469597,0.906,0.923,5.86633185830389e-06,"RPS10",5.23163337262831,"NS"
2.49260793571672e-10,0.546607168143945,0.333,0.111,5.90399115653863e-06,"BPHL",5.22885430170489,"Significant"
2.52030687218154e-10,-0.324351240807235,0.319,0.099,5.96959885744921e-06,"TMPRSS11BNL",5.22405485142499,"Significant"
2.5621312302147e-10,0.333343942776364,0.716,0.377,6.06866403188653e-06,"CLDN16",5.21690690487838,"Significant"
2.56525369917561e-10,1.11808662482659,0.181,0.028,6.07605991186735e-06,"MIR205HG",5.21637795250755,"Significant"
2.57038719516287e-10,0.458571464543903,0.803,0.457,6.08821911046277e-06,"BNIPL",5.21550972602189,"Significant"
2.58812335163961e-10,0.297312469657381,0.678,0.336,6.13022897069358e-06,"C9orf64",5.21252330380922,"Significant"
2.61041910812304e-10,-0.0183227462863889,0.655,0.315,6.18303869950023e-06,"SLC35B4",5.20879803525322,"NS"
2.61283318036242e-10,0.412888550791655,0.784,0.432,6.18875667100642e-06,"UVSSA",5.20839659252397,"Significant"
2.65755326801481e-10,0.426021901194941,0.69,0.358,6.29468067061987e-06,"EGFEM1P",5.20102629677222,"Significant"
2.69604258342312e-10,-0.266216775769672,0.338,0.111,6.385846463096e-06,"ADARB2",5.19478152754912,"Significant"
2.72780542766192e-10,0.350886126695002,0.556,0.259,6.46107993596002e-06,"TRIM72",5.18969488587028,"Significant"
2.75552296144075e-10,-0.136761266723057,0.474,0.194,6.52673168646857e-06,"TTC28",5.18530424075604,"NS"
2.77342775289774e-10,0.238507592934886,0.671,0.327,6.56914097551359e-06,"ERN2",5.18249141795707,"NS"
2.77718197757547e-10,0.368804693522193,0.772,0.42,6.57803323208526e-06,"HOMEZ",5.18190393680125,"Significant"
2.78178726061628e-10,0.187186768900948,0.502,0.219,6.58894130549573e-06,"SEMA3E",5.18118436114466,"NS"
2.80767640295192e-10,0.210969824158784,0.646,0.299,6.65026232803191e-06,"MARCH2",5.17716122306236,"NS"
2.81117322288448e-10,0.560106825812057,0.577,0.275,6.65854489572418e-06,"LOC100505659",5.17662066764689,"Significant"
2.83226216518162e-10,0.230175923852158,0.446,0.185,6.7084961644492e-06,"KRBA2",5.17337482419451,"NS"
2.86078059335448e-10,0.48967732270153,0.84,0.519,6.77604491341941e-06,"TRIM45",5.16902372404902,"Significant"
2.89658789357125e-10,0.358283748793169,0.746,0.392,6.86085808471286e-06,"CD109",5.16362156386314,"Significant"
2.92668779919665e-10,0.607054287497657,0.251,0.065,6.93215272117719e-06,"TEX35",5.15913187797862,"Significant"
2.93359640127903e-10,0.059908842356827,0.561,0.244,6.94851643606951e-06,"UST",5.15810791086394,"NS"
2.93454950262528e-10,0.38390539657665,0.453,0.182,6.95077395191825e-06,"CT64",5.15796683507414,"Significant"
3.00677962324723e-10,0.10627848801843,0.423,0.17,7.12185821562338e-06,"ZMAT1",5.14740667665802,"NS"
3.06255733901151e-10,0.168530850284102,0.676,0.352,7.25397331318267e-06,"REPS2",5.13942404648909,"NS"
3.06315810665302e-10,0.387477768120399,0.913,0.725,7.25539629141835e-06,"PSTPIP2",5.13933886131365,"Significant"
3.08134305000928e-10,0.305921016874342,0.495,0.21,7.29846914825197e-06,"MARVELD2",5.1367682234668,"Significant"
3.12900977368165e-10,0.264892737285872,0.484,0.204,7.41137254994235e-06,"APBB2",5.13010135535858,"Significant"
3.12905822198604e-10,0.84123807982589,0.171,0.025,7.41148730459614e-06,"GDPD2",5.13009463097294,"Significant"
3.16922141254866e-10,0.269232777852644,0.462,0.188,7.50661783776275e-06,"NCCRP1",5.12455569352159,"Significant"
3.2047346665049e-10,0.244531565697814,0.418,0.167,7.59073453108351e-06,"TMIGD2",5.11971619678418,"NS"
3.23620804930075e-10,0.817752391436309,0.392,0.157,7.66528238557377e-06,"TRMT5",5.11547184130048,"Significant"
3.24575953901212e-10,0.0841946061214127,0.486,0.204,7.6879060441041e-06,"SCML2",5.1141919329327,"NS"
3.3054233155665e-10,0.647958086021461,0.317,0.108,7.82922566525081e-06,"HSD3BP4",5.10628118889202,"Significant"
3.31314141221816e-10,-0.426176561000462,0.725,0.796,7.84750674897993e-06,"TSC22D3",5.10526830212764,"Significant"
3.34051768222088e-10,0.545475171726822,0.322,0.105,7.91235018210838e-06,"OR4F13P",5.10169450012778,"Significant"
3.34715985909244e-10,0.0741088803399017,0.538,0.241,7.92808284224635e-06,"KIAA1324L",5.10083182046243,"NS"
3.36477762564745e-10,0.270805660747596,0.343,0.117,7.96981228410854e-06,"GJD4",5.09855190757953,"Significant"
3.38554670034013e-10,0.120912229203774,0.62,0.296,8.01900591442563e-06,"MGC57346",5.09587946620936,"NS"
3.39213400687647e-10,0.295503524393896,0.638,0.312,8.03460860868761e-06,"SMAD9",5.0950352742494,"Significant"
3.41707520853294e-10,0.362321761076386,0.732,0.377,8.09368433893113e-06,"FAM92A1P2",5.09185373749494,"Significant"
3.42636190343608e-10,0.333556268751975,0.725,0.364,8.11568080447871e-06,"CDKN2B-AS1",5.09067504241489,"Significant"
3.48349878022614e-10,1.15473928694194,0.265,0.077,8.25101521084365e-06,"FAM200A",5.08349261225712,"Significant"
3.54075610207495e-10,0.289269096380334,0.716,0.349,8.38663490337472e-06,"TAF1A",5.07641226277734,"Significant"
3.61677986843062e-10,0.326045657080065,0.643,0.318,8.56670479636477e-06,"TMEM170B",5.06718619837506,"Significant"
3.62000083145418e-10,0.442780520603384,0.709,0.373,8.57433396938236e-06,"CDC5L",5.06679960477276,"Significant"
3.65212868858403e-10,0.303945229742238,0.585,0.269,8.65043201178012e-06,"HYAL4",5.06296220286499,"Significant"
3.78585958027513e-10,0.557721652040232,0.653,0.343,8.96718700183968e-06,"PIGM",5.04734377336359,"Significant"
3.79059975134566e-10,0.39809292631693,0.624,0.299,8.97841457103734e-06,"BDH1",5.04680034527463,"Significant"
3.7991467759576e-10,1.17845895984672,0.214,0.046,8.99865905353317e-06,"TCL6",5.04582220267622,"Significant"
3.88727230585917e-10,0.63648539036501,0.286,0.086,9.20739318365803e-06,"CCNYL1",5.0358633107589,"Significant"
3.94337241808364e-10,0.366870460633779,0.399,0.151,9.34027190947291e-06,"LOC100129917",5.02964048061522,"Significant"
3.94525568390203e-10,0.185313733014992,0.808,0.46,9.34473261289036e-06,"ZHX3",5.02943312086702,"NS"
3.95434153854691e-10,0.711659864310082,0.289,0.09,9.36625336820221e-06,"FCRL1",5.028434098217,"Significant"
4.07798365350009e-10,0.23506547572282,0.531,0.247,9.65911208168032e-06,"ZFAT",5.01506279446961,"NS"
4.09005481225325e-10,0.565592324327148,0.312,0.099,9.68770382830306e-06,"PRDM7",5.01377914687779,"Significant"
4.11839839213298e-10,-0.104023073522833,1,1,9.75483843160618e-06,"EEF1A1",5.01077991938509,"NS"
4.17496043446755e-10,0.191960615748158,0.343,0.12,9.88881128507985e-06,"RBFA",5.00485591096682,"NS"
4.20874679112041e-10,0.488258033978569,0.451,0.188,9.96883764944781e-06,"UGT2B15",5.00135547677955,"Significant"
4.30230632231105e-10,0.201319585255501,0.439,0.173,1.0190442755026e-05,"KCP",4.99180694632848,"NS"
4.3169073220049e-10,0.267368675227706,0.57,0.256,1.02250266829008e-05,"MGC16142",4.99033554999823,"Significant"
4.32988318305547e-10,0.713505948932275,0.401,0.164,1.02557613073852e-05,"DAK",4.98903209547851,"Significant"
4.33449889666209e-10,0.321667729504022,0.859,0.556,1.02666940866338e-05,"AP4E1",4.98856937831748,"Significant"
4.33899665402734e-10,0.223128816936281,0.69,0.336,1.02773474747292e-05,"SRL",4.98811895982857,"NS"
4.39279161113112e-10,0.222654178709325,0.711,0.37,1.04047662101252e-05,"ADCY6",4.98276767372177,"NS"
4.40385518910232e-10,0.114521266947015,0.622,0.278,1.04309714009078e-05,"TMEM53",4.98167524532136,"NS"
4.40769266030107e-10,0.73112876451242,0.289,0.09,1.04400608351891e-05,"ADAMTS2",4.98129697065273,"Significant"
4.44865178391528e-10,-0.5676078117638,0.582,0.701,1.05370766153817e-05,"S100A6",4.97727986217004,"Significant"
4.47334376990681e-10,0.721466924981767,0.359,0.133,1.05955620534013e-05,"GCAT",4.97487600070718,"Significant"
4.49055117219624e-10,0.202349980915867,0.415,0.164,1.0636319506464e-05,"LOC100505761",4.97320862528837,"NS"
4.51500229301294e-10,0.409197337744125,0.789,0.448,1.06942344312305e-05,"THAP6",4.97085029984351,"Significant"
4.60235669150143e-10,0.37730543695592,0.704,0.367,1.09011420594903e-05,"ZDHHC8P1",4.96252800076098,"Significant"
4.62541649760664e-10,0.409669143059166,0.589,0.29,1.09557615162311e-05,"PPIL2",4.960357429988,"Significant"
4.73988727555585e-10,0.415125888887943,0.746,0.407,1.12268970008816e-05,"SLC15A2",4.94974026169142,"Significant"
4.84636904220463e-10,0.239344892087767,0.573,0.259,1.14791097133659e-05,"RBP1",4.9400917932591,"NS"
4.90660742362879e-10,0.288224431082402,0.608,0.278,1.16217903436071e-05,"CENPH",4.93472696347269,"Significant"
4.92595227158381e-10,0.531525642493698,0.697,0.38,1.16676105504734e-05,"FBXO48",4.93301807548818,"Significant"
5.0041874747657e-10,0.172366018306028,0.66,0.318,1.185291845273e-05,"FFAR4",4.92617470350501,"NS"
5.00588774318958e-10,0.23899021370392,0.397,0.148,1.18569457085188e-05,"MYL10",4.92602716870926,"NS"
5.02956773262983e-10,0.220486306630769,0.43,0.173,1.1913034131507e-05,"C3orf27",4.92397761393677,"NS"
5.03380308809385e-10,0.484972253867472,0.805,0.525,1.19230659944591e-05,"BBS5",4.92361205220834,"Significant"
5.06670452995068e-10,0.606927342651936,0.505,0.228,1.20009963496412e-05,"ZNF595",4.92078269635334,"Significant"
5.0724219252176e-10,0.715559973440045,0.258,0.071,1.20145385720704e-05,"FGF2",4.92029290396551,"Significant"
5.1637218680876e-10,-0.180296789688542,0.96,0.972,1.22307916167523e-05,"RPL6",4.9125454330977,"NS"
5.21520720860703e-10,0.276989481985214,0.681,0.343,1.23527397943066e-05,"ALG10B",4.90823670672951,"Significant"
5.25443936633866e-10,0.334097538131656,0.761,0.429,1.24456650831097e-05,"ZNF543",4.90498189019989,"Significant"
5.25670166650487e-10,0.211820372352444,0.718,0.364,1.24510235672834e-05,"WDR91",4.9047949448453,"NS"
5.28618365797732e-10,0.235758715267537,0.401,0.154,1.25208546122851e-05,"C10orf111",4.9023660272971,"NS"
5.37508962838247e-10,0.207691947673398,0.657,0.336,1.27314372937867e-05,"PRKY",4.89512256464763,"NS"
5.42474198736736e-10,0.20985388465113,0.77,0.426,1.28490438712783e-05,"SMCR8",4.89112918804296,"NS"
5.44509772727607e-10,0.0878855032805317,0.69,0.358,1.28972584768261e-05,"PDXK",4.88950259628379,"NS"
5.4942526989476e-10,0.621475423356914,0.631,0.309,1.30136869427273e-05,"B3GALNT2",4.88559964486522,"Significant"
5.50528021085926e-10,0.356823588062044,0.671,0.34,1.30398067074412e-05,"SELRC1",4.88472884622019,"Significant"
5.52455220614744e-10,0.534964181085214,0.695,0.377,1.30854543554808e-05,"BMS1P4",4.88321119311181,"Significant"
5.54230165625382e-10,0.00747735336384192,0.34,0.114,1.31274957030028e-05,"TMC1",4.88181811519764,"NS"
5.55435112108449e-10,0.606109057604085,0.533,0.253,1.31560360654007e-05,"POLI",4.88087494463123,"Significant"
5.69989524031623e-10,0.460357063005352,0.838,0.509,1.3500771866213e-05,"PARK2",4.86964140130837,"Significant"
5.71967092894532e-10,0.130431011553449,0.582,0.269,1.35476125622999e-05,"FKTN",4.86813723190202,"NS"
5.79766106883117e-10,0.336497386689802,0.655,0.333,1.37323400076335e-05,"LRAT",4.86225545214325,"Significant"
6.00722904411115e-10,0.391724875515321,0.472,0.207,1.42287227138817e-05,"LPAR6",4.84683408397828,"Significant"
6.03429074800165e-10,0.317408552573915,0.786,0.414,1.42928210657167e-05,"FAM83B",4.84488204326251,"Significant"
6.17111682755912e-10,1.32711543039494,0.192,0.037,1.46169073177565e-05,"KCNK2",4.83514450678408,"Significant"
6.17427888469046e-10,0.205361465045697,0.622,0.29,1.46243969662778e-05,"LGSN",4.83492203291193,"NS"
6.20522718487117e-10,0.787498828487899,0.254,0.068,1.46977011100858e-05,"PATE2",4.83275058860423,"Significant"
6.2302361986356e-10,0.3013973081205,0.333,0.117,1.47569374600883e-05,"KLF17",4.83100376325744,"Significant"
6.41985335577228e-10,0.327756400766677,0.549,0.241,1.52060646584822e-05,"MILR1",4.81798316715965,"Significant"
6.42505064210422e-10,0.393810772227916,0.765,0.426,1.52183749508881e-05,"FAM106A",4.81763171994005,"Significant"
6.43961218349285e-10,0.0734716933783179,0.352,0.123,1.52528654178212e-05,"RAPH1",4.81664856167783,"NS"
6.45793262357221e-10,-0.101581889412402,0.589,0.265,1.52962592121931e-05,"STX3",4.81541476540066,"NS"
6.48869459442396e-10,0.314133046597086,0.512,0.216,1.53691220163526e-05,"LOC100131496",4.81335094150119,"Significant"
6.52116438373803e-10,0.42811280421798,0.723,0.395,1.54460299593219e-05,"FLT1",4.81118312713357,"Significant"
6.61341056646159e-10,0.513911602976345,0.805,0.531,1.56645242677209e-05,"PTCHD4",4.80508279012418,"Significant"
6.66623360553987e-10,0.259393729519708,0.596,0.272,1.57896409180817e-05,"PLIN5",4.80162774643685,"Significant"
6.70143708653658e-10,0.210539302363575,0.702,0.361,1.58730238831706e-05,"NUDT15",4.79934033029138,"NS"
6.72345945306807e-10,-0.361610150144831,0.397,0.151,1.5925186060537e-05,"FOXO3B",4.79791548492087,"Significant"
6.79047272908179e-10,0.176760159455954,0.343,0.12,1.60839137061031e-05,"USP29",4.79360826565267,"NS"
6.90564852129112e-10,0.363913117588898,0.8,0.448,1.63567190875301e-05,"STON2",4.78630380488699,"Significant"
6.95140074586165e-10,0.501675473135794,0.415,0.164,1.64650878066479e-05,"ELOVL2-AS1",4.78343594889735,"Significant"
6.95554051224e-10,1.41895043448123,0.3,0.108,1.64748932572917e-05,"CHD7",4.78317739056821,"Significant"
6.98183571537365e-10,0.431399451186176,0.819,0.478,1.6537176075434e-05,"LINC00574",4.78153864953335,"Significant"
7.12672217898991e-10,1.05860437362387,0.275,0.086,1.68803541531555e-05,"LINC-ROR",4.772618446031,"Significant"
7.18850582211518e-10,0.0365045405338258,0.73,0.395,1.7026694890262e-05,"INTS7",4.76886964623743,"NS"
7.23197277133051e-10,-0.248281222718711,0.599,0.284,1.71296507061735e-05,"BIVM",4.76625149272206,"NS"
7.33718439090364e-10,0.0124053116210028,0.577,0.259,1.73788549482944e-05,"C8orf31",4.75997884158238,"NS"
7.3857682416308e-10,0.204362275373465,0.798,0.441,1.74939306571267e-05,"TSHZ2",4.7571125992744,"NS"
7.42750835166598e-10,0.484180219594843,0.758,0.435,1.7592796281756e-05,"ALDH5A1",4.75466512624923,"Significant"
7.49948615744562e-10,0.0279779272201799,0.744,0.377,1.77632829125257e-05,"LOC100130872",4.75047676721526,"NS"
7.54649054291429e-10,-0.0632270372051775,0.462,0.191,1.78746174999468e-05,"ZNF815P",4.74776324292212,"NS"
7.68916843081772e-10,0.175864364324545,0.444,0.185,1.82125643452349e-05,"ZNF136",4.739628900851,"NS"
7.75844355054999e-10,0.491477461399644,0.777,0.417,1.83766493938327e-05,"LINC00327",4.73573367044827,"Significant"
7.82588179001468e-10,0.645648039207679,0.378,0.151,1.85363836078288e-05,"MFSD8",4.7319749914624,"Significant"
7.83825194693894e-10,0.849683518611854,0.284,0.09,1.85656835615196e-05,"FRG2C",4.73128905605103,"Significant"
7.8637159646615e-10,0.215687300966836,0.73,0.364,1.86259976338972e-05,"HTR7P1",4.72988045655051,"NS"
7.87007874830284e-10,0.955716266523221,0.286,0.093,1.86410685232301e-05,"POTEE",4.72952919710852,"Significant"
7.91531519935018e-10,0.187571750863293,0.596,0.278,1.87482155811808e-05,"GLB1L",4.72704006127627,"NS"
7.98302924655534e-10,0.370827821032378,0.669,0.333,1.8908603073391e-05,"FAM124A",4.7233405547048,"Significant"
8.50961891143512e-10,0.301582912981278,0.653,0.309,2.01558833536252e-05,"INE1",4.69559816366334,"Significant"
8.56344975540927e-10,1.71792955408653,0.216,0.052,2.02833870906624e-05,"HIST1H1D",4.69285952113564,"Significant"
8.57871988725029e-10,0.44309802038146,0.723,0.373,2.0319555924941e-05,"MMD2",4.69208578760146,"Significant"
8.60180625144453e-10,0.479815680701748,0.808,0.488,2.03742382871715e-05,"HOGA1",4.69091861885115,"Significant"
8.6142371328561e-10,0.333741467959702,0.824,0.481,2.0403682072883e-05,"PLEKHM3",4.69029145219968,"Significant"
8.66152074682063e-10,0.423816300551515,0.728,0.404,2.05156780409193e-05,"MGC2752",4.68791412507466,"Significant"
8.67318392051885e-10,0.200721498481798,0.599,0.265,2.0543303434141e-05,"CHMP4C",4.68732971907062,"NS"
8.73171165262797e-10,0.312188861481289,0.336,0.117,2.06819322204146e-05,"FLJ30679",4.68440888949185,"Significant"
8.94452084053774e-10,-0.0717955515621278,0.333,0.114,2.11859920628977e-05,"NIPAL1",4.67395119475695,"NS"
8.9955997834862e-10,0.300247336622171,0.467,0.207,2.13069776471654e-05,"LOC729444",4.67147814973433,"Significant"
9.03949243514567e-10,0.179191916604204,0.688,0.352,2.1410941781886e-05,"ANKRD45",4.66936422940427,"NS"
9.09000281851897e-10,0.303541911691511,0.761,0.401,2.1530580675944e-05,"SLC12A8",4.66694425717338,"Significant"
9.10654206428174e-10,0.764973631090215,0.533,0.275,2.15697555334577e-05,"LY9",4.6661547770612,"Significant"
9.14266384817567e-10,0.581676808797061,0.803,0.494,2.16553135907889e-05,"KLHL6",4.66443552286634,"Significant"
9.16422746305543e-10,0.477279484828075,0.89,0.623,2.17063891689931e-05,"KIAA1875",4.6634124148876,"Significant"
9.31787906418137e-10,0.162538781862429,0.533,0.238,2.207032835142e-05,"SLC7A11-AS1",4.65619120557196,"NS"
9.33200356918021e-10,0.197790836205901,0.46,0.198,2.21037836539602e-05,"LOC729683",4.65553337883128,"NS"
9.40044738637892e-10,-0.309562152772151,0.89,0.895,2.22658996793771e-05,"CALM1",4.65235975200839,"Significant"
9.55009002989225e-10,0.202244148449044,0.286,0.086,2.26203432448028e-05,"CELF3",4.64550080930478,"NS"
9.57214611864644e-10,0.244642546227287,0.615,0.287,2.2672585296626e-05,"SYT13",4.64449895556636,"NS"
9.91257860626816e-10,0.48496714229016,0.676,0.358,2.34789336868068e-05,"LOC285972",4.62932163078267,"Significant"
1.00304961680921e-09,1.0517404826894,0.204,0.046,2.37582332237429e-05,"FRG2",4.62418585871225,"Significant"
1.01500150386293e-09,0.0842875269869074,0.66,0.333,2.40413256204972e-05,"GUF1",4.61904158934007,"NS"
1.01792849800741e-09,-0.336481167832104,0.275,0.08,2.41106544038036e-05,"SLC2A10",4.61779100197825,"Significant"
1.02119681236862e-09,0.419633950176895,0.711,0.414,2.41880676977632e-05,"MCPH1",4.61639882455742,"Significant"
1.0300444008207e-09,-0.00207373328784488,0.326,0.111,2.43976316778391e-05,"ZBTB8B",4.61265232936479,"NS"
1.03970862360399e-09,0.429117471585461,0.777,0.414,2.46265384586842e-05,"MAFF",4.60859662892185,"Significant"
1.04077006558886e-09,0.20131631561995,0.599,0.272,2.46516797735378e-05,"LINC00637",4.60815348241016,"NS"
1.04458153277416e-09,0.489250956326341,0.864,0.58,2.47419581852888e-05,"ORC6",4.60656593140814,"Significant"
1.04702338238511e-09,1.00034512655892,0.204,0.046,2.47997958351737e-05,"LOC100288255",4.60555189449727,"Significant"
1.05124529408073e-09,0.062156355949027,0.629,0.299,2.48997960355961e-05,"PCSK5",4.60380421037326,"NS"
1.06837959457879e-09,0.202148420652978,0.486,0.21,2.53056390771931e-05,"TUBGCP5",4.59678269039654,"NS"
1.07904887918824e-09,0.118936913761728,0.545,0.247,2.55583517524526e-05,"ZG16",4.59246715708233,"NS"
1.10610798418185e-09,0.2284867088009,0.486,0.213,2.61992737133313e-05,"LPP-AS2",4.58171074786592,"NS"
1.10778965543838e-09,0.29417607396507,0.678,0.333,2.62391057787135e-05,"FAM172BP",4.58105096967701,"Significant"
1.11812302526894e-09,0.424016334031883,0.345,0.127,2.64838619765202e-05,"CRAMP1L",4.57701868415697,"Significant"
1.12183434827992e-09,0.341952738484378,0.298,0.096,2.65717683733583e-05,"ZNF670-ZNF695",4.57557954196776,"Significant"
1.12794444932197e-09,-0.0548641282486546,0.195,0.04,2.67164922266403e-05,"AHRR",4.57322056365975,"NS"
1.13036940016603e-09,0.340705022458574,0.754,0.42,2.67739296123327e-05,"SRD5A3",4.5722878826903,"Significant"
1.15157518516214e-09,0.303690880595781,0.756,0.398,2.72762098357504e-05,"ADIPOQ",4.5642159771892,"Significant"
1.15819676289263e-09,0.279802599961656,0.805,0.472,2.74330485258749e-05,"LOC441666",4.56172592829049,"Significant"
1.17504263411129e-09,0.411771388520411,0.822,0.454,2.783205983156e-05,"FRRS1",4.55545465064131,"Significant"
1.17977165697463e-09,0.17886635901207,0.65,0.306,2.79440714671012e-05,"TMPRSS11B",4.5537103166587,"NS"
1.21315051014388e-09,-0.217695686559944,0.93,0.941,2.8734682983268e-05,"SH3BGRL3",4.54159358987801,"NS"
1.21562792236106e-09,0.0721152964254399,0.38,0.142,2.87933629690441e-05,"C5AR1",4.54070760800822,"NS"
1.23024230528032e-09,0.242515240293443,0.61,0.293,2.91395192428698e-05,"SLC19A3",4.53551761769613,"NS"
1.23078706633934e-09,0.233035501531283,0.35,0.127,2.91524224533135e-05,"ZNF530",4.53532535121733,"NS"
1.26206643079097e-09,0.80290245980654,0.235,0.062,2.9893305479715e-05,"ZNF503-AS1",4.52442605979416,"Significant"
1.27964409151789e-09,0.0602220428108293,0.498,0.225,3.03096499516926e-05,"GCFC2",4.51841907930134,"NS"
1.28888785125628e-09,0.576332775506961,0.723,0.395,3.05285976448563e-05,"FAM210A",4.51529314490175,"Significant"
1.33514000597271e-09,0.424284814570669,0.789,0.451,3.16241261814696e-05,"TAT",4.49998146581008,"Significant"
1.34853528767251e-09,0.444891136428921,0.338,0.12,3.19414068238112e-05,"LOC286189",4.49564595975786,"Significant"
1.35169906257441e-09,0.365079281667974,0.732,0.41,3.20163439961374e-05,"POM121",4.49462826245281,"Significant"
1.3615685637232e-09,-0.141773476300024,0.993,0.988,3.22501130003477e-05,"PTMA",4.4914687593127,"NS"
1.36665453033539e-09,-0.0302007809156191,0.493,0.21,3.23705792055239e-05,"PRORSD1P",4.48984952971351,"NS"
1.38811140408719e-09,0.349058799595044,0.951,0.79,3.28788067172092e-05,"CRX",4.48308395285752,"Significant"
1.38862954180972e-09,0.427897210989408,0.777,0.435,3.2891079327305e-05,"LOC100996291",4.48292187482377,"Significant"
1.39925642689267e-09,0.385857954492341,0.73,0.392,3.31427877273798e-05,"SIGLEC8",4.47961096472479,"Significant"
1.4219764580958e-09,0.446387027142814,0.768,0.432,3.36809343864572e-05,"LOC283663",4.47261586867912,"Significant"
1.4223231730987e-09,0.255677072739084,0.303,0.096,3.36891466780158e-05,"LINC00381",4.4725099892481,"Significant"
1.43056611409566e-09,0.418115848985043,0.723,0.398,3.38843889784697e-05,"DHODH",4.47000034138507,"Significant"
1.43203650479514e-09,0.269660480823864,0.815,0.485,3.39192166525776e-05,"ZNF347",4.46955418611436,"Significant"
1.43452663462839e-09,0.23666712192847,0.519,0.235,3.3978197867808e-05,"LOC100131655",4.46879965892258,"NS"
1.44857191773673e-09,0.418910508033739,0.272,0.083,3.43108744435122e-05,"EGFLAM-AS4",4.46456821341708,"Significant"
1.45395140987247e-09,0.391477777017371,0.617,0.302,3.44382930942394e-05,"RNF144A-AS1",4.46295838213486,"Significant"
1.46477367855802e-09,0.873732153757371,0.392,0.167,3.46946293503252e-05,"SPRY2",4.45973774780386,"Significant"
1.47070039214055e-09,0.313535886357514,0.763,0.432,3.4835009488241e-05,"LOC646471",4.45798406683775,"Significant"
1.48975119488545e-09,0.246227307045109,0.573,0.265,3.52862468020567e-05,"LINC00671",4.45239453262444,"NS"
1.50199659728091e-09,0.319065988464122,0.505,0.222,3.55762914031956e-05,"LOC729609",4.4488393262654,"Significant"
1.50618286312883e-09,0.613174553891996,0.401,0.16,3.56754472960694e-05,"LINC00559",4.4476305730277,"Significant"
1.52044729373831e-09,0.372835131800334,0.481,0.21,3.60133145994856e-05,"LINC00221",4.44353690512082,"Significant"
1.52321478453422e-09,-0.204686228284567,0.923,0.926,3.60788653864774e-05,"RPL29",4.44274712867278,"NS"
1.54206414669163e-09,1.20999606588827,0.211,0.049,3.65253313785379e-05,"LOC100289473",4.43740583520975,"Significant"
1.57062125264376e-09,0.384919875321006,0.554,0.265,3.720173499012e-05,"SEMA5A",4.42943680530454,"Significant"
1.57928526593931e-09,0.420087196089831,0.782,0.478,3.74069508090384e-05,"NUBPL",4.42704769144841,"Significant"
1.58082585172198e-09,0.374770332616245,0.852,0.546,3.74434411238869e-05,"PIWIL2",4.4266242456059,"Significant"
1.58688485849373e-09,0.333756574501775,0.582,0.284,3.75869547582825e-05,"MS4A7",4.42496285878332,"Significant"
1.61219845203081e-09,0.396859407548223,0.732,0.383,3.81865325348019e-05,"LOC284276",4.41808977523156,"Significant"
1.63094332371898e-09,0.325495401316982,0.573,0.265,3.86305235656079e-05,"TECRL",4.41306940575335,"Significant"
1.63823121797424e-09,0.43992817569394,0.782,0.448,3.88031446289379e-05,"CEP19",4.41113307750746,"Significant"
1.6417636506788e-09,0.531244185854999,0.439,0.191,3.8886813829978e-05,"ZNF28",4.41019763907793,"Significant"
1.65409069490292e-09,0.401896544952388,0.808,0.444,3.91787921994706e-05,"SIRPB2",4.40694895652889,"Significant"
1.66048151961413e-09,0.442474740636278,0.876,0.605,3.93301652735804e-05,"PAXBP1-AS1",4.40527422859017,"Significant"
1.70469626140043e-09,0.15001335671221,0.474,0.204,4.03774356475306e-05,"PCDHB11",4.39386126636046,"NS"
1.70855177446866e-09,0.300025517138344,0.85,0.549,4.04687573300647e-05,"UBOX5",4.39288013123931,"Significant"
1.71017913633427e-09,-0.569242755377551,0.458,0.194,4.05073030232134e-05,"SKAP2",4.39246667118638,"Significant"
1.71391180627358e-09,0.331595534265326,0.812,0.475,4.05957150433961e-05,"HUNK",4.39151980463013,"Significant"
1.73974644059559e-09,0.10406081446476,0.641,0.312,4.1207634191947e-05,"CGNL1",4.38502231842557,"NS"
1.75415386857446e-09,0.153006366985416,0.42,0.17,4.15488885310547e-05,"HTR1D",4.38144058948002,"NS"
1.76242585342038e-09,-0.00708129662555423,0.415,0.167,4.17448187641151e-05,"LOC286177",4.37939742010352,"NS"
1.76585013434308e-09,-0.227842161005379,0.904,0.91,4.18259262820501e-05,"RPL14",4.37855443232065,"NS"
1.77739583517558e-09,-0.263725370445723,0.923,0.923,4.20993977519689e-05,"RPL37",4.37572411686902,"Significant"
1.79386107267741e-09,0.191494408545338,0.601,0.281,4.24893933674372e-05,"LINC00700",4.37171946940602,"NS"
1.79991479087903e-09,0.456213988104979,0.751,0.432,4.26327817367608e-05,"TLR7",4.37025632924564,"Significant"
1.80956586157093e-09,0.102200860329973,0.622,0.29,4.2861376997169e-05,"FLJ41941",4.3679338805955,"NS"
1.81778238229018e-09,0.468482644330398,0.824,0.485,4.30559935069252e-05,"NXNL2",4.36596638507425,"Significant"
1.82737987966467e-09,0.246521024769316,0.756,0.426,4.32833198297373e-05,"STX2",4.36367943624617,"NS"
1.82999708470547e-09,0.22321788202775,0.653,0.315,4.33453109483337e-05,"LOC100129935",4.36305787718222,"NS"
1.83940705722466e-09,0.509534438208991,0.763,0.454,4.35681955574232e-05,"TES",4.36083042665323,"Significant"
1.84882965161969e-09,0.205562902894252,0.603,0.293,4.37913791282639e-05,"AP5S1",4.3586113772933,"NS"
1.91703384516114e-09,-0.246374223927726,0.988,0.972,4.54068636564867e-05,"UBA52",4.34287849465753,"NS"
1.93237762776965e-09,0.393156629256305,0.326,0.117,4.57702964913519e-05,"SLC2A11",4.33941627428581,"Significant"
1.93779680440811e-09,0.101276259144914,0.57,0.269,4.58986551092106e-05,"ZNF461",4.33820003967419,"NS"
1.94785348051093e-09,-0.110485686551642,0.5,0.225,4.61368575393818e-05,"ZNF84",4.33595198935075,"NS"
2.0002735686303e-09,0.442590558438978,0.594,0.284,4.73784797465773e-05,"UACA",4.32441887878137,"Significant"
2.00312719202853e-09,0.303963488730001,0.681,0.373,4.74460706703877e-05,"FOXP4",4.32379974860716,"Significant"
2.02999160901091e-09,0.339955683579031,0.819,0.522,4.80823812510324e-05,"THEM4",4.31801403229952,"Significant"
2.0372486821066e-09,-0.215201002773769,0.296,0.096,4.82542722843769e-05,"LOC100128264",4.31646422952453,"NS"
2.04490230871601e-09,0.195283502983556,0.737,0.364,4.84355560842473e-05,"ZNF551",4.31483570980279,"NS"
2.04677295285883e-09,0.689134947138527,0.261,0.077,4.84798641614143e-05,"KIAA1462",4.31443860571534,"Significant"
2.0515146691886e-09,0.329294105325364,0.758,0.417,4.85921764544012e-05,"ATP6V0D2",4.31343364835482,"Significant"
2.0540111982493e-09,0.236746839473303,0.538,0.241,4.86513092417329e-05,"PTRF",4.31290546806142,"NS"
2.05473807471544e-09,0.390321143882749,0.77,0.448,4.86685260377098e-05,"FZD2",4.31275180648677,"Significant"
2.05573045736978e-09,0.14985581375573,0.69,0.355,4.86920316132607e-05,"TLR6",4.31254210468965,"NS"
2.05905844186962e-09,0.085283104090291,0.7,0.352,4.87708582541238e-05,"ARSD",4.31183960176438,"NS"
2.07101004495918e-09,1.2015459263411,0.223,0.059,4.90539439249031e-05,"HLA-DPB2",4.30932606971186,"Significant"
2.0726810593133e-09,0.231441000698511,0.362,0.133,4.90935235708948e-05,"DLEU7-AS1",4.30897579632793,"NS"
2.12533800628638e-09,0.367096390071723,0.284,0.09,5.03407560168992e-05,"EPB41L4A",4.29808026650911,"Significant"
2.16223229395731e-09,0.166325944140236,0.493,0.213,5.12146341146729e-05,"IL2RA",4.29060592560331,"NS"
2.17602939734495e-09,-0.0494178428838734,0.556,0.25,5.15414323055124e-05,"ANTXR2",4.28784351683406,"NS"
2.18230401501173e-09,0.237409937509943,0.756,0.457,5.16900528995679e-05,"PIK3C2B",4.28659302337538,"NS"
2.19041056248567e-09,0.364302604107501,0.772,0.426,5.18820645830356e-05,"PROM2",4.2849827500286,"Significant"
2.21134055850864e-09,0.430955335104138,0.697,0.383,5.23778124688357e-05,"LOC100506060",4.28085264360747,"Significant"
2.21509059767851e-09,0.368635926505025,0.77,0.435,5.24666358966131e-05,"CLDN11",4.28011678139678,"Significant"
2.24937282702414e-09,1.64933780408669,0.141,0.015,5.32786447808939e-05,"LOC284632",4.27344683060324,"Significant"
2.25138766902666e-09,0.199010198521085,0.568,0.265,5.33263683285654e-05,"C7orf65",4.27305799195127,"NS"
2.2617583260974e-09,1.66345154539615,0.171,0.031,5.35720077119429e-05,"INCA1",4.27106207731803,"Significant"
2.31202408818668e-09,-0.137818285091261,1,1,5.47626025527896e-05,"MTRNR2L1",4.26151592051874,"NS"
2.32932795712891e-09,0.210560774920387,0.756,0.441,5.51724619925554e-05,"PLEKHG4B",4.25827763583699,"NS"
2.35112608759537e-09,0.283836450567823,0.547,0.253,5.56887725107839e-05,"CXorf21",4.2542323547026,"Significant"
2.35520643088091e-09,1.02700217245725,0.293,0.105,5.57854195218453e-05,"SDHAP3",4.25347929655797,"Significant"
2.36836177356107e-09,0.159180911981315,0.622,0.312,5.60970169685675e-05,"IYD",4.25106023230062,"NS"
2.38954897565462e-09,0.284032050372833,0.707,0.373,5.65988570373554e-05,"DHRS4-AS1",4.24719233890681,"Significant"
2.39992225524821e-09,0.0419834429381902,0.526,0.241,5.68445585378091e-05,"ABCA13",4.2453111019544,"NS"
2.40914917040075e-09,0.324972149716223,0.629,0.296,5.70631072501122e-05,"SULT1C2P1",4.24364458345294,"Significant"
2.41895679637807e-09,0.150121739903886,0.69,0.343,5.7295410679011e-05,"PBLD",4.24188016331363,"NS"
2.42280410822216e-09,0.212951814776189,0.756,0.448,5.73865381073501e-05,"ACSL6",4.24118997365387,"NS"
2.42562874887002e-09,-0.124546492030686,1,1,5.74534425457354e-05,"MTRNR2L2",4.24068394375857,"NS"
2.55554883938845e-09,1.18313117939496,0.293,0.105,6.05307298097549e-05,"IRF8",4.21802408983371,"Significant"
2.56841074876982e-09,1.21706241215449,0.251,0.074,6.0835376995362e-05,"TMEM97",4.21584379629045,"Significant"
2.57399464406209e-09,0.440311828912242,0.779,0.466,6.09676371392547e-05,"FAM161A",4.21490063616175,"Significant"
2.57631086700629e-09,0.339183204978148,0.641,0.321,6.1022499195911e-05,"BMPR2",4.2145100096604,"Significant"
2.5833502167956e-09,0.406502494691865,0.894,0.605,6.11892332350206e-05,"LNX2",4.21332498893255,"Significant"
2.60793815815907e-09,1.07733731947753,0.164,0.028,6.17716232141557e-05,"MSRB2",4.20921098626651,"Significant"
2.61916090167843e-09,0.355961715320623,0.735,0.386,6.20374451171552e-05,"DPY19L1P1",4.207346096003,"Significant"
2.64263590844996e-09,0.107493832423639,0.678,0.34,6.25934741275458e-05,"SMA4",4.20347094311757,"NS"
2.69298739623377e-09,-0.178321619997211,0.948,0.932,6.3786099467193e-05,"RPL7A",4.19527395423247,"NS"
2.69410043133365e-09,0.335246280310503,0.77,0.41,6.38124628165688e-05,"SHISA2",4.19509449363172,"Significant"
2.70767202595021e-09,-0.534803360945352,0.671,0.769,6.41339196066567e-05,"DUSP4",4.19291221694346,"Significant"
2.72138206228526e-09,0.226241767079039,0.277,0.086,6.44586555272887e-05,"LINC00477",4.19071875720359,"NS"
2.72278978325512e-09,3.1448391636489,0.16,0.028,6.44919988061808e-05,"MS4A1",4.19049416272706,"Significant"
2.8118123173584e-09,0.0123252213513185,0.716,0.367,6.66005865489511e-05,"ZNF546",4.1765219459971,"NS"
2.81783051306722e-09,0.230808105942947,0.657,0.318,6.67431335325102e-05,"RPH3AL",4.1755934074515,"NS"
2.84460644243364e-09,0.163145713360627,0.484,0.207,6.73773481954833e-05,"LOC401557",4.17148608576706,"NS"
2.91491368955461e-09,0.112530492930431,0.716,0.392,6.90426456507904e-05,"PTPRB",4.16088257520819,"NS"
2.92265629925285e-09,0.103410381553852,0.749,0.386,6.92260371041031e-05,"C3orf70",4.15973052918708,"NS"
2.9275864270377e-09,-0.127102013887351,0.988,0.978,6.93428121108149e-05,"RPL3",4.15899855005422,"NS"
2.93011656480436e-09,0.323347975495387,0.561,0.272,6.94027409539561e-05,"SLC16A12",4.15862337741731,"Significant"
2.93118274423818e-09,0.35797777438759,0.845,0.481,6.94279944800256e-05,"ARL11",4.15846537973607,"Significant"
2.94361607524617e-09,0.145125481872378,0.683,0.349,6.97224903582807e-05,"DNAJC9-AS1",4.1566271090901,"NS"
2.97084050102426e-09,0.363536591949469,0.721,0.41,7.03673281072607e-05,"ZNF91",4.15262893910054,"Significant"
3.00509223695127e-09,0.444431057526268,0.81,0.481,7.11786147244279e-05,"ZCCHC4",4.1476504684731,"Significant"
3.01535372305137e-09,0.32769040551059,0.221,0.056,7.14216682841947e-05,"FAM138E",4.14617000967169,"Significant"
3.01858850954954e-09,0.343290696518951,0.8,0.444,7.14982874371905e-05,"ASB16-AS1",4.1457043605134,"Significant"
3.02149402524067e-09,0.386162702199143,0.263,0.08,7.15671074818505e-05,"VSIG10",4.14528653525297,"Significant"
3.04226386149807e-09,-0.102194275929784,1,0.997,7.20590618234433e-05,"ACTB",4.14231139649535,"NS"
3.07434293058817e-09,0.339256918915154,0.561,0.272,7.28188866539113e-05,"ZNF204P",4.13775596538778,"Significant"
3.14872441225399e-09,0.93282948877056,0.19,0.04,7.4580686428648e-05,"COQ7",4.12737362377972,"Significant"
3.1670648793121e-09,1.23497876589856,0.2,0.046,7.50150987313864e-05,"CYB5D1",4.12485131479806,"Significant"
3.1955172543426e-09,0.688461335949705,0.408,0.179,7.56890216863587e-05,"TAF11",4.12096710817222,"Significant"
3.27422119181432e-09,0.165466163410425,0.676,0.352,7.75532031493141e-05,"ZNF70",4.11040025998651,"NS"
3.2763124278055e-09,0.235844757794238,0.7,0.383,7.7602736165001e-05,"UNKL",4.1101229658499,"NS"
3.27726845029537e-09,0.25051899957735,0.413,0.173,7.76253805136962e-05,"USP28",4.10999625793171,"Significant"
3.28912103843398e-09,0.422207307715059,0.833,0.562,7.79061209163471e-05,"KLHL28",4.10842841940364,"Significant"
3.35052789746038e-09,0.0442767074732591,0.303,0.102,7.93606037792465e-05,"GAPT",4.10039503670824,"NS"
3.37286390080144e-09,-0.0102633378951797,0.589,0.275,7.98896543543828e-05,"PNMAL1",4.09750945782887,"NS"
3.4199908318081e-09,0.469883046684982,0.779,0.491,8.10059028422067e-05,"LEPR",4.09148333323996,"Significant"
3.42275208216053e-09,-0.377685792048395,0.702,0.781,8.10713058180543e-05,"GZMA",4.09113283173161,"Significant"
3.50519748992151e-09,0.179730314808779,0.472,0.207,8.30241077462808e-05,"KDM4B",4.08079578303399,"NS"
3.50571882211141e-09,0.166353479313319,0.615,0.306,8.3036456020531e-05,"LINC00641",4.08073119470241,"NS"
3.50582673764997e-09,0.168639260743067,0.793,0.469,8.30390121079771e-05,"MTF1",4.0807178261455,"NS"
3.58173866651433e-09,-0.151423878604322,0.486,0.213,8.48370620550584e-05,"KIAA1244",4.07141437970485,"NS"
3.58332823497181e-09,-0.15753199792816,0.514,0.235,8.48747125735422e-05,"POU6F1",4.07122168343823,"NS"
3.59307169269533e-09,0.230784459366603,0.702,0.364,8.51054961131816e-05,"ELOVL7",4.07004239227086,"NS"
3.59862754098972e-09,0.313112547821115,0.373,0.145,8.52370919358824e-05,"THNSL1",4.06937137568406,"Significant"
3.63552182071843e-09,0.286602980826702,0.742,0.41,8.61109698455368e-05,"LOC283731",4.06494151939519,"Significant"
3.69674026266881e-09,0.288181234935938,0.723,0.377,8.75609898615735e-05,"LOC340515",4.0576893374537,"Significant"
3.70612205352056e-09,0.15433653845284,0.624,0.293,8.7783206959688e-05,"HSD3B7",4.0565885572407,"NS"
3.74222970700129e-09,0.897554204352465,0.415,0.194,8.86384528400326e-05,"HIST2H2AA3",4.05237783304097,"Significant"
3.74222970700129e-09,0.897554204352465,0.415,0.194,8.86384528400326e-05,"HIST2H2AA4",4.05237783304097,"Significant"
3.7540029960374e-09,0.703288144634869,0.505,0.262,8.89173149641418e-05,"SPDYE8P",4.05101366016404,"Significant"
3.76897070194439e-09,0.328844624192888,0.631,0.318,8.92718400462547e-05,"RP1-177G6.2",4.04928551357722,"Significant"
3.77641726597854e-09,0.203700812407098,0.566,0.272,8.94482193619677e-05,"GSR",4.04842830047357,"NS"
3.83225435905964e-09,0.15294042403867,0.634,0.309,9.07707767486867e-05,"LOC401324",4.04205394817005,"NS"
3.84698561282344e-09,0.430345168931122,0.791,0.463,9.11197012253361e-05,"CTCFL",4.04038771294564,"Significant"
3.85087151101227e-09,-0.088710831521134,0.535,0.238,9.12117426098367e-05,"A2ML1",4.03994924695262,"NS"
3.8684921744188e-09,0.437052148261713,0.77,0.448,9.16291056432836e-05,"LOC100506083",4.03796655239693,"Significant"
3.90492359373961e-09,0.380053355840432,0.329,0.117,9.24920202413163e-05,"CADM2-AS2",4.03389573444643,"Significant"
3.96682576371003e-09,0.00518252166842892,0.359,0.133,9.39582350392357e-05,"LINC00102",4.02706514983313,"NS"
3.96746177217117e-09,0.481577719391789,0.383,0.157,9.39732995356463e-05,"DYX1C1",4.02699552418257,"Significant"
3.97263204113299e-09,0.301096406355369,0.723,0.395,9.4095762526276e-05,"DPYSL5",4.02642993398925,"Significant"
3.99132241000414e-09,0.507198313229864,0.81,0.503,9.4538462603358e-05,"FAM105B",4.02439146452842,"Significant"
3.99769752617691e-09,0.401899393808689,0.223,0.059,9.46894636050262e-05,"MUC22",4.0236983436237,"Significant"
4.01142421465186e-09,0.600881443173021,0.547,0.281,9.5014593948244e-05,"TAF1",4.02220968329628,"Significant"
4.01251083906812e-09,0.231662494961886,0.664,0.336,9.50403317341675e-05,"C8orf37",4.02209205647413,"NS"
4.03225803572228e-09,0.360986226425192,0.617,0.302,9.5508063834118e-05,"TFAMP1",4.01995995898364,"Significant"
4.06933982379351e-09,0.896880939460483,0.455,0.238,9.6386383066373e-05,"THADA",4.01598431647939,"Significant"
4.0834642687557e-09,2.25235234956479,0.15,0.022,9.67209346697476e-05,"SLITRK4",4.01447951529087,"Significant"
4.08646203526478e-09,0.254262084968629,0.383,0.151,9.67919397672816e-05,"SCG3",4.01416080653808,"Significant"
4.09067038064248e-09,0.42931007711919,0.822,0.552,9.68916186358978e-05,"DIP2A",4.01371378886884,"Significant"
4.10467110380197e-09,0.47027892116052,0.791,0.466,9.72232397646536e-05,"MAP3K9",4.01222991104929,"Significant"
4.11616472803207e-09,0.320657611335552,0.901,0.694,9.74954777481676e-05,"PER2",4.01101552824572,"Significant"
4.1885507402108e-09,0.107018122637468,0.345,0.13,9.92100128326331e-05,"UNC13A",4.00344449419144,"NS"
4.20316253641136e-09,0.371260154109408,0.754,0.472,9.95561078374394e-05,"XPR1",4.00193209054641,"Significant"
4.28992268734924e-09,0.22094131938748,0.418,0.173,0.000101611108772554,"SIGLEC14",3.99305880962208,"NS"
4.35809613528579e-09,0.180409563293247,0.526,0.244,0.000103225865060379,"C1QTNF2",3.98621146893401,"NS"
4.38970596341496e-09,0.163270562686757,0.655,0.336,0.000103974575449447,"P2RX7",3.98307284427718,"NS"
4.41467811914512e-09,0.386766059075795,0.96,0.772,0.000104566065930071,"EXPH5",3.98060923105543,"Significant"
4.43836394768521e-09,0.16237223205493,0.563,0.259,0.000105127088464872,"SEC14L5",3.97828536337229,"NS"
4.4671059499887e-09,0.0457442947640962,0.542,0.25,0.000105807871531432,"IRAK3",3.97548202194638,"NS"
4.4772978567315e-09,0.106748400105991,0.547,0.256,0.000106049277034542,"PARVA",3.97449228783558,"NS"
4.50556726386354e-09,0.371625236065194,0.779,0.454,0.000106718866211872,"LMX1B",3.97175879737565,"Significant"
4.51616913244373e-09,-0.283149696091661,0.329,0.12,0.000106969982071062,"SHROOM3",3.9707380769867,"Significant"
4.53993658487495e-09,0.214237236450034,0.566,0.262,0.000107532937949348,"LOC286184",3.96845848850552,"NS"
4.65256939714351e-09,-0.592398814149374,0.493,0.219,0.000110200758740741,"GEN1",3.95781541532287,"Significant"
4.8075042994917e-09,0.382475022235276,0.615,0.333,0.00011387054683776,"PIKFYVE",3.94358859374324,"Significant"
4.81504151341139e-09,0.0882203646636132,0.648,0.327,0.000114049073286662,"LOC400657",3.94290823926172,"NS"
4.89811918907116e-09,0.199122079002886,0.683,0.346,0.00011601685111234,"IFLTD1",3.93547892617314,"NS"
4.90969420641001e-09,-0.276537830922636,0.467,0.198,0.000116291016973027,"PLCD3",3.93445383152882,"Significant"
4.91605717857252e-09,-0.109329131637237,0.291,0.099,0.000116441730331669,"LRRC10",3.93389134954109,"NS"
4.96397298549715e-09,1.03602191360499,0.192,0.043,0.000117576664134486,"LINC00331",3.92967886570279,"Significant"
5.05420594205674e-09,-0.00809826127013791,0.7,0.361,0.000119713921943556,"ICK",3.92185534105823,"NS"
5.20012546358287e-09,0.365933556842093,0.366,0.145,0.000123170171730424,"ADAMTSL5",3.909494453059,"Significant"
5.22466878128823e-09,0.225525745065796,0.286,0.096,0.000123751504753593,"LOC100129213",3.90744951156846,"NS"
5.26150102914748e-09,0.266503981666677,0.676,0.352,0.000124623913376387,"GLB1L3",3.90439861537394,"Significant"
5.29094035383882e-09,0.359964576636512,0.81,0.491,0.000125321213221026,"STX16",3.90197540941237,"Significant"
5.29667483401278e-09,1.99002385206746,0.214,0.062,0.000125457040118427,"HIST2H2BE",3.90150496289623,"Significant"
5.31163321834747e-09,0.115253023566707,0.622,0.318,0.000125811344409778,"UTP14C",3.90028019678872,"NS"
5.3222616973897e-09,0.0671793305783184,0.631,0.315,0.000126063090564372,"MYOZ3",3.89941204991071,"NS"
5.33588116412393e-09,0.368849625368727,0.81,0.515,0.000126385681253439,"SRSF8",3.89830212625038,"Significant"
5.38959092409327e-09,0.314051785597762,0.425,0.179,0.000127657850628073,"LOC440028",3.89395247204961,"Significant"
5.39413779970332e-09,-0.209252461729239,0.376,0.148,0.000127765547923773,"EGF",3.89358623822549,"NS"
5.41715960944165e-09,0.320801263444078,0.812,0.457,0.000128310842509235,"WDR5B",3.89173664336808,"Significant"
5.57649173344141e-09,0.296010837778783,0.66,0.346,0.000132084783198293,"KLLN",3.87914721231483,"Significant"
5.61066716392061e-09,0.127584480799473,0.526,0.247,0.000132894262444623,"TMEM135",3.87649376881219,"NS"
5.62353057695562e-09,0.727762883340121,0.347,0.136,0.000133198945245771,"VN1R2",3.87549921417289,"Significant"
5.64266789153266e-09,0.160616607102519,0.664,0.333,0.000133652231678843,"MFSD4",3.87402378514751,"NS"
5.7809474161398e-09,0.354790559422014,0.735,0.407,0.000136927520498687,"ZKSCAN8",3.86350925603294,"Significant"
5.78757272142607e-09,0.219172380827624,0.763,0.392,0.000137084447479698,"LOC100128675",3.86301181404259,"NS"
5.83317266161379e-09,0.25354630464681,0.373,0.148,0.000138164527662984,"FLJ25363",3.85960344334136,"Significant"
5.84117803301042e-09,0.334523447514715,0.782,0.463,0.000138354142889885,"ZNF333",3.8590078317722,"Significant"
5.87312740815995e-09,0.333628916156233,0.692,0.352,0.000139110895789676,"CASP6",3.85663885278285,"Significant"
5.96993539467802e-09,0.361678548888085,0.845,0.503,0.000141403889758344,"FLJ43681",3.84953864374032,"Significant"
6.05426863985209e-09,0.0603374138824935,0.716,0.377,0.000143401407003537,"DHX33",3.84344658750452,"NS"
6.12055069277487e-09,0.192816004757536,0.575,0.278,0.000144971363709066,"VIPR2",3.83871777577439,"NS"
6.12176991116288e-09,0.574786605068103,0.397,0.167,0.000145000242115804,"DKFZp686O1327",3.83863127259627,"Significant"
6.12814322722487e-09,0.94354172246444,0.174,0.034,0.000145151200480048,"LOC440700",3.83817936796386,"Significant"
6.14301862767737e-09,0.22277156234899,0.904,0.58,0.000145503539215166,"TEP1",3.83712644280919,"NS"
6.16242440675306e-09,1.13081773522452,0.242,0.074,0.000145963184498353,"FLJ26245",3.83575667014313,"Significant"
6.20195867522393e-09,0.369917224590939,0.838,0.537,0.000146899593181354,"GBP6",3.83297940692818,"Significant"
6.22818918666546e-09,0.702663394240289,0.481,0.244,0.000147520889075358,"FRG1B",3.83114647888699,"Significant"
6.29135181935761e-09,0.298889267417489,0.803,0.469,0.000149016959193304,"ZNF286B",3.82676430296395,"Significant"
6.40838779936614e-09,0.297726467231904,0.617,0.318,0.000151789073415786,"TCEANC2",3.8187594901403,"Significant"
6.63472918792182e-09,0.00233294220389135,0.493,0.222,0.000157150195545116,"DHFR",3.8036850742448,"NS"
6.66089481715483e-09,0.132863672429531,0.641,0.327,0.000157769954639129,"C15orf52",3.80197569933206,"NS"
6.8008454070297e-09,0.936743510255954,0.319,0.123,0.000161084824310905,"NSUN5P1",3.79294537223427,"Significant"
6.89359216036026e-09,1.69701102348452,0.148,0.022,0.000163281623910293,"GABRA2",3.78706268901362,"Significant"
6.89461737626987e-09,0.509261317897192,0.862,0.599,0.000163305907174328,"SMAD5",3.78699810548492,"Significant"
6.90044594903236e-09,0.397412841770007,0.939,0.682,0.00016344396274878,"UCKL1-AS1",3.78663111664565,"Significant"
6.92140877496843e-09,0.369409880189558,0.934,0.747,0.000163940488243902,"TBXA2R",3.78531377584134,"Significant"
6.94702443167345e-09,0.261376171158339,0.718,0.386,0.000164547220688617,"ZNF491",3.78370944882868,"Significant"
7.00901450697595e-09,0.467776337025062,0.678,0.373,0.000166015517612232,"MYO5A",3.77985131618648,"Significant"
7.02820262799779e-09,0.115088129940555,0.601,0.302,0.000166470007446756,"ACACA",3.77866400103874,"NS"
7.0885154195175e-09,0.150317585742078,0.378,0.154,0.000167898576226692,"SLC22A9",3.77495298664642,"NS"
7.15436335522504e-09,-0.138640518179368,0.617,0.293,0.00016945825043186,"CLCN5",3.77093728177023,"NS"
7.1713834816635e-09,0.259420869828338,0.678,0.349,0.000169861389146682,"C11orf70",3.7699053285247,"Significant"
7.45862809074608e-09,0.294444269605483,0.758,0.398,0.000176665064957412,"CHDH",3.75284932257158,"Significant"
7.55900396873377e-09,0.297976124243934,0.575,0.281,0.000179042568003428,"CDK4",3.7470437016953,"Significant"
7.5621609138817e-09,-0.223642591755247,0.873,0.858,0.000179117343406202,"RPL36",3.74686236065604,"NS"
7.76286380479507e-09,0.186770334819927,0.676,0.355,0.000183871192080376,"DBR1",3.73548630828538,"NS"
7.84553149535653e-09,0.388048043770182,0.967,0.741,0.000185829258999015,"CXorf56",3.7308859048666,"Significant"
7.90856098121432e-09,0.0804003724537745,0.249,0.074,0.000187322175401042,"MYLK4",3.7274108073325,"NS"
7.96726677339311e-09,0.643133741258421,0.218,0.059,0.000188712680794589,"LOC644554",3.72419891587068,"Significant"
7.99787805308904e-09,-0.00668130391571164,0.369,0.148,0.000189437739565467,"GPR63",3.72253349707342,"NS"
8.08911776336779e-09,0.407156419533134,0.688,0.377,0.000191598843343129,"NEK8",3.7176071170279,"Significant"
8.20060742832114e-09,0.213811010447245,0.784,0.457,0.000194239587547214,"FMN1",3.7116622527947,"NS"
8.27090610036277e-09,0.0274483888103991,0.629,0.296,0.000195904681893192,"ADCY2",3.70795518475013,"NS"
8.29774082992108e-09,0.102899680974012,0.373,0.148,0.000196540289297511,"CDH17",3.70654840902369,"NS"
8.54476298320399e-09,0.237701315692845,0.704,0.367,0.00020239125602017,"NOL12",3.6938082544025,"NS"
8.55156836704694e-09,0.197842940370523,0.43,0.188,0.000202552448341874,"TSC22D1-AS1",3.69346250293737,"NS"
8.56693029041558e-09,0.193836108393824,0.721,0.389,0.000202916310858783,"GM2A",3.69268304201912,"NS"
8.65120855084331e-09,0.188075204841922,0.437,0.194,0.000204912525735275,"FTX",3.68843149356832,"NS"
8.66911453242965e-09,0.423428783398511,0.826,0.494,0.000205336646815129,"LOC100131089",3.68753353436409,"Significant"
8.67174058556916e-09,0.370762501082953,0.603,0.321,0.000205398847509791,"LRPPRC",3.68740199755248,"Significant"
8.75031099042825e-09,0.347064201228616,0.265,0.083,0.000207259866119283,"LOC646736",3.68348478671652,"Significant"
8.75551359622865e-09,0.347176744199911,0.725,0.398,0.000207383095040272,"SLC2A4",3.68322664828426,"Significant"
8.86812384902046e-09,0.157678782772161,0.624,0.309,0.000210050381487899,"ZNF253",3.67767652537122,"NS"
8.9454430071592e-09,0.754136033653482,0.223,0.062,0.000211881763067573,"RGR",3.6739064219582,"Significant"
8.96408028970693e-09,0.237991843181203,0.575,0.29,0.000212323205741998,"DNASE2",3.67300253727566,"NS"
9.04253042236314e-09,0.000307147416801268,0.312,0.111,0.000214181375584093,"LILRA5",3.66921829649538,"NS"
9.08964103375563e-09,0.411773152219713,0.857,0.583,0.000215297237525536,"CLEC4GP1",3.6669615425644,"Significant"
9.09064891546858e-09,0.653650017489754,0.211,0.056,0.000215321110211789,"THAP7-AS1",3.66691338959567,"Significant"
9.39893357574146e-09,0.399849886718251,0.878,0.614,0.000222623140675012,"SPATS2",3.65242969469526,"Significant"
9.54482073690044e-09,0.207903928795175,0.376,0.154,0.000226078623974224,"DNAJC21",3.64574049881744,"NS"
9.57417350820053e-09,0.406054503030439,0.859,0.593,0.000226773873715238,"ZNF681",3.64440698132625,"Significant"
9.84543381324339e-09,0.276646775500303,0.763,0.42,0.000233198945300483,"CEACAM5",3.63227341811206,"Significant"
9.87769436514471e-09,0.00320381236083467,0.347,0.133,0.000233963068732818,"DGCR11",3.63085269092904,"NS"
1.00409936254164e-08,0.198534275393721,0.596,0.293,0.000237830975011614,"CCDC114",3.62373158369305,"NS"
1.00593536258479e-08,0.397235807007084,0.669,0.336,0.000238265849981832,"LINC00483",3.62293819948003,"Significant"
1.00792537938945e-08,0.168138070712883,0.782,0.435,0.000238737205362186,"TP73-AS1",3.6220798942552,"NS"
1.02014046433825e-08,0.204800846255145,0.298,0.105,0.000241630470383157,"ARHGAP31",3.61684830065992,"NS"
1.03942448703355e-08,0.249795347065439,0.7,0.361,0.000246198083998766,"POM121L8P",3.60871533122599,"NS"
1.04381018399746e-08,0.376202873847481,0.854,0.546,0.000247236880181639,"CHM",3.60688674529558,"Significant"
1.05270903615137e-08,0.0673557516412728,0.634,0.309,0.000249344662302814,"SLC30A4",3.60319992424628,"NS"
1.06566832438307e-08,-0.00231071511688508,0.481,0.213,0.000252414199313374,"LOC100130894",3.59788621793032,"NS"
1.07054322820001e-08,0.252329120293567,0.725,0.37,0.000253568869031454,"LINC00167",3.5959040663966,"Significant"
1.11216486261156e-08,0.106615495980589,0.655,0.33,0.000263427369358175,"BRCA1",3.57933910506244,"NS"
1.11720579775706e-08,0.7027320289043,0.183,0.04,0.000264621365256737,"SULT1C2",3.57737509424332,"Significant"
1.11732271679444e-08,-0.117016866073539,1,1,0.000264649058699932,"MTRNR2L8",3.5773296463625,"NS"
1.1195746652619e-08,-0.173712749252287,0.937,0.91,0.000265182455213933,"ARPC2",3.57645521275531,"NS"
1.12589737928058e-08,0.385204376556759,0.869,0.583,0.000266680053256398,"DIS3",3.57400946681722,"Significant"
1.12647796493723e-08,0.190258027768887,0.746,0.414,0.000266817570775031,"ZNF99",3.57378557415813,"NS"
1.13405215703885e-08,0.371052472202275,0.749,0.42,0.000268611593916222,"GPR1",3.57087524607843,"Significant"
1.15530006557152e-08,0.85208584330026,0.401,0.176,0.00027364437353127,"KANK2",3.56281347706448,"Significant"
1.16327749614732e-08,0.260162939583426,0.819,0.481,0.000275533907737454,"PDSS2",3.55982494840156,"Significant"
1.1722235826354e-08,0.125384682111753,0.359,0.142,0.00027765287778302,"RFK",3.55649782084508,"NS"
1.17861808058098e-08,0.0504466477620045,0.502,0.222,0.00027916747856641,"LDLRAD1",3.55413517595502,"NS"
1.18257109328144e-08,0.408441057150619,0.786,0.46,0.000280103789154643,"ASB11",3.55268101613958,"Significant"
1.18958838225381e-08,-0.198825708654792,0.939,0.923,0.000281765904220639,"RPL13AP5",3.55011156092401,"NS"
1.20759363700404e-08,-0.559254063001044,0.678,0.731,0.000286030628860777,"DNAJA1",3.54358745906328,"Significant"
1.21118992023775e-08,0.150934994798148,0.61,0.302,0.000286882444507513,"CYP8B1",3.54229602716979,"NS"
1.21474191114578e-08,0.181033445755284,0.638,0.34,0.00028772376907399,"SREK1IP1",3.54102425923836,"NS"
1.21598859335713e-08,0.283120447225998,0.742,0.395,0.00028801905822257,"ZNF876P",3.54057877402184,"Significant"
1.22098078898247e-08,-0.0766884140466284,0.676,0.346,0.000289201509678387,"ATP7A",3.53879944428455,"NS"
1.22440671203557e-08,-0.146182440606595,0.96,0.932,0.000290012973812745,"NKG7",3.53758257337948,"NS"
1.23450791454339e-08,0.665666520391888,0.451,0.219,0.000292405544638748,"KLRC2",3.53401439647758,"Significant"
1.23987405867577e-08,0.0788755067560698,0.516,0.244,0.000293676569537942,"ZNF786",3.53213070150681,"NS"
1.23989742662371e-08,0.212162451800098,0.683,0.364,0.000293682104470093,"TOR4A",3.53212251642128,"NS"
1.24416854452841e-08,0.367907283144817,0.254,0.08,0.000294693761456998,"ATF5",3.53062905788431,"Significant"
1.24512406922525e-08,0.255873637704081,0.758,0.417,0.000294920087036692,"SMCR7L",3.53029564660011,"Significant"
1.24894646049366e-08,0.548436707910712,0.338,0.133,0.000295825458632529,"D21S2088E",3.52896445350394,"Significant"
1.25297198203724e-08,0.294443172098948,0.77,0.429,0.000296778943665341,"C5orf64",3.52756691530119,"Significant"
1.27223795242846e-08,0.303984681729457,0.81,0.451,0.000301342281412205,"HRH4",3.52093992808198,"Significant"
1.30268625243289e-08,-0.645756046117457,0.521,0.654,0.000308554265751254,"TOB1",3.51066844510302,"Significant"
1.31355935210032e-08,0.314216512017405,0.415,0.176,0.000311129668138481,"FKBP7",3.50705857425133,"Significant"
1.33755172883319e-08,0.39538522290735,0.873,0.611,0.00031681250249143,"STYX",3.49919768801721,"Significant"
1.33950005200642e-08,0.640802364696616,0.326,0.127,0.00031727398231824,"SPDYE3",3.49856554025037,"Significant"
1.36717590008894e-08,0.232089491658946,0.638,0.321,0.000323829283695067,"AGMO",3.48968388080769,"NS"
1.38396702213174e-08,-0.132171358736872,0.681,0.343,0.000327806428862124,"TOP3A",3.48438253340137,"NS"
1.38534751455667e-08,0.416316180007351,0.322,0.123,0.000328133412297893,"LINC00263",3.4839495451769,"Significant"
1.41631342454899e-08,-0.161348763364256,0.357,0.142,0.000335467997738675,"FAM161B",3.4743489034187,"NS"
1.42051505348637e-08,0.177835124243479,0.331,0.127,0.000336463195568781,"AIRE",3.47306243466606,"NS"
1.42399222400923e-08,0.677463847199733,0.34,0.139,0.000337286798178827,"POLE3",3.47200065729966,"Significant"
1.43039724564862e-08,0.490685325440626,0.768,0.608,0.000338803891604331,"FCRL3",3.47005160987445,"Significant"
1.45853661398546e-08,0.28843123884528,0.622,0.306,0.000345468982388596,"PNPLA1",3.46159093926572,"Significant"
1.46971020689033e-08,0.342811539296647,0.704,0.395,0.000348115559604044,"FLG2",3.45827656476755,"Significant"
1.4705022367442e-08,0.221345508228079,0.749,0.401,0.000348303159795231,"C20orf203",3.45804258561811,"NS"
1.48235500273303e-08,0.364418655614097,0.627,0.321,0.000351110605947345,"GAS7",3.45455605166584,"Significant"
1.48846397577831e-08,-0.0211491413699202,0.685,0.355,0.00035255757730285,"DISC1",3.45276994686284,"NS"
1.48882732809057e-08,0.341303782997163,0.838,0.534,0.000352643640931533,"FGD4",3.45266394319112,"Significant"
1.4901239588355e-08,0.15954631408581,0.643,0.321,0.000352950760889776,"LOC730227",3.45228587751706,"NS"
1.49857773752824e-08,0.254847789004484,0.669,0.358,0.000354953122910939,"SLC27A1",3.44982899850934,"Significant"
1.49960721520626e-08,0.240562532794102,0.775,0.46,0.000355196964993754,"SASH1",3.4495307537383,"NS"
1.51609090018931e-08,0.36808731521163,0.915,0.731,0.00035910129061884,"CMBL",3.44478303400611,"Significant"
1.51742620729431e-08,0.44878971670676,0.829,0.478,0.000359417571459729,"PKNOX1",3.44440069461309,"Significant"
1.52704220927393e-08,0.3916795658823,0.85,0.5,0.000361695217688624,"ZNF542",3.44165723341469,"Significant"
1.52706121127001e-08,0.568287905969508,0.207,0.056,0.000361699718501414,"LOXL1-AS1",3.44165182923487,"Significant"
1.5337870918463e-08,0.12945252061597,0.446,0.194,0.000363292810574714,"LOC285758",3.43974319657336,"NS"
1.53497259780701e-08,0.268027570368322,0.542,0.278,0.000363573609516569,"SIN3A",3.43940764815987,"Significant"
1.53979139080442e-08,0.31260272953046,0.491,0.235,0.000364714988825935,"FAM76A",3.43804638795952,"Significant"
1.54033315563054e-08,0.471753199040125,0.308,0.114,0.000364843311242649,"TMEM40",3.43789361136016,"Significant"
1.5427095577399e-08,0.4451222049311,0.322,0.12,0.000365406185846272,"FTH1P3",3.4372241048867,"Significant"
1.57220166375483e-08,0.415549902983587,0.845,0.556,0.000372391686076969,"MSH3",3.42900002353173,"Significant"
1.57769485175813e-08,0.198730401099395,0.505,0.231,0.00037369280258743,"WDR66",3.42748526668519,"NS"
1.58051401079035e-08,0.25378782866945,0.556,0.281,0.000374360548595802,"BAG5",3.42670992497109,"Significant"
1.58156105227696e-08,0.324172298389847,0.577,0.278,0.000374608550842321,"ADH4",3.42642231360987,"Significant"
1.58286510299745e-08,0.360881498236028,0.547,0.278,0.000374917428295976,"WHAMMP3",3.42606437062981,"Significant"
1.60429575404426e-08,0.210732979400168,0.751,0.417,0.000379993492302923,"NAIF1",3.42022384096511,"NS"
1.61155786636284e-08,0.176269135780762,0.533,0.25,0.000381713596226703,"ZNF497",3.41826237067424,"NS"
1.64810923443139e-08,1.22040176971869,0.192,0.046,0.000390371153267418,"TRIM7",3.40852228229544,"Significant"
1.64812682818792e-08,0.253279965018213,0.568,0.29,0.000390375320524591,"MYO1C",3.4085176461764,"Significant"
1.66790107324037e-08,0.217737212640932,0.617,0.315,0.000395059048207715,"LAMC2",3.40333798691988,"NS"
1.69236560703603e-08,0.489147292634823,0.857,0.596,0.000400853717682553,"RFC2",3.39701408422193,"Significant"
1.69470626452693e-08,0.0497437315539813,0.538,0.25,0.000401408125815848,"LOC100131551",3.39641384021609,"NS"
1.7024450615002e-08,0.39732745805993,0.812,0.531,0.000403241137266937,"SLC30A6",3.39443516908063,"Significant"
1.71220223310992e-08,0.294415542789864,0.829,0.531,0.000405552220934416,"AP5B1",3.39195321592028,"Significant"
1.73417180540529e-08,0.7894566780884,0.216,0.062,0.000410755933828297,"TLR8-AS1",3.38641615397867,"Significant"
1.73670037164322e-08,0.0254147866955874,0.587,0.293,0.000411354850027413,"USP13",3.38578337783335,"NS"
1.74590138196639e-08,0.374404594193498,0.718,0.41,0.00041353420133256,"GPR161",3.38348856631516,"Significant"
1.75312644770322e-08,0.000702016407536199,0.477,0.216,0.000415245530402984,"ZNF195",3.38169503348648,"NS"
1.75575183705785e-08,0.373901680859877,0.822,0.525,0.000415867380125523,"EPB41",3.38104514356167,"Significant"
1.77807180402375e-08,0.593517937288388,0.425,0.198,0.000421154087501065,"FBLN1",3.37555897991714,"Significant"
1.79777359761516e-08,0.276524561260378,0.629,0.324,0.000425820654331128,"CHST5",3.37077327703464,"Significant"
1.805611250584e-08,0.294481763291401,0.754,0.444,0.000427677080813325,"SLC35F1",3.36888402293235,"Significant"
1.81215932598023e-08,0.312623494161888,0.808,0.494,0.000429228057951677,"NPHS1",3.36731189664246,"Significant"
1.8336601648583e-08,0.267150503348999,0.749,0.441,0.000434320746648338,"ZBTB24",3.36218942474855,"Significant"
1.83895265968193e-08,0.102977468515946,0.493,0.228,0.000435574326972261,"ZNF283",3.36093772575478,"NS"
1.85486593074517e-08,-0.349532773138348,0.465,0.201,0.000439343544356302,"PLEKHG1",3.35719575066942,"Significant"
1.86245061903416e-08,0.211125810092311,0.613,0.306,0.00044114005362443,"PAQR8",3.35542350835547,"NS"
1.87332593848641e-08,0.133046083961361,0.587,0.302,0.00044371598178989,"BLOC1S5",3.35289492855601,"NS"
1.87522943621516e-08,0.126457808411926,0.843,0.509,0.000444166844261923,"SEMA4F",3.35245386337312,"NS"
1.89667561893228e-08,1.53220325088101,0.221,0.068,0.000449246587100301,"SULT1A1",3.3475152135159,"Significant"
1.9093428010706e-08,0.180905038429902,0.261,0.083,0.000452246935861583,"LOC100132078",3.34462436696215,"NS"
1.96628254434701e-08,0.345325930246018,0.796,0.46,0.000465733683454033,"ABHD15",3.33186235126802,"Significant"
1.98644928837529e-08,-0.0949528017508734,0.364,0.145,0.000470510378444572,"SYTL4",3.3274307925311,"NS"
2.00818101178719e-08,0.177097723064898,0.721,0.37,0.000475657754451913,"ACBD4",3.32270541873595,"NS"
2.03875063662094e-08,0.528266940586592,0.251,0.08,0.000482898475790036,"SULT1E1",3.31614416539489,"Significant"
2.05382131125674e-08,0.415870042589293,0.728,0.407,0.000486468115784271,"DLX6-AS1",3.31294561910113,"Significant"
2.06304897718624e-08,0.430024449844806,0.885,0.605,0.000488653780736332,"FAM114A1",3.3109987367247,"Significant"
2.06580026327976e-08,0.262351373692326,0.751,0.42,0.000489305450360443,"SIRT5",3.3104199466184,"Significant"
2.0828848224567e-08,0.303520417078953,0.298,0.111,0.000493352099047094,"WDPCP",3.30684301968092,"Significant"
2.08583919032601e-08,0.220312888572605,0.669,0.352,0.000494051870620619,"SPIRE2",3.30622745200408,"NS"
2.08728350345803e-08,0.454420164569121,0.843,0.537,0.00049439397062907,"AP4B1-AS1",3.30592683431587,"Significant"
2.11154040284163e-08,0.00614737364164952,0.392,0.16,0.000500139459817069,"MINOS1P1",3.30090887929606,"NS"
2.13029989339298e-08,0.402559760031001,0.737,0.429,0.000504582832749062,"SLC25A45",3.29706752942126,"Significant"
2.14414823286975e-08,-0.230716420454512,0.599,0.306,0.000507862950437528,"LOC100216546",3.2942534686194,"NS"
2.1445138772961e-08,0.335219776217133,0.723,0.41,0.000507949556976355,"RPL23AP53",3.29417941412268,"Significant"
2.14612836716645e-08,0.314297726949503,0.718,0.392,0.000508331965047045,"CXCL16",3.29385258003355,"Significant"
2.15892507609126e-08,0.933770725401157,0.216,0.062,0.000511362993522977,"SLC7A2",3.29127070433137,"Significant"
2.16030304349594e-08,0.14186365868802,0.291,0.102,0.000511689378882448,"NHEG1",3.29099359756886,"NS"
2.18836843712071e-08,0.0386505607174499,0.566,0.278,0.000518336948016411,"MRS2P2",3.28538783274309,"NS"
2.19457254279912e-08,-0.0435286237626547,0.723,0.404,0.000519806452487399,"HELZ2",3.28415833379561,"NS"
2.20620643727317e-08,1.81507789793606,0.195,0.052,0.000522562056732523,"CSDA",3.2818621276166,"Significant"
2.26333478406306e-08,0.286311496304712,0.822,0.512,0.000536093476953178,"C1QTNF6",3.27075947712551,"Significant"
2.27728207792254e-08,0.285032146945545,0.728,0.383,0.000539397032976733,"ATP8B1",3.26809144676962,"Significant"
2.28425046226062e-08,0.333462227152863,0.716,0.398,0.00054104756449105,"TMEM38A",3.26676455358479,"Significant"
2.2988810060925e-08,0.932555930074431,0.129,0.015,0.000544512955103069,"AOX2P",3.26399178301042,"Significant"
2.30016607623934e-08,0.509886334210501,0.538,0.269,0.000544817336818051,"REEP3",3.26374908104275,"Significant"
2.30244692653316e-08,0.0697768898380024,0.671,0.343,0.000545357579018645,"CDKN2AIPNL",3.26331864694927,"NS"
2.30939017959458e-08,-0.132745552248706,0.214,0.059,0.000547002157938773,"HCN1",3.26201096035934,"NS"
2.34721320639861e-08,0.268293237182667,0.62,0.318,0.000555960920067575,"MCAM",3.25495573502856,"Significant"
2.35237015690454e-08,-0.276525675552238,0.491,0.225,0.000557182395364409,"FAM212B",3.2540026139223,"Significant"
2.35379907929244e-08,0.258234370820559,0.512,0.244,0.000557520849921208,"GCM1",3.25373888642077,"Significant"
2.39059921176355e-08,0.411834758047904,0.242,0.074,0.000566237329298313,"CLEC17A",3.24700150308488,"Significant"
2.3906008324993e-08,0.0580194523119877,0.514,0.241,0.000566237713185784,"PTGES",3.24700120864977,"NS"
2.39102040754628e-08,0.304013843813823,0.441,0.198,0.000566337093731413,"ERBB3",3.2469249921872,"Significant"
2.39599121701226e-08,0.335695399951282,0.751,0.448,0.000567514479661524,"LOC100506990",3.24602305332977,"Significant"
2.3964752554229e-08,1.010015753598,0.246,0.08,0.000567629128999468,"OSCAR",3.24593532597155,"Significant"
2.41462906849225e-08,1.51306076405579,0.148,0.025,0.000571929041163073,"CA12",3.24265785047789,"Significant"
2.415589743399e-08,-0.0253118728509367,0.782,0.463,0.000572156586621487,"RAB22A",3.24248509813161,"NS"
2.43173575915086e-08,-0.304690418561481,0.812,0.836,0.000575980931912473,"RPS21",3.23959189383767,"Significant"
2.45636668708574e-08,0.45522054257291,0.23,0.068,0.000581815013503128,"TDRD1",3.2352150761494,"Significant"
2.49162058098724e-08,1.1478520267379,0.176,0.04,0.000590165250812637,"MECOM",3.22902636553177,"Significant"
2.52587171918744e-08,0.4034582424938,0.878,0.59,0.000598277975406738,"PTPRG-AS1",3.22309698468157,"Significant"
2.5854021804606e-08,0.463293652585933,0.519,0.256,0.000612378360463899,"UAP1L1",3.21298016431141,"Significant"
2.61665739419479e-08,0.326671614470636,0.261,0.086,0.000619781470388979,"CYP3A4",3.20776141200786,"Significant"
2.63089171535515e-08,0.297970404239707,0.373,0.151,0.000623153011699022,"NHLRC1",3.2054053016917,"Significant"
2.63338109735046e-08,0.07587107019837,0.239,0.074,0.00062374264671843,"FP588",3.20499456122175,"NS"
2.63360133260739e-08,0.410454490260657,0.793,0.451,0.000623794811641386,"ZNF114",3.2049582417701,"Significant"
2.68101035138405e-08,0.237898346454629,0.573,0.275,0.000635024111828825,"AKR1B10",3.19720978425857,"NS"
2.69012771457974e-08,0.141911935531289,0.765,0.435,0.000637183650475358,"FAM117B",3.19573537631006,"NS"
2.69237497312706e-08,0.27030704132709,0.352,0.145,0.000637715936134875,"ZNF85",3.19537273012116,"Significant"
2.69412584785998e-08,-0.247956179921539,0.876,0.914,0.000638130648324116,"NACA",3.19509039645518,"NS"
2.74944013232915e-08,0.382016342333575,0.376,0.157,0.000651232389743483,"LOC100507584",3.18626400747842,"Significant"
2.77000442045727e-08,-0.150876922888976,0.979,0.988,0.00065610324702951,"GAPDH",3.18302781293084,"NS"
2.77114452727594e-08,-0.172024641090949,0.472,0.201,0.000656373292730578,"GPR110",3.18284909833148,"NS"
2.78364283463432e-08,0.836447880266049,0.425,0.219,0.000659333641811485,"CADM1",3.18089476426791,"Significant"
2.81322305003334e-08,0.920169690113354,0.251,0.083,0.000666340011630897,"TAS2R20",3.17630410792534,"Significant"
2.82725845498522e-08,0.375431279586744,0.915,0.704,0.000669664437647799,"EYA3",3.17414276354464,"Significant"
2.86035114298809e-08,0.225686978313381,0.7,0.386,0.000677502771728158,"C19orf35",3.16908892370997,"NS"
2.87527465594452e-08,0.331936263527886,0.873,0.602,0.000681037555007019,"SCN11A",3.16682893877354,"Significant"
2.88821174952374e-08,0.0929060488118996,0.272,0.096,0.000684101834992192,"SLC12A3",3.1648792446494,"NS"
2.89290765880018e-08,0.348268171994392,0.836,0.509,0.000685214108063411,"RAB3IP",3.16417370380487,"Significant"
2.91958587687436e-08,0.0167122484195426,0.669,0.358,0.000691533110796461,"FBXO9",3.16018702091702,"NS"
2.91990214081057e-08,-0.179534223866573,0.92,0.923,0.000691608021072392,"GNB2L1",3.16013997854549,"NS"
2.92464460584551e-08,0.264857268366834,0.507,0.241,0.000692731321340567,"CGREF1",3.15943517561153,"Significant"
2.93247337075725e-08,-0.0732427523742691,0.542,0.253,0.000694585642597562,"CD36",3.15827419799775,"NS"
2.95094281539756e-08,0.0864123418421845,0.662,0.352,0.000698960315255066,"KCNJ3",3.15554748141455,"NS"
2.95233202345795e-08,0.294947151935698,0.474,0.222,0.00069928936307625,"MT1IP",3.15534307778353,"Significant"
2.96214804702695e-08,0.247339316178486,0.303,0.111,0.000701614386418804,"ALG1L",3.15390151445638,"NS"
2.97819058117417e-08,0.226214879066493,0.634,0.33,0.000705414221056913,"LOC728613",3.15155578926126,"NS"
2.99772757251036e-08,0.27677777968812,0.723,0.417,0.000710041752824805,"SH2B3",3.14871611256506,"Significant"
3.01718691771854e-08,0.132422086028381,0.674,0.349,0.000714650893330814,"IDNK",3.14590605907438,"NS"
3.02850743417278e-08,0.254207312267928,0.73,0.395,0.000717332270858165,"LOC100134868",3.14427963097918,"Significant"
3.03494929558953e-08,0.17207192271499,0.491,0.238,0.000718858090153335,"CISD2",3.14335683527246,"NS"
3.03738891043877e-08,0.391507163854483,0.488,0.231,0.000719435937326526,"STAG3L1",3.14300787205992,"Significant"
3.066874678789e-08,0.372236264571967,0.798,0.469,0.000726419936417963,"MORN4",3.13881224521729,"Significant"
3.06784812445721e-08,0.285036867660779,0.756,0.42,0.000726650506758934,"CYP2B6",3.13867441923909,"Significant"
3.08041279475323e-08,0.141355915496711,0.345,0.142,0.000729626574565249,"LDHAL6A",3.13689935645477,"NS"
3.10744846656337e-08,2.444365488646,0.113,0.009,0.0007360302437902,"MSR1",3.13310433995416,"Significant"
3.12643853053747e-08,0.648466474680879,0.169,0.037,0.000740528230343106,"HEATR8-TTC4",3.1304583806964,"Significant"
3.21699758742831e-08,0.0126964287494693,0.556,0.262,0.00076197804855827,"ISLR2",3.11805753985112,"NS"
3.24552456675296e-08,0.270399311463629,0.775,0.475,0.000768734948881106,"RBL1",3.11422337421734,"Significant"
3.34049211705205e-08,0.317143263897615,0.69,0.395,0.000791228962844948,"RASA4",3.10169782382048,"Significant"
3.37624852583166e-08,0.484729859354154,0.491,0.238,0.000799698225828488,"DDX19A",3.09707386748624,"Significant"
3.41818922380341e-08,0.178896032402824,0.629,0.321,0.000809632299550076,"DZANK1",3.09171217437217,"NS"
3.4497563501239e-08,-0.00189211255851918,0.427,0.185,0.000817109289090348,"BREA2",3.08771985231143,"NS"
3.45736880105091e-08,0.515151523485359,0.373,0.164,0.000818912374216917,"BTN2A3P",3.08676256640809,"Significant"
3.48229846137734e-08,0.44380766448021,0.88,0.593,0.000824817213561836,"LOC100128531",3.08364228410074,"Significant"
3.48581063497559e-08,0.330960318748826,0.735,0.42,0.000825649107000319,"URB1",3.08320448448501,"Significant"
3.48688981762837e-08,0.393646369904213,0.261,0.09,0.000825904722203456,"ITPK1-AS1",3.0830700507522,"Significant"
3.48694322931377e-08,0.393955864128126,0.85,0.546,0.000825917373295259,"SMIM17",3.08306339834165,"Significant"
3.52534374480438e-08,0.251612761870358,0.737,0.407,0.000835012919394366,"GPX8",3.07830680502146,"Significant"
3.5568072177487e-08,0.400571806307443,0.869,0.586,0.000842465357595956,"LOC100287314",3.07444794839637,"Significant"
3.5645205067862e-08,0.0859537248333888,0.493,0.235,0.00084429232723738,"MEGF8",3.07350715749168,"NS"
3.58869255821968e-08,0.24135462792922,0.768,0.438,0.000850017719339913,"MCF2L2",3.07057202095472,"NS"
3.61866126920327e-08,-0.133189041111643,0.972,0.96,0.000857116108223486,"UBC",3.06696034290152,"NS"
3.62902532156797e-08,0.611635275567065,0.275,0.096,0.000859570937666588,"C2orf54",3.06571827655007,"Significant"
3.66761699946564e-08,0.059990788479686,0.312,0.12,0.000868711762493432,"NCAPH",3.06112429803184,"NS"
3.6776531216354e-08,-0.0485018237387642,0.627,0.309,0.000871088918390562,"LDB3",3.05993751112856,"NS"
3.6868978751449e-08,0.10504078433116,0.378,0.16,0.000873278630706821,"A1CF",3.05884716697958,"NS"
3.69236989026647e-08,0.144054884934907,0.653,0.333,0.000874574732208517,"SSTR2",3.05820307423668,"NS"
3.70812753432922e-08,0.533374155081315,0.256,0.09,0.00087830708778122,"FKRP",3.05635361255488,"Significant"
3.7145368882091e-08,-0.0218771353173264,0.711,0.386,0.000879825207341208,"RAB3D",3.05560359947172,"NS"
3.71807662206052e-08,0.377006950117546,0.826,0.546,0.000880663628701255,"ZNF788",3.0551899395947,"Significant"
3.72471152137763e-08,0.807232108993989,0.195,0.052,0.000882235170953506,"CLEC4C",3.05441563274378,"Significant"
3.74693405631537e-08,0.296067191148259,0.472,0.219,0.000887498800578858,"LINC00620",3.05183222520508,"Significant"
3.75121749171251e-08,0.30340688663118,0.761,0.444,0.000888513375087026,"RBBP9",3.05133603023035,"Significant"
3.7877011979937e-08,0.522388409089264,0.542,0.293,0.000897154905756787,"PVT1",3.04713256374842,"Significant"
3.82680790515126e-08,0.191158361820543,0.805,0.491,0.000906417720414127,"DCTN5",3.0426716126296,"NS"
3.83343112348397e-08,0.240069769339165,0.761,0.454,0.000907986495908413,"KIAA0754",3.04192061050543,"NS"
3.86282722500945e-08,0.235084463014635,0.42,0.188,0.000914949256515737,"ZNF425",3.03860299142678,"NS"
3.88775254566803e-08,0.323064475937994,0.84,0.531,0.00092085306796693,"C17orf103",3.03580966064119,"Significant"
3.88815329896602e-08,-0.183427438677483,0.27,0.093,0.000920947990393092,"TGFBR3",3.03576489545253,"NS"
3.92791639789184e-08,0.500876117841233,0.737,0.457,0.000930366278004661,"BMS1P2",3.03134603940376,"Significant"
3.9657686115992e-08,0.156038257728424,0.615,0.302,0.000939331953343386,"KLHL7-AS1",3.02718090397591,"NS"
3.98399410294988e-08,0.162272756115698,0.749,0.417,0.000943648843224707,"SAMD5",3.02518958814042,"NS"
4.07020041300024e-08,0.404257340455022,0.425,0.185,0.000964067669823238,"ZNF74",3.01589248103558,"Significant"
4.08408059147753e-08,0.111359879088994,0.373,0.16,0.000967355328897369,"GTF2H2",3.01441397159022,"NS"
4.09350605531683e-08,0.147662383060743,0.671,0.352,0.000969587844262345,"TFAM",3.01341283790023,"NS"
4.14446817448755e-08,0.195001904911565,0.8,0.475,0.000981658731809121,"SLC26A2",3.00803946603332,"NS"
4.15947638070308e-08,0.367869026570005,0.819,0.543,0.000985213575533332,"FTO",3.00646961252661,"Significant"
4.16334824531075e-08,0.368196046799154,0.777,0.454,0.000986130665384305,"LOC100506394",3.00606553587459,"Significant"
4.18835896322998e-08,0.243414963640557,0.531,0.259,0.000992054704030654,"GNG7",3.00346437925347,"NS"
4.20935068803556e-08,-0.22696416801413,0.866,0.858,0.000997026803968102,"RPL35",3.00129316600232,"NS"
4.23065046188308e-08,0.39050448603644,0.836,0.531,0.00100207186840163,"ATP6V1A",2.99910112983508,"Significant"
4.24824949318252e-08,0.316818024253775,0.718,0.414,0.00100624037495521,"CEP44",2.9972982607844,"Significant"
4.35354288628088e-08,0.470656385101133,0.857,0.562,0.00103118016804449,"EVI5",2.98666544805154,"Significant"
4.41626323162497e-08,-0.248071875825775,0.852,0.784,0.00104603610904269,"RPL21P28",2.98045332341586,"NS"
4.44546336103915e-08,0.409523746038383,0.791,0.497,0.00105295245169573,"ZNF100",2.97759123986143,"Significant"
4.47019840958756e-08,0.350447796815741,0.866,0.58,0.00105881119529491,"DGKB",2.97518147535227,"Significant"
4.48616722051451e-08,0.35509407689143,0.784,0.463,0.00106259356785107,"SLC25A53",2.9736328173132,"Significant"
4.55817448861303e-08,0.261248779508181,0.742,0.407,0.00107964920937288,"ZKSCAN7",2.96671732893948,"Significant"
4.56428567843924e-08,0.250836395891557,0.69,0.383,0.00108109670579512,"LSG1",2.96613545598683,"Significant"
4.58233250647004e-08,0.390523706178507,0.894,0.645,0.00108537127748249,"PCDH11X",2.96442167547435,"Significant"
4.61610912190651e-08,0.301140302826698,0.777,0.438,0.00109337160661478,"CD300LG",2.96123220833968,"Significant"
4.67749662742776e-08,0.500264682189743,0.246,0.083,0.00110791185117254,"ATMIN",2.95549479201937,"Significant"
4.77857006256463e-08,0.288459283992567,0.556,0.29,0.00113185210501906,"ADAMTS17",2.94621031711443,"Significant"
4.8162836278552e-08,0.355851836116491,0.92,0.731,0.00114078494009378,"IL17RD",2.94279622072971,"Significant"
4.8553617712274e-08,0.384446965793955,0.838,0.565,0.00115004098913292,"OLFML2A",2.93928668048377,"Significant"
4.85782862223743e-08,0.0986251090499534,0.681,0.367,0.00115062528746316,"IL21R-AS1",2.93906608565118,"NS"
4.96380299179265e-08,0.415828317159512,0.667,0.352,0.00117572637663601,"LOC642236",2.9296937385863,"Significant"
4.9727202053652e-08,-0.115236636546683,0.523,0.247,0.0011778385078428,"LOC100505648",2.9289142511114,"NS"
5.04191816951853e-08,0.319114426470369,0.197,0.052,0.00119422873763216,"STXBP5-AS1",2.92291248227088,"Significant"
5.08663856951026e-08,0.642176878436617,0.357,0.151,0.0012048212115742,"HHLA3",2.91907739507055,"Significant"
5.11008299643201e-08,0.416161579102863,0.737,0.435,0.00121037425853489,"ZNF493",2.91708032118376,"Significant"
5.14672996965468e-08,-0.181263667648023,0.958,0.938,0.00121905446061241,"PPIA",2.91397689207225,"NS"
5.15209719547093e-08,0.231093415309068,0.953,0.793,0.00122032574171924,"FOXK1",2.91352422756419,"NS"
5.21235983577679e-08,0.353455858995702,0.613,0.327,0.00123459955070209,"ZNF563",2.90847388541819,"Significant"
5.21873025378973e-08,0.109629739368766,0.667,0.358,0.00123610844791264,"E2F2",2.9079434254738,"NS"
5.24308782966946e-08,0.362317587513408,0.899,0.679,0.00124187778333551,"KDELC2",2.90592114219058,"Significant"
5.27802519862097e-08,0.667479924739692,0.293,0.114,0.00125015304854536,"LOC155060",2.90303681573602,"Significant"
5.28290127847569e-08,0.0743667880242543,0.751,0.438,0.00125130799681975,"PHF17",2.90263577995013,"NS"
5.29684047865575e-08,0.381205186639306,0.859,0.546,0.0012546096357744,"TRIM65",2.90149138127535,"Significant"
5.29838412938043e-08,-0.119996039702058,0.948,0.926,0.00125497526488505,"UBB",2.90136483388796,"NS"
5.30732601022206e-08,-0.0845591216105008,0.629,0.343,0.0012570932387812,"PGAP1",2.900632509437,"NS"
5.31323038551638e-08,0.598840841087866,0.155,0.031,0.00125849174911341,"MRAP2",2.90014962741499,"Significant"
5.38979437183101e-08,0.236679450840138,0.291,0.108,0.00127662669491189,"RAX2",2.89393607849331,"NS"
5.39012441514644e-08,0.129426043226626,0.655,0.336,0.00127670486897159,"PRR23A",2.89390948534478,"NS"
5.42292563761787e-08,-0.0400560308744879,0.667,0.33,0.00128447416652617,"NLRP8",2.89127462588417,"NS"
5.51365375128223e-08,0.433937992555221,0.549,0.296,0.00130596402752871,"LOC349196",2.88406878543533,"Significant"
5.52204601939309e-08,0.945744811080695,0.251,0.086,0.00130795182015345,"NDUFB2-AS1",2.88340825343291,"Significant"
5.57617211763087e-08,0.368187644774066,0.869,0.546,0.00132077212778205,"BVES",2.87917210455309,"Significant"
5.60127441983577e-08,-0.0271966836043003,0.472,0.216,0.0013267178590823,"DNAJC30",2.87722142474043,"NS"
5.60864858617757e-08,0.0568707515177163,0.824,0.488,0.00132846450412202,"GDAP2",2.8766500452205,"NS"
5.62445262968925e-08,0.467551392113383,0.232,0.074,0.0013322078498682,"WDR31",2.87542801164568,"Significant"
5.66617764278367e-08,-0.0105394030026335,0.566,0.278,0.00134209083646974,"UBAP1",2.87221808890436,"NS"
5.67147051164139e-08,0.294623276622438,0.697,0.377,0.00134334450538738,"CEACAM8",2.87181259671162,"Significant"
5.68493358859804e-08,0.0507596161267487,0.624,0.324,0.00134653336979533,"ZBED1",2.87078287943153,"NS"
5.69583745420548e-08,0.336299034444933,0.758,0.42,0.00134911605940311,"C19orf54",2.86995068799285,"Significant"
5.7045794256697e-08,0.00637672338952722,0.582,0.293,0.00135118668276412,"NDUFAF1",2.86928464380306,"NS"
5.73432768297968e-08,-0.254492663823154,0.415,0.185,0.00135823285499057,"FREM2",2.86702576837043,"Significant"
5.7415485795819e-08,1.82244813513834,0.134,0.022,0.00135994319655977,"PFKFB2",2.86647923128849,"Significant"
5.7520494445414e-08,0.229048798129572,0.843,0.531,0.00136243043143408,"ASB8",2.86568566447566,"NS"
5.75756118729955e-08,2.59337547895198,0.122,0.015,0.00136373594282377,"FAM184A",2.86526971301994,"Significant"
5.76987304270694e-08,0.401471192180657,0.878,0.627,0.00136665212889556,"DNAJC27-AS1",2.86434201778579,"Significant"
5.83851354413042e-08,0.307222049274327,0.847,0.522,0.00138291031806273,"PDE12",2.85920598303845,"Significant"
5.84175630545395e-08,-0.0283143628942653,0.31,0.12,0.00138367839850982,"TMEM67",2.85896483905749,"NS"
5.8668577599965e-08,0.336609949188869,0.732,0.389,0.00138962392903277,"HERC2P7",2.85710271603663,"Significant"
5.87764380949065e-08,0.190072773286109,0.754,0.404,0.00139217871271596,"CRYM-AS1",2.85630501115897,"NS"
5.88479443369969e-08,0.307126399347151,0.46,0.222,0.00139387240956611,"FBXO17",2.8557769782878,"Significant"
5.92096292868106e-08,0.114874208692997,0.718,0.373,0.0014024392792874,"FLJ30838",2.85311593309589,"NS"
5.99231086443472e-08,0.126192101945207,0.709,0.373,0.00141933875135001,"EREG",2.84791393978956,"NS"
5.99434922340504e-08,0.395627132812505,0.812,0.506,0.00141982155705572,"FAM153C",2.84776623424774,"Significant"
6.06220898883187e-08,0.386440902728423,0.815,0.512,0.00143589482109472,"CXorf36",2.8428773708814,"Significant"
6.07100148799076e-08,0.363297210088721,0.305,0.117,0.00143797741244549,"ZNF441",2.84224793573848,"Significant"
6.08031373950177e-08,0.0612672869663342,0.599,0.312,0.00144018311233839,"RNF8",2.8415822859448,"NS"
6.11567570531166e-08,0.363010269916035,0.847,0.512,0.00144855894756012,"ARIH2OS",2.83906382695026,"Significant"
6.13612218888765e-08,0.37682127825725,0.869,0.593,0.00145340190165993,"GGT6",2.83761427590286,"Significant"
6.1705460589914e-08,0.173510197169586,0.657,0.352,0.0014615555395327,"SOX7",2.8351846766772,"NS"
6.19787900926266e-08,0.21846301655858,0.779,0.457,0.00146802962213395,"MESDC2",2.83326518106877,"NS"
6.2779002195085e-08,0.330646043727431,0.174,0.04,0.00148698344599278,"SPANXA2-OT1",2.82769386628235,"Significant"
6.31803340350739e-08,0.316134017129437,0.817,0.515,0.00149648939195476,"ZNF250",2.8249263573616,"Significant"
6.33952844170715e-08,0.318283196449739,0.876,0.565,0.00150158070670276,"SLC7A11",2.82345132045221,"Significant"
6.36095862638846e-08,0.422766474292685,0.73,0.401,0.00150665666024637,"ALKBH4",2.821985704254,"Significant"
6.41923172904068e-08,0.251279993419355,0.671,0.373,0.00152045922734057,"LOC652276",2.81802522141161,"Significant"
6.42722363917426e-08,0.315871254194182,0.772,0.435,0.00152235219117481,"LOC286190",2.81748486334097,"Significant"
6.43577534851575e-08,0.425170743348323,0.615,0.346,0.00152437774904944,"SSBP2",2.81690739913864,"Significant"
6.6981655803299e-08,-0.254351138002995,0.939,0.901,0.00158652749935694,"RPL36A",2.79955239585133,"Significant"
6.80391738338199e-08,-0.258198260057505,0.803,0.812,0.00161157587142786,"COX4I1",2.79274924350765,"Significant"
6.81078274853644e-08,0.279396428397727,0.908,0.602,0.00161320200181834,"PCDHA9",2.79231124774915,"Significant"
6.86244971406294e-08,0.387983091002649,0.887,0.664,0.00162543983927295,"IAPP",2.78902909996379,"Significant"
6.90265166208547e-08,0.0238284257381647,0.136,0.022,0.00163496207268156,"LOC100507351",2.78649231750899,"NS"
6.91530643748394e-08,0.338918516679268,0.758,0.441,0.00163795948278245,"C6orf123",2.78569684532385,"Significant"
6.92337042101806e-08,0.035411571801893,0.629,0.327,0.00163986951792234,"TIMM50",2.78519070676983,"NS"
6.92705375757054e-08,0.125729634610111,0.784,0.441,0.00164074195301816,"KCNMB4",2.78495971705329,"NS"
6.94097432949067e-08,-0.329628937533572,0.552,0.269,0.00164403917968316,"UHRF1BP1",2.78408783684618,"Significant"
6.95943877133182e-08,0.294392765471918,0.784,0.475,0.00164841266737766,"RAB5B",2.78293405675903,"Significant"
6.96520051394166e-08,-0.111928492794745,0.986,0.978,0.00164977739373222,"CD74",2.78257465166233,"NS"
7.08490887493227e-08,0.270007452128437,0.263,0.093,0.00167813151611646,"ZNF763",2.77517400626926,"Significant"
7.10701468382839e-08,0.177816943908152,0.754,0.435,0.00168336749801159,"PDE6B",2.77382106231545,"NS"
7.12699557016132e-08,0.132209816144312,0.613,0.321,0.00168810017074841,"RAD23B",2.77260178619821,"NS"
7.16316443696034e-08,0.027046010940227,0.547,0.269,0.00169666712853842,"MICB",2.77040335415796,"NS"
7.19217087897937e-08,0.0321693416994928,0.624,0.318,0.00170353759439505,"ADCY1",2.76864827779428,"NS"
7.21791877048814e-08,0.0798866759370687,0.603,0.315,0.00170963623997782,"SKIL",2.76709628479837,"NS"
7.2622499486187e-08,0.409427330632813,0.88,0.596,0.00172013652282983,"PLAC8",2.76443708288391,"Significant"
7.34059692333129e-08,0.0730810725630717,0.615,0.302,0.00173869378726025,"TMEM220",2.75977689770576,"NS"
7.35348266141581e-08,0.604796126821712,0.333,0.142,0.00174174590318295,"LOC284412",2.75901520231033,"Significant"
7.62550427406804e-08,1.4250398885736,0.141,0.025,0.00180617694235576,"LOC401074",2.74323970622377,"Significant"
7.64173488633116e-08,-0.0773824794028739,0.453,0.207,0.0018100213251764,"LINC00648",2.74231630836182,"NS"
7.64212767901298e-08,0.264947409466359,0.871,0.599,0.00181011436205101,"TRIM66",2.74229398577242,"Significant"
7.69492056049339e-08,0.187230347205757,0.58,0.299,0.00182261888395846,"ZNF682",2.73930413436074,"NS"
7.72268075231108e-08,0.497418541675439,0.732,0.46,0.0018291941629924,"BMS1P6",2.73774019313448,"Significant"
7.73550403274037e-08,0.234572761892744,0.641,0.327,0.00183223148519488,"TNS4",2.73701965818355,"NS"
7.77878798550375e-08,-0.112066348311469,0.373,0.16,0.00184248372224642,"ABCA5",2.73459634030462,"NS"
7.80996315789226e-08,0.0819322474605704,0.61,0.321,0.00184986787357836,"GPR83",2.73285928988078,"NS"
7.82193347784715e-08,0.303952024990577,0.789,0.503,0.00185270316356288,"MTMR12",2.73219415691064,"Significant"
7.83836177904528e-08,1.10837713131905,0.174,0.043,0.00185659437098467,"LOC255167",2.73128297061975,"Significant"
7.85610158573465e-08,3.4805507009884,0.113,0.012,0.00186079622159711,"TYRP1",2.73030118446278,"Significant"
7.95167103691254e-08,0.307042634276658,0.772,0.454,0.0018834328018031,"MFAP5",2.72504987019218,"Significant"
7.9716371404221e-08,0.345340908321497,0.765,0.435,0.00188816197308038,"WFDC8",2.72396075315354,"Significant"
8.07248894423769e-08,0.294227950017725,0.782,0.444,0.00191204973133214,"MAGEA10",2.71850081615916,"Significant"
8.09598392616794e-08,0.284069937119739,0.768,0.454,0.00191761475275214,"BLOC1S6",2.71723863781139,"Significant"
8.20297515352822e-08,0.582198131844992,0.714,0.386,0.00194295669486469,"MIR4461",2.71153687896321,"Significant"
8.22759990816693e-08,-0.150268561389113,0.303,0.114,0.00194878931424842,"CYP2W1",2.71023511039762,"NS"
8.25309529377919e-08,0.354101048900318,0.446,0.21,0.00195482815128454,"DYNAP",2.70889141536747,"Significant"
8.26434692925369e-08,0.415572538565965,0.521,0.259,0.00195749321366303,"ZFP90",2.70829973490159,"Significant"
8.42953809220481e-08,0.371131387769103,0.869,0.571,0.00199662039251963,"OSMR",2.69970449752547,"Significant"
8.61238383313013e-08,0.604172744204321,0.331,0.136,0.0020399292347152,"MRAS",2.6903848980181,"Significant"
8.62555496333113e-08,-0.259391379169753,0.941,0.914,0.00204304894861461,"HLA-F",2.68972122815044,"Significant"
8.67897419032308e-08,-0.00334268218459943,0.42,0.185,0.00205570182671992,"SLC35E4",2.68703987819873,"NS"
8.68302457542255e-08,0.336088902254991,0.761,0.454,0.00205666120093459,"ZC3H12B",2.68683724485519,"Significant"
8.69963974077385e-08,0.0242081990379734,0.432,0.201,0.00206059666899969,"UTP20",2.68600700655635,"NS"
8.90597981793267e-08,0.0224815470823949,0.505,0.241,0.00210947037967553,"TNC",2.67582656842563,"NS"
8.95870051854185e-08,0.104304882531309,0.646,0.346,0.00212195780482182,"TRIM56",2.67326325630425,"NS"
8.994983151918e-08,-0.0192363001850404,0.587,0.315,0.0021305517093633,"TCAM1P",2.67150792083052,"NS"
9.01796227036785e-08,0.126961436647851,0.472,0.219,0.00213599454335933,"LOC400655",2.67039986109665,"NS"
9.15472556811189e-08,0.149325334166953,0.575,0.29,0.00216838829806298,"PDCL",2.66386294510127,"NS"
9.15638939793281e-08,0.355701717591394,0.918,0.71,0.00216878239279437,"ALG1",2.66378402122215,"Significant"
9.20821632346611e-08,2.02798753627854,0.131,0.022,0.00218105811837618,"SMIM16",2.66133276167771,"Significant"
9.21135561391615e-08,-0.0550178414133407,0.411,0.188,0.00218180169071218,"FAM184B",2.66118472604068,"NS"
9.25033966747071e-08,2.08060445937231,0.127,0.019,0.00219103545363711,"PITPNM3",2.65935059496582,"Significant"
9.31297582725806e-08,0.31629434457145,0.948,0.781,0.00220587145444434,"GREB1",2.65641979935371,"Significant"
9.35509949178974e-08,-0.204560457214446,0.878,0.883,0.00221584886562532,"EEF1D",2.65445986445954,"NS"
9.39824806533576e-08,-0.14678712841578,0.955,0.96,0.00222606903675543,"RPL4",2.65246137108082,"NS"
9.47469038268378e-08,0.251142514456968,0.739,0.426,0.00224417516404248,"IREB2",2.64894324821438,"Significant"
9.48750115729574e-08,0.0632821198506512,0.444,0.204,0.00224720952411707,"CHRNA7",2.64835643317693,"NS"
9.76038238615039e-08,0.389353418882387,0.812,0.593,0.00231184417198358,"C14orf23",2.63604144253888,"Significant"
9.78941229434323e-08,0.018380524076512,0.441,0.198,0.00231872019603814,"C2orf15",2.63475165526378,"NS"
9.86087838737576e-08,-0.289026399324742,0.815,0.849,0.00233564765483382,"MYL12A",2.63159267230574,"Significant"
9.86140328654084e-08,0.0141301268674482,0.643,0.346,0.00233577198245006,"TMEM245",2.63156955522276,"NS"
9.98541422443707e-08,0.423965870305697,0.866,0.593,0.00236514521320016,"SLC50A1",2.62614218965958,"Significant"
9.9945094024328e-08,-0.124523005456011,0.972,0.96,0.00236729949706023,"SRGN",2.62574679416538,"NS"
9.99882892812501e-08,0.908243850556836,0.19,0.052,0.00236832261991569,"ZNF676",2.62555913703972,"Significant"
1.00654584337767e-07,0.656302546309436,0.528,0.281,0.00238410448462434,"POTEM",2.6226747153322,"Significant"
1.00684983611604e-07,0.289376634839057,0.836,0.503,0.00238482452182445,"AICDA",2.6225435713438,"Significant"
1.00886678045922e-07,0.427119084977694,0.338,0.142,0.00238960185619571,"STON1",2.62167445305239,"Significant"
1.02547768039515e-07,0.81143120139401,0.157,0.034,0.00242894643378396,"ANKRD22",2.61458206270354,"Significant"
1.03521452777883e-07,0.377801078941841,0.904,0.614,0.00245200913049694,"PPARA",2.61047791697701,"Significant"
1.04051862917897e-07,0.31490895722341,0.336,0.139,0.00246457242507331,"C21orf49",2.60825841494179,"Significant"
1.04422731999999e-07,0.843888476513199,0.232,0.077,0.00247335683015198,"HIATL2",2.60671322363597,"Significant"
1.05047295169364e-07,0.190589758733548,0.784,0.472,0.00248815023338157,"ZSCAN12",2.60412340068587,"NS"
1.06259494326514e-07,-0.0867936720029157,0.183,0.046,0.00251686238261782,"LRRC56",2.59914053022185,"NS"
1.06449747107993e-07,0.226636010404482,0.714,0.401,0.00252136870999992,"FHDC1",2.59836364103134,"NS"
1.06556234148382e-07,0.303996880399866,0.232,0.077,0.00252389096203857,"ZNF695",2.59792941155463,"Significant"
1.06599678803231e-07,0.366638425605857,0.817,0.503,0.00252491999213333,"TMEM56",2.59775237894156,"Significant"
1.06817918947413e-07,-0.0657336154678485,0.237,0.077,0.00253008922818843,"C11orf80",2.596864162371,"NS"
1.07531084094579e-07,-0.486804531046378,0.427,0.191,0.00254698125786419,"NANP",2.59397425081028,"Significant"
1.08996739070543e-07,0.323184117591788,0.887,0.602,0.00258169676162489,"CCR6",2.58809477000412,"Significant"
1.11569483435747e-07,0.644604117539932,0.331,0.142,0.00264263478465911,"PPP2R3A",2.57796285274679,"Significant"
1.12093898427554e-07,0.18395695115983,0.779,0.463,0.00265505607815504,"RNF157",2.57592630163483,"NS"
1.12183186452453e-07,0.192226767604472,0.413,0.179,0.0026571709543128,"LOC100131626",2.57558050350228,"NS"
1.12474797012498e-07,0.0735369612075256,0.69,0.367,0.00266407804203804,"C9orf66",2.57445305700548,"NS"
1.12743897300938e-07,0.478739916612703,0.57,0.299,0.00267045195147003,"KIAA1671",2.57341523173684,"Significant"
1.13258247294141e-07,0.227829418421295,0.662,0.352,0.00268263484540903,"MED6",2.571438438553,"NS"
1.13504015995227e-07,0.0264602583703231,0.338,0.139,0.00268845612286296,"AOC4",2.57049704706263,"NS"
1.1695907958495e-07,0.449120518092616,0.857,0.574,0.00277029275904914,"SNHG7",2.55747433313007,"Significant"
1.17134819819311e-07,0.887389499991898,0.263,0.102,0.00277445534224021,"RB1",2.55682226121736,"Significant"
1.19455870377782e-07,0.0345551984399495,0.601,0.302,0.00282943174576814,"QRFPR",2.54830077806503,"NS"
1.20043982254707e-07,0.371658269940881,0.538,0.284,0.00284336176368499,"SLC6A20",2.54616788108446,"Significant"
1.21776864660143e-07,0.104848315445705,0.329,0.133,0.00288440681634015,"FLJ42709",2.53994348679874,"NS"
1.21958744861692e-07,-0.0349488429746407,0.249,0.086,0.00288871483079404,"LINC00550",2.53929532888109,"NS"
1.22372192374178e-07,1.02739739991032,0.308,0.127,0.00289850774857479,"MLPH",2.53782553429311,"Significant"
1.23029827156117e-07,0.0306528466313223,0.484,0.241,0.00291408448601979,"ZNHIT6",2.53549786118638,"NS"
1.24831481436233e-07,0.268493852232521,0.742,0.426,0.00295675846929862,"FKBP9",2.529184150528,"Significant"
1.25058859178097e-07,-0.543619722042496,0.462,0.213,0.0029621441384924,"ZNF594",2.52839381244924,"Significant"
1.26755142138877e-07,-0.405578507624738,0.542,0.262,0.00300232229670144,"NANOS1",2.52254268845325,"Significant"
1.26956456895982e-07,-0.0232931108194672,0.613,0.315,0.00300709063803824,"SHE",2.52185348144168,"NS"
1.28733967057604e-07,-0.10809389333947,0.643,0.336,0.0030491927437264,"COX19",2.51581512240697,"NS"
1.2958505528796e-07,-0.333407141648185,0.775,0.824,0.00306935161955062,"DUSP1",2.51295335670231,"Significant"
1.30701008488513e-07,0.654143528063503,0.146,0.028,0.00309578408705893,"LOC339593",2.50922933644804,"Significant"
1.33887030152208e-07,0.255313403265028,0.704,0.407,0.00317124819618519,"SNAPC1",2.49876976679805,"Significant"
1.3463027094439e-07,1.42698584181161,0.148,0.031,0.00318885259758883,"LOC613038",2.49636555524224,"Significant"
1.3463027094439e-07,1.43278264959469,0.148,0.031,0.00318885259758883,"LOC388242",2.49636555524224,"Significant"
1.35358366719392e-07,0.117875182100686,0.488,0.244,0.00320609827411552,"FLJ10038",2.49402316967621,"NS"
1.37069902140501e-07,0.31728106484161,0.178,0.046,0.00324663770209991,"LINC00348",2.48856617234032,"Significant"
1.39725908620743e-07,0.555808064625429,0.256,0.093,0.00330954787159093,"SPG20",2.48023133259439,"Significant"
1.40705080689855e-07,-0.096071789129923,0.312,0.123,0.00333274054121991,"TBX1",2.47719849549116,"NS"
1.4121326778941e-07,0.326843356549207,0.784,0.441,0.00334477746085997,"FAM213A",2.47563277198752,"Significant"
1.41273693613115e-07,0.125930217808371,0.223,0.071,0.00334620870692024,"OBSL1",2.47544697507803,"NS"
1.42255681938706e-07,0.141439927999231,0.439,0.207,0.00336946808240019,"LEP",2.47243865316767,"NS"
1.4276382677352e-07,0.156261005360242,0.338,0.145,0.00338150400095759,"HNRNPU-AS1",2.47089009438598,"NS"
1.42848931267607e-07,-0.156940701956642,0.2,0.059,0.00338351978600453,"LINC00624",2.4706312795241,"NS"
1.45596871122238e-07,-0.0396247451670018,0.15,0.031,0.00344860748940133,"RPS6KL1",2.46235623297029,"NS"
1.46442877721744e-07,0.0968314225921597,0.721,0.41,0.00346864600171723,"KIAA0825",2.45984002052277,"NS"
1.47768987494129e-07,0.242193983741246,0.66,0.355,0.00350005623778594,"TRIM68",2.45592497748861,"NS"
1.4915916923682e-07,0.199375210790719,0.251,0.09,0.00353298408254332,"DKFZp686K1684",2.45185831922498,"NS"
1.4939961958123e-07,0.147768023895539,0.235,0.077,0.003538679389401,"DHRS2",2.45115878342676,"NS"
1.51094905442542e-07,0.296307127831241,0.967,0.79,0.00357883393031206,"LRRC57",2.44625845383755,"Significant"
1.51306681886287e-07,0.382295732441683,0.826,0.525,0.00358385006715858,"LOC283299",2.4456501676393,"Significant"
1.52989703034833e-07,0.40779596565054,0.892,0.673,0.00362371410608306,"MAP7D3",2.44084607342577,"Significant"
1.53547685947183e-07,0.721508054638895,0.315,0.133,0.00363693048934498,"PIAS2",2.43926499929788,"Significant"
1.54480585985624e-07,-0.00349272560335478,0.552,0.269,0.00365902715965549,"ANKRD20A19P",2.43663436688816,"NS"
1.54856219725353e-07,-0.45466271770391,0.31,0.12,0.00366792442041471,"H1FX-AS1",2.43557962178473,"Significant"
1.58600481432523e-07,0.398375733534516,0.317,0.136,0.00375661100321074,"ARMC5",2.42520377376961,"Significant"
1.59464988517419e-07,0.336399593320269,0.216,0.068,0.00377708771802359,"IL1RL1",2.42284292912237,"Significant"
1.60928919951711e-07,0.272048991991392,0.791,0.454,0.00381176239797622,"FEZ1",2.41887417845969,"Significant"
1.61248768362054e-07,0.0784872944121658,0.669,0.346,0.00381933832742362,"LOC256880",2.41801186893093,"NS"
1.62793472705754e-07,-0.128801734006365,0.535,0.265,0.00385592619450848,"ZFR2",2.41387128743115,"NS"
1.63439701098548e-07,0.177915779160011,0.549,0.275,0.00387123276022021,"RPL32P3",2.41215071567659,"NS"
1.65042921975395e-07,-0.545013596291217,0.178,0.046,0.0039092066499092,"UNC45B",2.40791137112746,"Significant"
1.66455471031098e-07,0.257562014824425,0.831,0.519,0.00394266428684258,"RBM41",2.40421020100917,"Significant"
1.66551919967672e-07,0.0762216877365745,0.441,0.213,0.00394494877635428,"ZNF568",2.40395863156511,"NS"
1.68826005431758e-07,0.289872702461881,0.859,0.562,0.00399881276465661,"ZNF662",2.3980689302451,"Significant"
1.69673258202979e-07,0.414594317080207,0.235,0.08,0.00401888079379575,"LOC730102",2.39589487546124,"Significant"
1.6991216542172e-07,0.171520971707328,0.723,0.417,0.00402453955017885,"TRAF6",2.39528380032853,"NS"
1.70206679774148e-07,0.910898026590911,0.176,0.046,0.00403151541713048,"ZNF500",2.39453167505305,"Significant"
1.71333902223512e-07,0.14211265338485,0.35,0.151,0.0040582148080661,"CNGA1",2.3916649687643,"NS"
1.73536609637215e-07,0.270176107995314,0.871,0.605,0.00411038813586706,"SPAST",2.38611716661386,"Significant"
1.74178253047407e-07,0.314015397747647,0.305,0.12,0.00412558610168089,"BCAT1",2.38451434465483,"Significant"
1.74288772688062e-07,0.279245963296605,0.714,0.41,0.00412820386988944,"LUST",2.38423886337171,"Significant"
1.74337997234604e-07,-0.0330437894240763,0.568,0.284,0.00412936980249884,"ZNF345",2.38411622247936,"NS"
1.74362411403966e-07,0.799464028328776,0.136,0.025,0.00412994807651434,"RNF212",2.38405540844652,"Significant"
1.74677680154129e-07,0.0254420177914207,0.723,0.389,0.0041374155321307,"ZNF549",2.38327085951326,"NS"
1.76046229608082e-07,0.375443582442701,0.261,0.096,0.00416983099449702,"KIAA1009",2.37988154685952,"Significant"
1.77313762573013e-07,0.267809136750143,0.826,0.528,0.00419985378030438,"LOC731424",2.376765829486,"Significant"
1.77869997965752e-07,0.247943917850723,0.728,0.423,0.00421302877181679,"SHROOM4",2.37540557495846,"NS"
1.79183951532331e-07,0.338698166026971,0.836,0.543,0.0042441510759948,"ZNF492",2.37220916522708,"Significant"
1.79289759182088e-07,0.376903158500724,0.892,0.556,0.00424665723598694,"CRHR1-IT1",2.37195279117011,"Significant"
1.81131703448762e-07,-0.0713715535521444,0.803,0.503,0.00429028552788737,"UBN2",2.36751380360561,"NS"
1.82959281647014e-07,0.26951101232394,0.678,0.37,0.00433357354509116,"PRR7-AS1",2.36315382862447,"Significant"
1.85376102982399e-07,0.234371729288956,0.815,0.46,0.0043908183752411,"RHBDL2",2.35745452697257,"NS"
1.89400866125495e-07,-0.477899907070729,0.533,0.256,0.00448614891504847,"SPTSSA",2.34812631436642,"Significant"
1.89439445876212e-07,-0.0433870872397888,0.366,0.157,0.00448706271502395,"KCTD21",2.3480378603536,"NS"
1.90372650861596e-07,0.258381063077364,0.829,0.537,0.00450916660830777,"ICMT",2.3459037177358,"Significant"
1.94676322373109e-07,-0.110825968422143,0.624,0.33,0.00461110337172947,"PEAK1",2.33619514165644,"NS"
1.96479251165899e-07,0.29217383165849,0.697,0.395,0.00465380754311549,"MOAP1",2.33219158080245,"Significant"
1.9695771722535e-07,0.292348326412518,0.831,0.506,0.00466514049019963,"DTWD2",2.33113527298935,"Significant"
1.97099908044747e-07,0.36767097176083,0.81,0.54,0.00466850842194787,"CRLF3",2.33082185339302,"Significant"
1.97383268657735e-07,0.052790056823655,0.674,0.358,0.00467522010142712,"PCYT1B",2.33019793846309,"NS"
1.99454014121666e-07,0.034952494156467,0.486,0.231,0.00472426777848579,"LOC283683",2.32566549390721,"NS"
2.01990565721879e-07,0.508499364474328,0.81,0.512,0.00478434853968842,"TUBGCP4",2.32017718952348,"Significant"
2.03326087376736e-07,0.297309588807427,0.768,0.469,0.00481598170560537,"LOC285696",2.31731517149478,"Significant"
2.03990711205574e-07,1.55025217204539,0.134,0.025,0.00483172398561523,"LINC00336",2.31589788294405,"Significant"
2.04441314845364e-07,0.254741748024038,0.89,0.623,0.0048423969834273,"AP3M1",2.3149396096393,"Significant"
2.06412969380862e-07,0.381364057303308,0.859,0.531,0.0048890975927551,"TNFAIP8L3",2.31077129356619,"Significant"
2.06626652794504e-07,0.481014360800505,0.153,0.034,0.00489415889809062,"PVRL4",2.31032193456664,"Significant"
2.06954723339028e-07,0.137330997233174,0.69,0.373,0.00490192957700821,"BLOC1S3",2.30963293227946,"NS"
2.09009834781783e-07,0.126322267068637,0.702,0.38,0.0049506069466413,"NKPD1",2.30534155310317,"NS"
2.09634153994401e-07,0.161386254802672,0.711,0.417,0.00496539457151139,"NT5C2",2.30404623489842,"NS"
2.11224768952985e-07,-0.23361450342246,0.378,0.16,0.0050030698774204,"LINC00673",2.30076343132284,"NS"
2.12183195432219e-07,0.25979092025379,0.843,0.512,0.00502577116700755,"OGFOD3",2.2987972895533,"Significant"
2.14012991368986e-07,0.36140274900149,0.7,0.423,0.0050691117135658,"LARS",2.29506813764806,"Significant"
2.18853428955964e-07,0.160265367370085,0.596,0.324,0.00518376231825096,"PHKB",2.28535491960631,"NS"
2.20564634426873e-07,0.107974326081398,0.399,0.188,0.00522429393103492,"LINC00638",2.281972396619,"NS"
2.22181662931561e-07,0.246612963482838,0.911,0.642,0.00526259486819695,"ZNF555",2.27880006210866,"NS"
2.23998419651326e-07,0.504426604052438,0.134,0.025,0.00530562656786131,"POF1B",2.27526332073599,"Significant"
2.26402641704748e-07,0.190413505067673,0.826,0.481,0.00536257297141866,"ZNF709",2.27062678508809,"NS"
2.2915038125844e-07,0.0987340057120663,0.507,0.259,0.00542765593048741,"BRWD3",2.26538769089934,"NS"
2.29207706202587e-07,-0.23855883588375,0.575,0.287,0.00542901372911448,"ZNF44",2.26527906008108,"NS"
2.36639515306034e-07,0.168573964651929,0.688,0.373,0.00560504355953872,"USP49",2.25142100794077,"NS"
2.42413106799875e-07,0.00312816709719746,0.756,0.426,0.00574179684766183,"PLIN3",2.24095217747871,"NS"
2.42703132427399e-07,0.0252420274993264,0.474,0.235,0.00574866639467537,"PDPR",2.24043289350317,"NS"
2.45080948557686e-07,0.190127090127671,0.995,0.941,0.00580498734753735,"MBOAT1",2.23619872250606,"NS"
2.45740421130349e-07,0.13094320015417,0.77,0.414,0.00582060761489344,"CLEC19A",2.23503167685846,"NS"
2.45963742422301e-07,0.037938576012249,0.585,0.299,0.00582589720301461,"SRGAP1",2.23463718269451,"NS"
2.46403876620736e-07,0.354593425629732,0.88,0.704,0.00583632222163874,"L1TD1",2.23386073884565,"Significant"
2.46607672339813e-07,0.444028446575413,0.282,0.111,0.00584114932704081,"DKFZP686I15217",2.23350169102433,"Significant"
2.48069715103689e-07,0.91332858040656,0.141,0.028,0.00587577927194597,"SEC14L3",2.2309345271732,"Significant"
2.48189949216204e-07,0.277830586831531,0.808,0.519,0.00587862713713501,"ERCC4",2.23072408487302,"Significant"
2.48465320704932e-07,-0.0343952617637404,0.42,0.198,0.00588514958621701,"AGO4",2.23024249396872,"NS"
2.48812659040956e-07,0.0175240598239852,0.758,0.435,0.00589337664204408,"CEP135",2.22963580252706,"NS"
2.49036957236072e-07,0.424834667640663,0.434,0.201,0.00589868936909361,"SH3TC2",2.22924447361228,"Significant"
2.49548526443957e-07,0.0953962287301313,0.655,0.336,0.00591080639735156,"OTX2-AS1",2.22835326530665,"NS"
2.49686273779828e-07,0.32460576164562,0.878,0.651,0.00591406908074901,"RRP15",2.22811360689599,"Significant"
2.53279771571036e-07,0.391707105100104,0.246,0.09,0.00599918466943155,"FANCC",2.22190776922096,"Significant"
2.53676202479295e-07,0.215034230628668,0.615,0.312,0.00600857453192458,"LINC00471",2.22122854735626,"NS"
2.53777232978762e-07,0.368182985663475,0.899,0.608,0.00601096754033495,"BCL2L15",2.22105561724707,"Significant"
2.55324424148747e-07,0.487365264457349,0.157,0.037,0.00604761431038723,"FAM83D",2.21841591397043,"Significant"
2.55619647251532e-07,0.23585886701564,0.864,0.568,0.00605460696479979,"ZNF829",2.21791404386012,"NS"
2.5573046455379e-07,0.147756169016788,0.697,0.392,0.00605723178342107,"C9orf91",2.21772580749325,"NS"
2.57218529135536e-07,0.45368147127827,0.448,0.228,0.0060924780811043,"LOC100132832",2.21520602460078,"Significant"
2.57674662745637e-07,0.531979125491488,0.413,0.198,0.00610328206179316,"GHDC",2.21443655875885,"Significant"
2.6167590790615e-07,0.514535089884151,0.246,0.09,0.00619805555466506,"TP53BP2",2.20774453539323,"Significant"
2.63225271638806e-07,1.28343411531862,0.15,0.034,0.00623475378403675,"LINC00516",2.20518069252153,"Significant"
2.63225271638806e-07,1.28343411531862,0.15,0.034,0.00623475378403675,"LOC101101776",2.20518069252153,"Significant"
2.63536841787508e-07,0.246997159743626,0.577,0.306,0.00624213363457891,"GUCD1",2.20466693798742,"NS"
2.65808050009953e-07,0.404429641372325,0.202,0.062,0.00629592947253574,"C1QTNF9",2.20094014562042,"Significant"
2.7312938947343e-07,-0.027355823225218,0.664,0.364,0.00646934271906766,"EAF1",2.18913984112147,"NS"
2.7319181809316e-07,0.115365700315494,0.43,0.201,0.00647082140335459,"ZNF639",2.18904058667261,"NS"
2.73742916545621e-07,0.13366367635393,0.791,0.478,0.00648387472129958,"ECE1",2.18816538499778,"NS"
2.74760683742701e-07,0.101721066261783,0.756,0.426,0.00650798155512962,"LONRF2",2.18655368660746,"NS"
2.79477446818072e-07,0.255836624142466,0.263,0.099,0.00661970280533285,"LOC100506013",2.17916150797741,"Significant"
2.80610938992677e-07,0.397261669982692,0.843,0.522,0.00664655070098054,"SNHG4",2.17740367803042,"Significant"
2.81495274806415e-07,-0.00133287673892291,0.225,0.074,0.00666749707906473,"MGC2889",2.17603716589626,"NS"
2.81890641727019e-07,-0.382641981728372,0.315,0.127,0.00667686173994618,"SLCO4C1",2.1754276167574,"Significant"
2.85069784927311e-07,0.3209236938522,0.925,0.71,0.00675216292578828,"ATM",2.17055708698117,"Significant"
2.87072596447499e-07,0.324457150840145,0.808,0.481,0.00679960151945546,"LOC158696",2.16751653773089,"Significant"
2.87711405305965e-07,0.121096722689357,0.763,0.438,0.00681473234607708,"LOC100130557",2.16655119674853,"NS"
2.92124415994451e-07,0.286767256851489,0.195,0.059,0.00691925891724458,"METTL21EP",2.15994041788231,"Significant"
2.92424482878019e-07,1.51540609004085,0.127,0.022,0.00692636630144875,"CHST3",2.15949454447999,"Significant"
2.93055936947403e-07,0.241782798319273,0.772,0.454,0.00694132292253618,"ZNF783",2.15855775098544,"NS"
2.93418569949725e-07,0.353472197181408,0.833,0.525,0.00694991224782919,"PAPL",2.15802067893854,"Significant"
2.94245645960566e-07,0.408878155515439,0.737,0.481,0.00696950237022196,"TESPA1",2.15679822987645,"Significant"
2.96985927540565e-07,0.740907803544453,0.197,0.062,0.00703440867972582,"ADARB1",2.15277240397558,"Significant"
3.0201727681864e-07,0.34778416575578,0.754,0.466,0.0071535812187263,"RNF216",2.14547648768716,"Significant"
3.05373604361602e-07,1.4500537028887,0.23,0.086,0.0072330791929089,"FAM219B",2.14067677991117,"Significant"
3.05551080182285e-07,0.246131520437424,0.357,0.157,0.00723728288519759,"CD300E",2.14042445168246,"NS"
3.09750880670123e-07,0.625856555083038,0.2,0.062,0.00733675935955254,"SPDYE6",2.1344957252393,"Significant"
3.09859646050597e-07,0.367603906536899,0.779,0.475,0.00733933557635443,"QPRT",2.13434325460489,"Significant"
3.1870230698007e-07,0.548955474888091,0.387,0.182,0.00754878284312995,"SPICE1",2.12212306785767,"Significant"
3.19448186477e-07,0.218903165785224,0.493,0.25,0.00756644974489422,"TM2D2",2.12110784809207,"NS"
3.19943419815036e-07,-0.128042890475307,0.373,0.164,0.00757817984173894,"ABCC13",2.12043509246983,"NS"
3.20518759878056e-07,0.352019149418989,0.667,0.361,0.00759180734647163,"GINS1",2.11965482131652,"Significant"
3.22758142501872e-07,0.444002582682168,0.514,0.284,0.00764484936329933,"IL27RA",2.11663106765289,"Significant"
3.25919159006239e-07,0.364585125421673,0.512,0.269,0.00771972120022177,"NFYB",2.11239838404142,"Significant"
3.30501251445153e-07,0.31835575512788,0.913,0.685,0.00782825264172988,"ADAMTS4",2.10633516677251,"Significant"
3.3092439025052e-07,0.382563540884317,0.876,0.614,0.00783827510747381,"GSDMA",2.10577949773964,"Significant"
3.3100808623048e-07,0.254460289654459,0.411,0.188,0.00784025753045516,"ZNF525",2.10566967172644,"Significant"
3.31738568751936e-07,0.371384145926899,0.805,0.475,0.00785755973945836,"SPRYD4",2.10471230844357,"Significant"
3.33263740299054e-07,0.266036014167596,0.15,0.034,0.0078936849527234,"LOC152225",2.10272021085463,"Significant"
3.33395652865989e-07,0.40360790924652,0.932,0.722,0.00789680943378382,"UTP23",2.10254834227752,"Significant"
3.3691078457e-07,-0.299920865132845,0.798,0.821,0.00798006884332502,"CCL4",2.09799336201428,"Significant"
3.3940088082379e-07,-0.0125718662959851,0.27,0.102,0.0080390492631923,"FAM83A",2.09479530997843,"NS"
3.39681168730147e-07,0.533876873121202,0.354,0.16,0.00804568816254226,"NHEJ1",2.09443680396854,"Significant"
3.42507605670748e-07,0.313638111652695,0.897,0.627,0.00811263514791733,"HCG11",2.09083805524478,"Significant"
3.45081927366489e-07,0.365813754217487,0.789,0.494,0.00817361053160266,"PEX26",2.08758606004326,"Significant"
3.46884410046219e-07,-0.284161209776699,0.688,0.377,0.00821630413635475,"ARHGAP11A",2.08532349318196,"Significant"
3.47342325536457e-07,0.0628527993762933,0.592,0.312,0.00822715032265652,"EPG5",2.08475056739494,"NS"
3.48569651766921e-07,0.276288117842214,0.951,0.772,0.00825622077175128,"PACS2",2.08321870250569,"Significant"
3.50434180642079e-07,0.283059127781057,0.721,0.417,0.00830038400268828,"LOC654433",2.08090181528768,"Significant"
3.51535308955139e-07,0.461494039498447,0.23,0.08,0.00832646532791143,"TMEM44-AS1",2.07953932204675,"Significant"
3.51603388519336e-07,0.235923238813641,0.829,0.565,0.008328077860469,"ZNF780B",2.07945522319325,"NS"
3.52773413406812e-07,0.0381900795481652,0.702,0.392,0.00835579106995374,"FRA10AC1",2.07801242775116,"NS"
3.63102176547245e-07,0.203326607801206,0.808,0.491,0.00860043815369804,"PLEKHB2",2.06547942283945,"NS"
3.6405951927887e-07,0.166469577925268,0.852,0.556,0.0086231137736393,"ZNF566",2.06433588376626,"NS"
3.64115633869186e-07,0.27840760626083,0.756,0.435,0.00862444290382554,"CD209",2.06426894861509,"Significant"
3.7159184832849e-07,0.21809952159142,0.8,0.515,0.00880152451950862,"MAST3",2.05544209681958,"NS"
3.74185442653071e-07,0.239745775121827,0.554,0.29,0.00886295639468065,"MALL",2.05242138739839,"NS"
3.75432598983199e-07,0.023952462962203,0.502,0.247,0.00889249653951605,"SNX15",2.05097629514633,"NS"
3.79636690083247e-07,0.0909354546267347,0.716,0.395,0.0089920746413118,"C22orf29",2.04614009677331,"NS"
3.90171036999493e-07,-0.17968614763763,0.883,0.873,0.00924159118237,"CORO1A",2.03425324715337,"NS"
3.94022178569592e-07,-0.0540971617276451,0.411,0.188,0.00933280932159936,"C1QTNF3",2.02998760714101,"NS"
3.94367271922996e-07,-0.0152757360477276,0.207,0.065,0.00934098320276808,"DIO2-AS1",2.02960740888086,"NS"
3.95424890092932e-07,0.222535029819601,0.577,0.312,0.00936603394674118,"ACTR10",2.02844427247155,"NS"
3.9837872799046e-07,1.89610763995935,0.141,0.031,0.00943599855118203,"BTNL9",2.02521213446869,"Significant"
4.11333810018973e-07,-0.26537551362691,0.275,0.105,0.00974285262410939,"TMEM25",2.01131386678408,"Significant"
4.20667475713749e-07,-0.354517884092887,0.369,0.164,0.00996392982975586,"FBXO40",2.00156933961176,"Significant"
4.25792895462526e-07,-0.00181180385872404,0.448,0.21,0.0100853305219254,"CCDC8",1.99630986428352,"NS"
4.27901402711359e-07,0.199901570535903,0.735,0.401,0.0101352726246213,"LOC440600",1.99416456490129,"NS"
4.3148118940224e-07,0.333125834575843,0.925,0.704,0.0102200634521815,"SHOX",1.99054640783666,"Significant"
4.33056653709244e-07,0.507502143472331,0.352,0.167,0.0102573798997572,"PIK3AP1",1.98896355934063,"Significant"
4.36494920906245e-07,0.170169681472408,0.77,0.438,0.0103388186965853,"ALDH1L2",1.98552908047445,"NS"
4.42218043297168e-07,0.318286561326796,0.944,0.741,0.0104743765735367,"ACADSB",1.97987181645046,"Significant"
4.42770276387533e-07,-0.137425999954776,0.93,0.932,0.0104874567665151,"OAZ1",1.97932981649484,"NS"
4.44237839982247e-07,0.481635733051275,0.838,0.571,0.0105222174778195,"SKP2",1.9778927262567,"Significant"
4.45348946558902e-07,0.585320556332342,0.317,0.142,0.0105485351481941,"IRF2BP2",1.9768078456958,"Significant"
4.45515855835381e-07,0.344087183868871,0.873,0.562,0.0105524885613168,"PAR-SN",1.97664510993969,"Significant"
4.471256603985e-07,0.34275575852035,0.784,0.478,0.0105906183921989,"METTL16",1.97507868045166,"Significant"
4.54200325633492e-07,0.3533440346555,0.822,0.568,0.0107581889129549,"ZNF652",1.96826083381012,"Significant"
4.5723047881033e-07,0.19657129158426,0.643,0.343,0.0108299611211015,"SLC30A5",1.96537310246253,"NS"
4.57847415986958e-07,-0.33960656400679,0.354,0.164,0.0108445738950671,"PGM3",1.96478750761075,"Significant"
4.59379751290412e-07,0.184359282483217,0.765,0.469,0.0108808687890647,"RAB11FIP4",1.96333642676715,"NS"
4.609090282147e-07,0.429963859700012,0.244,0.09,0.0109170912422934,"SUGT1P3",1.96189305995526,"Significant"
4.61132342306724e-07,0.912977641834343,0.16,0.04,0.0109223806598771,"LOC340017",1.96168269178113,"Significant"
4.67799498794545e-07,0.311939539756612,0.852,0.568,0.0110802989284476,"SLC36A2",1.95544852289062,"Significant"
4.68587266317879e-07,0.0421922488896607,0.531,0.265,0.0110989579900053,"LOC494141",1.95471779242353,"NS"
4.70316050445367e-07,0.77870246086406,0.141,0.031,0.011139905970849,"NEK10",1.95311847491757,"Significant"
4.72312720376097e-07,-0.284879902319887,0.202,0.062,0.0111871990948282,"SERPINE1",1.9512786328571,"Significant"
4.75875910804909e-07,0.202466764466276,0.735,0.404,0.0112715968233251,"ASMTL-AS1",1.94801455401303,"NS"
4.79088412010788e-07,0.340792226770359,0.599,0.324,0.0113476881268875,"ICAM1",1.94509260860345,"Significant"
4.81380958041887e-07,0.272249259003827,0.723,0.401,0.0114019893721801,"PLA2G12A",1.94301936813856,"Significant"
4.8487207108396e-07,0.873858046221633,0.181,0.052,0.0114846798756947,"CTH",1.93988110583743,"Significant"
4.98084235482901e-07,0.25124836917862,0.934,0.701,0.011797623201648,"ZXDC",1.92820547865833,"Significant"
4.98459832484439e-07,-0.417396464858377,0.761,0.787,0.0118065195922264,"ZFP36L2",1.92787810786129,"Significant"
4.98799274134379e-07,0.364095120014231,0.819,0.525,0.0118145596071469,"PTK6",1.9275824622458,"Significant"
5.01474100353692e-07,1.85873782375204,0.16,0.043,0.0118779155409775,"ZNF860",1.9252597671393,"Significant"
5.04316778958658e-07,-0.121520744299718,0.646,0.343,0.0119452472264148,"PALM2",1.92280485738697,"NS"
5.05634206275226e-07,0.151208998572269,0.739,0.398,0.011976451809835,"MANSC1",1.92167182866225,"NS"
5.07036559235285e-07,0.183525600055662,0.667,0.367,0.012009667942047,"SOCS4",1.92046900033484,"NS"
5.15580325199148e-07,0.286286151051515,0.331,0.145,0.012212035582667,"FAM169B",1.91321193895138,"Significant"
5.20468494204133e-07,0.981674807392875,0.157,0.04,0.0123278167537191,"DNM1P41",1.90911382979257,"Significant"
5.22363191800034e-07,0.148392024192591,0.648,0.352,0.0123726945609756,"TXNL4B",1.90753570816997,"NS"
5.25044992890891e-07,0.0651229927217738,0.58,0.299,0.0124362157016137,"NADKD1",1.90531175388454,"NS"
5.27864738785265e-07,-0.145215221760953,0.756,0.426,0.0125030042028678,"F5",1.90298562283445,"NS"
5.29680808086098e-07,0.245315525771041,0.737,0.435,0.0125460196203273,"SCN3B",1.90149403761861,"NS"
5.31323601184906e-07,-0.0152447492396441,0.592,0.309,0.0125849308176657,"ASB16",1.9001491675283,"NS"
5.31724837966382e-07,0.771509884607202,0.117,0.019,0.0125944345120717,"PDZD7",1.89982132747513,"Significant"
5.32674729264412e-07,0.192358882286086,0.711,0.432,0.0126169336373569,"TMF1",1.89904618123991,"NS"
5.35476660508938e-07,0.170098567962577,0.702,0.401,0.0126833001808147,"KLHL5",1.89676772880162,"NS"
5.36527453122874e-07,0.203650850033273,0.554,0.287,0.0127081892546684,"ST3GAL6",1.89591632613588,"NS"
5.42495229046677e-07,0.312945419754339,0.232,0.083,0.0128495419951996,"C10orf67",1.89111235190486,"Significant"
5.42959655815963e-07,0.328329971553968,0.838,0.534,0.0128605424076569,"AP3S2",1.89074071417349,"Significant"
5.43081978322478e-07,0.276422639963326,0.946,0.799,0.0128634397385462,"TANGO2",1.89064288368864,"Significant"
5.47973669351819e-07,0.0562988743906455,0.664,0.364,0.0129793043322672,"AKT2",1.88674858432718,"NS"
5.52059303291408e-07,0.284165587271122,0.822,0.494,0.0130760766577603,"KIAA1377",1.88352254205735,"Significant"
5.52346778371813e-07,0.256446828978786,0.275,0.108,0.0130828857925148,"GOLGA8I",1.88329644977844,"Significant"
5.5777187815508e-07,0.316470941366587,0.953,0.787,0.0132113847059812,"LAIR1",1.87905166091308,"Significant"
5.62447550699528e-07,0.364861420115925,0.831,0.534,0.013322132685869,"POU2AF1",1.87542624516844,"Significant"
5.65863795970106e-07,-0.00653886810531068,0.746,0.404,0.0134030498713479,"WWC1",1.87279636644226,"NS"
5.66054285330571e-07,0.0392905714216212,0.721,0.386,0.0134075618023399,"GPR78",1.87265019247391,"NS"
5.66201826786343e-07,0.199769647437207,0.58,0.312,0.0134110564692613,"LOC100130000",1.87253700882267,"NS"
5.67632675579577e-07,0.44604421082723,0.866,0.565,0.0134449475537779,"CRYBB2P1",1.8714408875388,"Significant"
5.71955636498181e-07,0.319938902325581,0.899,0.676,0.0135473412060959,"ZSCAN22",1.86814593082825,"Significant"
5.74256909410482e-07,0.39995339603209,0.27,0.108,0.0136018491562967,"MKNK1",1.86640204576327,"Significant"
5.74687435739989e-07,-0.0342750391662456,0.592,0.312,0.0136120466029374,"CTNS",1.86607657269966,"NS"
5.7764349864095e-07,0.00668770140882735,0.366,0.167,0.0136820639088095,"ZNF587B",1.86384838532073,"NS"
5.77730822058467e-07,0.0617005331258664,0.549,0.293,0.0136841322512768,"SEC22A",1.86378273719655,"NS"
5.78624547216842e-07,0.613412343114928,0.27,0.108,0.0137053010253781,"HCG25",1.86311142110771,"Significant"
5.8460961853284e-07,0.0209065516211209,0.336,0.142,0.0138470634245689,"LOC100129138",1.85864231856543,"NS"
5.92428467402429e-07,-0.199711146763976,0.42,0.201,0.0140322606788939,"MFAP3",1.85287235596538,"NS"
5.97848925007933e-07,-0.148176688365073,0.911,0.901,0.0141606496377379,"RPL18",1.84891682237979,"NS"
6.00747221685283e-07,-0.0415003099007535,0.664,0.373,0.0142292986928376,"SSH1",1.84681650408552,"NS"
6.0505633849715e-07,0.179421811566663,0.549,0.29,0.0143313644336435,"MCM4",1.84371246014045,"NS"
6.10847749981801e-07,0.098730657986084,0.329,0.139,0.0144685398060689,"CPN2",1.83957529653582,"NS"
6.13337689225631e-07,-0.0415023119901001,0.685,0.364,0.0145275165069983,"KCNH6",1.83780862241859,"NS"
6.19503753148749e-07,0.0875391306625608,0.746,0.41,0.0146735658970813,"TINCR",1.83346433324345,"NS"
6.26921963487004e-07,0.150722335242373,0.812,0.503,0.0148492736271532,"FAT3",1.82829478994506,"NS"
6.27831052525826e-07,0.364830872228095,0.883,0.645,0.0148708063101267,"FAM210B",1.8276654829545,"Significant"
6.32137175835535e-07,-0.898923105828423,0.277,0.429,0.0149728011468405,"MIR155HG",1.82469694322316,"Significant"
6.38018946455796e-07,0.437084516760139,0.535,0.315,0.015112116765752,"LOC399744",1.82067469943999,"Significant"
6.4321112091094e-07,1.04905325899486,0.103,0.012,0.0152350986098965,"LOC284395",1.81715473044063,"Significant"
6.45138185904531e-07,0.253013514261817,0.817,0.534,0.0152807430713347,"RNF141",1.81585552639293,"Significant"
6.45420492133672e-07,0.300247722640863,0.885,0.605,0.0152874297766782,"CWC25",1.81566552489736,"Significant"
6.4809802979316e-07,0.24920893658877,0.763,0.435,0.0153508499336808,"PRR23C",1.81386757384877,"NS"
6.4943169761825e-07,0.938227722468256,0.251,0.102,0.0153824391897859,"NFS1",1.81297479309952,"Significant"
6.55143047104227e-07,0.0876805581810224,0.697,0.389,0.0155177182137107,"SFXN3",1.80917213875106,"NS"
6.55575684879821e-07,0.584039847023818,0.43,0.225,0.0155279656720634,"NBPF1",1.8088854377208,"Significant"
6.56975049555715e-07,0.157728320188644,0.317,0.139,0.0155611110237767,"KLRC1",1.80795939871715,"NS"
6.59570787324457e-07,0.0425106904124217,0.648,0.336,0.0156225936685671,"LOC730668",1.80624686274826,"NS"
6.62506135281784e-07,0.0953872320730245,0.65,0.343,0.0156921203202843,"LINC00662",1.80431837055045,"NS"
6.67268150090821e-07,0.0105463935255519,0.432,0.207,0.0158049134030512,"RUFY2",1.80120787936759,"NS"
6.67520184223144e-07,-0.356646947950056,0.418,0.201,0.0158108830835094,"SARM1",1.80104387278856,"Significant"
6.74536083953224e-07,0.217447106642892,0.843,0.568,0.0159770616845161,"SGK3",1.79650308807183,"NS"
6.76707213329921e-07,0.326260808578208,0.676,0.38,0.0160284870549325,"GPANK1",1.79510746920566,"Significant"
6.78676864467289e-07,0.319187576328225,0.84,0.577,0.0160751402117722,"TMOD3",1.7938452303519,"Significant"
6.78885768460576e-07,0.0706868617930614,0.568,0.302,0.0160800883117572,"FAM115A",1.79371157043809,"NS"
6.79838183822091e-07,0.391463745081097,0.869,0.568,0.0161026472220101,"NEK2",1.79310272152064,"Significant"
6.79957918811149e-07,0.229329649080684,0.303,0.13,0.0161054832649609,"WDR89",1.79302623910527,"NS"
6.84597193041456e-07,0.21349965569993,0.697,0.389,0.0162153691143799,"CPA4",1.79007316092787,"NS"
6.85959170775276e-07,0.0960493483894549,0.704,0.398,0.0162476289189832,"POFUT1",1.78921000837961,"NS"
6.87066193301377e-07,0.372693382257313,0.256,0.099,0.0162738498545364,"LOC401242",1.78850969520087,"Significant"
6.89453870270362e-07,-0.214866145569713,0.638,0.34,0.0163304043712238,"PHF20",1.78700306119004,"NS"
6.94325621761906e-07,0.136514059574702,0.777,0.46,0.0164457966770525,"PYCRL",1.78394508332044,"NS"
6.99831808156817e-07,-0.046946311654954,0.62,0.327,0.0165762162080024,"NPTXR",1.78051459727933,"NS"
7.05150582361978e-07,-0.0186470251705941,0.634,0.33,0.0167021966938258,"KIAA0087",1.77722640614177,"NS"
7.06622842751888e-07,1.42966062817089,0.176,0.052,0.0167370686534212,"HIST1H2BG",1.77632060244314,"Significant"
7.07322313264956e-07,0.2778622880071,0.822,0.549,0.0167536363119937,"SCARB2",1.7758909164577,"Significant"
7.17888732357594e-07,1.23739222474125,0.134,0.028,0.017003912514622,"CT49",1.76945113815061,"Significant"
7.18394696208091e-07,0.0278966730320553,0.62,0.333,0.0170158967743848,"ZNF271",1.76914515771105,"NS"
7.25183461718303e-07,-0.157339016614359,0.34,0.148,0.0171766954742597,"LOC100129518",1.76506038388862,"NS"
7.47580735136356e-07,0.0580417622409243,0.634,0.336,0.0177071972924397,"C11orf83",1.75185017380441,"NS"
7.47928577777164e-07,0.921426051501624,0.254,0.105,0.0177154362932299,"SATB1",1.75164814745674,"Significant"
7.49985009278864e-07,0.406653053742474,0.934,0.775,0.0177641449297792,"PTPN2",1.75045569226786,"Significant"
7.58544264915855e-07,0.371572506735316,0.592,0.324,0.0179668794587969,"IFITM3",1.74552734590209,"Significant"
7.59131408057759e-07,0.167932620741087,0.354,0.16,0.0179807865312561,"ADIPOQ-AS1",1.74519131489905,"NS"
7.68706329953775e-07,-0.159841859809267,0.946,0.917,0.0182075781312851,"ARHGDIB",1.73974781775083,"NS"
7.6945307405811e-07,0.33103029351888,0.718,0.42,0.0182252655121404,"HLA-DOA",1.73932613600766,"Significant"
7.84424678887193e-07,0.190001820741325,0.641,0.343,0.018579882944122,"OLAH",1.73095702645013,"NS"
7.91601008132165e-07,-0.198977135496522,0.376,0.167,0.0187498614786185,"PIH1D3",1.72700193643193,"NS"
8.03008578963464e-07,0.309974305068741,0.815,0.5,0.0190200612013286,"LOC100506469",1.7207880899561,"Significant"
8.11492136227799e-07,0.482614007457436,0.401,0.204,0.0192210027386916,"UHRF2",1.71622395940832,"Significant"
8.12304139314894e-07,0.615947043374666,0.359,0.179,0.0192402358438126,"BCOR",1.7157896087515,"Significant"
8.13004541693314e-07,0.235423822239533,0.758,0.441,0.0192568255745478,"GUCA1B",1.71541530335285,"NS"
8.13111988430115e-07,0.0207763684024949,0.228,0.08,0.0192593705579557,"CFD",1.71535791075632,"NS"
8.15867799386005e-07,0.37224491285682,0.134,0.028,0.0193246446962569,"MMP19",1.71388848229313,"Significant"
8.18476181154576e-07,2.46733322980435,0.129,0.028,0.0193864268268273,"DST",1.71250222972441,"Significant"
8.26609831811565e-07,0.189879276067755,0.822,0.519,0.0195790804762887,"DEGS1",1.70820770852119,"NS"
8.50539674410286e-07,0.0844863230007595,0.336,0.148,0.020145882728082,"LOC100134368",1.69581369846493,"NS"
8.51819178219248e-07,0.04390685506486,0.789,0.448,0.0201761890553011,"PLEKHA1",1.69516086131771,"NS"
8.60573132836643e-07,0.244936167236474,0.592,0.324,0.0203835352243687,"ZFP64",1.69072049180713,"NS"
8.70730845731711e-07,0.304454541920644,0.397,0.194,0.0206241308120013,"EGLN1",1.6856243453965,"Significant"
8.76355005810414e-07,0.317955650299882,0.915,0.66,0.0207573446676255,"LOC100506385",1.68282820332621,"Significant"
8.90050450811144e-07,-0.0500838510321675,0.538,0.265,0.0210817349779128,"FKBP9L",1.6760936505597,"NS"
8.960228382377e-07,-0.281655725150705,0.88,0.858,0.0212231969464982,"CDC42",1.67318919575767,"Significant"
9.15674567035017e-07,0.222312953569225,0.636,0.37,0.0216886677947914,"ZNF780A",1.66376712328039,"NS"
9.21253600502724e-07,0.785304906224222,0.345,0.173,0.0218208127815075,"SLC38A10",1.66112907684806,"Significant"
9.27297496147595e-07,0.330742310931465,0.298,0.127,0.0219639684937519,"LINC00174",1.6582891879366,"Significant"
9.31709279935088e-07,0.0180264476119587,0.568,0.296,0.0220684660045425,"IPP",1.65622785392109,"NS"
9.33858016521072e-07,0.139270773714828,0.725,0.423,0.0221193609793181,"TNFSF15",1.65522742380336,"NS"
9.56199229233557e-07,0.289872468279833,0.817,0.512,0.022648534943626,"CPT2",1.64495988576936,"Significant"
9.58863679198388e-07,0.236555968770174,0.808,0.491,0.022711645105493,"SPRED3",1.64375140675951,"NS"
9.68192544147244e-07,0.077840428300112,0.667,0.364,0.0229326086006716,"C14orf182",1.63954654115141,"NS"
9.85219536925215e-07,-0.0463842493955975,0.491,0.253,0.0233359099516107,"SMUG1",1.63197525973454,"NS"
9.87326318520104e-07,-0.136032759856981,0.646,0.343,0.0233858111804672,"VWA2",1.63104756118029,"NS"
9.89333277209462e-07,1.2940221715099,0.131,0.028,0.0234333480039833,"LOC100507634",1.63016565780594,"Significant"
9.94108531507031e-07,-0.241469799982543,0.62,0.321,0.0235464546772755,"DISC2",1.62807447409794,"NS"
9.98335982414506e-07,0.17337634690241,0.744,0.438,0.02364658607947,"FNIP1",1.62623155065004,"NS"
1.00603732889532e-06,0.200997711041706,0.88,0.593,0.0238290001722145,"DGKE",1.62289417959226,"NS"
1.01506940055628e-06,-0.159860995488869,0.462,0.225,0.024042933821576,"IL15",1.6190125389663,"NS"
1.02498995248165e-06,0.279260578267139,0.8,0.491,0.0242779120144804,"DUXA",1.61478866683823,"Significant"
1.02996413107729e-06,0.0724159750259061,0.376,0.179,0.0243957304086966,"NEK4",1.61268617457087,"NS"
1.0341926723873e-06,0.602120038582938,0.777,0.5,0.0244958876381656,"MYO10",1.61090681873581,"Significant"
1.03791525699366e-06,0.127345498751927,0.695,0.407,0.0245840607771518,"TNFRSF10B",1.60934637907982,"NS"
1.04155599838242e-06,-0.324510774274959,0.822,0.867,0.024670295377686,"CAPZA1",1.60782565066709,"Significant"
1.0421512776638e-06,0.089972996043419,0.662,0.349,0.0246843951627449,"PCAT1",1.60757750975296,"NS"
1.04519040454686e-06,-0.169716798201839,0.681,0.373,0.0247563799220969,"LOC100294362",1.60631286105742,"NS"
1.04589475179748e-06,0.368543771677134,0.911,0.713,0.0247730630910752,"C12orf5",1.6060202913025,"Significant"
1.0522438210963e-06,0.598307803562749,0.272,0.117,0.0249234471464871,"LOC729737",1.60339189085865,"Significant"
1.05691329279443e-06,0.300763656045289,0.897,0.648,0.0250340482531289,"AFMID",1.6014689150009,"Significant"
1.07571092824654e-06,0.0858978255021318,0.862,0.577,0.0254792890464477,"KIAA1191",1.59381269437092,"NS"
1.07811157339525e-06,0.382130279315401,0.892,0.611,0.0255361507274399,"KCNJ11",1.59284456689334,"Significant"
1.09325656060867e-06,0.260996944462392,0.833,0.528,0.0258948748945769,"SEPN1",1.5867861828398,"Significant"
1.0954010996074e-06,0.0867681653853085,0.589,0.324,0.0259456704453009,"ZNF770",1.58593510250104,"NS"
1.10798415852003e-06,0.346376094224765,0.138,0.031,0.0262437127787055,"LOC285501",1.58097472397471,"Significant"
1.11287512082536e-06,-0.809409069575653,0.277,0.429,0.0263595601118694,"ALOX5AP",1.57906184152043,"Significant"
1.11295074698976e-06,0.339378594095046,0.831,0.562,0.0263613513931995,"ARMC10",1.5790323297546,"Significant"
1.11530188022712e-06,-0.00185325597055686,0.695,0.38,0.0264170403350597,"SLC2A6",1.57811584070154,"NS"
1.12011694977879e-06,-0.320028138365166,0.31,0.13,0.0265310900724605,"SCIN",1.57624490596457,"Significant"
1.12224327958035e-06,0.283991351897171,0.817,0.494,0.0265814543201403,"LOC100505812",1.57542126169526,"Significant"
1.12449773613409e-06,0.187005443020761,0.709,0.41,0.0266348533780719,"FLJ39639",1.57454968961576,"NS"
1.13441530074699e-06,0.665864644691633,0.164,0.046,0.0268697608134933,"TMEM231",1.57073619950812,"Significant"
1.1396183697621e-06,0.00299787341204993,0.566,0.296,0.0269930007061851,"CHST1",1.56874883394293,"NS"
1.14169457917168e-06,0.556923956484119,0.192,0.062,0.0270421778022603,"PPIAL4G",1.56795833605072,"Significant"
1.14217248631768e-06,0.114098645218573,0.399,0.191,0.0270534975109206,"LOC284757",1.56777658077911,"NS"
1.14357005227959e-06,0.275202398986446,0.843,0.509,0.0270866002582944,"SPRYD7",1.56724550149022,"Significant"
1.14381906593139e-06,0.204914079495991,0.777,0.441,0.0270924983956509,"LOC400548",1.56715094367803,"NS"
1.16393166885211e-06,-0.042874903050474,0.629,0.346,0.0275688855084311,"WHSC1",1.55958079019897,"NS"
1.16498099441921e-06,0.186882315269909,0.782,0.469,0.0275937398338134,"PRND",1.55918943474667,"NS"
1.17358132973626e-06,0.365441500391046,0.815,0.543,0.027797447376133,"ST8SIA1",1.55599508326749,"Significant"
1.17721898487589e-06,-0.196501775484653,0.282,0.114,0.0278836088757703,"ZNF135",1.55465101775471,"NS"
1.18511910150581e-06,0.352744076199963,0.378,0.185,0.0280707310382667,"ZNF83",1.55174627700749,"Significant"
1.19140788633983e-06,-0.115751077832712,0.965,0.985,0.0282196871958453,"CD8A",1.54944780453884,"NS"
1.1922840197037e-06,0.405242679078469,0.181,0.056,0.0282404392907017,"TEDDM1",1.54912855195296,"Significant"
1.19563084484616e-06,-0.104960859527027,0.512,0.256,0.0283197121910262,"PCDHB19P",1.54791116462931,"NS"
1.19592807617972e-06,0.173754763356661,0.761,0.472,0.0283267524123928,"ANGPT2",1.54780321334487,"NS"
1.20139987204584e-06,0.448905344863849,0.444,0.231,0.0284563573692779,"LOC284581",1.54582069369904,"Significant"
1.20211801159755e-06,-0.57656056178508,0.507,0.256,0.0284733672226997,"LOC100288637",1.5455611707257,"Significant"
1.20486865354663e-06,0.162875937957968,0.862,0.586,0.0285385189279055,"RIOK3",1.5445685693478,"NS"
1.20738445083787e-06,0.205871154055694,0.66,0.373,0.0285981081025458,"SIKE1",1.54366269651437,"NS"
1.20770086093536e-06,0.318595730388174,0.864,0.611,0.0286056025921148,"HCG18",1.5435488991595,"Significant"
1.2151314220336e-06,0.18746811617191,0.749,0.463,0.0287816028622879,"C1RL",1.54088502364253,"NS"
1.21983083678186e-06,0.234587803141574,0.765,0.457,0.0288929132000151,"MSRB3",1.53920866712409,"NS"
1.22032160073398e-06,-0.0604714727764002,0.641,0.358,0.028904537434985,"SMAD4",1.53903397633353,"NS"
1.22234750094687e-06,0.38076380713842,0.214,0.074,0.0289525229074276,"ALOX15",1.53831358609772,"Significant"
1.24347106397332e-06,0.315187774052026,0.887,0.614,0.029452855621272,"SEC14L4",1.53087259152416,"Significant"
1.26774220645253e-06,0.300352510999874,0.195,0.065,0.0300277419020347,"DNAJC5G",1.52247732568842,"Significant"
1.271543597393e-06,0.285190644266053,0.235,0.086,0.0301177816478505,"FABP2",1.5211770196419,"Significant"
1.27295635728222e-06,1.14063951073498,0.209,0.077,0.0301512442785866,"PER3",1.520694760732,"Significant"
1.27597458362259e-06,0.242025935199993,0.808,0.528,0.0302227339876846,"KLB",1.51966625137825,"NS"
1.27707821210546e-06,-0.00056779883357061,0.678,0.367,0.03024887453193,"IRAK2",1.51929077947979,"NS"
1.2827745756194e-06,1.9021601876873,0.143,0.037,0.0303837985981211,"IGFBP4",1.51735793135951,"Significant"
1.28931282912681e-06,0.0795177861409759,0.573,0.302,0.0305386636706975,"LOC90784",1.51514997098424,"NS"
1.31322460890894e-06,0.526039354773729,0.251,0.102,0.0311050380866171,"ZSCAN30",1.50716926254836,"Significant"
1.31679045876467e-06,0.323921599498639,0.688,0.432,0.0311894988062999,"LOC257396",1.5059916039991,"Significant"
1.31836544958252e-06,0.0279356150269541,0.667,0.373,0.0312268040388115,"SYDE2",1.50547246211415,"NS"
1.31982015124145e-06,0.150546714463162,0.418,0.201,0.031261260102305,"LOC100506035",1.50499352009649,"NS"
1.32284371396745e-06,-0.351378209263815,0.836,0.802,0.0313328762090329,"KLF6",1.50399973712026,"Significant"
1.32960135838092e-06,0.292856384948995,0.221,0.08,0.0314929377746104,"NCRNA00185",1.50178682492103,"Significant"
1.34265211094899e-06,0.299383972740066,0.831,0.54,0.0318020578999377,"TMX1",1.49754477606368,"Significant"
1.35256806144198e-06,0.313574064924102,0.742,0.444,0.0320369271033148,"SUV39H2",1.49434914695967,"Significant"
1.35389329133818e-06,0.517062991120018,0.211,0.074,0.0320683164986362,"TTPA",1.49392383877887,"Significant"
1.35586325422105e-06,-0.644103655832905,0.169,0.049,0.0321149770394799,"LINC00689",1.49329238414749,"Significant"
1.36348999402855e-06,-0.146421708101107,0.535,0.281,0.0322956239985603,"ASZ1",1.49085631983694,"NS"
1.36573007031129e-06,0.0307022912146743,0.744,0.441,0.0323486824453932,"HECA",1.49014340335226,"NS"
1.36991235126613e-06,0.244325541070183,0.538,0.296,0.0324477439520894,"LOC493754",1.48881549372399,"NS"
1.37292802942292e-06,0.20756874377034,0.716,0.401,0.0325191733049113,"LOC100507117",1.487860503474,"NS"
1.37385274753805e-06,0.19234576001644,0.404,0.194,0.0325410761781863,"EMR2",1.48756808844528,"NS"
1.37973948096438e-06,0.0675216673090102,0.491,0.253,0.0326805093461223,"VDR",1.48571118333649,"NS"
1.38568723090185e-06,0.420094457494561,0.284,0.12,0.0328213877511413,"MC2R",1.48384306009215,"Significant"
1.3891688404914e-06,0.113322132274642,0.725,0.423,0.0329038531558794,"MEGF9",1.48275324167459,"NS"
1.3992701124432e-06,0.329375286873071,0.89,0.667,0.0331431118833295,"NRIP3",1.47960671709019,"Significant"
1.40409153908822e-06,0.789007476808422,0.153,0.04,0.0332573121948437,"PLEKHA6",1.4781128527147,"Significant"
1.42731610857163e-06,0.197431730715226,0.617,0.349,0.0338074093476277,"NHLRC2",1.4709881078245,"NS"
1.4321346796984e-06,-0.0280271885354289,0.57,0.296,0.0339215420233362,"SMIM11",1.46952441357912,"NS"
1.43377576664453e-06,0.297537020181144,0.937,0.759,0.0339604128087423,"GSTM3",1.46902703929177,"Significant"
1.44315019917714e-06,0.524426774780186,0.39,0.198,0.0341824556177097,"AVL9",1.46619674141301,"Significant"
1.44487190069202e-06,0.321658754261707,0.805,0.512,0.0342232358397912,"LOC100128398",1.46567892989349,"Significant"
1.44540479947796e-06,0.276812264311368,0.826,0.519,0.0342358580804351,"BSN-AS2",1.46551878259357,"Significant"
1.45647664892308e-06,0.271559581920433,0.765,0.454,0.0344981059063921,"KRBOX4",1.46220474889727,"Significant"
1.46345434272471e-06,0.484689363352112,0.369,0.185,0.0346633795617775,"GUSBP1",1.4601290973209,"Significant"
1.4687251102413e-06,0.0524740428887388,0.676,0.392,0.0347882229611755,"CENPBD1",1.458567755152,"NS"
1.48566420116871e-06,0.164135052272167,0.124,0.025,0.035189442268882,"LRRC8E",1.45358761641194,"NS"
1.4977829857331e-06,0.625158796934114,0.11,0.019,0.0354764878000743,"VRTN",1.45005938220415,"Significant"
1.49811807886111e-06,0.148225973363042,0.779,0.466,0.0354844248159043,"AK1",1.44996223006602,"NS"
1.50282143789545e-06,-0.305402427048873,0.185,0.059,0.0355958285779915,"FAM154B",1.4486008933672,"Significant"
1.52112236361939e-06,0.328251096699598,0.955,0.806,0.0360293043046889,"SPDYE7P",1.44334412365461,"Significant"
1.52645799222572e-06,0.473408973749225,0.218,0.08,0.0361556840038584,"ALAD",1.44182341794171,"Significant"
1.5464732381292e-06,-0.376984283362555,0.305,0.133,0.0366297651183281,"ZNF14",1.43616586616049,"Significant"
1.5501392476516e-06,-0.0909353277151084,0.958,0.914,0.0367165982198757,"PTPRCAP",1.43513756284045,"NS"
1.5613404292615e-06,0.661098189311123,0.244,0.096,0.0369819094074879,"ZNF702P",1.43201066960389,"Significant"
1.56377409744853e-06,0.32216972984874,0.688,0.41,0.0370395532721658,"MRPS25",1.43133425991136,"Significant"
1.56402013911987e-06,0.264376995026011,0.878,0.63,0.0370453810151933,"CPSF2",1.43126593409941,"Significant"
1.56734472917535e-06,0.222055399343897,0.808,0.5,0.0371241272552473,"LOC100130899",1.43034374730935,"NS"
1.56775599377182e-06,-0.113372656191413,0.507,0.259,0.0371338684684794,"ATG10",1.43022980523115,"NS"
1.57735766839101e-06,0.113902067106045,0.289,0.12,0.0373612937335095,"KCNK6",1.42757809358766,"NS"
1.58277611677832e-06,0.154274218170981,0.826,0.512,0.0374896351020113,"ZNF620",1.42608878667779,"NS"
1.58454229762635e-06,0.324532703214262,0.685,0.407,0.0375314688615777,"RPL23AP82",1.42560443835818,"Significant"
1.6010416840924e-06,-0.262754038811511,0.129,0.028,0.0379222733294125,"LIPG",1.42110563586915,"Significant"
1.61149519226335e-06,0.373502740057146,0.883,0.599,0.0381698751239497,"CC2D2A",1.41827926088057,"Significant"
1.66188344851373e-06,0.00948624357193761,0.531,0.284,0.0393633713614963,"POLR3A",1.4049077125529,"NS"
1.66399781985242e-06,0.323405182819039,0.894,0.667,0.0394134523610244,"PCDH11Y",1.4043555221079,"Significant"
1.67400838530484e-06,0.767740385583866,0.214,0.077,0.0396505626143305,"TMEM217",1.40175064596137,"Significant"
1.6898615026072e-06,0.316114771456595,0.876,0.645,0.0400260595507542,"DNASE1",1.39765716282015,"Significant"
1.70118600765934e-06,0.11560722901248,0.721,0.401,0.0402942917774191,"EHD2",1.39475647309351,"NS"
1.70200220379939e-06,0.272616800860464,0.146,0.037,0.0403136241991923,"ZNF365",1.39454815697078,"Significant"
1.7143752038296e-06,0.147761360465308,0.702,0.395,0.040606691077908,"IQCC",1.3914023984724,"NS"
1.72997558631025e-06,0.167987166782164,0.805,0.491,0.0409762017373445,"SLC48A1",1.38746830071673,"NS"
1.75304818686778e-06,0.0884581190748093,0.669,0.38,0.0415226993541501,"PAQR7",1.38171442113971,"NS"
1.78018738934481e-06,0.894990555053022,0.317,0.16,0.0421655185040213,"BZRAP1",1.37504255484,"Significant"
1.79601502761526e-06,0.339676249477829,0.873,0.562,0.042540411944095,"ANKS4B",1.37119830888131,"Significant"
1.80847335306729e-06,-0.135952298629859,0.96,0.944,0.0428354998407517,"CD2",1.36819616101915,"NS"
1.82165144751501e-06,0.503506057844011,0.397,0.207,0.0431476361858405,"TNRC6A",1.36504299182747,"Significant"
1.82266258611809e-06,0.315093821308629,0.157,0.043,0.0431715860147932,"PNPLA5",1.36480199617069,"Significant"
1.82957943839002e-06,0.143358967224408,0.162,0.046,0.0433354185777061,"PLEKHG5",1.36315700422046,"NS"
1.84111887299248e-06,-0.261340399555064,0.211,0.074,0.0436087416257,"MCM10",1.36042644515183,"Significant"
1.86714528607815e-06,0.150809498889832,0.728,0.404,0.044225203246047,"LRG1",1.35433016252375,"NS"
1.8728457166388e-06,0.207074537077972,0.923,0.735,0.0443602236443067,"RLIM",1.35300627299981,"NS"
1.87783745899451e-06,0.11868550813718,0.739,0.448,0.044478458053744,"PLXDC1",1.35185027696462,"NS"
1.90839431102817e-06,0.0438805014290934,0.711,0.401,0.0452022276510132,"LOC440288",1.34484016181023,"NS"
1.9159938427758e-06,0.93159605752944,0.167,0.049,0.0453822301599877,"EEF1DP3",1.34311416595708,"Significant"
1.92501380231651e-06,0.112542537576099,0.697,0.429,0.0455958769216688,"SNX1",1.34107442731639,"NS"
1.92736395029611e-06,0.223681717932321,0.772,0.491,0.0456515425267136,"HAUS5",1.34054454344136,"NS"
1.92938934233242e-06,0.276602075244775,0.901,0.633,0.0456995159624858,"PRKX",1.34008839984119,"Significant"
1.93680088974159e-06,0.234752155932069,0.685,0.395,0.0458750658744193,"FAM118A",1.33842329911312,"NS"
1.95826214539196e-06,-0.203524050597123,0.674,0.37,0.0463833971757539,"WIPF2",1.33363744628334,"NS"
1.97425957024819e-06,0.356272921499514,0.906,0.704,0.0467623121808987,"CBFA2T2",1.330104023118,"Significant"
1.97689202634114e-06,0.31828270988019,0.927,0.728,0.0468246645359162,"ARSA",1.32952532534028,"Significant"
1.99226603585741e-06,0.37022525335615,0.822,0.519,0.0471888133253186,"ZNF124",1.32616094388498,"Significant"
1.9939638026744e-06,-1.08744413494641,0.202,0.34,0.0472290266301458,"PMAIP1",1.32579100495289,"Significant"
2.00031052846937e-06,0.301869967334685,0.833,0.522,0.0473793551773254,"DSCR6",1.32441085422607,"Significant"
2.00219339100454e-06,-0.81042078895634,0.392,0.522,0.0474239526593335,"SPOCK2",1.32400225156834,"Significant"
2.00265626349158e-06,0.31834366938667,0.606,0.333,0.0474349162570616,"PLD6",1.32390186179834,"Significant"
2.00400589102965e-06,0.10871083849581,0.758,0.448,0.0474668835349284,"ZNF117",1.32360928119535,"NS"
2.00495813372625e-06,0.0591929950096234,0.784,0.466,0.04748943835544,"ERCC1",1.32340296666931,"NS"
2.01088685574156e-06,0.0395328728126507,0.798,0.5,0.0476298660650946,"LINC00094",1.32212063972024,"NS"
2.01727343884232e-06,0.278654305435695,0.815,0.466,0.0477811386724193,"GP2",1.32074350479008,"Significant"
2.04955538778513e-06,0.924639825052296,0.185,0.062,0.0485457689150787,"ZCCHC16",1.31384861574379,"Significant"
2.04970931545881e-06,1.23201404157987,0.143,0.037,0.0485494148459573,"HEXDC",1.31381600016799,"Significant"
2.05696568523316e-06,-0.0298515570203743,0.373,0.179,0.0487212892204327,"TNFRSF10A",1.31228122829981,"NS"
2.07906710053635e-06,-0.363486859057886,0.662,0.716,0.0492447833433039,"CD52",1.30763976892702,"Significant"
2.07925255161495e-06,0.302142110776268,0.908,0.71,0.0492491759375517,"BMS1P5",1.30760103194339,"Significant"
2.08470041418241e-06,0.21157962430565,0.768,0.429,0.0493782140103246,"ZC3HAV1L",1.30646462237266,"NS"
2.0943345956818e-06,0.166334665893396,0.885,0.586,0.0496064092333191,"CCDC90A",1.30446220829126,"NS"
2.10515933620698e-06,0.213445085223279,0.772,0.466,0.0498628040373986,"SYNPO2",1.30222330257256,"NS"
2.11915813043132e-06,-0.0073181585814214,0.683,0.392,0.0501943794773962,"LINC00265",1.29934491031734,"NS"
2.11960063533532e-06,0.180519602845855,0.758,0.472,0.0502048606485523,"PTGER4P2-CDK2AP2P2",1.29925423403717,"NS"
2.13570383317274e-06,-0.291808110847923,0.568,0.296,0.0505862809925296,"ZNF197",1.29596724792475,"NS"
2.15885510203484e-06,0.315664907070552,0.899,0.664,0.0511346419467972,"PTPN14",1.29128478070642,"NS"
2.1655965686081e-06,0.119265905486031,0.178,0.056,0.0512943203240516,"GNAT1",1.28993072043362,"NS"
2.17277479029045e-06,0.330651202514491,0.601,0.336,0.0514643436828197,"TRDMT1",1.28849356134627,"NS"
2.1845377655172e-06,0.298219419552779,0.181,0.059,0.0517429615140403,"FANCM",1.28614871801611,"NS"
2.18607667076305e-06,-0.0437587796564278,0.542,0.296,0.0517794120236936,"EPT1",1.28584288546382,"NS"
2.21078979618947e-06,0.156803384289236,0.784,0.494,0.0523647671125439,"DNAJC14",1.28096082361037,"NS"
2.22358121474783e-06,0.243544384415442,0.676,0.389,0.0526677446525171,"ZNF273",1.27845527867951,"NS"
2.22374300785406e-06,3.13887255631615,0.101,0.015,0.0526715768840312,"PLN",1.27842367952021,"NS"
2.23861560811492e-06,0.242013533111047,0.944,0.735,0.05302384929381,"RPS6KA3",1.27552874762557,"NS"
2.25174629751271e-06,0.627284075065256,0.197,0.068,0.0533348628028861,"DUX2",1.27298881773881,"NS"
2.25218485063008e-06,0.301149341646563,0.577,0.336,0.053345250372024,"C10orf118",1.27290424220103,"NS"
2.27572815183907e-06,0.00711355166661098,0.397,0.194,0.0539028970044603,"ERC1",1.26838789308337,"NS"
2.29613852405908e-06,0.273350059146806,0.864,0.599,0.0543863370808633,"ARCN1",1.26451018992793,"NS"
2.29752991735687e-06,-0.178118276024892,0.376,0.17,0.0544192936225147,"C5orf60",1.26424709978219,"NS"
2.35896171079504e-06,-0.0235840263709766,0.61,0.33,0.0558743670818912,"ZMYM6",1.25278738331234,"NS"
2.38755779215231e-06,0.205269350810731,0.202,0.071,0.0565516938649195,"ZNF704",1.24755438233587,"NS"
2.38860245832148e-06,0.355092153771572,0.878,0.67,0.0565764378278026,"NEK5",1.24736440011745,"NS"
2.39458467323589e-06,0.720160009048121,0.256,0.111,0.0567181325702653,"NBPF11",1.24627807662224,"NS"
2.39754190495561e-06,0.564148683105076,0.155,0.043,0.0567881775607786,"CYP4F30P",1.2457420684181,"NS"
2.40927127668019e-06,0.0203046751697142,0.627,0.33,0.0570659994594469,"LOC100131691",1.24362257205565,"NS"
2.42854339988008e-06,0.240178449761577,0.829,0.506,0.0575224789695596,"BMP8A",1.24016240601179,"NS"
2.43012183540234e-06,0.216119171501257,0.815,0.531,0.0575598657933399,"CASC4",1.23988022733585,"NS"
2.46117293093804e-06,1.38075691678448,0.108,0.019,0.0582953420421985,"ANKRD62P1-PARP4P3",1.23436614517558,"NS"
2.4727043038872e-06,0.236482793171392,0.761,0.478,0.0585684741418721,"LOC100130231",1.23233609030356,"NS"
2.50709013361236e-06,0.244336864115125,0.96,0.793,0.0593829369047425,"TBC1D24",1.22633832728591,"NS"
2.53979582759506e-06,0.303155985880735,0.446,0.241,0.0601576039724166,"CYB5B",1.22070946966177,"NS"
2.54777805715362e-06,0.311385491772062,0.864,0.602,0.0603466710617406,"F11R",1.21934668214314,"NS"
2.56729917652715e-06,1.45795310624428,0.195,0.074,0.0608090482952221,"PHEX",1.21603179355111,"NS"
2.57263668719427e-06,0.222440091386852,0.401,0.207,0.0609354725728836,"FLJ14186",1.21512981643524,"NS"
2.58755993789825e-06,0.141918138442598,0.871,0.596,0.061288944689058,"TMEM209",1.21261785653441,"NS"
2.59168046823184e-06,0.822302845344236,0.148,0.04,0.0613865435705394,"NFIA",1.21192681930746,"NS"
2.60071472885678e-06,0.331386914652103,0.723,0.469,0.0616005290677017,"SLC2A3",1.21041555779991,"NS"
2.61122392314976e-06,0.203235108314211,0.714,0.395,0.0618494498437253,"DPH3P1",1.20866415910514,"NS"
2.61339406808278e-06,0.280305049581544,0.251,0.102,0.0619008518966086,"CCSER1",1.20830337405823,"NS"
2.63903380735176e-06,0.674678668909279,0.202,0.074,0.0625081547609337,"ATRN",1.20406332126953,"NS"
2.64022489272718e-06,0.235237199810973,0.845,0.519,0.0625363668091359,"LOC100287846",1.20386735367476,"NS"
2.65125774955357e-06,0.642893618543851,0.289,0.133,0.0627976910559259,"TNIK",1.20205632409887,"NS"
2.65615213454508e-06,-0.0143722330716263,0.57,0.302,0.0629136194588347,"ZDBF2",1.20125532887028,"NS"
2.73308386066617e-06,0.498398751831951,0.214,0.08,0.0647358243237389,"MARCH8",1.18885531747043,"NS"
2.73623272482102e-06,0.310662023282633,0.925,0.71,0.0648104083201106,"VSTM4",1.18835524238557,"NS"
2.74131317659347e-06,-0.239407402898129,0.408,0.198,0.0649307439007929,"CASS4",1.1875496214587,"NS"
2.75131633576234e-06,-0.0403393781711014,0.387,0.188,0.0651676787288668,"TMEM68",1.18596774828779,"NS"
2.7707986457637e-06,0.180151373880036,0.232,0.09,0.0656291367235591,"RAD51",1.18290330835408,"NS"
2.8129627395783e-06,0.387441683548511,0.803,0.5,0.0666278354496517,"UGDH",1.17634429550481,"NS"
2.81958458370643e-06,0.156071023913825,0.366,0.182,0.0667846804496705,"SETDB2",1.17532314769203,"NS"
2.8208023045337e-06,-0.148955182465124,0.528,0.272,0.0668135233851851,"POU2F3",1.17513562529171,"NS"
2.83256204320565e-06,0.245281979945089,0.85,0.549,0.0670920645553689,"PIGR",1.17332884381934,"NS"
2.83279231706245e-06,-0.00794444044356712,0.35,0.164,0.0670975188219412,"FAM229B",1.17329353917322,"NS"
2.8365054962063e-06,0.850956162749519,0.207,0.077,0.0671854691831424,"TECPR2",1.17272464563607,"NS"
2.83814807978326e-06,0.251568512654464,0.939,0.796,0.0672243754177464,"NT5DC3",1.1724732241197,"NS"
2.9419486676329e-06,0.346908072817382,0.786,0.485,0.0696829961415529,"CWF19L1",1.15687318435273,"NS"
2.95672220628812e-06,1.39744077084516,0.12,0.025,0.0700329221781404,"PCSK1N",1.15469775199894,"NS"
2.96874468762307e-06,0.960195849450307,0.249,0.108,0.0703176866710401,"RGS4",1.15293542522848,"NS"
2.97446090960781e-06,-0.296886341810101,0.472,0.241,0.0704530811049706,"FAM105A",1.15210000925971,"NS"
3.02578245019498e-06,0.549286192814189,0.153,0.043,0.0716686831153182,"CABP5",1.14467057545239,"NS"
3.0278922644937e-06,0.0619770000281111,0.716,0.429,0.0717186561767979,"NCOA7",1.14436785659548,"NS"
3.04220849440683e-06,-0.215001429150354,0.904,0.88,0.0720577503985202,"C6orf62",1.14231930042549,"NS"
3.05262281724614e-06,-0.298732873148785,0.702,0.731,0.0723044240492922,"RARRES3",1.1408351289653,"NS"
3.07278953119114e-06,0.296537913001619,0.477,0.25,0.0727820928357934,"LOC100507373",1.13797546051169,"NS"
3.07769319282295e-06,1.93525079198133,0.138,0.037,0.0728982409652045,"TFAP2A",1.13728295108288,"NS"
3.0784983847234e-06,1.34798304959315,0.178,0.062,0.0729173127405583,"C2orf43",1.13716934500132,"NS"
3.12432650360552e-06,-1.3054136273248,0.085,0.201,0.0740027975644005,"IFI44",1.13075186210934,"NS"
3.12656028536754e-06,0.175796911376748,0.786,0.485,0.0740557069192156,"CRK",1.13044146802701,"NS"
3.13108502726756e-06,0.332747004844404,0.873,0.574,0.0741628799558595,"ABHD11",1.1298134136444,"NS"
3.14402705066949e-06,0.354476928188956,0.406,0.207,0.0744694247221575,"HSDL1",1.12802200107751,"NS"
3.14451318647953e-06,0.267974358954045,0.528,0.299,0.074480939334954,"MEF2A",1.12795485477893,"NS"
3.16141704296367e-06,0.951804468700624,0.23,0.096,0.0748813240796375,"USP1",1.12562648484426,"NS"
3.16689553550773e-06,0.215826193723143,0.735,0.444,0.0750110876540361,"LOC100505776",1.12487453726078,"NS"
3.17781845044402e-06,0.00893067084079369,0.669,0.37,0.075269807817217,"LTB4R",1.12337919282754,"NS"
3.18410472648579e-06,0.639793317697111,0.3,0.142,0.0754187045515424,"STT3B",1.12252093163536,"NS"
3.18478664986329e-06,0.0399524985244991,0.397,0.198,0.075434856588662,"HAVCR1",1.12242793097212,"NS"
3.20952071217693e-06,-0.059330181596004,0.871,0.571,0.0760207075886227,"CSNK1G1",1.11906809237032,"NS"
3.22969812101743e-06,0.198487089993667,0.592,0.343,0.0764986296944188,"ZNF33A",1.11634634421217,"NS"
3.24328277313172e-06,0.262354823849188,0.962,0.815,0.0768203957643978,"EMP2",1.11452345976065,"NS"
3.25963440782978e-06,0.00225487753830222,0.535,0.281,0.0772077005838562,"FAM204A",1.11233938160349,"NS"
3.26107006244848e-06,-0.04515982062349,0.505,0.265,0.0772417054991547,"RHNO1",1.1121481455517,"NS"
3.27332499531313e-06,0.0900135925166649,0.775,0.481,0.0775319758389868,"TERF2",1.11051914824983,"NS"
3.28165949412172e-06,0.280960494444873,0.716,0.429,0.077729386777767,"FLJ39739",1.10941475851454,"NS"
3.30423415076732e-06,-0.26132346159047,0.498,0.247,0.0782640900950747,"KLK10",1.10643745953647,"NS"
3.33242444775901e-06,-0.0607505503719594,0.678,0.395,0.0789318054696199,"SLC17A5",1.10274796311982,"NS"
3.34295645161072e-06,0.197154304753457,0.974,0.873,0.0791812665128515,"SCAI",1.10137755594143,"NS"
3.37264677907262e-06,0.614617295325275,0.124,0.028,0.0798845116091141,"WDR72",1.0975374156139,"NS"
3.38144832496551e-06,0.357379935819772,0.89,0.679,0.0800929850251332,"SMIM14",1.09640552009914,"NS"
3.39379228093252e-06,1.04471242313229,0.146,0.04,0.0803853639661677,"SOX4",1.0948230175122,"NS"
3.39640960927767e-06,0.564862792305364,0.254,0.108,0.080447358005351,"METTL10",1.09448821411981,"NS"
3.40728530519218e-06,1.28647491189631,0.164,0.052,0.080704959738782,"ATAD3B",1.09309977480709,"NS"
3.42373199972596e-06,0.0986295892527824,0.711,0.407,0.081094516145509,"SLC4A1",1.09100851309179,"NS"
3.44278563069301e-06,0.287529139073565,0.887,0.648,0.0815458204485946,"PTAFR",1.08859829339291,"NS"
3.5322336843141e-06,0.345403227870439,0.878,0.617,0.0836644870466637,"NFKBIB",1.07745884729365,"NS"
3.54071847995674e-06,0.689198121805464,0.188,0.065,0.0838654579162554,"ESRRA",1.07641687737509,"NS"
3.54415028554844e-06,0.102224511337815,0.629,0.343,0.0839467436635004,"WWTR1-AS1",1.07599614570106,"NS"
3.58013217140333e-06,0.199213617742686,0.538,0.302,0.0847990106118592,"PDHA1",1.07160921482249,"NS"
3.62037563254212e-06,-0.141411841242031,0.768,0.451,0.0857522172323926,"ACBD5",1.06675464190508,"NS"
3.6211073509905e-06,-0.224333491843253,0.697,0.38,0.0857695487155609,"SFXN2",1.06666687499705,"NS"
3.65258754340513e-06,0.257179506085596,0.876,0.639,0.086515188553094,"HEATR5A",1.06290764137055,"NS"
3.66310263805404e-06,0.587016710657212,0.174,0.056,0.086764249084948,"MGC72080",1.0616591875366,"NS"
3.67859424369688e-06,-0.034937120019523,0.594,0.321,0.0871311832562042,"COX15",1.05982638813337,"NS"
3.68478655202501e-06,0.249558121466603,0.948,0.75,0.0872778542712645,"LRRC27",1.05909593943168,"NS"
3.73531348209666e-06,0.302402599409908,0.779,0.478,0.0884746351369415,"LYRM4",1.05318121968609,"NS"
3.77161559708036e-06,0.26710897562883,0.796,0.478,0.0893344870324454,"WDR76",1.04898085201263,"NS"
3.77679162435092e-06,0.159538121663526,0.817,0.525,0.0894570864143759,"RDH10",1.0483852507505,"NS"
3.8008234613388e-06,0.316361927546693,0.871,0.642,0.0900263045052708,"LOC286186",1.04563057686769,"NS"
3.86202384890469e-06,-0.101247579152218,1,1,0.0914758968851565,"UGDH-AS1",1.03869332373406,"NS"
3.86414631613814e-06,-0.130067964358711,0.761,0.441,0.0915261696440481,"ZNF766",1.03845471241409,"NS"
3.87947422146984e-06,-0.136969080456154,0.96,0.941,0.0918892264097347,"H3F3B",1.03673540466484,"NS"
3.87959970456975e-06,0.251599932300269,0.845,0.58,0.0918921986024391,"TNFSF14",1.03672135746838,"NS"
3.90548045246664e-06,0.277388219317727,0.897,0.682,0.0925052099971249,"SLC6A4",1.03383380662007,"NS"
3.91130306549328e-06,1.18630243489431,0.106,0.019,0.0926431244092739,"LOC100128770",1.03318680669495,"NS"
3.91363434017892e-06,-0.436293218158066,0.415,0.201,0.0926983429814779,"TRAPPC6B",1.03292802896696,"NS"
3.96043057973568e-06,0.854107929768216,0.129,0.031,0.0938067587116192,"PGAM1P5",1.02776586987876,"NS"
3.97141812046273e-06,0.30508645995299,0.962,0.778,0.0940670096012802,"SKA1",1.02656266201637,"NS"
4.00348125415972e-06,0.29305185820292,0.854,0.568,0.0948264569860271,"HINT3",1.02307047574217,"NS"
4.06707153033761e-06,1.54757656896813,0.11,0.022,0.0963326562675767,"UPK1A-AS1",1.01622646435365,"NS"
4.08720591394707e-06,-0.0404916613468933,0.408,0.198,0.0968095592777504,"DSCAM-AS1",1.0140817569829,"NS"
4.08778204330576e-06,0.101896884366502,0.357,0.173,0.0968232054777401,"ACTR6",1.01402054348556,"NS"
4.1027354740893e-06,0.0979755354797107,0.634,0.355,0.0971773924392792,"TMEM156",1.01243475853938,"NS"
4.11706876501805e-06,0.502537283991565,0.228,0.086,0.0975168907682175,"MIR5047",1.01092015422861,"NS"
4.12563722107673e-06,0.006706136550511,0.657,0.364,0.0977198432184234,"LOC100216479",1.01001723847949,"NS"
4.13249129673554e-06,0.179402174669653,0.796,0.491,0.0978821888544779,"OLA1",1.0092963274609,"NS"
4.14420770214735e-06,0.320076868459698,0.864,0.608,0.0981597036330622,"RASAL2-AS1",1.00806676151496,"NS"
4.15280843814107e-06,0.811846495156238,0.319,0.164,0.0983634206658093,"LOC154761",1.00716637673635,"NS"
4.15509735682608e-06,0.236058027167732,0.735,0.441,0.0984176359937825,"RABL3",1.00692707099454,"NS"
4.17149423627005e-06,-0.0667482258496817,0.329,0.148,0.0988060124802925,"SEC1P",1.00521662719815,"NS"
4.19410633892311e-06,0.23682269191162,0.918,0.719,0.0993416027437327,"MAP3K13",1.00286883752437,"NS"
4.22964856080679e-06,0.551777922776243,0.197,0.071,0.10018345581127,"ZNF726",0.999203991473825,"NS"
4.23036518809722e-06,-0.015419430570415,0.2,0.071,0.100200429845271,"LOC283856",0.999130415404613,"NS"
4.25323439846142e-06,0.472639606946727,0.23,0.093,0.100742109961957,"ZNF736",0.996788957436627,"NS"
4.27130012961963e-06,-0.260109150665368,0.315,0.139,0.101170014870171,"OR7E5P",0.99494818617253,"NS"
4.27236868407549e-06,0.320600731427178,0.805,0.534,0.101195324651012,"RAB36",0.994839551974194,"NS"
4.32339656372287e-06,-0.208862584093407,0.838,0.867,0.10240397100834,"CD27",0.989683202016719,"NS"
4.32484717377944e-06,0.108408218877472,0.467,0.253,0.10243833015814,"CALU",0.989537509557535,"NS"
4.36789957717823e-06,0.112885198617235,0.864,0.599,0.103458069385044,"IL17RA",0.985235630153162,"NS"
4.38089545603215e-06,0.226725143790813,0.779,0.503,0.103765889771577,"TOR1AIP1",0.983945385587228,"NS"
4.38294416753407e-06,1.8077430342433,0.115,0.025,0.103814415552212,"SH3PXD2A",0.983742336660108,"NS"
4.39920786866558e-06,0.348749513428571,0.329,0.16,0.104199637577213,"PFN1P2",0.982133791578628,"NS"
4.41504858946607e-06,0.231676785820335,0.465,0.256,0.104574840890093,"PREPL",0.98057278752292,"NS"
4.43262355783314e-06,0.128647092188364,0.768,0.457,0.104991121590836,"ANKH",0.97884742480754,"NS"
4.43376595273636e-06,0.262376989032965,0.507,0.284,0.105018180356513,"TLK2",0.978735510977277,"NS"
4.45795483831435e-06,0.161689694489406,0.709,0.41,0.105591118300314,"SNAPC3",0.97637261054638,"NS"
4.49314861084202e-06,1.73974173616558,0.115,0.025,0.106424717996404,"MYB",0.972957491940281,"NS"
4.4994550509906e-06,0.0931274574642846,0.23,0.09,0.106574092337763,"C15orf38",0.972348357431751,"NS"
4.51137977879036e-06,-0.387146250631006,0.763,0.762,0.106856541440428,"SRSF3",0.971198886466464,"NS"
4.52644152669126e-06,0.286612952550813,0.268,0.114,0.107213294001209,"RPL23AP64",0.969751360600272,"NS"
4.53084935718904e-06,0.23404557493774,0.42,0.222,0.10731769787438,"HLA-F-AS1",0.969328652168354,"NS"
4.59964779517695e-06,-0.511303230591344,0.364,0.173,0.108947257676561,"SERAC1",0.962783696954449,"NS"
4.61904647745565e-06,-0.303867999054956,0.528,0.275,0.109406734865014,"BCDIN3D",0.960955942859222,"NS"
4.62654281606758e-06,-0.142448706978721,0.486,0.256,0.109584293141377,"LOC728730",0.96025168938144,"NS"
4.63121746099443e-06,0.26859955621151,0.843,0.546,0.109695016781114,"ARMC9",0.959813101081813,"NS"
4.63823002823229e-06,0.278201009512168,0.873,0.633,0.10986111644871,"ZMAT3",0.959155991833407,"NS"
4.65949322295041e-06,0.235527197768639,0.808,0.522,0.110364756478803,"CHRNA5",0.957169590650417,"NS"
4.67465180306953e-06,0.282389280013689,0.434,0.228,0.110723802607505,"RCHY1",0.955759007577547,"NS"
4.67950269807679e-06,-0.321228852432726,0.423,0.207,0.110838700906647,"FADS1",0.955308573041205,"NS"
4.68093413641144e-06,0.161074188907458,0.735,0.423,0.110872605955041,"ENTPD3-AS1",0.955175744673093,"NS"
4.70018996213034e-06,0.401252306191036,0.153,0.043,0.111328699443019,"FLJ40852",0.953392864389017,"NS"
4.72741535880786e-06,-0.373020030880743,0.549,0.287,0.111973560188723,"FGL2",0.950884513220071,"NS"
4.75995041148276e-06,0.151893855516545,0.495,0.269,0.112744185446381,"LINC00857",0.947905846733082,"NS"
4.76813707398598e-06,0.145854915343725,0.822,0.522,0.112938094734432,"C3orf62",0.947159543084904,"NS"
4.82254400597153e-06,0.251545064086875,0.904,0.633,0.114226777325442,"ENPP1",0.942232075761846,"NS"
4.83083072438496e-06,0.34880506294477,0.932,0.66,0.114423056537782,"ADRA1A",0.941486455278945,"NS"
4.84624503910514e-06,0.173890406953624,0.444,0.238,0.114788159996244,"NAAA",0.940102905609474,"NS"
4.94446397913561e-06,0.0500981571135837,0.239,0.096,0.117114573809806,"ALOX12P2",0.931389057691513,"NS"
4.95412495556513e-06,0.0157281912760484,0.662,0.392,0.117343403697516,"KIF3B",0.930541318662637,"NS"
4.96862165485221e-06,0.554090279349953,0.237,0.099,0.117686772516829,"MRPL15",0.929272347231109,"NS"
4.97946422665493e-06,-0.100301531159978,0.552,0.299,0.117943589672549,"ZNF410",0.92832565838579,"NS"
4.99057541670201e-06,0.173145399024392,0.85,0.559,0.118206769320004,"KIAA1656",0.92735765209991,"NS"
4.99378042395206e-06,0.1711114509794,0.209,0.077,0.118282683121729,"KIF13A",0.927078832507904,"NS"
5.01908019932919e-06,0.372406298246409,0.833,0.522,0.118881933601311,"GNPNAT1",0.924884139775035,"NS"
5.05995306433478e-06,0.242562905213766,0.775,0.485,0.119850048281834,"C1orf229",0.921361786673884,"NS"
5.08974269271805e-06,0.31894672354609,0.899,0.673,0.12055564541972,"TADA2B",0.918812447524394,"NS"
5.09075785623967e-06,0.778436685995966,0.376,0.216,0.120579690582893,"FAM178A",0.918725834903529,"NS"
5.10543594530011e-06,0.52932320695651,0.235,0.096,0.120927355800378,"WDR27",0.917475443314003,"NS"
5.11579411276472e-06,-0.234627145737751,0.725,0.42,0.121172699354945,"AMBRA1",0.916595217257667,"NS"
5.13091284816407e-06,-0.062147758955005,0.554,0.287,0.121530801721614,"KCNK3",0.915313637107655,"NS"
5.15754291158603e-06,-0.173997609153393,0.312,0.139,0.122161561403827,"ALDH7A1",0.913065424996066,"NS"
5.17423793521471e-06,0.340576053444398,0.772,0.497,0.122556999733496,"APOBEC3A",0.911661879362385,"NS"
5.21282389270084e-06,0.0837368473129512,0.338,0.167,0.123470946722512,"SART1",0.908435221857565,"NS"
5.22162339048014e-06,0.038774763763495,0.697,0.389,0.123679371626913,"STAR",0.90770272992363,"NS"
5.24983085523501e-06,0.300618479382894,0.906,0.639,0.124347493637097,"C1orf174",0.90536296399717,"NS"
5.30253294459091e-06,0.00814091591280791,0.577,0.324,0.12559579532558,"FAM108B1",0.901024899591376,"NS"
5.32577849770052e-06,0.162353643905657,0.585,0.327,0.126146389496535,"CTBP1-AS1",0.899125175143801,"NS"
5.34932329657002e-06,-0.33743585197432,0.195,0.068,0.126704071602557,"MAFG-AS1",0.897209428951512,"NS"
5.36900166391972e-06,0.44924243469691,0.383,0.201,0.127170173411603,"HNRNPA1L2",0.895614736499718,"NS"
5.3714515268261e-06,0.0684868235819365,0.505,0.275,0.127228200864403,"C1RL-AS1",0.895416614140965,"NS"
5.39909230108891e-06,0.199990665524196,0.84,0.577,0.127882900243592,"DCP1A",0.893187522967246,"NS"
5.43739620909897e-06,0.120600910005405,0.869,0.611,0.128790166608718,"MTMR9",0.890117294977775,"NS"
5.47178078438562e-06,0.253586532682226,0.81,0.494,0.129604599658958,"PTGES3L",0.88737958510851,"NS"
5.58750120605674e-06,-0.00573249800272291,0.401,0.204,0.13234555356666,"C11orf54",0.878290645174136,"NS"
5.65526781447625e-06,1.12664091383701,0.108,0.022,0.133950673453684,"TMEM72-AS1",0.873055098580717,"NS"
5.6635606186186e-06,-0.188946525750908,0.622,0.33,0.1341470968126,"DLG5-AS1",0.872418721813593,"NS"
5.68222257073154e-06,0.0960253387705514,0.744,0.454,0.134589123810347,"C19orf12",0.870990034168488,"NS"
5.70486729543211e-06,0.14662371348041,0.878,0.586,0.135125486759605,"OSBPL2",0.869262728586239,"NS"
5.72500718286568e-06,0.358131424078436,0.164,0.052,0.135602520133356,"CNTNAP5",0.867732239157451,"NS"
5.73136048696116e-06,0.766796174024479,0.115,0.025,0.135753004494162,"AGRN",0.86725054979955,"NS"
5.73339647459376e-06,1.09287866976101,0.153,0.046,0.135801228897228,"PPIAP30",0.867096300004928,"NS"
5.79830329409678e-06,-0.108175169219292,0.509,0.275,0.137338611823976,"TYSND1",0.862207346633337,"NS"
5.80226183945173e-06,0.221059948545732,0.974,0.846,0.137432373929254,"PDE6A",0.861910951681719,"NS"
5.81898548372557e-06,0.281947681327161,0.887,0.623,0.137828490167524,"LILRB3",0.860661001269844,"NS"
5.82535727563751e-06,0.317395064792374,0.932,0.701,0.13797941243075,"KCNA7",0.860185708777932,"NS"
5.83056829749354e-06,0.346677706663021,0.415,0.222,0.138102840694432,"TXNDC11",0.859797388146725,"NS"
5.83402224914183e-06,1.47142486871149,0.16,0.052,0.138184650993173,"FCGRT",0.859540194003569,"NS"
5.85249029231024e-06,0.300914721809725,0.897,0.682,0.13862208506366,"ENTPD4",0.85816757306336,"NS"
5.87046630609664e-06,-0.174511215373719,0.127,0.031,0.139047864926205,"MCHR2",0.85683567532112,"NS"
5.89013396234877e-06,-0.202819264645712,0.955,0.926,0.139513713032193,"UGT8",0.855383102773794,"NS"
5.90844152985444e-06,0.455120883651116,0.153,0.046,0.139947346076132,"SLC6A17",0.85403533296359,"NS"
5.92678103465295e-06,0.160103294921221,0.817,0.506,0.14038173558679,"PAFAH2",0.852689392561316,"NS"
5.9541938681658e-06,0.21519466303452,0.756,0.451,0.141031035961375,"ATP1B2",0.850685303915128,"NS"
5.9602168403675e-06,0.0947890309854983,0.458,0.247,0.141173696080945,"STX17",0.85024621483575,"NS"
5.97635527397946e-06,0.0965308185389319,0.906,0.685,0.141555951019478,"CACUL1",0.849071868152683,"NS"
5.99060566016186e-06,0.667833996664336,0.378,0.21,0.141893485666594,"LOC595101",0.848037542555165,"NS"
6.00751558074682e-06,0.0973501927679064,0.697,0.398,0.142294014045569,"CDH1",0.8468133692176,"NS"
6.06111525836986e-06,0.271446481887831,0.324,0.164,0.143563576009748,"ZNF254",0.842955732409301,"NS"
6.11537047352349e-06,0.275991141096405,0.932,0.716,0.144848665035877,"PGM2L1",0.83908550301613,"NS"
6.11910565167294e-06,-0.00500122713253603,0.789,0.478,0.144937136465525,"SHPK",0.838820323323427,"NS"
6.14342796884737e-06,-0.363889865356532,0.451,0.225,0.145513234870119,"TTF1",0.837097504481084,"NS"
6.17999087989417e-06,0.3108905014704,0.812,0.562,0.146379263981173,"HCAR1",0.834520440875872,"NS"
6.20256485846942e-06,0.688922927326562,0.246,0.108,0.146913951237707,"ANAPC1P1",0.83293696079342,"NS"
6.2171476705047e-06,0.107622580299907,0.772,0.448,0.147259359723574,"FLJ43879",0.831917092146178,"NS"
6.25837645093765e-06,0.326630526155677,0.824,0.54,0.148235904616909,"NQO1",0.829046591981431,"NS"
6.35440861716519e-06,1.1707331904634,0.188,0.071,0.150510522506175,"MAPK14",0.822433136571007,"NS"
6.35549173201634e-06,0.221042059912488,0.725,0.417,0.150536177164539,"F3",0.822359116981342,"NS"
6.4450742006177e-06,0.199015333259735,0.843,0.562,0.152658027515831,"TARS2",0.81628035340814,"NS"
6.4544210408634e-06,-0.0923140793936819,0.169,0.056,0.152879416773891,"GPR111",0.815650982758147,"NS"
6.51327526919135e-06,0.330263735851633,0.939,0.759,0.154273438026066,"C12orf65",0.811708841997318,"NS"
6.51951923461581e-06,-0.0377298385319587,0.23,0.093,0.15442133259111,"ACPP",0.8112927040868,"NS"
6.66936416740111e-06,0.292471724866944,0.606,0.37,0.157970559669063,"GNAI3",0.801423843201361,"NS"
6.67944701482926e-06,-0.00562152936747806,0.587,0.318,0.158209381993246,"DSTNP2",0.800767765926327,"NS"
6.70679904644329e-06,0.341934927544359,0.669,0.404,0.158857242214056,"PRKAA1",0.798992981139604,"NS"
6.71936956982578e-06,1.42229490927163,0.15,0.046,0.159154987630893,"BNC2",0.79817974682222,"NS"
6.72076941674938e-06,0.24413722217472,0.15,0.043,0.159188144405126,"MGC32805",0.798089279633267,"NS"
6.72635190174121e-06,-0.115876566098099,0.131,0.034,0.159320371144642,"ZNF812",0.797728690551171,"NS"
6.73115324903105e-06,0.74752791249377,0.286,0.139,0.159434095856549,"COL4A3BP",0.797418796748598,"NS"
6.79016838012659e-06,0.302869298635424,0.915,0.713,0.160831928251678,"BMS1P1",0.793627731165498,"NS"
6.7914024183945e-06,0.279735892135567,0.894,0.642,0.160861157682092,"ZNF865",0.793548810101118,"NS"
6.81114636903104e-06,0.628045637422665,0.249,0.111,0.161328812896869,"PIK3CB",0.792288061844566,"NS"
6.85321438032103e-06,-0.167591254771309,0.244,0.099,0.162325235812284,"ZNF415",0.789613957548696,"NS"
6.87118942812838e-06,0.212741279057402,0.735,0.454,0.162750992794649,"TTTY15",0.788476353519079,"NS"
6.87284303475297e-06,-0.142692806892106,0.883,0.836,0.162790160121159,"LSP1",0.788371849657101,"NS"
6.87676037542812e-06,0.322145365574445,0.824,0.509,0.16288294625239,"LEMD1-AS1",0.788124383685286,"NS"
6.88150589856951e-06,0.572314728757664,0.423,0.247,0.162995348713517,"MCM3AP",0.787824788583005,"NS"
6.8971989703174e-06,-0.291100780730137,0.413,0.21,0.163367054810938,"UTP15",0.786835520364256,"NS"
6.91328830590791e-06,0.183926591171369,0.796,0.463,0.163748146813735,"LIN52",0.785823606347618,"NS"
6.92791321449241e-06,0.610562559032606,0.127,0.031,0.164094552398467,"LOC400752",0.784905836390879,"NS"
6.99566739679726e-06,-0.0515054743429442,0.277,0.123,0.16569937796054,"ILDR1",0.78067912192956,"NS"
7.0012928693094e-06,-0.299770600879755,0.155,0.046,0.165832622902462,"LINC00707",0.780330030161745,"NS"
7.03208400983331e-06,-0.376635366421519,0.209,0.08,0.166561941856912,"PLCXD3",0.778424224596115,"NS"
7.03540091394492e-06,0.297322514797981,0.918,0.676,0.166640506047699,"ELMOD1",0.778219424208956,"NS"
7.03932489030024e-06,-0.134056270637317,0.629,0.349,0.166733449351651,"MCMDC2",0.77797726512947,"NS"
7.03981924539796e-06,0.185219292366885,0.857,0.565,0.166745158646496,"RPS6KA6",0.777946766728564,"NS"
7.05650128268482e-06,0.24166828973574,0.831,0.556,0.167140289381673,"JOSD1",0.776918850243783,"NS"
7.1054312822809e-06,-0.0887386126138246,0.669,0.386,0.168299245352105,"FOPNL",0.773917831380987,"NS"
7.11556875825951e-06,-0.147484400822559,0.589,0.318,0.168539361608135,"ANO6",0.773298655428363,"NS"
7.12249212570185e-06,0.0287132198848739,0.754,0.423,0.168703348489374,"LOC100507156",0.772876297280314,"NS"
7.16198288503061e-06,0.108817751971846,0.603,0.349,0.169638726614835,"RND2",0.770474996211303,"NS"
7.16399624457232e-06,0.239299224605663,0.894,0.574,0.16968641504894,"ZNF669",0.770352925539986,"NS"
7.24964723832663e-06,0.23469249732831,0.862,0.568,0.171715144487005,"NUDT9",0.76519140037146,"NS"
7.30805332440725e-06,0.516559021310668,0.275,0.127,0.17309855104191,"PWWP2A",0.76170656746335,"NS"
7.40811822809528e-06,-0.499457697243785,0.481,0.25,0.175468688350665,"INTS2",0.755800370307837,"NS"
7.44481561676228e-06,-0.0818379747003701,0.577,0.318,0.176337902698631,"ZNF561",0.753654328859769,"NS"
7.53979493106091e-06,0.297758250319116,0.93,0.762,0.178587582737109,"ENAH",0.748148741059061,"NS"
7.58325560588847e-06,-0.30692010201389,0.549,0.287,0.179616992281074,"MGST3",0.745652580225361,"NS"
7.5989258322701e-06,0.722478968566775,0.178,0.062,0.17998815726315,"AKR7L",0.744756069365953,"NS"
7.6016376629667e-06,0.253200290207532,0.538,0.309,0.180052389685029,"LOC100288069",0.744601110226411,"NS"
7.63535621003194e-06,0.185183696447611,0.709,0.401,0.180851047190817,"PBOV1",0.742678972178134,"NS"
7.65337763392832e-06,0.135059984434968,0.648,0.358,0.181277902637226,"SEC24B-AS1",0.741655132184719,"NS"
7.65908559723917e-06,1.79904474767907,0.106,0.022,0.181413101456207,"HIST1H2AE",0.741331351869794,"NS"
7.70000964801688e-06,-0.151390578129254,0.495,0.262,0.182382428522928,"C22orf39",0.739017005717745,"NS"
7.77715250253929e-06,0.0321994887136809,0.451,0.238,0.184209634175146,"C14orf64",0.734687659917194,"NS"
7.78602331613055e-06,-0.00645372818928391,0.615,0.34,0.184419748265868,"YARS2",0.734192575127974,"NS"
7.79432898270498e-06,-0.0183661637331545,0.594,0.318,0.18461647628435,"LINC00578",0.733729542529698,"NS"
7.80614951028902e-06,0.366689266267362,0.347,0.176,0.184896457300706,"RABL2B",0.733071410038741,"NS"
7.81434975560219e-06,0.378105327441928,0.812,0.522,0.185090688311193,"PTCSC3",0.732615429527965,"NS"
7.82298926792057e-06,-0.349966409411925,0.728,0.756,0.185295323799967,"ZFP36",0.732135540602831,"NS"
7.86837478860387e-06,0.000118480401429366,0.293,0.133,0.186370325242871,"ATF7IP2",0.729623236881335,"NS"
7.89975957315349e-06,0.93239425262974,0.2,0.077,0.187113705249714,"NSUN5P2",0.727894401188737,"NS"
7.93347644605972e-06,-0.0269820814624269,0.415,0.213,0.187912323101371,"CDYL",0.726044738369742,"NS"
7.97214609712979e-06,0.421857988678394,0.164,0.052,0.188828252456616,"CTSL1P2",0.723933026096988,"NS"
8.01371184967628e-06,0.603569154938634,0.209,0.083,0.189812778871432,"FBXO25",0.721674552675176,"NS"
8.02703535707914e-06,0.344399420451902,0.803,0.519,0.190128359467776,"CYB5D2",0.720953099116841,"NS"
8.06441874043979e-06,0.324485600225513,0.84,0.54,0.191013822286057,"FOXRED2",0.718935204870797,"NS"
8.08920609475863e-06,0.465868014909493,0.157,0.049,0.191600935560453,"LOC339894",0.71760237465335,"NS"
8.21289560036696e-06,0.529047092443495,0.378,0.207,0.194530645190292,"DDX50",0.711011972802681,"NS"
8.22283843486494e-06,1.088296330285,0.195,0.077,0.194766151168211,"LANCL2",0.710486517879347,"NS"
8.23609254856122e-06,-0.162817868882228,0.653,0.358,0.195080088105221,"TPTE2P5",0.709787056937336,"NS"
8.24198442747473e-06,0.244437219803874,0.634,0.377,0.195219643149167,"LOC728752",0.70947648542915,"NS"
8.26227959074579e-06,1.88061146292499,0.106,0.022,0.195700354386405,"RAB13",0.708408387893758,"NS"
8.26642228174523e-06,0.323224574920506,0.89,0.651,0.195798478165417,"IDO1",0.708190688053464,"NS"
8.28685277207098e-06,0.275552307723202,0.948,0.787,0.196282394759273,"VSIG1",0.707118652013757,"NS"
8.32916334781907e-06,0.337194615382889,0.887,0.685,0.197284563056442,"LOC727896",0.704906895699096,"NS"
8.35872999007351e-06,1.37180965533137,0.148,0.046,0.197984878544881,"CALD1",0.703367978502608,"NS"
8.38381870127595e-06,0.259597398104346,0.864,0.574,0.198579129758422,"TMEM236",0.70206639686295,"NS"
8.39129521238135e-06,0.110828809878642,0.878,0.611,0.198756218400465,"GOLGA3",0.701679274873952,"NS"
8.39188949068665e-06,0.155607504857474,0.7,0.407,0.198770294476404,"EXO5",0.701648518876996,"NS"
8.40689605256567e-06,-0.293585994695444,0.333,0.157,0.19912573990107,"IRF2BPL",0.70087259745896,"NS"
8.41072564798189e-06,-0.147926755826592,0.93,0.907,0.199216447698099,"PSME1",0.700674808233402,"NS"
8.43216867901874e-06,0.302693927910098,0.815,0.543,0.199724347331238,"FBXO44",0.699568989375292,"NS"
8.44809912767086e-06,0.33223641014185,0.136,0.037,0.200101675938012,"LOC400084",0.698749273944586,"NS"
8.4524991619993e-06,0.191918381409023,0.815,0.497,0.200205895151115,"HSP90AB4P",0.698523138675354,"NS"
8.47706599363222e-06,-0.0570778404546695,0.542,0.29,0.200787785125173,"RIOK2",0.697262710919902,"NS"
8.51116605138889e-06,-0.0503880720491747,0.495,0.269,0.201595479093197,"MTIF2",0.695519211447211,"NS"
8.51852630279148e-06,-0.0842224956110871,0.432,0.231,0.201769814007919,"ZNF544",0.695143806336875,"NS"
8.54634397504298e-06,-0.289617471266725,0.293,0.133,0.202428703392868,"SNRNP48",0.693727906647932,"NS"
8.62301131390485e-06,0.104312300764248,0.23,0.093,0.20424464598115,"LIPT1",0.689849319134928,"NS"
8.62557832896418e-06,-0.472669229955753,0.585,0.639,0.204305448299846,"FOS",0.689720051698396,"NS"
8.70272807104091e-06,0.326531137553317,0.908,0.664,0.206132817090675,"ZNF713",0.685852861462783,"NS"
8.76414762044613e-06,0.37930833105113,0.5,0.302,0.207587600537887,"SFI1",0.6827985909912,"NS"
8.84934064567059e-06,0.161726852466372,0.833,0.515,0.209605482533354,"APOL2",0.678597361941926,"NS"
8.94179740337559e-06,1.22744959809084,0.117,0.028,0.211795413296354,"POM121L4P",0.674083449335487,"NS"
9.09959392300805e-06,0.653540556921749,0.359,0.198,0.215532981660369,"ZNF266",0.666486263057267,"NS"
9.11214205304208e-06,-0.141113284542301,0.761,0.46,0.215830196668355,"CASP10",0.665887793531734,"NS"
9.12640587292507e-06,0.0299741996401401,0.671,0.404,0.216168049506103,"NIPAL3",0.665208496083916,"NS"
9.15853055086022e-06,0.0973890840780911,0.728,0.414,0.216928954627675,"ZNF747",0.663682476589894,"NS"
9.16495818031733e-06,1.24460578326958,0.101,0.019,0.217081199458996,"MYOG",0.663377787438129,"NS"
9.29198062198283e-06,-0.376544160022527,0.676,0.704,0.220089853012285,"JUNB",0.657399979629095,"NS"
9.38365931104082e-06,0.35602587666048,0.913,0.654,0.222261354441313,"AARS2",0.653136043427498,"NS"
9.39468216929698e-06,0.0267133181761025,0.58,0.327,0.222522441861968,"CES2",0.652626182951236,"NS"
9.51580905125403e-06,0.203026483513,0.594,0.349,0.225391453188003,"ADAT2",0.647062556362953,"NS"
9.66170611309653e-06,0.310471251864875,0.824,0.534,0.228847170994804,"POC1B-GALNT4",0.64045445194518,"NS"
9.66670208078471e-06,-0.22348388866307,0.34,0.16,0.228965505485467,"DNAJB13",0.640229940829179,"NS"
9.671490443661e-06,0.0644823008229534,0.533,0.296,0.229078922648555,"HSD17B7",0.640014868028099,"NS"
9.8209209231573e-06,0.0984011147322286,0.209,0.08,0.232618332985904,"FLJ42393",0.633356060885035,"NS"
9.83864425638425e-06,0.325836529264413,0.831,0.556,0.233038127856717,"ZNF480",0.632573017329766,"NS"
9.9774926234623e-06,0.32354672970893,0.411,0.225,0.236326890279328,"ATAD2B",0.626486859681637,"NS"
1.00277867435671e-05,-0.222827223274107,0.988,0.981,0.237518156808129,"RNF213",0.624303185617319,"NS"
1.00361244279623e-05,0.914439928049375,0.183,0.068,0.237715643200715,"PGM1",0.623942237993281,"NS"
1.00904593552171e-05,1.02720026276159,0.146,0.043,0.239002620287672,"MIR3064",0.621597337670109,"NS"
1.00933646636386e-05,0.642196238206423,0.124,0.031,0.239071435422945,"TSPAN6",0.621472310874074,"NS"
1.00945575970558e-05,0.385479797956583,0.195,0.074,0.239099691243864,"ZNF813",0.621420984700505,"NS"
1.02650711683696e-05,0.699664401147256,0.129,0.034,0.243138475694002,"LOC283143",0.614146310348789,"NS"
1.02710855881029e-05,0.623804989308658,0.174,0.062,0.243280933239806,"GPR173",0.613891926881844,"NS"
1.03050360956041e-05,0.164282934292816,0.681,0.389,0.24408508496048,"LOC344967",0.612458757728507,"NS"
1.04166681175505e-05,0.101473244087965,0.833,0.537,0.2467292010323,"NIT1",0.607779447605118,"NS"
1.05468776760268e-05,0.257750617027534,0.641,0.401,0.24981334463437,"ARHGEF6",0.602384366016832,"NS"
1.05865072534783e-05,0.958055665174766,0.239,0.111,0.250752010805886,"CCDC109B",0.600755575641945,"NS"
1.06140242265137e-05,0.197469928549696,0.85,0.549,0.251403777829204,"NYAP2",0.599628200484391,"NS"
1.06617147097933e-05,0.296464616516656,0.869,0.568,0.252533374616164,"F2RL3",0.597681217728258,"NS"
1.06934576159351e-05,0.0654601817156415,0.674,0.398,0.253285237091038,"MCCC2",0.596390122632443,"NS"
1.08455993915056e-05,0.311195365268204,0.923,0.691,0.256888867187203,"SBF2-AS1",0.590254716379547,"NS"
1.08799024861864e-05,0.0355369648089969,0.547,0.302,0.257701370287811,"PNPLA8",0.588883272148153,"NS"
1.092562247108e-05,1.31149080534934,0.127,0.034,0.258784293850002,"LOC115110",0.587062085427082,"NS"
1.09775613756274e-05,0.218274898147777,0.824,0.549,0.260014518743109,"LPIN1",0.58500240112929,"NS"
1.10156226557355e-05,0.0207932280566178,0.815,0.534,0.26091603822375,"SFMBT2",0.583499224472049,"NS"
1.10462225352211e-05,0.180298820270583,0.66,0.377,0.261640826969247,"NABP2",0.582294486861532,"NS"
1.10948139803841e-05,0.282775292269758,0.373,0.194,0.262791763939378,"TNIP1",0.580388249963592,"NS"
1.11295730967768e-05,-0.283123567380084,0.751,0.778,0.263615068370255,"ATP5G2",0.5790297688769,"NS"
1.11326165181829e-05,0.763331505340443,0.254,0.117,0.263687154849679,"LOC100132356",0.578911025738524,"NS"
1.12227279025209e-05,-0.0428980431729256,0.697,0.401,0.26582153309911,"LIN7C",0.575409841574851,"NS"
1.1231453769617e-05,0.78298832906885,0.228,0.099,0.266028213987149,"VPS45",0.575072301229292,"NS"
1.12471323995517e-05,1.00438323795507,0.157,0.052,0.266399578015781,"LOC728323",0.574466467435531,"NS"
1.12681360192361e-05,0.13918382293904,0.683,0.423,0.266897069751626,"FAM65B",0.573656194281751,"NS"
1.13680251804868e-05,-0.139020560112492,0.892,0.883,0.26926304442501,"IL2RG",0.569823248161546,"NS"
1.13954140885309e-05,0.13056984908714,0.854,0.565,0.269911778100943,"CC2D1B",0.568778163784942,"NS"
1.14331768626634e-05,0.0160633099886954,0.688,0.404,0.270806227169045,"PHACTR2",0.567341353302772,"NS"
1.14340029682013e-05,-0.284700954492337,0.77,0.799,0.270825794304815,"DUSP2",0.567309974437571,"NS"
1.14596713870613e-05,-0.716356074103737,0.319,0.454,0.271433776473934,"CCR5",0.566336110900568,"NS"
1.14974578231888e-05,0.586699470992243,0.411,0.241,0.27232878600005,"RGS3",0.564906449955572,"NS"
1.15367330942524e-05,0.290546026319544,0.214,0.086,0.273259060070463,"POTEF",0.563425429841654,"NS"
1.1706198784729e-05,0.92248060956098,0.117,0.028,0.277273024415091,"LINC00470",0.557092380395237,"NS"
1.17552007311853e-05,0.259004949271228,0.805,0.531,0.278433684518855,"IKBIP",0.555278225542328,"NS"
1.18167282704616e-05,-0.0407225082657696,0.171,0.059,0.279891025814154,"PPP1R9A",0.553011026156466,"NS"
1.18462402812193e-05,-0.104496041813245,0.57,0.312,0.280590047300961,"NKIRAS2",0.55192773772295,"NS"
1.18502011918503e-05,0.0884822844087237,0.549,0.315,0.280683865430165,"MRPS18B",0.551782551227476,"NS"
1.19762219906898e-05,0.271290126922492,0.803,0.509,0.28366879407148,"NANOG",0.547188437584405,"NS"
1.20481997592233e-05,-0.261819018103499,0.54,0.299,0.285373659496963,"TSR1",0.544586115534784,"NS"
1.20611215553764e-05,0.301221527805362,0.803,0.515,0.285679725160646,"C5orf55",0.544120580629866,"NS"
1.20621201217394e-05,0.479559934285635,0.603,0.426,0.285703377203518,"GOLGA8A",0.544084625937931,"NS"
1.20713307537184e-05,-0.455828788442725,0.613,0.701,0.285921540232574,"PRDM1",0.543753125328407,"NS"
1.20730387606932e-05,0.881943536672194,0.195,0.077,0.285961996085779,"LOC645212",0.543691680111956,"NS"
1.21373490777576e-05,1.21764178323005,0.11,0.025,0.287485250255767,"TP53AIP1",0.541384432354711,"NS"
1.21441477641788e-05,0.639710919682772,0.127,0.034,0.287646283942339,"HAR1A",0.541141232185193,"NS"
1.22461357982062e-05,-0.0220825691018164,0.685,0.398,0.290061972516311,"VPS41",0.537509204009663,"NS"
1.22672413880593e-05,2.0864407176651,0.103,0.022,0.290561879517573,"TOP2A",0.53676136388908,"NS"
1.22941664714024e-05,-0.0872631236788453,0.556,0.306,0.291199627041637,"SKP1P2",0.535809185587925,"NS"
1.24539637180688e-05,0.308305476244061,0.89,0.673,0.294984584626176,"COX6B2",0.530200678892056,"NS"
1.24673494592884e-05,0.311921948028214,0.162,0.056,0.295301639292704,"ANKEF1",0.529734142151753,"NS"
1.24721804692356e-05,0.225588007463094,0.944,0.762,0.295416066594315,"ZNF445",0.529565888700756,"NS"
1.24827532679785e-05,0.449420012943302,0.406,0.228,0.295666493905338,"UTS2D",0.529197888651117,"NS"
1.25096401467189e-05,0.0967066038990907,0.793,0.515,0.296303336515184,"NARG2",0.528263458131914,"NS"
1.25209954641164e-05,0.32418923595833,0.944,0.741,0.29657229856306,"LINC00338",0.5278694168378,"NS"
1.25830998112326e-05,-0.202992691002079,0.786,0.796,0.298043302128856,"CLIC1",0.525720633543154,"NS"
1.25951673305559e-05,-0.118170332942525,0.69,0.398,0.298329133391546,"PANK1",0.525304333451957,"NS"
1.26799416045506e-05,0.936902921177013,0.185,0.071,0.300337096845385,"ZFP3",0.522391021579859,"NS"
1.27134783468966e-05,0.173092722287383,0.838,0.552,0.301131448124594,"PHKG2",0.52124388735077,"NS"
1.27444851602581e-05,0.055183709632288,0.298,0.139,0.301865875505874,"FOXO3",0.52018597911713,"NS"
1.27853344908922e-05,-0.010802579678274,0.62,0.367,0.302833432751272,"RAD51L3-RFFL",0.518796180499974,"NS"
1.27942049227523e-05,1.14647464614387,0.115,0.028,0.303043537800311,"MAP2K4",0.518494972593054,"NS"
1.29074861977706e-05,-0.216576340938189,0.446,0.238,0.305726718080393,"LINC00667",0.514666605736326,"NS"
1.29884509735331e-05,0.121904268362072,0.758,0.509,0.307644449759105,"MOB4",0.511950915650671,"NS"
1.29945995837416e-05,0.429333271122016,0.169,0.059,0.307790085740504,"LINC00842",0.511745373385424,"NS"
1.31083839302674e-05,0.279791749530064,0.934,0.728,0.310485181772314,"TMEM136",0.507959122147894,"NS"
1.31765377651336e-05,0.135638183091007,0.789,0.506,0.312099473504955,"TMEM184C",0.505706963965509,"NS"
1.34269108506518e-05,0.273810650662731,0.819,0.522,0.318029810408539,"RRM2",0.497532169672344,"NS"
1.3435938978956e-05,1.329744169893,0.174,0.065,0.318243650655551,"HIST2H2BC",0.497240252286295,"NS"
1.35044073029841e-05,1.10989392918437,0.11,0.025,0.319865391378481,"FAM27A",0.495032746931975,"NS"
1.35547853709866e-05,0.22969833418338,0.796,0.5,0.321058646297188,"CAV2",0.493415629785503,"NS"
1.35638289541784e-05,0.518812331232449,0.308,0.154,0.32127285260867,"SCD",0.493125970559162,"NS"
1.36395224414874e-05,1.05042607395827,0.237,0.111,0.323065728549071,"KCNA3",0.490709110355783,"NS"
1.36506843583083e-05,0.0239346610555804,0.782,0.485,0.323330109710891,"ZBTB43",0.490353850376359,"NS"
1.37436303935022e-05,-0.0184492259011437,0.606,0.324,0.325531629500493,"SLC52A1",0.487406807863316,"NS"
1.38160228609042e-05,0.236524680357337,0.732,0.46,0.327246317483376,"SNTN",0.485125231883845,"NS"
1.38643355236895e-05,0.762649078792063,0.162,0.056,0.32839065121411,"CD2AP",0.483609215084622,"NS"
1.3950769899559e-05,-0.0529160136897255,0.695,0.404,0.330437935840954,"SBSPON",0.480910099424798,"NS"
1.39847815943062e-05,0.228147021778912,0.298,0.142,0.331243536842736,"DHFRL1",0.479852586839043,"NS"
1.41132558833022e-05,-0.0351354796945979,0.638,0.367,0.334286578851897,"C14orf119",0.475881059385799,"NS"
1.41160647917235e-05,-1.98535246184636,0.04,0.123,0.334353110656763,"CCR1",0.475794631983198,"NS"
1.4203868849011e-05,-0.0186130787083123,0.77,0.463,0.336432837557675,"YIPF5",0.473101621452921,"NS"
1.43118177026999e-05,0.277726328100326,0.918,0.648,0.338989714106149,"CCDC113",0.469813479303444,"NS"
1.43415588749629e-05,0.120070241704995,0.31,0.151,0.33969416351237,"ZNF507",0.468911914937881,"NS"
1.43651319920424e-05,0.0651587060562892,0.819,0.549,0.340252516363516,"ZNF286A",0.468198654254683,"NS"
1.43778913241007e-05,1.16936346555188,0.108,0.025,0.340554733902648,"KCNJ14",0.467813078401461,"NS"
1.4403813404322e-05,0.298673301945791,0.148,0.046,0.34116872429477,"ZNF229",0.467030788432902,"NS"
1.44222974855627e-05,0.146549205371904,0.127,0.034,0.341606538243039,"CHRNB4",0.466473825641993,"NS"
1.44488300709966e-05,-0.309915168964287,0.765,0.756,0.342234989061626,"HLA-DRB5",0.46567559158162,"NS"
1.44635463249739e-05,-0.164396960960763,0.906,0.861,0.342583558253332,"RPL13A",0.465233484135242,"NS"
1.46677672275421e-05,0.125984562849989,0.8,0.494,0.347420734551562,"TMEM130",0.459144265818079,"NS"
1.46836433207127e-05,-0.0982741871179997,0.988,0.985,0.3477967756944,"RPL5",0.458674448511054,"NS"
1.47366713477006e-05,0.0430771582052966,0.664,0.395,0.349052797541635,"UBIAD1",0.457108876918364,"NS"
1.47895862955522e-05,-0.262208485071753,0.289,0.133,0.350306140996449,"EVC",0.45555224927239,"NS"
1.48171413162376e-05,-0.203959219142047,0.988,0.948,0.350958809216404,"HNRNPH1",0.45474385213748,"NS"
1.48519072746052e-05,0.220245742845193,0.899,0.66,0.351782275706298,"NUGGC",0.453726045938436,"NS"
1.49338604172584e-05,0.495166070039409,0.127,0.034,0.353723417843182,"FCGR2C",0.451336187277671,"NS"
1.4987139748022e-05,-0.175806459052377,0.559,0.309,0.354985392071649,"GPR132",0.449789518137036,"NS"
1.51289493577872e-05,0.158185251294822,0.791,0.512,0.358344294488547,"RNF170",0.445699505919895,"NS"
1.5172320619873e-05,0.413375790201648,0.11,0.025,0.359371586202312,"LOC285692",0.444456263463449,"NS"
1.52173097124474e-05,0.143407615433608,0.765,0.481,0.360437197849029,"NDRG3",0.443170395309684,"NS"
1.52254650322353e-05,0.517226084727066,0.448,0.275,0.360630364753525,"CALCOCO1",0.442937708867894,"NS"
1.52820631496925e-05,1.25317173056654,0.136,0.04,0.361970947763617,"IL12RB2",0.441326285080844,"NS"
1.53170278830302e-05,0.427151346770486,0.493,0.287,0.362799122437454,"FAM120B",0.440333772110929,"NS"
1.53244192261762e-05,-0.119025337809115,0.575,0.318,0.36297419379121,"MYO3B",0.440124250700731,"NS"
1.54115283790908e-05,-0.0163340984243403,0.192,0.074,0.365037461187145,"CSRNP3",0.437662564716022,"NS"
1.55166747373802e-05,0.335388983754907,0.627,0.398,0.367527957829588,"STAG3L3",0.434709618568123,"NS"
1.55575130024859e-05,0.140491057659151,0.765,0.481,0.368495252976881,"DSEL",0.433568102429692,"NS"
1.56220576471376e-05,0.219759079447286,0.815,0.546,0.370024057430102,"HSD17B13",0.431770038988433,"NS"
1.58026773730181e-05,0.298130388362739,0.859,0.602,0.374302216257308,"TERF1",0.426777601404227,"NS"
1.58092634609045e-05,0.228894860993964,0.819,0.519,0.374458214334984,"FAM111B",0.426596638034544,"NS"
1.5821250039869e-05,0.304373641654968,0.293,0.139,0.374742128444337,"WASH3P",0.426267480852177,"NS"
1.58423191901215e-05,-0.0181605177981915,0.477,0.259,0.375241172337218,"GLRX3",0.425689515874378,"NS"
1.6151848360051e-05,0.102336610932992,0.859,0.568,0.382572680256169,"JMJD6",0.417286046430049,"NS"
1.61573352604598e-05,0.0701352017781964,0.298,0.142,0.382702642979252,"FAM193A",0.417138538487961,"NS"
1.61957850000399e-05,0.286491711952451,0.944,0.704,0.383613363510944,"LINC00346",0.416106272205305,"NS"
1.62845551554585e-05,0.311839079561015,0.864,0.608,0.38571597341219,"DNAJC22",0.413732375598239,"NS"
1.63170950261609e-05,0.889621438301917,0.131,0.037,0.386486712789647,"C15orf37",0.412865432305371,"NS"
1.65137861103205e-05,0.425701213771768,0.167,0.059,0.391145537809052,"FAM13A-AS1",0.407661619824091,"NS"
1.66142359767929e-05,1.00313882307072,0.108,0.025,0.393524793346316,"IL5RA",0.40502790047318,"NS"
1.66248877847572e-05,0.316232925706037,0.944,0.735,0.393777092069758,"ZNRF3-AS1",0.40474955248707,"NS"
1.68581955670749e-05,-0.393849640134152,0.681,0.716,0.399303220201735,"SAT1",0.398697187400942,"NS"
1.6861562389488e-05,0.0806466311214249,0.577,0.333,0.399382966757414,"AKR7A2",0.398610461250515,"NS"
1.69129222290485e-05,0.180870875165873,0.873,0.593,0.400599475917242,"FECH",0.397289623206193,"NS"
1.69308202655678e-05,0.890284065763919,0.188,0.074,0.401023408810238,"PDK1",0.39683027570802,"NS"
1.70996870246197e-05,0.246747512008518,0.866,0.59,0.405023186865141,"ATP1B4",0.392520113478331,"NS"
1.72121138909577e-05,-0.0754522236213325,0.758,0.46,0.407686129621223,"HSH2D",0.389674063949941,"NS"
1.7218573940425e-05,-0.173929879190884,0.34,0.17,0.407839142352908,"HN1L",0.389511095154013,"NS"
1.73102755904498e-05,0.176996384092258,0.784,0.497,0.410011187635394,"SLC16A4",0.387204292885073,"NS"
1.7345286350169e-05,0.265260243107067,0.885,0.608,0.410840452490102,"RPL7L1",0.386326801130527,"NS"
1.739807862896e-05,0.582946307215328,0.411,0.247,0.412090890405546,"SACM1L",0.385006985791673,"NS"
1.74776655387055e-05,0.128358072729202,0.549,0.315,0.413975985949777,"CYTH2",0.383024850840413,"NS"
1.74797750442986e-05,0.290774484975196,0.376,0.201,0.414025951699256,"FUCA2",0.382972435868123,"NS"
1.76552139724887e-05,-0.172091769241752,0.181,0.065,0.418181398152367,"MAP3K15",0.378635289690174,"NS"
1.76663748970041e-05,0.0171549157048583,0.204,0.08,0.418445755810439,"CYP4A11",0.378360832722273,"NS"
1.77522919724081e-05,0.557883443668546,0.298,0.148,0.420480787658459,"CHKB",0.376253842920844,"NS"
1.7770556358329e-05,0.287669003474651,0.878,0.648,0.42091339790338,"GTPBP5",0.375807250201369,"NS"
1.78173351914333e-05,0.186945209195451,0.765,0.466,0.42202140134429,"NAP1L6",0.37466552474909,"NS"
1.78250273535376e-05,0.306859428224631,0.913,0.66,0.422203597895891,"ZCCHC8",0.374478070081716,"NS"
1.79365450752385e-05,-0.765001114243798,0.415,0.522,0.424845006652099,"ITGAE",0.371769481791717,"NS"
1.80657636207713e-05,0.0932886950808009,0.702,0.444,0.42790567712159,"TBC1D5",0.368651951594534,"NS"
1.82850809034793e-05,0.17183932682947,0.754,0.438,0.433100426279812,"IGFBPL1",0.363411388814884,"NS"
1.82852965754269e-05,1.1328424444014,0.108,0.025,0.433105534685561,"FLJ36000",0.363406266355497,"NS"
1.83619253440095e-05,0.337538028023478,0.277,0.13,0.434920563698209,"UPK3B",0.361590057753087,"NS"
1.84105933779341e-05,0.481668835842912,0.108,0.025,0.436073314749747,"LINC00482",0.360440488909066,"NS"
1.85340530367786e-05,0.11247910891337,0.852,0.593,0.438997580229137,"ZFYVE20",0.357537873598493,"NS"
1.86111933825742e-05,0.177422258023514,0.768,0.469,0.440824726459653,"IL11",0.355734053303712,"NS"
1.88887496484932e-05,-0.352038212945875,0.84,0.855,0.447398924174209,"WNK1",0.349305064552679,"NS"
1.88899857327407e-05,1.24788543839058,0.113,0.028,0.447428202065696,"BACH2",0.349276645148872,"NS"
1.89053891782278e-05,0.0212798776466133,0.746,0.444,0.447793048075502,"SEPT11",0.348922653065796,"NS"
1.90512696560442e-05,0.07607737681438,0.796,0.5,0.451248373073063,"FANCD2",0.345584350884989,"NS"
1.90690065855249e-05,0.24838013339827,0.8,0.5,0.451668489984742,"EXOC3L2",0.345180206323893,"NS"
1.92212719692674e-05,0.0644897758646606,0.448,0.241,0.455275047864068,"CCDC124",0.341726151299322,"NS"
1.92409760876288e-05,0.183206476288347,0.718,0.414,0.455741759611577,"LOC100506241",0.341281175196464,"NS"
1.93020946315635e-05,-0.202496996635602,0.486,0.265,0.457189413443213,"MRPL22",0.339903834568151,"NS"
1.93599252532274e-05,0.189960440340951,0.779,0.481,0.458559189547944,"CCDC74B-AS1",0.338604598848972,"NS"
1.94145945111483e-05,-0.0207290589671722,0.685,0.414,0.459854085591059,"RSU1",0.337379950656206,"NS"
1.94877877624091e-05,0.244188657037991,0.84,0.534,0.461587740940422,"AFF3",0.335745733891811,"NS"
1.95066132137392e-05,1.40341584053259,0.101,0.022,0.462033640580627,"EP400NL",0.335326402394851,"NS"
1.95349345179098e-05,0.705555398038159,0.246,0.111,0.462704458991211,"FAM215A",0.334696315270047,"NS"
1.96490322669236e-05,0.855864545561382,0.23,0.102,0.465406978274352,"NMB",0.332167109224356,"NS"
1.96660666866285e-05,0.156136918990284,0.157,0.052,0.465810455539482,"FOXM1",0.331790767557154,"NS"
1.9741629009351e-05,0.102169795294654,0.688,0.41,0.467600224715487,"SP140L",0.330125288800461,"NS"
2.00028805824446e-05,-0.073569798198652,0.514,0.284,0.473788229475784,"SYS1",0.324415732843338,"NS"
2.06559144413023e-05,-0.217148954030902,0.242,0.105,0.489255989456687,"MUC21",0.310463849017806,"NS"
2.07653806961637e-05,0.157754369816893,0.737,0.46,0.491848807169333,"MRPS31P5",0.308168377523718,"NS"
2.08186204035526e-05,0.264704093114232,0.897,0.642,0.493109842878546,"YAF2",0.307056328506836,"NS"
2.09170129939285e-05,-0.16037669734378,0.505,0.284,0.495440369774191,"INE2",0.305008608860686,"NS"
2.10755504642832e-05,0.309997646361948,0.843,0.614,0.499195488297012,"METTL2B",0.301729348438946,"NS"
2.11697631347861e-05,0.668395433536139,0.319,0.176,0.501427009610543,"SOS1",0.299792276263548,"NS"
2.12061492168416e-05,0.653149208425413,0.258,0.123,0.502288850350109,"SBDSP1",0.299046462065745,"NS"
2.12331522051026e-05,0.204846493559377,0.326,0.164,0.502928443130061,"FDX1",0.298493802149756,"NS"
2.12761464240475e-05,0.845446015788138,0.258,0.13,0.503946804199989,"NBL1",0.297615304549913,"NS"
2.1365648576752e-05,0.918591596096797,0.291,0.157,0.506066752188947,"SCAP",0.29579219423673,"NS"
2.14012311269487e-05,-0.533575925105855,0.347,0.167,0.506909560472907,"ORC1",0.295069517769549,"NS"
2.14558581036663e-05,0.750221183539976,0.225,0.102,0.50820345504344,"HDAC5",0.293962386705563,"NS"
2.17372182000755e-05,0.714782905538163,0.124,0.034,0.514867750286988,"WTAPP1",0.288304310175168,"NS"
2.19824220417512e-05,0.325773787192505,0.178,0.065,0.520675648480919,"BTF3P11",0.283432733401065,"NS"
2.20100068034773e-05,0.302765005477336,0.833,0.543,0.521329021147163,"MRTO4",0.282888098258756,"NS"
2.20136020112647e-05,0.105500126889431,0.73,0.404,0.521414177238816,"LINC00439",0.282817164550736,"NS"
2.21622259534772e-05,0.275090098290772,0.908,0.759,0.524934483934062,"LOC100128288",0.279894896672972,"NS"
2.21769543422473e-05,0.095385096027643,0.812,0.522,0.52528334055047,"PPARD",0.279606372701046,"NS"
2.22083851085183e-05,0.320970720242939,0.207,0.083,0.526027809680364,"LOC100505817",0.278991295254122,"NS"
2.22112224821596e-05,-0.217600424986592,0.871,0.858,0.526095015712432,"SERF2",0.2789358127416,"NS"
2.23053185861101e-05,0.431871302874562,0.491,0.299,0.528323776030604,"LOC100132352",0.27709984442087,"NS"
2.25039248841284e-05,0.176407441522569,0.857,0.593,0.533027964805466,"CDC40",0.273250005528571,"NS"
2.25325698631202e-05,0.324887951709502,0.141,0.043,0.533706449777866,"ZNF257",0.272697548768436,"NS"
2.25840166363315e-05,-0.0593097022025438,0.749,0.441,0.534925018048149,"LOC100506548",0.271707089997717,"NS"
2.27206797933137e-05,0.21186237112978,0.864,0.611,0.538162021584427,"TBCCD1",0.269086953912082,"NS"
2.28292348228462e-05,0.285980410368546,0.758,0.512,0.540733256013934,"LOC731275",0.267016919754501,"NS"
2.28302615188783e-05,0.311014287331827,0.817,0.562,0.540757574336151,"FAM74A1",0.266997388727787,"NS"
2.29602155659281e-05,0.267313756761167,0.85,0.549,0.543835665894574,"TUBA3FP",0.264532313862757,"NS"
2.31488665320374e-05,0.351084929185449,0.15,0.049,0.548304052677837,"DIO2",0.260978544105363,"NS"
2.34123681387016e-05,0.109595955232714,0.523,0.284,0.554545351733285,"LOC644936",0.256062930665225,"NS"
2.35797604422082e-05,0.278631707372179,0.918,0.67,0.558510205834143,"GLUD1P7",0.252968886475043,"NS"
2.38797298251889e-05,0.226329397700137,0.826,0.519,0.565615280639424,"ATAD3C",0.247478866170602,"NS"
2.40294691497394e-05,0.592300850553704,0.141,0.043,0.569162006280727,"AACSP1",0.244764098421466,"NS"
2.40559133080711e-05,-0.0310570396251286,0.146,0.046,0.569788362614972,"ILDR2",0.244286425057429,"NS"
2.40987723969431e-05,0.687927056974699,0.202,0.083,0.570803522993993,"MAPKAP1",0.243513355087647,"NS"
2.41627251961468e-05,-0.0454796449287502,0.477,0.259,0.572318308995933,"GPKOW",0.242362360384266,"NS"
2.42209809635953e-05,0.0432191822062241,0.617,0.336,0.573698155103717,"AARD",0.241316546717809,"NS"
2.42407774088165e-05,0.31601201787231,0.141,0.043,0.574167053705228,"HCG9",0.240961731387625,"NS"
2.4360543103027e-05,0.23805865925655,0.817,0.54,0.577003823938297,"GPR37L1",0.238821308664375,"NS"
2.44222548432545e-05,0.108633367863941,0.749,0.466,0.578465528217327,"MTHFR",0.237722516316482,"NS"
2.44396201982292e-05,0.169893251173085,0.965,0.799,0.578876844015256,"EEF2K",0.237413822548472,"NS"
2.48250722520483e-05,0.226041742740642,0.887,0.62,0.588006661362016,"ZNF562",0.230617753896007,"NS"
2.4905291980853e-05,0.0276281058235921,0.786,0.497,0.589906745858484,"RTF1",0.229216637442712,"NS"
2.497218832204e-05,0.00584154393211178,0.707,0.414,0.591491252595839,"AIFM2",0.228051673652194,"NS"
2.52831185291424e-05,0.201965070081023,0.871,0.62,0.598855945481266,"KCMF1",0.222677634383003,"NS"
2.53134143715464e-05,1.32388660225885,0.15,0.052,0.599573532804449,"CLK2",0.22215754662209,"NS"
2.5324883490998e-05,0.528259066914864,0.46,0.296,0.599845190367779,"NFATC1",0.221960819023196,"NS"
2.54592021339006e-05,0.266070616904173,0.545,0.333,0.60302666174357,"ATF6",0.219663485882845,"NS"
2.55616100423099e-05,0.0920211978887893,0.261,0.117,0.605452295462152,"BRCA2",0.217920069917663,"NS"
2.58843114053407e-05,0.138461771319716,0.822,0.531,0.613095799946899,"WDR82",0.212471659025487,"NS"
2.64121108156574e-05,0.21402326400801,0.805,0.534,0.625597256779661,"ALDH1B1",0.203705164308931,"NS"
2.64449613584158e-05,-0.156353360064536,0.716,0.42,0.626375354735436,"ACOT13",0.203165338295208,"NS"
2.65033472900539e-05,0.234565801953559,0.972,0.833,0.627758283912217,"DNAL1",0.202207547617626,"NS"
2.6594087188727e-05,-0.0468824138307724,0.211,0.086,0.629907549152187,"CTPS2",0.20072318679937,"NS"
2.66130673631476e-05,1.2604488334706,0.127,0.037,0.630357113563513,"SLC24A1",0.200413341800686,"NS"
2.66177281229046e-05,0.352302858051237,0.549,0.361,0.630467508319117,"USP24",0.200337290250803,"NS"
2.68656623620148e-05,0.608092651435783,0.251,0.114,0.636340078706684,"FCGR2A",0.196310722665077,"NS"
2.71662838851629e-05,0.213080913279095,0.953,0.759,0.643460600103969,"SLC9A7",0.191478040338914,"NS"
2.76884179401643e-05,0.902288852280673,0.157,0.056,0.655827867330732,"LOC653712",0.183210133304306,"NS"
2.77010581925141e-05,0.0930041858557473,0.779,0.472,0.656127264347888,"MUC20",0.183011915436078,"NS"
2.77330487873918e-05,0.218765647808528,0.786,0.519,0.656884993578163,"PLA2G4E",0.182510659399769,"NS"
2.78072950283328e-05,0.0467939424695656,0.495,0.284,0.65864359004109,"PIK3R1",0.181349530399303,"NS"
2.7810761001788e-05,-0.0852744704899281,0.58,0.333,0.658725685088351,"TMEM167A",0.181295402180683,"NS"
2.78431645149017e-05,0.314994998140218,0.479,0.275,0.659493194699963,"RMND1",0.18078968157251,"NS"
2.82148702538017e-05,0.902297626826377,0.178,0.071,0.668297416831546,"RFX3",0.175030217550515,"NS"
2.8260684050436e-05,0.0781165422658112,0.643,0.392,0.669382562418628,"SNAP23",0.174325605309593,"NS"
2.85223864230789e-05,0.145835067653583,0.704,0.441,0.675581244817046,"TPM3P9",0.170322415621937,"NS"
2.88425126843378e-05,1.34308124404989,0.11,0.028,0.683163755441225,"HIST1H3H",0.165475182760245,"NS"
2.88767630902431e-05,0.130794232209675,0.444,0.247,0.683975010555499,"LOC100507032",0.164959765204017,"NS"
2.88993532665004e-05,0.32288565258743,0.127,0.037,0.684510081470327,"ZNF433",0.164620151190049,"NS"
2.89864257051198e-05,-0.419584103551732,0.791,0.753,0.686572479251469,"NDUFA4",0.163313608933525,"NS"
2.9074525032839e-05,0.256865952967078,0.925,0.713,0.688659199927825,"CHRM3",0.161995646317847,"NS"
2.92031363854993e-05,0.362680838885225,0.831,0.534,0.691705488426937,"EOGT",0.160078778341738,"NS"
2.92497698134721e-05,0.234167055270347,0.934,0.772,0.692810047801901,"SIX4",0.159385822386095,"NS"
2.93615413204423e-05,-0.806831252567938,0.19,0.074,0.695457467715997,"OLFML1",0.157729425127101,"NS"
2.94950906730153e-05,0.445799602010559,0.183,0.071,0.69862071768104,"AKD1",0.155758539452537,"NS"
2.95404631533392e-05,1.04938911792916,0.209,0.093,0.699695410249992,"RP9",0.155090974893976,"NS"
2.9662166419888e-05,0.157411642171768,0.838,0.522,0.702578073821468,"GTF2H2B",0.153305407870115,"NS"
2.97455727149585e-05,-0.203583549972236,0.786,0.787,0.704553635326507,"HLA-DPA1",0.152085939900707,"NS"
2.97763909877315e-05,-0.498273011398086,0.345,0.167,0.705283596935408,"ADAM33",0.151636216599575,"NS"
2.99479291445423e-05,0.84611683191246,0.268,0.139,0.709346649717629,"BCL6",0.149141478120241,"NS"
3.01207949936431e-05,0.0299552389518687,0.343,0.17,0.713441150219431,"CDC14C",0.146641844818491,"NS"
3.01328805772056e-05,0.332736757413865,0.819,0.552,0.713727409351691,"SHANK2-AS3",0.14646762466437,"NS"
3.02100582072571e-05,-0.375799674857507,0.676,0.38,0.715555438697092,"NKD1",0.14535671300481,"NS"
3.02603929195267e-05,1.37368325964314,0.12,0.034,0.71674766669191,"AGAP4",0.14463371218612,"NS"
3.03043143443646e-05,-0.73821259350726,0.15,0.049,0.717787989560619,"CAGE1",0.14400381280577,"NS"
3.04127906759544e-05,0.661499532477936,0.204,0.086,0.720357359950657,"PCBP1-AS1",0.142452002246458,"NS"
3.04334143468536e-05,-0.759512939451964,0.345,0.46,0.720845852219574,"ARL4C",0.142157596151362,"NS"
3.07580166628443e-05,0.305444838538961,0.859,0.657,0.72853438267613,"LOC100132247",0.13754994718273,"NS"
3.07668421543561e-05,-0.034987863655255,0.613,0.34,0.72874342326808,"RAET1E",0.137425351617177,"NS"
3.09827804737105e-05,0.303121841615982,0.869,0.617,0.733858138300308,"MANEAL",0.134387885190005,"NS"
3.100504858728e-05,0.251120359902612,0.481,0.281,0.734385580838313,"RAB37",0.134075858800047,"NS"
3.12638983410709e-05,0.00969481451498705,0.582,0.333,0.740516696106604,"PSMD5",0.130465145184334,"NS"
3.12718900561896e-05,0.109957304306913,0.775,0.488,0.740705987870907,"CXADR",0.130354144495453,"NS"
3.13481491621467e-05,0.247699497532593,0.805,0.559,0.742512261054608,"SCAMP4",0.129296370476214,"NS"
3.18662479070424e-05,-0.491859795039618,0.493,0.565,0.754783947926206,"COX6A1",0.122177344597728,"NS"
3.20641507879737e-05,-0.226903208112506,0.58,0.333,0.759471475563945,"CCDC117",0.119488532845054,"NS"
3.22482324829788e-05,0.0613305466808454,0.822,0.54,0.763831634591837,"TMEM127",0.117002358997306,"NS"
3.2364070215798e-05,-0.148906527335613,0.286,0.133,0.76657536713139,"LOC283914",0.115445140326632,"NS"
3.24292076366048e-05,0.441146628579557,0.324,0.176,0.76811821208062,"CLCN3",0.114571937646061,"NS"
3.24524001640901e-05,0.331415439679586,0.871,0.63,0.768667550286638,"KCTD20",0.114261452518497,"NS"
3.25890061535985e-05,-0.141537015574198,1,1,0.771903199754135,"CFLAR",0.112437158794458,"NS"
3.28598532552392e-05,1.51752859435707,0.103,0.025,0.778318484203596,"CCNG2",0.108842655414906,"NS"
3.29500062531353e-05,0.203104144944687,0.819,0.525,0.780453848111762,"YPEL1",0.107652773707282,"NS"
3.29723902110823e-05,0.219497780451215,0.561,0.343,0.780984034539694,"SNX20",0.107357844204881,"NS"
3.30042884465044e-05,0.154438725029047,0.737,0.457,0.781739576143904,"FLJ46361",0.106937901007146,"NS"
3.30590818040428e-05,-0.30184349430958,0.366,0.185,0.783037411610557,"F2RL1",0.10621748791922,"NS"
3.30732366318273e-05,0.28126212797177,0.251,0.117,0.783372682861461,"DPH3",0.106031576889987,"NS"
3.32054199464451e-05,0.081709109564183,0.746,0.432,0.786503576851499,"C11orf63",0.104299297956986,"NS"
3.3326751650921e-05,0.113275422263827,0.737,0.463,0.789377439603714,"GNB5",0.102715289893413,"NS"
3.33277814131244e-05,0.311043582090721,0.425,0.247,0.789401830551264,"VPS13D",0.102701870849813,"NS"
3.33719703087207e-05,-0.180757288161584,0.65,0.373,0.790448488732358,"RMDN1",0.102126426539117,"NS"
3.37105552772959e-05,-0.114148412581071,0.3,0.145,0.79846821229803,"VMAC",0.0977423688158589,"NS"
3.37904499689151e-05,1.3342803982774,0.174,0.071,0.800360597963722,"ANKMY1",0.0967142999810301,"NS"
3.39102709537235e-05,0.326612108613009,0.326,0.164,0.803198677809895,"PAIP2B",0.0951770151148168,"NS"
3.41729457961933e-05,0.582437588728792,0.12,0.034,0.809420394128634,"ADCY10P1",0.0918258573376485,"NS"
3.48636929787361e-05,0.12491770415499,0.721,0.42,0.825781431894344,"CCDC120",0.0831348866786657,"NS"
3.50413333919255e-05,0.284043302477968,0.721,0.497,0.829989022721148,"POLR2A",0.0809276514831525,"NS"
3.50709652019958e-05,-0.0896274789349856,0.92,0.867,0.830690881774472,"IFITM1",0.0805605566188669,"NS"
3.5180552270038e-05,0.262810010709409,0.786,0.534,0.833286561068121,"GVINP1",0.0792056222557351,"NS"
3.52483950989803e-05,0.235527988385872,0.873,0.605,0.834893486314448,"COMMD2",0.0783689272188148,"NS"
3.54672478675206e-05,0.279924109693925,0.845,0.546,0.840077232990093,"PTOV1-AS1",0.0756807849863021,"NS"
3.55239729553314e-05,0.44118391089784,0.225,0.102,0.841420823419981,"RAB43",0.0749867442984767,"NS"
3.55278362335406e-05,0.295645805883497,0.81,0.537,0.841512329027642,"FGD5-AS1",0.074939516777346,"NS"
3.58020410390787e-05,1.16800749454778,0.12,0.034,0.848007144051617,"LRP5L",0.0716004890061086,"NS"
3.59901164363907e-05,-0.265974828319072,0.547,0.29,0.852461897912351,"TMEM119",0.0693250233574212,"NS"
3.61180350500784e-05,0.0801206987042797,0.392,0.213,0.855491778196158,"NRAS",0.067784159940763,"NS"
3.62822444194069e-05,0.251767479670241,0.857,0.565,0.859381241318072,"DDA1",0.0658141303832803,"NS"
3.63283950081092e-05,-0.00115252608688765,0.249,0.111,0.860474364162073,"LINC00314",0.0652620639404852,"NS"
3.64311607393654e-05,-0.0190105411412245,0.143,0.046,0.862908473272609,"INF2",0.064035266463991,"NS"
3.65398506486499e-05,-0.353330118493826,0.667,0.38,0.865482902463921,"KIAA0513",0.0627415071518648,"NS"
3.68408583225825e-05,-0.339255285797925,0.42,0.222,0.87261257022869,"ALS2",0.059178535170382,"NS"
3.69779260288863e-05,0.0975121058283193,0.89,0.596,0.875859155920201,"TMEM19",0.0575657257092027,"NS"
3.71576123963667e-05,0.551925225102489,0.401,0.238,0.880115207220341,"ID3",0.0554604749120966,"NS"
3.7173594662604e-05,0.122141914065686,0.35,0.179,0.880493763178437,"HCG4",0.0552737159338221,"NS"
3.75908690709469e-05,-0.223703937363164,0.786,0.781,0.890377324814449,"HNRNPA1P10",0.0504259086838551,"NS"
3.77998300173743e-05,-0.167812681701954,0.66,0.392,0.895326773791527,"ISG20L2",0.048018428199973,"NS"
3.78981578263906e-05,0.394785156468968,0.141,0.046,0.897655766275888,"ZNF221",0.0468901749898918,"NS"
3.80446267780285e-05,0.2317951815334,0.871,0.617,0.901125029864384,"ACOX1",0.0452149470753315,"NS"
3.81019521638768e-05,0.172204991103333,0.904,0.667,0.902482838953586,"CPPED1",0.0445610476146822,"NS"
3.83806921790129e-05,-0.235546810119471,0.866,0.852,0.909085074952099,"BTG1",0.0413954722748892,"NS"
3.84460004197526e-05,0.228597870867284,0.749,0.463,0.910631965942261,"ARL16",0.040657108707525,"NS"
3.86075961320417e-05,0.328947965747003,0.913,0.676,0.914459521983539,"MOG",0.0388355135536137,"NS"
3.87562060118572e-05,-0.0774505746005179,0.606,0.336,0.917979495596849,"HSCB",0.0371670192874231,"NS"
3.88736306405833e-05,-0.180606124519282,0.805,0.793,0.920760815352856,"GZMK",0.0358531711746743,"NS"
3.90061624130991e-05,0.22200609814554,0.974,0.858,0.923899962916665,"RAMP2-AS1",0.034375050322393,"NS"
3.94426903605314e-05,0.262746188941103,0.688,0.435,0.934239563879547,"EIF5AL1",0.0295417448295047,"NS"
3.96419055283492e-05,0.550923286632092,0.204,0.09,0.93895817434448,"ZNF845",0.0273537528414057,"NS"
4.00494270946753e-05,0.0339175461200174,0.859,0.565,0.948610730164478,"AHR",0.0229119671552978,"NS"
4.03877607739514e-05,0.0865482086845583,0.836,0.562,0.956624501691812,"TECPR1",0.0192584998875558,"NS"
4.04276243859124e-05,-0.0384182177384729,0.3,0.148,0.957568711204722,"CATSPER2",0.0188300530497839,"NS"
4.05403250612477e-05,-0.462549922174739,0.521,0.583,0.960238139400713,"GMFG",0.0176210484165056,"NS"
4.05744505902015e-05,-0.627934046972076,0.324,0.154,0.961046436679514,"FGD2",0.0172556272050917,"NS"
4.05823448397234e-05,0.154125634837528,0.826,0.537,0.961233419873689,"ZNF578",0.0171711381860569,"NS"
4.0681696627123e-05,0.289716236640003,0.223,0.099,0.963586666310035,"ZADH2",0.0161092182088123,"NS"
4.088929419823e-05,0.126274603114405,0.709,0.438,0.968503822379276,"PLGLB1",0.0138986609180748,"NS"
4.11899459353006e-05,0.0369779358647179,0.451,0.247,0.975625059423529,"LOC100289511",0.0107170531414279,"NS"
4.14873207341447e-05,0.198766056609968,0.847,0.577,0.982668678908952,"ITIH5",0.00759288621294783,"NS"
4.1734639549965e-05,0.384597841627008,0.284,0.145,0.98852667238047,"BDH2",0.00501160807880542,"NS"
4.20587117672855e-05,0.132537339410105,0.157,0.056,0.996202646919924,"NKAPP1",0.0016523086775264,"NS"
4.25111337742689e-05,0.127143934440118,0.798,0.506,1,"TMEM241",0,"NS"
4.26087646726241e-05,0.232311889821394,0.869,0.602,1,"ZNF716",0,"NS"
4.26358096741349e-05,0.18527137521658,0.73,0.463,1,"ISY1",0,"NS"
4.31409276451448e-05,-0.141095191160783,0.566,0.306,1,"FLJ36777",0,"NS"
4.31734039920961e-05,-0.381387578914383,0.54,0.287,1,"CAMKK2",0,"NS"
4.34200445805659e-05,0.0799751951735553,0.486,0.281,1,"NABP1",0,"NS"
4.34347491829379e-05,-0.117892915762885,0.204,0.086,1,"SMCR5",0,"NS"
4.40856219482664e-05,1.23319111715406,0.202,0.093,1,"CDK2",0,"NS"
4.43631521513975e-05,0.207621442525936,0.944,0.722,1,"OCLN",0,"NS"
4.46901411439596e-05,0.170679206289227,0.915,0.679,1,"FZD3",0,"NS"
4.48562555505934e-05,1.09027477690575,0.183,0.077,1,"NAPRT1",0,"NS"
4.54135647865739e-05,1.06162125692551,0.134,0.043,1,"C2orf88",0,"NS"
4.56024453005111e-05,0.0143712249993497,0.554,0.318,1,"DVL3",0,"NS"
4.59943713513128e-05,0.280997630983917,0.951,0.738,1,"LINC00547",0,"NS"
4.65182240158868e-05,0.571330738390174,0.12,0.034,1,"FAM27B",0,"NS"
4.68667045578937e-05,-0.175685197610662,0.2,0.083,1,"EMR4P",0,"NS"
4.76678180197968e-05,0.683731800119787,0.296,0.16,1,"NSMAF",0,"NS"
4.7885078239263e-05,0.824612831763209,0.261,0.133,1,"LOC729852",0,"NS"
4.79643597650571e-05,0.704373828495975,0.195,0.083,1,"HEMK1",0,"NS"
4.83721112680004e-05,0.281057912403776,0.894,0.654,1,"TSG1",0,"NS"
4.85519671071881e-05,-0.192887690232049,0.12,0.034,1,"AGAP1",0,"NS"
4.87264929820427e-05,0.277401257361825,0.93,0.747,1,"CEACAM22P",0,"NS"
4.87793947344838e-05,0.445859887557826,0.155,0.056,1,"SNHG10",0,"NS"
4.97820898858361e-05,0.0644066654186382,0.81,0.481,1,"GGCX",0,"NS"
4.99532176025941e-05,0.0825620501060583,0.742,0.435,1,"TMEM17",0,"NS"
5.07647222905973e-05,0.861828809843631,0.155,0.056,1,"GJB7",0,"NS"
5.07778229872752e-05,-0.0571638012200197,0.739,0.454,1,"TMOD2",0,"NS"
5.08398246570667e-05,0.854033598743789,0.153,0.056,1,"POMZP3",0,"NS"
5.10866186757203e-05,-0.150298565098903,0.432,0.238,1,"PAN2",0,"NS"
5.12235709285958e-05,-0.0760249248097518,0.434,0.231,1,"TDGF1",0,"NS"
5.13613435745347e-05,0.0748047276570653,0.418,0.235,1,"PROSC",0,"NS"
5.13931981703939e-05,0.213526905615606,0.925,0.769,1,"TRPV1",0,"NS"
5.1407360378706e-05,-0.307976602197813,0.678,0.682,1,"OST4",0,"NS"
5.14088164557455e-05,0.298376121145278,0.108,0.028,1,"RASGRF2",0,"NS"
5.14574489725018e-05,0.00511107319332582,0.662,0.386,1,"FANCF",0,"NS"
5.1508897309702e-05,-0.694371063560433,0.181,0.071,1,"CADM2",0,"NS"
5.17979549221402e-05,0.216571827530627,0.871,0.611,1,"ZNF548",0,"NS"
5.2274202008421e-05,0.204766133509764,0.812,0.528,1,"SEPT14",0,"NS"
5.26330220803577e-05,-0.150376356717343,0.638,0.349,1,"DPPA4",0,"NS"
5.26375074768121e-05,0.178348297996913,0.308,0.157,1,"ZNF92",0,"NS"
5.27884183376076e-05,0.0619925987773484,0.709,0.432,1,"HIGD1A",0,"NS"
5.29479326771543e-05,-0.958500546886481,0.167,0.062,1,"AKAP12",0,"NS"
5.2988744687788e-05,-0.540168650628601,0.845,0.762,1,"C16orf54",0,"NS"
5.31372620551393e-05,0.0434304899117643,0.711,0.451,1,"NUP62",0,"NS"
5.31792015650509e-05,-0.0802802591474936,0.401,0.216,1,"ZNF552",0,"NS"
5.33084547006355e-05,0.259643477050445,0.847,0.593,1,"REL",0,"NS"
5.36748537217395e-05,0.834715011941247,0.202,0.09,1,"LOC283922",0,"NS"
5.44188281082455e-05,0.377569447223169,0.15,0.052,1,"LINC00113",0,"NS"
5.52530211827962e-05,0.354550593918642,0.376,0.216,1,"CWF19L2",0,"NS"
5.55884266597004e-05,0.652875719749618,0.171,0.068,1,"NBR2",0,"NS"
5.57975349097853e-05,0.32527859129791,0.819,0.586,1,"FOXJ3",0,"NS"
5.60194505789812e-05,0.793709359423976,0.113,0.031,1,"ARGFXP2",0,"NS"
5.60747447046068e-05,0.111552523126988,0.561,0.333,1,"LPCAT3",0,"NS"
5.6572491468675e-05,0.205802869391394,0.866,0.593,1,"FBXL19-AS1",0,"NS"
5.69306034560598e-05,0.184280923260817,0.296,0.151,1,"SLC35D1",0,"NS"
5.69959672755773e-05,-0.726852770818614,0.43,0.228,1,"LMTK2",0,"NS"
5.73066789874393e-05,0.244975112354396,0.871,0.627,1,"INIP",0,"NS"
5.75217622816835e-05,0.271846417087146,0.843,0.583,1,"FLJ42627",0,"NS"
5.75478778531245e-05,0.461181658617351,0.223,0.102,1,"ADAL",0,"NS"
5.7978016123011e-05,-0.0800141485917942,0.984,0.963,1,"PFN1",0,"NS"
5.82729496846833e-05,0.123737560422341,0.697,0.41,1,"LOC339166",0,"NS"
5.89677275958728e-05,-0.349519920914608,0.563,0.318,1,"KCTD10",0,"NS"
5.9845269245382e-05,0.256348403601458,0.939,0.738,1,"MS4A10",0,"NS"
6.00974611604758e-05,0.263737097044762,0.906,0.657,1,"PARD6G",0,"NS"
6.03868229016318e-05,0.4803694200832,0.326,0.182,1,"UIMC1",0,"NS"
6.04195646212243e-05,-0.0942460394696139,0.671,0.386,1,"MAGEB10",0,"NS"
6.04837002614627e-05,0.288285266379837,0.925,0.673,1,"LOC100128338",0,"NS"
6.09488688314582e-05,0.328720380170623,0.664,0.441,1,"HBS1L",0,"NS"
6.10326958888279e-05,0.224420335860033,0.819,0.546,1,"HES2",0,"NS"
6.12602917380742e-05,0.153237813964917,0.845,0.583,1,"SPTLC2",0,"NS"
6.13857923766749e-05,-0.0644852640717886,0.617,0.37,1,"ALDH3A2",0,"NS"
6.1796577224213e-05,0.125140992907407,0.969,0.858,1,"ZNF805",0,"NS"
6.22647231014261e-05,0.0929122503161216,0.887,0.593,1,"TMEM181",0,"NS"
6.28911280733075e-05,0.382629111625918,0.169,0.065,1,"PMS2P4",0,"NS"
6.29505742132733e-05,-0.14953129085609,0.732,0.435,1,"FAM20B",0,"NS"
6.30037407124992e-05,0.284400897336623,0.808,0.519,1,"MRPL44",0,"NS"
6.36744979414e-05,0.433068302507139,0.383,0.222,1,"TMEM248",0,"NS"
6.43117383672432e-05,0.171861120311154,0.923,0.778,1,"PEX13",0,"NS"
6.48975317469074e-05,-0.14530819376127,0.89,0.87,1,"NPM1",0,"NS"
6.52624830352698e-05,0.22071603861401,0.106,0.028,1,"FBXL22",0,"NS"
6.52840873258782e-05,0.243996482639184,0.85,0.568,1,"LOC284551",0,"NS"
6.5415914281456e-05,0.332786017210871,0.718,0.531,1,"SPTAN1",0,"NS"
6.5430662548537e-05,-0.475090549548217,0.312,0.154,1,"SAYSD1",0,"NS"
6.54494939644086e-05,-0.259025790653801,0.209,0.09,1,"TMEM52B",0,"NS"
6.58532035329854e-05,-0.361965585669858,0.268,0.127,1,"ZNF93",0,"NS"
6.59353233339503e-05,0.182064140052299,0.845,0.562,1,"PSPH",0,"NS"
6.64966566087242e-05,0.262906752352852,0.953,0.698,1,"RBM43",0,"NS"
6.66301157764426e-05,0.318503243300147,0.153,0.056,1,"KLHL2",0,"NS"
6.66970759385612e-05,0.194945314546272,0.948,0.753,1,"CXorf38",0,"NS"
6.69471105505544e-05,0.324734795385523,0.915,0.756,1,"SPAG9",0,"NS"
6.71068710526134e-05,0.276074680966505,0.932,0.698,1,"LOC284950",0,"NS"
6.71710275395761e-05,-0.569632195147271,0.444,0.241,1,"ARHGEF26",0,"NS"
6.7283707330704e-05,-0.161670920704158,0.622,0.364,1,"ZNF585B",0,"NS"
6.77054619124319e-05,-0.0149337343043063,0.735,0.448,1,"LOC729732",0,"NS"
6.80144760812414e-05,-0.231591236731681,0.721,0.435,1,"SGPL1",0,"NS"
6.80564829781113e-05,-0.239897871841549,0.791,0.497,1,"SC5DL",0,"NS"
6.83354585737678e-05,0.0754562821841795,0.932,0.691,1,"ZSCAN29",0,"NS"
6.84705353630552e-05,0.732006828733141,0.106,0.028,1,"RPL23AP32",0,"NS"
6.87412646282279e-05,0.119089448579303,0.676,0.42,1,"PDLIM2",0,"NS"
6.8935927417592e-05,0.136230265509558,0.641,0.389,1,"FRMD8",0,"NS"
6.9322436148336e-05,0.369763690600369,0.519,0.336,1,"ARNT",0,"NS"
6.93395273502384e-05,-1.16534580894381,0.127,0.231,1,"CD200R1",0,"NS"
6.93555524491372e-05,0.439827282016318,0.251,0.123,1,"MTX2",0,"NS"
6.94924022798147e-05,0.119528543922256,0.54,0.312,1,"KCNN2",0,"NS"
6.9927495714563e-05,0.259073529046074,0.854,0.556,1,"LINC00311",0,"NS"
7.01623750905448e-05,0.220947153922479,0.833,0.543,1,"LOC145820",0,"NS"
7.03750748414661e-05,0.502696322008694,0.298,0.16,1,"THAP9-AS1",0,"NS"
7.0506798599193e-05,0.0108915233511931,0.655,0.404,1,"SMAD2",0,"NS"
7.0889851632454e-05,-0.155132547904969,0.162,0.062,1,"AFAP1-AS1",0,"NS"
7.10043356665379e-05,-0.0465186657577172,0.643,0.383,1,"ZNF773",0,"NS"
7.10397301398527e-05,0.00123106076147372,0.707,0.432,1,"GGT8P",0,"NS"
7.12727816878123e-05,0.211730112195497,0.756,0.497,1,"B3GNT6",0,"NS"
7.12766893915793e-05,0.195795507798511,0.826,0.522,1,"GSTTP2",0,"NS"
7.14445611333041e-05,0.585355579564464,0.164,0.065,1,"ORAI3",0,"NS"
7.17228494497395e-05,0.785963698560546,0.16,0.062,1,"FAHD2A",0,"NS"
7.2552275361992e-05,0.661846108828674,0.178,0.074,1,"TNRC18",0,"NS"
7.28018508843511e-05,0.212722903972353,0.315,0.167,1,"XXYLT1",0,"NS"
7.40444842260059e-05,0.541943259814325,0.11,0.031,1,"LOC100507651",0,"NS"
7.45880509430151e-05,0.118817721305519,0.728,0.463,1,"ZNF431",0,"NS"
7.47172048291993e-05,0.3595497810267,0.185,0.077,1,"CD302",0,"NS"
7.54660214579751e-05,1.35227293262492,0.103,0.028,1,"RAET1K",0,"NS"
7.56758918450634e-05,0.678367760408482,0.181,0.074,1,"IGSF9B",0,"NS"
7.61997581090693e-05,-0.175804217592619,0.742,0.448,1,"TTF2",0,"NS"
7.62552352599018e-05,0.39531357062317,0.481,0.315,1,"CHD3",0,"NS"
7.62914718775775e-05,0.413404344675797,0.197,0.086,1,"NUDT4",0,"NS"
7.65851595609235e-05,0.609395150418145,0.261,0.133,1,"PPP2R2B",0,"NS"
7.67294377246044e-05,0.0769960445028799,0.308,0.16,1,"CCDC152",0,"NS"
7.67482733596244e-05,1.75172730366003,0.108,0.031,1,"MMP24",0,"NS"
7.69437990792143e-05,0.645162662228727,0.174,0.071,1,"TTC28-AS1",0,"NS"
7.71659390245092e-05,-0.209288939924711,0.704,0.417,1,"ST3GAL2",0,"NS"
7.76096549369212e-05,-0.362944767145107,0.768,0.784,1,"CCL4L1",0,"NS"
7.76096549369212e-05,-0.362944767145107,0.768,0.784,1,"CCL4L2",0,"NS"
7.78299519703788e-05,-0.167340809914766,0.265,0.127,1,"QSER1",0,"NS"
7.81778856627624e-05,0.496283408934152,0.315,0.173,1,"MTHFD1",0,"NS"
7.84397315183621e-05,0.088390043085783,0.61,0.38,1,"SEC63",0,"NS"
7.85665739387425e-05,0.475392604482996,0.423,0.269,1,"ITPR2",0,"NS"
7.89296658236025e-05,0.0262500613844147,0.38,0.21,1,"ZNF277",0,"NS"
7.89789486791408e-05,0.73181940527941,0.261,0.139,1,"PASK",0,"NS"
7.91810658890293e-05,0.246252510347633,0.831,0.562,1,"RAB33B",0,"NS"
7.9360205990434e-05,-0.360121754357611,0.61,0.657,1,"APOBEC3C",0,"NS"
7.94321115304312e-05,0.172271189314956,0.786,0.509,1,"C2orf83",0,"NS"
7.94545300719513e-05,-0.587527272054269,0.495,0.272,1,"ERI1",0,"NS"
7.96438943323937e-05,1.50004120716483,0.122,0.04,1,"C11orf24",0,"NS"
7.96501600916307e-05,0.199316952086913,0.636,0.395,1,"NPIP",0,"NS"
7.96802938640055e-05,0.149625865746843,0.122,0.037,1,"SLC9A3R2",0,"NS"
7.9761889493739e-05,-0.547558438850253,0.127,0.04,1,"CLHC1",0,"NS"
7.97667886517506e-05,0.102177821688084,0.256,0.123,1,"RNF135",0,"NS"
7.98370878639634e-05,0.766406192354247,0.242,0.123,1,"HIST1H2AC",0,"NS"
7.99963964924218e-05,0.245826136122929,0.155,0.059,1,"JAZF1",0,"NS"
8.02123429781989e-05,-0.213552649148284,0.592,0.349,1,"WSB2",0,"NS"
8.08645436841296e-05,0.288770155644105,0.899,0.75,1,"GBP5",0,"NS"
8.11433071184961e-05,0.00617754611505972,0.305,0.157,1,"PTPN18",0,"NS"
8.16796606987037e-05,0.208342178098288,0.782,0.54,1,"LOC100506472",0,"NS"
8.17790003901975e-05,0.259312654461794,0.906,0.673,1,"KCNE4",0,"NS"
8.27135959711283e-05,0.21248923006881,0.941,0.738,1,"RAB3B",0,"NS"
8.30859707418501e-05,0.219731644723887,0.977,0.833,1,"RBM34",0,"NS"
8.3244904832451e-05,0.476040064547906,0.462,0.293,1,"ACADVL",0,"NS"
8.33186909913598e-05,-0.00151437908731067,0.214,0.096,1,"PACRGL",0,"NS"
8.33282101858705e-05,-0.0825740841819369,0.643,0.361,1,"LINC00260",0,"NS"
8.34362818093264e-05,0.219248630265775,0.167,0.065,1,"LOC100133957",0,"NS"
8.38999454437422e-05,0.319226574025085,0.756,0.469,1,"EXOSC2",0,"NS"
8.40293695774705e-05,0.178964906256064,0.556,0.352,1,"SERINC5",0,"NS"
8.40798027557447e-05,0.212949909567618,0.324,0.176,1,"TDP1",0,"NS"
8.40894269630775e-05,1.64253331734957,0.136,0.049,1,"HRNR",0,"NS"
8.41011350372092e-05,0.43962764955433,0.282,0.148,1,"ZNF592",0,"NS"
8.45665368827249e-05,-0.0334206771095885,0.852,0.568,1,"C5orf24",0,"NS"
8.49130401626902e-05,-0.266203566036819,0.721,0.441,1,"N4BP2",0,"NS"
8.53356874378971e-05,-0.522715025313652,0.256,0.117,1,"PRDM14",0,"NS"
8.54261654854306e-05,0.317090186169988,0.357,0.204,1,"SERTAD2",0,"NS"
8.57347214355976e-05,1.20211324915204,0.138,0.049,1,"ZNF613",0,"NS"
8.62714044037006e-05,1.15409967234648,0.134,0.046,1,"L3MBTL1",0,"NS"
8.64654601390563e-05,0.360404267535071,0.169,0.068,1,"TTI2",0,"NS"
8.66243516179019e-05,0.260896450325091,0.833,0.552,1,"SRFBP1",0,"NS"
8.67351014755528e-05,0.0266964879338425,0.322,0.17,1,"CD27-AS1",0,"NS"
8.67817459523357e-05,-0.170706214650778,0.613,0.377,1,"KRIT1",0,"NS"
8.74831850180611e-05,-0.206578966203841,0.819,0.772,1,"TMA7",0,"NS"
8.75690700280592e-05,-0.00366993345913436,0.425,0.238,1,"ZNF764",0,"NS"
8.79969615543119e-05,0.101949476000038,0.8,0.472,1,"TMEM159",0,"NS"
8.80872052191606e-05,0.20424722587637,0.911,0.657,1,"FAM177A1",0,"NS"
8.81144396914321e-05,0.579128325348967,0.195,0.086,1,"TMEM214",0,"NS"
8.82236770853633e-05,0.144543707239328,0.772,0.522,1,"LRRC37BP1",0,"NS"
8.86814517258195e-05,0.492626920134683,0.336,0.198,1,"ANKRD52",0,"NS"
8.90698243821946e-05,-0.484731728993754,0.3,0.148,1,"DSN1",0,"NS"
8.92808155762565e-05,-0.430263507965757,0.556,0.62,1,"PAIP2",0,"NS"
8.96563195801396e-05,1.19367469148366,0.103,0.028,1,"DCDC2B",0,"NS"
9.00930728711193e-05,-0.20227412814422,0.812,0.849,1,"HLA-DRB1",0,"NS"
9.00978548114182e-05,0.415893825925212,0.378,0.222,1,"YTHDF3",0,"NS"
9.0458036656115e-05,0.431597272323396,0.312,0.17,1,"SEC31B",0,"NS"
9.07858769160132e-05,0.219128181427677,0.906,0.698,1,"KIAA0355",0,"NS"
9.08020591324548e-05,0.760364614810112,0.103,0.028,1,"LOC375295",0,"NS"
9.08350997149897e-05,0.0736190160342779,0.761,0.46,1,"LOC100144595",0,"NS"
9.09247501330019e-05,0.296767276562736,0.871,0.636,1,"C4orf26",0,"NS"
9.11491841025283e-05,0.676591221940528,0.275,0.148,1,"FAM156A",0,"NS"
9.117207202077e-05,1.06335840381934,0.124,0.04,1,"LOC541473",0,"NS"
9.17301676731153e-05,-0.285686607650629,0.162,0.062,1,"RBMY2FP",0,"NS"
9.2823298365475e-05,0.21236376802592,0.347,0.194,1,"RPSAP9",0,"NS"
9.30305547504009e-05,0.0778304832908809,0.57,0.33,1,"TCTN2",0,"NS"
9.307776918048e-05,0.939728067300578,0.143,0.052,1,"CTBP2",0,"NS"
9.3299400953955e-05,-0.245709767580519,0.376,0.198,1,"INHBE",0,"NS"
9.3404627610593e-05,0.431725845672228,0.432,0.275,1,"XPO1",0,"NS"
9.34381381220285e-05,0.563731706355545,0.308,0.173,1,"TBCK",0,"NS"
9.35398629558522e-05,-0.369921677964917,0.582,0.318,1,"LOC100996455",0,"NS"
9.38336935752349e-05,-0.0059190491733272,0.692,0.432,1,"PEX2",0,"NS"
9.40691764678878e-05,0.178982329296462,0.894,0.633,1,"PAPLN",0,"NS"
9.4250215976499e-05,0.269033806181801,0.815,0.571,1,"ZDHHC3",0,"NS"
9.45727163315012e-05,0.289955829699375,0.291,0.154,1,"RNF123",0,"NS"
9.53451048744827e-05,0.0197942751597577,0.211,0.096,1,"CCDC18",0,"NS"
9.53638511860876e-05,0.683979701324885,0.188,0.083,1,"JHDM1D",0,"NS"
9.54686521016007e-05,1.13028657986155,0.117,0.037,1,"PIP5K1B",0,"NS"
9.59246050362772e-05,0.239116970444206,0.969,0.83,1,"GJC1",0,"NS"
9.63057981836103e-05,0.388803917105473,0.401,0.241,1,"ARMC8",0,"NS"
9.64133336001179e-05,0.300185826647474,0.495,0.312,1,"RBM12",0,"NS"
9.65362030177418e-05,0.102881340447599,0.803,0.528,1,"PAPOLG",0,"NS"
9.65878821699359e-05,-0.0937373618545614,0.953,0.938,1,"FTH1",0,"NS"
9.80982219634654e-05,-0.498990678477551,0.415,0.222,1,"DNPEP",0,"NS"
9.89148997186346e-05,0.340762180712676,0.582,0.395,1,"GPRIN3",0,"NS"
9.94636325901211e-05,0.219839929874427,0.831,0.605,1,"PTCD1",0,"NS"
0.000100342488973601,0.273781510106191,0.451,0.265,1,"SETMAR",0,"NS"
0.000100609688240715,-0.101101536263739,0.394,0.207,1,"LINC00189",0,"NS"
0.000101933008651977,-0.672741798855295,0.167,0.065,1,"ANKK1",0,"NS"
0.000103178831221763,1.14699416797079,0.113,0.034,1,"AEBP1",0,"NS"
0.000105800273728581,-0.0430872993375309,0.232,0.108,1,"WDFY2",0,"NS"
0.000105906821771665,0.632255414503017,0.148,0.056,1,"GBP7",0,"NS"
0.000106120872203972,0.221406767636828,0.88,0.639,1,"MFSD11",0,"NS"
0.000106290004111324,0.219691308077031,0.852,0.614,1,"ARHGAP26",0,"NS"
0.000106732763922987,-0.729750258122171,0.23,0.105,1,"NUDT7",0,"NS"
0.000107583221990772,-0.0711856375864877,0.577,0.355,1,"DCUN1D5",0,"NS"
0.000107853733661891,0.588733801025907,0.108,0.031,1,"SLC11A1",0,"NS"
0.000108013097772037,0.114202230582009,0.744,0.478,1,"DAP3",0,"NS"
0.00010815289811955,0.217273287040319,0.793,0.549,1,"CHURC1",0,"NS"
0.000109216631587067,0.05751553857933,0.12,0.037,1,"FAM110C",0,"NS"
0.000111210165185511,0.147018072874235,0.782,0.506,1,"TRIP13",0,"NS"
0.000111785181238018,0.792446736788236,0.225,0.111,1,"DNAJC13",0,"NS"
0.00011183756316388,0.202540465638912,0.88,0.614,1,"SGCB",0,"NS"
0.000112086298766959,0.208438470487396,0.854,0.546,1,"DMBX1",0,"NS"
0.000112552387826752,-0.0554196003865702,0.585,0.358,1,"H2AFV",0,"NS"
0.000112893500720313,-0.207504756609621,0.613,0.355,1,"DENND5B",0,"NS"
0.000113299733283102,0.523635501173034,0.357,0.216,1,"STAT5A",0,"NS"
0.000113703681523829,-0.0741718977560574,0.653,0.389,1,"ELP3",0,"NS"
0.00011457339810332,0.105243875840772,0.735,0.475,1,"C11orf92",0,"NS"
0.000115155143572904,0.568600317048916,0.19,0.08,1,"SNORA70",0,"NS"
0.000115489660457605,0.499903162347671,0.286,0.154,1,"RASA4CP",0,"NS"
0.000116773608667636,-0.0977539343662874,0.359,0.198,1,"ZBTB44",0,"NS"
0.000117289971732455,0.207178320148971,0.777,0.472,1,"LOC100505495",0,"NS"
0.000118027441349178,0.483426066199802,0.408,0.259,1,"ST6GAL1",0,"NS"
0.000118035347544725,0.657090101567867,0.232,0.114,1,"ARFRP1",0,"NS"
0.000118462527210254,0.302129289263211,0.162,0.065,1,"SBK1",0,"NS"
0.000118597639617592,0.152958158584318,0.782,0.531,1,"PPP1R15B",0,"NS"
0.00011903927014937,0.240790533751585,0.934,0.787,1,"KIAA1324",0,"NS"
0.000120228244897638,0.507906470519298,0.364,0.219,1,"FAM192A",0,"NS"
0.000120386828233323,0.243693354858643,0.944,0.784,1,"KIF18B",0,"NS"
0.000120610935891343,1.1362833974307,0.153,0.062,1,"ERMP1",0,"NS"
0.000121141470329082,0.463956509435101,0.387,0.235,1,"ALG13",0,"NS"
0.000121472913898268,1.18791706580704,0.169,0.074,1,"HERC2P3",0,"NS"
0.000121858147481268,0.202978059174648,0.944,0.719,1,"ZNF37BP",0,"NS"
0.000122125045017162,0.185043315731806,0.772,0.491,1,"CCDC122",0,"NS"
0.000122352598014393,-0.15786943487346,0.392,0.213,1,"C2CD4A",0,"NS"
0.000123351159511896,1.06314687888546,0.101,0.028,1,"AGPAT4-IT1",0,"NS"
0.00012399963681139,0.789609509328049,0.127,0.043,1,"CDHR1",0,"NS"
0.000124204696273128,1.44585511113602,0.115,0.037,1,"FAM199X",0,"NS"
0.000124604312858686,-0.193937587762313,0.843,0.861,1,"HSP90AB1",0,"NS"
0.000125148771454764,0.464343838856514,0.451,0.296,1,"PRMT2",0,"NS"
0.000125235936037263,0.71631278876209,0.256,0.136,1,"STRBP",0,"NS"
0.000126816577096052,0.242682379044559,0.779,0.503,1,"DNAJC24",0,"NS"
0.000127939693621026,0.432757612018845,0.138,0.049,1,"UCA1",0,"NS"
0.000128341016615184,0.316659602139204,0.3,0.16,1,"MAP2K2",0,"NS"
0.000128428139899465,-0.208977609677872,0.735,0.741,1,"COX7C",0,"NS"
0.000129101871323641,-0.121816996620295,0.92,0.904,1,"RPLP0",0,"NS"
0.000129102591617949,1.0286369057689,0.141,0.052,1,"C11orf75",0,"NS"
0.000129985283066215,0.303891533193794,0.176,0.074,1,"MLXIP",0,"NS"
0.000130326505015806,-0.250491723590594,0.709,0.744,1,"RPL36AL",0,"NS"
0.000130721308226323,0.274161722075383,0.279,0.145,1,"SGSH",0,"NS"
0.000132781087110326,-0.179575791391001,0.815,0.799,1,"PFDN5",0,"NS"
0.000133036649316444,0.109760825344624,0.725,0.466,1,"CRTAP",0,"NS"
0.000133515085635842,0.401871593512307,0.366,0.216,1,"KIAA1468",0,"NS"
0.000133615870288487,0.380553104258586,0.603,0.423,1,"WARS",0,"NS"
0.000133781288302801,-0.00585851302139462,0.242,0.117,1,"TPRG1L",0,"NS"
0.00013422910185865,0.515791154877882,0.122,0.04,1,"ACTG1P4",0,"NS"
0.000134851731932773,0.142454370381672,0.732,0.451,1,"PNPLA4",0,"NS"
0.000135243311225584,1.16964972794719,0.129,0.046,1,"GPNMB",0,"NS"
0.000135445821377662,1.01415650615241,0.148,0.059,1,"STMN3",0,"NS"
0.000136008396787878,0.0193192270005863,0.847,0.571,1,"FBXW2",0,"NS"
0.000136780400045214,-0.000189247170599538,0.415,0.235,1,"TGIF2",0,"NS"
0.000136893413065035,0.479602116207128,0.305,0.173,1,"AGO3",0,"NS"
0.000138218426673105,0.534180824551616,0.296,0.16,1,"TMEM243",0,"NS"
0.000138466084358494,-0.329001623505857,0.516,0.293,1,"LOC399715",0,"NS"
0.000139018847250936,-0.109710076328652,1,0.997,1,"SHISA9",0,"NS"
0.000140450302856676,-0.446970558601774,0.54,0.605,1,"UQCR11",0,"NS"
0.000141029530053397,-0.23083678628031,0.413,0.228,1,"LAMTOR3",0,"NS"
0.000141684393445358,0.747619454434187,0.106,0.031,1,"WHAMMP1",0,"NS"
0.000144283884340391,0.444516316393377,0.153,0.059,1,"DYDC2",0,"NS"
0.00014512384106259,0.18447392422589,0.873,0.633,1,"ZNF529",0,"NS"
0.000145548996462611,0.167244944815685,0.913,0.698,1,"GTPBP10",0,"NS"
0.000146218289576859,0.286733074028915,0.526,0.343,1,"INPP5F",0,"NS"
0.000147682686351978,0.100487113645131,0.695,0.435,1,"KCNE3",0,"NS"
0.000147983331240462,0.185007520782768,0.951,0.793,1,"TATDN3",0,"NS"
0.000149336174120732,-0.112700877847782,0.195,0.083,1,"HMGN2P46",0,"NS"
0.00015009917567709,0.457998546109094,0.106,0.031,1,"ADORA2A-AS1",0,"NS"
0.000151302188727337,-0.112567192985253,0.258,0.127,1,"CCDC144A",0,"NS"
0.000151384968246483,0.0421538200500485,0.777,0.491,1,"STX11",0,"NS"
0.000151868240545079,0.298987847014116,0.385,0.225,1,"MYNN",0,"NS"
0.000152379455455712,-0.568512605923816,0.498,0.278,1,"PRR5",0,"NS"
0.000152986916756318,0.545839374628008,0.268,0.142,1,"TTYH3",0,"NS"
0.000153086423373692,-0.187646955261757,0.493,0.284,1,"FLAD1",0,"NS"
0.000154623904362611,0.707686814608682,0.181,0.08,1,"SH2D3A",0,"NS"
0.000155450059986118,0.0958264943573437,0.268,0.136,1,"CCNB1IP1",0,"NS"
0.000156294642709761,0.332950728669941,0.864,0.642,1,"LOC389641",0,"NS"
0.000157058365277317,0.334258676357995,0.176,0.074,1,"ZNF582-AS1",0,"NS"
0.000157251340120446,0.191662264893904,0.791,0.506,1,"TCEB1",0,"NS"
0.000157544610628064,0.933694688843415,0.143,0.056,1,"ABCC5",0,"NS"
0.000157701296097022,0.476982419723514,0.265,0.139,1,"ACOT2",0,"NS"
0.000157902489877999,0.104956367332738,0.833,0.543,1,"MPC2",0,"NS"
0.000158339633281172,-0.547140394178669,0.43,0.488,1,"HIGD2A",0,"NS"
0.000159105367964591,0.483722299401886,0.319,0.185,1,"GCN1L1",0,"NS"
0.000160477350970157,0.854022363004161,0.138,0.052,1,"SEC61A2",0,"NS"
0.000160697017773794,0.249293428876316,0.162,0.065,1,"EFCAB1",0,"NS"
0.000160979067687259,0.348941675579268,0.364,0.213,1,"STAMBPL1",0,"NS"
0.000161416972480636,0.168627443849308,0.89,0.648,1,"LOC100652772",0,"NS"
0.000163148081452966,0.486378771739636,0.444,0.287,1,"NUCB2",0,"NS"
0.000163405544973959,-0.0498221685819296,0.122,0.04,1,"ZNF728",0,"NS"
0.000163702891561547,0.102233058824408,0.793,0.525,1,"LOC643623",0,"NS"
0.000164050729766084,0.398918825360701,0.545,0.37,1,"ARID5A",0,"NS"
0.000164091801084795,0.255047912454967,0.918,0.698,1,"ABCA9",0,"NS"
0.000164527690624543,-0.0338763450066817,0.136,0.049,1,"ADORA2B",0,"NS"
0.000164846045918195,0.421566026039966,0.106,0.031,1,"HYAL1",0,"NS"
0.000165850067874099,-0.0327662060483429,0.19,0.083,1,"ZNF577",0,"NS"
0.000165873388181435,-0.0907586029752281,1,0.994,1,"MTRNR2L6",0,"NS"
0.000166162803100952,0.482676149781682,0.218,0.105,1,"GRK6",0,"NS"
0.000167408056327508,-0.0828196884027893,0.854,0.58,1,"PRKCA",0,"NS"
0.000168237443822995,0.225316799712147,0.15,0.059,1,"FLJ33534",0,"NS"
0.000168353317133194,0.0485529176499164,0.704,0.444,1,"NAA16",0,"NS"
0.0001688434974487,-0.247063834075029,0.178,0.074,1,"LINC00668",0,"NS"
0.000168971455576865,0.539081937487191,0.204,0.096,1,"DTNB",0,"NS"
0.000169820213214534,-0.178395020197002,0.35,0.188,1,"TYW3",0,"NS"
0.000170020067678401,0.296561564955004,0.904,0.735,1,"DENR",0,"NS"
0.000170854321028377,0.073900196797087,0.399,0.231,1,"TNKS2",0,"NS"
0.000171590051079481,0.114248076290637,0.796,0.509,1,"LINC00598",0,"NS"
0.00017161066671112,-0.102665577813973,0.984,0.994,1,"DDX5",0,"NS"
0.000171833536627779,0.164479035486796,0.225,0.108,1,"TMEM69",0,"NS"
0.000172458762343692,-0.433738182286903,0.533,0.58,1,"NDUFA1",0,"NS"
0.000172600041171747,0.666818994667776,0.19,0.086,1,"LOC100133445",0,"NS"
0.000172701032067439,0.108931686262529,0.805,0.506,1,"FFAR2",0,"NS"
0.000173523508975857,1.5497835550584,0.122,0.043,1,"PLCG2",0,"NS"
0.000173693118988218,0.41663959408523,0.131,0.046,1,"KRT8P41",0,"NS"
0.000174157381070888,0.098810206685851,0.683,0.46,1,"LINC00657",0,"NS"
0.000175399738747027,0.0905955598212669,0.308,0.164,1,"WASH2P",0,"NS"
0.000175519566563676,0.873729868051195,0.174,0.077,1,"LRRC14",0,"NS"
0.000175652251592834,-0.0251292180547806,0.479,0.278,1,"POLR2J4",0,"NS"
0.000176198026860549,0.185862612243674,0.796,0.5,1,"SRRM2-AS1",0,"NS"
0.000176378522594639,0.031866907486689,0.784,0.528,1,"PPM1B",0,"NS"
0.00017821315804416,1.16287946843856,0.211,0.111,1,"MAGED1",0,"NS"
0.000180002805224174,-0.00193989963941787,0.601,0.352,1,"IRGM",0,"NS"
0.000180207704887669,0.309321306286254,0.319,0.179,1,"BANP",0,"NS"
0.00018032166833769,0.165149013419509,0.89,0.627,1,"LOC729603",0,"NS"
0.000180749448972288,-0.0388983934817737,0.362,0.198,1,"DPH5",0,"NS"
0.000180895093962873,-0.694325117024426,0.34,0.438,1,"HLA-DQA2",0,"NS"
0.000181415573805275,0.16735844509633,0.798,0.522,1,"LOC100268168",0,"NS"
0.000181798273647055,-0.100932754982566,0.54,0.321,1,"MRPL10",0,"NS"
0.000182674599263378,0.606016721626544,0.319,0.188,1,"TMEM123",0,"NS"
0.000185150945753705,0.20497924220939,0.859,0.577,1,"RHD",0,"NS"
0.00018566193272472,0.030797325241179,0.782,0.481,1,"ZNF417",0,"NS"
0.000185904916396636,0.758268089501167,0.103,0.031,1,"GOLGA6L4",0,"NS"
0.000188431291680006,0.12148233914995,0.615,0.414,1,"TULP4",0,"NS"
0.000188666221141634,0.230466778737718,0.906,0.664,1,"LRRC2",0,"NS"
0.00018912517621668,0.154970060702309,0.15,0.059,1,"TMSB4Y",0,"NS"
0.000189196618777759,0.513258925840886,0.268,0.145,1,"GOT2",0,"NS"
0.000193267934822303,0.246182787161559,0.93,0.698,1,"SLC25A51",0,"NS"
0.000193365308230812,-0.0229215211363054,0.202,0.093,1,"CCNF",0,"NS"
0.000194022642581345,1.17403319627035,0.108,0.034,1,"PTK7",0,"NS"
0.00019414667705575,0.322908891548603,0.714,0.509,1,"ERVK13-1",0,"NS"
0.000196286534065489,0.177787366702647,0.11,0.034,1,"RSU1P2",0,"NS"
0.000196339860030569,0.0858494310562585,0.308,0.16,1,"LOC100288778",0,"NS"
0.000197517370733157,0.146783892773245,0.779,0.503,1,"DNMBP-AS1",0,"NS"
0.000198929823372429,0.427891388321239,0.134,0.049,1,"LOC441242",0,"NS"
0.000200235974617233,1.01818933397422,0.167,0.074,1,"DGCR14",0,"NS"
0.000202565589004867,0.416824710668722,0.354,0.21,1,"TSN",0,"NS"
0.000204214002344594,0.113695851743138,0.831,0.522,1,"LOC282997",0,"NS"
0.000206192819567944,0.338887642785098,0.371,0.219,1,"MKL1",0,"NS"
0.000208185267482077,-0.672070472773087,0.136,0.049,1,"ZSCAN12P1",0,"NS"
0.000208577549264996,0.139543694427582,0.796,0.512,1,"BLZF1",0,"NS"
0.000208886668088608,-0.202400291186946,0.141,0.052,1,"SLC38A6",0,"NS"
0.000209914588122814,0.396046897850234,0.216,0.105,1,"SULT1A3",0,"NS"
0.000209914588122814,0.396046897850234,0.216,0.105,1,"SULT1A4",0,"NS"
0.000210143756691453,-0.128167570697655,0.808,0.552,1,"SCAMP1",0,"NS"
0.000211060197037969,0.475782232759138,0.411,0.262,1,"AOAH",0,"NS"
0.000213132359018333,0.845468910574773,0.185,0.086,1,"SEH1L",0,"NS"
0.000213326252992312,0.0458411881827173,0.695,0.429,1,"CNEP1R1",0,"NS"
0.000213804235697858,0.127008863925732,0.883,0.602,1,"DPY19L4",0,"NS"
0.000214495972867575,0.12813693806474,0.866,0.657,1,"PCGF5",0,"NS"
0.000215574064794021,0.0276863459354496,0.714,0.466,1,"CREB1",0,"NS"
0.000217063124794732,-0.627475440832803,0.411,0.228,1,"IFIT1",0,"NS"
0.000217090069094448,0.63076406510206,0.138,0.052,1,"IRS1",0,"NS"
0.000218897479785843,-0.184416435686341,0.852,0.855,1,"RHOA",0,"NS"
0.000219637328548395,0.133385388424754,0.737,0.503,1,"SLCO1A2",0,"NS"
0.000219726406176601,0.570619713979686,0.31,0.179,1,"HIST1H2BK",0,"NS"
0.000219822070056875,0.295344423633553,0.486,0.306,1,"PTPN1",0,"NS"
0.000220194781367894,0.217433560910105,0.512,0.327,1,"CNDP2",0,"NS"
0.000221459710453904,-0.019347923427429,0.918,0.704,1,"DSTYK",0,"NS"
0.000222622531460039,0.511246501237858,0.277,0.154,1,"GUSBP11",0,"NS"
0.00022361106506548,0.109007505319131,0.857,0.583,1,"ZKSCAN1",0,"NS"
0.000224055640800188,0.953408817002658,0.183,0.086,1,"TTI1",0,"NS"
0.00022440839946105,0.181545155888794,0.892,0.691,1,"DPP9",0,"NS"
0.000225263760495684,0.376509994099397,0.373,0.228,1,"DNM2",0,"NS"
0.000227005038054499,0.162809221798817,0.77,0.481,1,"APOPT1",0,"NS"
0.000227301411186577,-0.682846946258746,0.268,0.37,1,"GZMH",0,"NS"
0.000227946496554632,0.382353459298603,0.124,0.043,1,"AMZ1",0,"NS"
0.000228004504519691,0.267684365413631,0.901,0.66,1,"TBC1D15",0,"NS"
0.000230747990893444,0.536958886163504,0.275,0.151,1,"GYS1",0,"NS"
0.000230907966628614,0.866268025562605,0.164,0.071,1,"TMEM9",0,"NS"
0.000232665194797789,-0.275418973095981,0.754,0.744,1,"CAP1",0,"NS"
0.00023324426989505,-0.359317975418335,0.42,0.235,1,"MICA",0,"NS"
0.000233425138015396,0.117369286040761,0.824,0.574,1,"C17orf85",0,"NS"
0.000235856515824231,0.341154897834818,0.129,0.046,1,"ACSS3",0,"NS"
0.000236763957730751,0.00695300168083024,0.756,0.485,1,"TIMM10B",0,"NS"
0.000238433645155497,0.814558797377592,0.204,0.102,1,"LOC285740",0,"NS"
0.000238862242724147,-0.138375500317632,0.965,0.957,1,"PABPC1",0,"NS"
0.000242393833506618,0.492799604155427,0.218,0.108,1,"GPR89B",0,"NS"
0.000242729531176733,0.184072113795737,0.498,0.318,1,"LRRC8C",0,"NS"
0.000243354719613752,-0.438237858402426,0.254,0.123,1,"LMCD1-AS1",0,"NS"
0.000243629789583891,0.429937520304904,0.364,0.225,1,"CAMK2D",0,"NS"
0.000244729758112081,0.0585248547667408,0.716,0.46,1,"LOC648987",0,"NS"
0.000246579869871384,0.0441517221830581,0.653,0.386,1,"C5orf27",0,"NS"
0.00025022503700379,-0.114695461206684,0.474,0.284,1,"C1GALT1",0,"NS"
0.000250429890886129,1.00858213902094,0.153,0.065,1,"ZNF518A",0,"NS"
0.000252589412182733,0.317863682249786,0.455,0.293,1,"GPCPD1",0,"NS"
0.000253859553660527,-0.95010704832201,0.124,0.043,1,"FLJ45513",0,"NS"
0.000255402752149526,-0.213724206900236,0.763,0.741,1,"HCST",0,"NS"
0.000255626244952407,0.139882586514942,0.84,0.577,1,"TMEM41A",0,"NS"
0.000256982715659005,0.594869003715955,0.246,0.133,1,"FLOT1",0,"NS"
0.000257122216803139,-0.0999426341894476,0.944,0.91,1,"LAPTM5",0,"NS"
0.000257515037277083,-0.0278902197562199,0.784,0.494,1,"ARHGEF39",0,"NS"
0.00025817003379169,0.479886482519608,0.392,0.253,1,"PPP1R10",0,"NS"
0.000258397159676863,0.180990302153683,0.357,0.21,1,"TOP1",0,"NS"
0.000259287221624924,0.243165179703425,0.845,0.574,1,"EIF1AD",0,"NS"
0.000260620021330251,-0.227376997486735,0.627,0.37,1,"ZNF721",0,"NS"
0.000262179488667009,0.707302302797982,0.254,0.139,1,"ESF1",0,"NS"
0.000262587218147678,1.16097975939776,0.108,0.034,1,"DBNDD1",0,"NS"
0.000262967468330198,-0.353514123969034,0.657,0.691,1,"APOBEC3G",0,"NS"
0.000263779250980279,0.463495970140292,0.336,0.201,1,"NOL8",0,"NS"
0.000264886095804518,0.0996137097507368,0.826,0.556,1,"NUDC",0,"NS"
0.00026766875241623,0.744303593040987,0.185,0.086,1,"HIST1H3D",0,"NS"
0.000268860612505622,1.37939087175166,0.101,0.031,1,"PLA2G7",0,"NS"
0.000269735918408022,0.279480131909999,0.432,0.265,1,"MICAL1",0,"NS"
0.000270280537700982,0.295541225818693,0.432,0.272,1,"CEP85L",0,"NS"
0.000270362365163158,-0.0957828723202659,0.606,0.367,1,"SPOP",0,"NS"
0.000271497475877382,0.195423233352333,0.88,0.639,1,"SFXN1",0,"NS"
0.000271668141056689,-0.179045109338493,0.796,0.79,1,"BTF3",0,"NS"
0.000273448873782383,-0.172677455484633,0.782,0.494,1,"ZFP30",0,"NS"
0.000273980140568604,0.120687870325734,0.808,0.525,1,"LIAS",0,"NS"
0.00027399618346983,-0.137278334444288,0.746,0.475,1,"APPL1",0,"NS"
0.000274340886071209,0.23980042288045,0.92,0.735,1,"AK3",0,"NS"
0.000274612844560132,0.37587688863654,0.345,0.201,1,"PPP2R4",0,"NS"
0.000274844154942458,0.0443369442151774,0.873,0.586,1,"NICN1",0,"NS"
0.000274998109046708,-0.035579121475921,0.678,0.435,1,"MCOLN2",0,"NS"
0.000275042745878152,0.110435238904807,0.838,0.574,1,"RNF14",0,"NS"
0.000275555122586812,1.19981918794192,0.129,0.049,1,"HADH",0,"NS"
0.000276171001533339,-0.25333352300426,0.716,0.719,1,"PSME2",0,"NS"
0.000276442512040054,-0.246777732703821,0.385,0.216,1,"GSTM2",0,"NS"
0.000279605780549527,0.0858943267651986,0.662,0.444,1,"LONP2",0,"NS"
0.000279648635161974,-0.314255448044579,0.153,0.062,1,"PRLR",0,"NS"
0.000281995716801878,-0.332454528543262,0.129,0.046,1,"ADAP2",0,"NS"
0.000282090991381639,0.323291083616328,0.521,0.352,1,"MIAT",0,"NS"
0.000282769185352573,0.0641522307160509,0.808,0.556,1,"SLFN13",0,"NS"
0.000282959775506415,-0.222509033594831,0.737,0.756,1,"ID2",0,"NS"
0.000283037033864825,0.249225793293751,0.178,0.08,1,"SMARCD1",0,"NS"
0.00028344948014237,0.147567589269022,0.298,0.16,1,"FAM91A2",0,"NS"
0.000284302894389885,0.28472430538995,0.869,0.67,1,"STOM",0,"NS"
0.000284745811091376,-0.276193475179972,0.143,0.056,1,"NKIRAS1",0,"NS"
0.000284991016789137,0.620163426307667,0.282,0.164,1,"TRAPPC11",0,"NS"
0.000287979767637954,0.381820718508336,0.411,0.256,1,"MBP",0,"NS"
0.000289600879780907,-0.331307957553745,0.197,0.09,1,"GOLGA2P5",0,"NS"
0.000290399952599335,0.174286677240221,0.131,0.049,1,"LOC643837",0,"NS"
0.00029098357650691,0.479212634506515,0.303,0.176,1,"SMG5",0,"NS"
0.000292626159188941,0.16565124763205,0.765,0.469,1,"CSF2RA",0,"NS"
0.000294625674452922,0.272888500112837,0.376,0.225,1,"MARK3",0,"NS"
0.000297023680087153,0.55010662070829,0.265,0.148,1,"TAF1C",0,"NS"
0.000297189877640912,0.0568548741983024,0.718,0.472,1,"AHI1",0,"NS"
0.000297602198041667,-0.0787993376233302,0.951,0.926,1,"RPL8",0,"NS"
0.000298536290570936,0.455889736692358,0.322,0.185,1,"CHTF8",0,"NS"
0.000298670401901946,0.790848347806043,0.157,0.068,1,"LOC100652999",0,"NS"
0.000298990127200838,0.0592772180004256,0.655,0.42,1,"CALCOCO2",0,"NS"
0.000300262341197488,0.743294579998431,0.16,0.068,1,"LOC400027",0,"NS"
0.000301428657565237,-0.0804179768783302,0.66,0.38,1,"ZNF205-AS1",0,"NS"
0.000302840473941896,0.722616770827326,0.188,0.09,1,"ZDHHC18",0,"NS"
0.000303621308219548,0.133173549529117,0.101,0.031,1,"CORIN",0,"NS"
0.000306948251141555,0.00100147944420148,0.254,0.13,1,"IMPACT",0,"NS"
0.000307745059016379,0.213016978604898,0.857,0.586,1,"CCBP2",0,"NS"
0.000308210518946874,0.407703799560073,0.27,0.148,1,"LANCL1",0,"NS"
0.000308680945064038,0.00122457706452783,0.134,0.049,1,"LINC00568",0,"NS"
0.00031170530168776,0.0494384802353383,0.709,0.469,1,"FAM208A",0,"NS"
0.000313738089561486,0.275057271489481,0.84,0.593,1,"ZNF665",0,"NS"
0.000313908723354433,0.0374584496556804,0.869,0.633,1,"LDLR",0,"NS"
0.000314045637743479,0.277163086145353,0.331,0.188,1,"DTX2P1-UPK3BP1-PMS2P11",0,"NS"
0.000314154687154927,0.13983387102389,0.812,0.549,1,"TRAF3IP1",0,"NS"
0.00031540118002216,-0.429808182761333,0.714,0.66,1,"HLA-DRB6",0,"NS"
0.000317332082003906,0.0598124865120137,0.775,0.497,1,"GATC",0,"NS"
0.000317586314482875,0.281340996276207,0.915,0.71,1,"GNG4",0,"NS"
0.000318303546160509,0.0938689177116575,0.84,0.586,1,"ZNF234",0,"NS"
0.000318433287712909,0.259390575781831,0.392,0.241,1,"NMT1",0,"NS"
0.000319081086670943,-0.110448457663642,1,0.997,1,"LOC646214",0,"NS"
0.000319107190841539,0.455372350949203,0.331,0.198,1,"EFTUD2",0,"NS"
0.000320056287214907,0.0997268356075744,0.831,0.549,1,"DKFZP434L187",0,"NS"
0.000323834268183672,0.331703896731781,0.256,0.136,1,"ZNF808",0,"NS"
0.000326853465933051,0.460221180345506,0.254,0.139,1,"C1orf151-NBL1",0,"NS"
0.000327383742843932,0.652958767692183,0.106,0.034,1,"LOC653786",0,"NS"
0.000327799705195303,0.338493780486893,0.101,0.031,1,"CXorf31",0,"NS"
0.000327951726187652,1.07103923868534,0.134,0.052,1,"BEX2",0,"NS"
0.000331765068121457,0.296853211749077,0.58,0.398,1,"LSM14A",0,"NS"
0.000332624403629346,0.474534617439885,0.12,0.043,1,"SAMD12",0,"NS"
0.000333542195678331,0.127341174398253,0.2,0.096,1,"ZNF816",0,"NS"
0.000333833647679623,0.0587658017737934,0.749,0.497,1,"AIFM1",0,"NS"
0.000335084641206697,0.915801454948182,0.183,0.09,1,"RPAP1",0,"NS"
0.00033530291714661,0.18397977515651,0.751,0.497,1,"ANKRD40",0,"NS"
0.000335320040482536,-0.0679326809478571,0.242,0.12,1,"ZNF137P",0,"NS"
0.000336222241867548,0.197954361408897,0.969,0.861,1,"SMYD4",0,"NS"
0.000337379450071882,-0.318334147501488,0.641,0.67,1,"ATP5L",0,"NS"
0.000339000754024837,-0.025788115532864,0.819,0.565,1,"ZMYM5",0,"NS"
0.000339478804095433,0.139336867117512,0.857,0.633,1,"BLOC1S2",0,"NS"
0.00033970050647609,-0.0184531773613137,0.721,0.438,1,"SIGLEC11",0,"NS"
0.00034019341426079,0.70362673827503,0.169,0.077,1,"TYR",0,"NS"
0.000340441082863578,-0.606062799682032,0.603,0.627,1,"PARP8",0,"NS"
0.000341118176969483,-0.395412793301916,0.521,0.583,1,"CXCL13",0,"NS"
0.000341462635243955,0.411743128441201,0.469,0.321,1,"ARIH2",0,"NS"
0.000341775861293284,0.189172264028716,0.948,0.778,1,"TPMT",0,"NS"
0.000342428112662614,0.384257632981882,0.474,0.324,1,"TXLNA",0,"NS"
0.000342498020229243,-0.197007856728431,0.357,0.201,1,"COG6",0,"NS"
0.000342509230902328,0.174799798670435,0.871,0.627,1,"ZNF674",0,"NS"
0.000342576056695785,0.487312057742723,0.225,0.114,1,"GNB2",0,"NS"
0.000343265505430043,-0.0680089492628253,0.803,0.503,1,"BOLA3-AS1",0,"NS"
0.000343473594523115,0.192007987559301,0.986,0.836,1,"FDPSL2A",0,"NS"
0.000343509450166044,0.147940468976806,0.136,0.052,1,"C5orf63",0,"NS"
0.000344345739117064,0.103908665565981,0.798,0.528,1,"SLU7",0,"NS"
0.000346325991804553,-0.104770672844752,0.171,0.074,1,"LOC100507462",0,"NS"
0.000346377285044574,0.205295289676484,0.923,0.679,1,"DTD2",0,"NS"
0.000346845683511544,0.257646759455034,0.932,0.747,1,"SIGLEC10",0,"NS"
0.000348278702947022,-0.139909446314169,0.61,0.346,1,"LOC100131347",0,"NS"
0.000349703598614926,0.540589066649755,0.207,0.102,1,"LOC152217",0,"NS"
0.000349880617055496,0.351205519670607,0.643,0.485,1,"HIF1A",0,"NS"
0.00035065258304016,0.417930263935593,0.472,0.324,1,"AZIN1",0,"NS"
0.000351750281345664,0.58131061200179,0.261,0.145,1,"SKIV2L",0,"NS"
0.000353507355091743,0.967257730899663,0.183,0.09,1,"FNTA",0,"NS"
0.000354696439469012,1.12469478526435,0.122,0.046,1,"B3GNT7",0,"NS"
0.0003551419760731,0.0313089672676024,0.7,0.432,1,"LOC338817",0,"NS"
0.000355516055133508,1.31004587138003,0.103,0.034,1,"APOE",0,"NS"
0.000358214458966378,0.236222775560615,0.962,0.818,1,"ZNF738",0,"NS"
0.000360565586282331,0.126770117385136,0.232,0.117,1,"LOC727849",0,"NS"
0.000360898917381744,0.613824757729481,0.251,0.139,1,"PHF8",0,"NS"
0.000362582968275906,-0.487488316843163,0.441,0.25,1,"UBXN2A",0,"NS"
0.000363241485000287,0.722665745635785,0.223,0.117,1,"RABGEF1",0,"NS"
0.000363943399483416,-0.454255843097826,0.143,0.056,1,"IQCF3",0,"NS"
0.000364687657095665,-0.0447462582679314,0.972,0.935,1,"ACTG1",0,"NS"
0.000365569535527726,0.120346716757652,0.648,0.429,1,"YEATS2",0,"NS"
0.000366162747399967,0.685998881250036,0.23,0.12,1,"HIST1H1C",0,"NS"
0.00036734676766053,0.628650813081484,0.143,0.059,1,"CSPP1",0,"NS"
0.000367458911096567,0.283232961306891,0.784,0.627,1,"ANKRD10",0,"NS"
0.000368770759296708,0.432976718192469,0.359,0.225,1,"ZNF800",0,"NS"
0.000370113535490612,0.247777574589976,0.315,0.179,1,"ATR",0,"NS"
0.000371212220221707,0.0340274792300189,0.77,0.522,1,"MRPL49",0,"NS"
0.000371564614485554,1.16844964484953,0.127,0.049,1,"HOTAIRM1",0,"NS"
0.000371994077345164,0.298734656571177,0.315,0.179,1,"NOL10",0,"NS"
0.000374665867739437,0.243020230354896,0.876,0.614,1,"C3orf33",0,"NS"
0.000374774780615041,0.595148954251999,0.263,0.148,1,"PAGR1",0,"NS"
0.000377704329168927,0.333073279140588,0.441,0.284,1,"PPP6R2",0,"NS"
0.00038020961733476,0.232791543111135,0.852,0.596,1,"RFPL1-AS1",0,"NS"
0.000381500721549435,0.0107269717276913,0.7,0.457,1,"LOC100506123",0,"NS"
0.000383437872842888,-0.580171079774543,0.427,0.509,1,"IFI6",0,"NS"
0.000383801012099564,0.0849528860544095,0.859,0.577,1,"LLGL1",0,"NS"
0.000386950174883351,-0.0148621672186129,0.653,0.383,1,"LOC100505783",0,"NS"
0.000387442583840375,-0.357845193842242,0.131,0.049,1,"DNAJC28",0,"NS"
0.00038823263731635,0.149614008844838,0.864,0.593,1,"BPNT1",0,"NS"
0.000391572028406169,0.187806747785574,0.822,0.534,1,"QRSL1",0,"NS"
0.000393152646751954,0.239410529401299,0.263,0.139,1,"PMS2P3",0,"NS"
0.000393929452312679,0.320508021824818,0.366,0.222,1,"PSIP1",0,"NS"
0.000393992306295726,-0.553733376699133,0.387,0.469,1,"ATP5J",0,"NS"
0.000394188666566387,0.256843413475793,0.953,0.815,1,"ZNF814",0,"NS"
0.000394507686293152,0.986938098024972,0.131,0.052,1,"SH2D1B",0,"NS"
0.000398205010664196,0.670479265541663,0.155,0.068,1,"BCL3",0,"NS"
0.000399840958554654,0.141563042622714,0.817,0.577,1,"ABHD2",0,"NS"
0.000400047409869198,0.662264797468364,0.164,0.074,1,"BBS9",0,"NS"
0.000402094517058813,1.18155962352853,0.103,0.034,1,"LOC100303749",0,"NS"
0.000403945655757546,0.196684144343464,0.85,0.599,1,"MSMO1",0,"NS"
0.000405965554490922,0.364559065886607,0.12,0.043,1,"CCDC36",0,"NS"
0.000407459631247623,0.711527312384806,0.265,0.154,1,"CLEC16A",0,"NS"
0.000407513411849107,0.954114425918368,0.162,0.074,1,"SUN1",0,"NS"
0.000409194589695387,0.213863056940224,0.711,0.509,1,"ESRG",0,"NS"
0.00040938821349191,0.11834141194035,0.859,0.617,1,"C9orf3",0,"NS"
0.000409807786384017,0.255627302512666,0.925,0.645,1,"LINC00665",0,"NS"
0.000413224788707136,0.190217192611509,0.913,0.753,1,"SLC25A15",0,"NS"
0.000414859932895924,0.138351301229376,0.819,0.546,1,"LOC400958",0,"NS"
0.00041490784271398,0.839432813248039,0.162,0.074,1,"ENG",0,"NS"
0.000416265395443715,0.0955964308090842,0.758,0.509,1,"KLHL24",0,"NS"
0.000416276863004185,0.221506963698413,0.941,0.744,1,"ZNF714",0,"NS"
0.000416985102136855,0.81542982983129,0.155,0.068,1,"FUT11",0,"NS"
0.000418011155162479,0.146391758229043,0.887,0.667,1,"FBXO6",0,"NS"
0.000422345837834522,0.671113960063242,0.171,0.08,1,"EEFSEC",0,"NS"
0.000422626505311086,0.811150726704018,0.178,0.086,1,"RFWD2",0,"NS"
0.000428225323379705,0.770445117677333,0.279,0.17,1,"RBM14",0,"NS"
0.00043012099381781,0.556971455067919,0.195,0.096,1,"HSPA14",0,"NS"
0.000430127449156329,0.193621416275188,0.167,0.074,1,"BCORP1",0,"NS"
0.000433276163678585,-0.357877218109097,0.636,0.657,1,"VIM",0,"NS"
0.000433665281906317,-0.0747717861560853,0.981,0.957,1,"YWHAZ",0,"NS"
0.000434717788520771,-0.510964642894327,0.185,0.083,1,"ASMT",0,"NS"
0.000435413498656327,1.61926305220179,0.101,0.034,1,"ZNF12",0,"NS"
0.000436104411065187,0.180088789984607,0.739,0.488,1,"VPS4B",0,"NS"
0.000437167223402354,0.211445759087444,0.913,0.704,1,"TMEM213",0,"NS"
0.000440103354670779,0.232021385788282,0.521,0.349,1,"SREK1",0,"NS"
0.000440685185126198,0.27011222717551,0.239,0.123,1,"CBWD5",0,"NS"
0.000441557376508452,0.929395788813185,0.122,0.046,1,"CEP78",0,"NS"
0.000447942397202914,0.423829532195686,0.103,0.034,1,"TMEM51-AS1",0,"NS"
0.000449387359136085,-0.0964143010781746,0.81,0.528,1,"ZNF440",0,"NS"
0.000450478419601907,-0.0291264316191261,0.819,0.549,1,"RINL",0,"NS"
0.000450704007901733,-0.51722390112351,0.146,0.059,1,"SLC1A6",0,"NS"
0.00045184658333546,-0.151267810036863,0.908,0.898,1,"HNRNPK",0,"NS"
0.000451848028296593,0.274693858932189,0.216,0.108,1,"ANKRD65",0,"NS"
0.000452885231650854,0.499317197241197,0.211,0.108,1,"NBPF7",0,"NS"
0.000452910068742521,0.654973736517098,0.249,0.139,1,"MTERFD2",0,"NS"
0.000457631458319384,0.561604317922949,0.308,0.188,1,"P4HA1",0,"NS"
0.000462676674532259,0.0472586887233959,0.331,0.188,1,"LSM5",0,"NS"
0.000464805328617078,0.140820559421129,0.871,0.633,1,"ZNF160",0,"NS"
0.000466030547877172,0.476717025453173,0.103,0.034,1,"FGF13-AS1",0,"NS"
0.000469039678445028,0.277159476201417,0.383,0.235,1,"LOC440434",0,"NS"
0.000473423409257869,0.233856526972582,0.869,0.59,1,"LINC00663",0,"NS"
0.000473593175875239,0.298046387289488,0.474,0.309,1,"FLJ43663",0,"NS"
0.000473601163399203,-0.324046431458328,0.934,0.84,1,"AKNA",0,"NS"
0.000478070455272547,1.06616196558539,0.16,0.074,1,"FOXK2",0,"NS"
0.000479584607488701,0.220433843459153,0.911,0.673,1,"TRIM58",0,"NS"
0.00047989658660865,0.801788892302875,0.167,0.077,1,"H2AFJ",0,"NS"
0.000480709436853552,-0.191968684525684,0.432,0.256,1,"TP53",0,"NS"
0.000481507451145807,0.29556172172537,0.829,0.608,1,"PPP1R12B",0,"NS"
0.00048230723326201,0.115264946504163,0.758,0.497,1,"SEC22C",0,"NS"
0.00048276568743751,0.156076982982039,0.629,0.417,1,"PDXDC2P",0,"NS"
0.000483996589468091,0.15835999818533,0.808,0.519,1,"LOC648691",0,"NS"
0.000484032256792885,0.0594181143688153,0.237,0.123,1,"PRIM2",0,"NS"
0.000485894195069273,0.322244452843816,0.2,0.099,1,"SDCBP2-AS1",0,"NS"
0.000487551926731187,0.285179934675056,0.634,0.46,1,"RAPGEF6",0,"NS"
0.000489713349500105,0.4039963825679,0.413,0.262,1,"PSMD13",0,"NS"
0.000490049487960872,-0.313567134259729,0.589,0.648,1,"HINT1",0,"NS"
0.00049316144734858,0.232810187353296,0.913,0.688,1,"SLC14A2",0,"NS"
0.000493194371909879,0.161394438841668,0.833,0.617,1,"SLC9A4",0,"NS"
0.000493630629655736,0.809933472817142,0.131,0.052,1,"RFC4",0,"NS"
0.000494078850160716,-0.847274287085789,0.157,0.256,1,"KIR2DL4",0,"NS"
0.000498451533384913,0.257270263464719,0.939,0.735,1,"FLJ31662",0,"NS"
0.000501681578731737,0.21386467840264,0.92,0.735,1,"PNMA2",0,"NS"
0.000506192793349851,0.35894591566026,0.246,0.133,1,"LINC00847",0,"NS"
0.000507616349649428,0.837137893370087,0.169,0.08,1,"C1orf85",0,"NS"
0.00050887553756269,-0.0109115274506076,0.812,0.568,1,"LY75",0,"NS"
0.0005090914189471,0.30787467650051,0.174,0.08,1,"OR7E156P",0,"NS"
0.000509127172909316,-0.590932227696497,0.113,0.04,1,"RPGRIP1L",0,"NS"
0.000511777968591562,0.160389147275461,0.991,0.926,1,"SCD5",0,"NS"
0.000512483142743461,0.472427708411773,0.27,0.154,1,"LOC388796",0,"NS"
0.000512507030527468,0.129064562903474,0.798,0.515,1,"FLJ13197",0,"NS"
0.000512534497201363,1.62859362030038,0.117,0.046,1,"PLOD1",0,"NS"
0.000513374966268104,0.398326756418178,0.216,0.111,1,"MYBBP1A",0,"NS"
0.000513987812994462,0.496004879003267,0.228,0.12,1,"PIBF1",0,"NS"
0.000518507553020204,0.415388595761248,0.211,0.108,1,"MYO19",0,"NS"
0.000522342742909551,0.0199632003458393,0.735,0.494,1,"IL21R",0,"NS"
0.000522701553209736,-0.253540714380285,0.721,0.738,1,"SKP1",0,"NS"
0.000524635977418309,-0.0171119137160012,0.782,0.525,1,"TM7SF3",0,"NS"
0.000524916878693723,0.347472125935292,0.411,0.259,1,"EXOSC10",0,"NS"
0.000525806817462546,-0.19951718326123,0.711,0.469,1,"DNM1L",0,"NS"
0.000526434755700364,0.190715010712709,0.934,0.741,1,"TTC39C",0,"NS"
0.00052862911394505,0.587148820235107,0.23,0.123,1,"GRHPR",0,"NS"
0.000530863404039815,-0.101010410299181,0.974,0.938,1,"HSP90AA1",0,"NS"
0.000532176536775622,0.361639674262708,0.514,0.358,1,"RIN3",0,"NS"
0.000534059862925756,-0.722560742320274,0.279,0.38,1,"LOC100130476",0,"NS"
0.000537507744492291,-0.257611269454022,0.725,0.75,1,"JUN",0,"NS"
0.000542505452987921,0.349879855968533,0.261,0.145,1,"RUFY3",0,"NS"
0.00054341892710574,0.487893694299783,0.131,0.052,1,"PGBD2",0,"NS"
0.000545567283404934,0.681658137925092,0.117,0.043,1,"MARCKSL1",0,"NS"
0.000552195278195778,-1.04707295735539,0.11,0.198,1,"ANXA1",0,"NS"
0.00055263267555141,1.1633905871452,0.101,0.034,1,"TRIM24",0,"NS"
0.000553902811594428,-0.2310043030913,0.533,0.324,1,"FOCAD",0,"NS"
0.000554248196818629,0.237860554647553,0.85,0.583,1,"FUT6",0,"NS"
0.000556486349920892,0.799081781292523,0.164,0.077,1,"RNF2",0,"NS"
0.00055872368695405,0.0832094939380674,0.192,0.093,1,"CYB5RL",0,"NS"
0.000560446717956909,-0.126533938031259,0.113,0.04,1,"ZNF670",0,"NS"
0.000560838203228643,-0.284436754513816,0.453,0.275,1,"TP53RK",0,"NS"
0.000566461558249548,0.45721308463691,0.23,0.123,1,"ARIH1",0,"NS"
0.000566723404464389,1.04671529643378,0.157,0.074,1,"LMBRD2",0,"NS"
0.000567087663995494,0.195665736427934,0.84,0.596,1,"IFNAR1",0,"NS"
0.000570178421941944,0.207242612728024,0.538,0.367,1,"UBR4",0,"NS"
0.000570242243381124,0.161748199938083,0.117,0.043,1,"BARX2",0,"NS"
0.000571059996476179,0.291116663197558,0.261,0.145,1,"XRRA1",0,"NS"
0.000572081692689985,0.396916103695257,0.289,0.167,1,"SNRNP70",0,"NS"
0.000572167835373649,0.502678601138446,0.138,0.056,1,"SNHG9",0,"NS"
0.000572542941570827,0.926520511866769,0.124,0.049,1,"RPL17-C18orf32",0,"NS"
0.000574236798964226,0.158131790761581,0.991,0.948,1,"XIAP",0,"NS"
0.000576342979894134,0.410626651000663,0.131,0.052,1,"ZNF225",0,"NS"
0.00057972737782152,-0.220885809943687,0.742,0.753,1,"EEF1B2",0,"NS"
0.00058031303184246,-0.0209272337475923,0.798,0.543,1,"ZNF276",0,"NS"
0.000580437880675235,0.471506962026867,0.296,0.176,1,"NUP93",0,"NS"
0.000582536427154417,0.296084048724857,0.326,0.194,1,"SMARCA4",0,"NS"
0.000582574099879977,-0.532983483221271,0.373,0.457,1,"CXCR6",0,"NS"
0.000583436095209904,0.261542168898173,0.566,0.383,1,"GANAB",0,"NS"
0.000583772065966906,-0.855593957432293,0.129,0.222,1,"EPB41L4A-AS1",0,"NS"
0.000584705100254211,0.973548913515399,0.106,0.037,1,"ATAD3A",0,"NS"
0.000588236657321571,0.930334072351155,0.183,0.093,1,"NVL",0,"NS"
0.000592737042344426,0.137931499909334,0.451,0.29,1,"IGF2R",0,"NS"
0.000593081118042658,0.400755858442583,0.164,0.074,1,"LOC100131234",0,"NS"
0.000595595127233976,0.644571803858255,0.19,0.096,1,"NOP14-AS1",0,"NS"
0.00059692879729996,0.133172075546624,0.908,0.676,1,"GGPS1",0,"NS"
0.000597300471207142,0.47849042642674,0.136,0.056,1,"LOC100289561",0,"NS"
0.000603984183535996,0.511919251437855,0.235,0.13,1,"NOD2",0,"NS"
0.000605777245086708,-0.198177148119782,0.7,0.432,1,"UBXN7",0,"NS"
0.000608425074376747,-0.116225502099382,0.366,0.207,1,"FKBP1AP1",0,"NS"
0.000608554364936782,0.0122977855722594,0.758,0.494,1,"LAX1",0,"NS"
0.000614642302817931,0.32935744769004,0.242,0.13,1,"TRIM52",0,"NS"
0.00061609517143117,0.0807045543231989,0.439,0.275,1,"TOP2B",0,"NS"
0.000616459911451955,0.323063462992736,0.157,0.071,1,"LOC100506050",0,"NS"
0.00062284593402549,0.263248474323027,0.585,0.386,1,"GPR174",0,"NS"
0.000623562436692178,0.661377880918415,0.138,0.059,1,"RRAGC",0,"NS"
0.000633686145606168,0.201020003829044,0.831,0.593,1,"ATG14",0,"NS"
0.000638906397997191,-0.293440322433287,0.629,0.645,1,"S100A4",0,"NS"
0.000642349111502668,-0.138677331180569,0.646,0.395,1,"ABCF2",0,"NS"
0.000648049361653985,0.242804411377538,0.812,0.537,1,"MLANA",0,"NS"
0.000648445604799032,-0.280361521993107,0.127,0.049,1,"LINC00691",0,"NS"
0.00065177828071851,0.18716251313194,0.812,0.565,1,"TSNAX",0,"NS"
0.00065325842178216,-0.00669311455503391,0.347,0.207,1,"RUNX1-IT1",0,"NS"
0.000653528694527467,0.212271891805269,0.953,0.818,1,"GBP4",0,"NS"
0.000654432152246256,0.450992215678903,0.162,0.074,1,"ACAD10",0,"NS"
0.000654478622336031,0.486476156455876,0.338,0.216,1,"SSH2",0,"NS"
0.000655231493356125,1.0308218618439,0.136,0.059,1,"UBXN11",0,"NS"
0.000655309425623428,0.128962315962909,0.859,0.611,1,"GNS",0,"NS"
0.000656404867761499,0.184978717649564,0.897,0.728,1,"C10orf32",0,"NS"
0.000657343596167563,0.0518429426649285,0.197,0.096,1,"MMAA",0,"NS"
0.000657494946161187,0.585845093773592,0.148,0.065,1,"OR7E37P",0,"NS"
0.000666328853806924,-0.0866345640971662,0.723,0.475,1,"MRPS27",0,"NS"
0.000666622549750362,0.19797192193242,0.948,0.787,1,"AKAP5",0,"NS"
0.000666772182188882,0.253990851155985,0.62,0.438,1,"CD28",0,"NS"
0.000668690161454989,0.0592947699773448,0.765,0.5,1,"EIF4EBP2",0,"NS"
0.000673174376663193,0.192560942722842,0.984,0.883,1,"MCFD2",0,"NS"
0.000674901027081072,0.163484082127395,0.958,0.796,1,"SAR1B",0,"NS"
0.000676603556553339,-0.272978663228234,0.671,0.41,1,"ALG9",0,"NS"
0.000676751138496792,-0.207375839950602,0.763,0.747,1,"SUMO2",0,"NS"
0.000678849641604633,0.0916812525656359,0.315,0.182,1,"GCNT1",0,"NS"
0.000678875751840368,0.375701923227855,0.521,0.377,1,"STAT6",0,"NS"
0.000684511500929279,0.441715160096056,0.12,0.046,1,"RIMKLB",0,"NS"
0.000685228014286753,0.93977901798366,0.127,0.052,1,"TLE4",0,"NS"
0.000690303195345273,-0.234485719730987,0.718,0.451,1,"AIM1",0,"NS"
0.000692404611936118,0.357465522178863,0.437,0.293,1,"NEK9",0,"NS"
0.000693446626256344,0.247567631668441,0.911,0.71,1,"HNF1A-AS1",0,"NS"
0.000694769253534079,0.0965576277175001,0.392,0.241,1,"NIPA2",0,"NS"
0.000695527065296682,0.122186634933488,0.11,0.04,1,"TCTN1",0,"NS"
0.000696927898111872,0.124970304610753,0.831,0.568,1,"JAM2",0,"NS"
0.000698402514744274,0.212106736215442,0.951,0.735,1,"ZYG11A",0,"NS"
0.000699524057700941,-0.582703875964407,0.415,0.241,1,"ZNF701",0,"NS"
0.000700714111921776,0.0816208423062328,0.899,0.688,1,"TRIM13",0,"NS"
0.000704010674631622,0.235522501148915,0.941,0.762,1,"FCAR",0,"NS"
0.00070402679019894,0.415408568487503,0.223,0.114,1,"EMG1",0,"NS"
0.00070797347577556,0.180680449580867,0.944,0.809,1,"SLC4A8",0,"NS"
0.000708531566068937,0.673764686575807,0.2,0.105,1,"PDHX",0,"NS"
0.000708646277086454,0.42829857834815,0.221,0.117,1,"CUL4B",0,"NS"
0.000709104049890534,0.521638807820476,0.106,0.037,1,"GOLGA6L9",0,"NS"
0.000709295726552298,-0.0789166940860797,1,1,1,"MTRNR2L10",0,"NS"
0.000713513837899369,0.21928441289835,0.81,0.546,1,"CD68",0,"NS"
0.00071535559857695,0.319658219703358,0.197,0.099,1,"CCZ1",0,"NS"
0.000715682581458077,-0.164414885197367,0.589,0.37,1,"SLC12A2",0,"NS"
0.000718550045741855,0.705894445175819,0.129,0.052,1,"GOLGA8S",0,"NS"
0.000724596961763909,-0.0734194558976522,0.282,0.157,1,"HPS5",0,"NS"
0.00072501863410016,-0.196014674594655,0.577,0.358,1,"C6orf89",0,"NS"
0.000726576924471067,-0.191180512226721,0.988,0.96,1,"SP100",0,"NS"
0.000731071728683953,0.500595769611551,0.263,0.151,1,"UFD1L",0,"NS"
0.00073625784529309,0.0477240682990639,0.923,0.744,1,"ZNF737",0,"NS"
0.000736870523617724,0.804371694565322,0.141,0.062,1,"ZDHHC13",0,"NS"
0.000741860344119621,0.447792161364705,0.216,0.114,1,"TARSL2",0,"NS"
0.000745644871383602,0.511896179603324,0.134,0.056,1,"C5AR2",0,"NS"
0.000745817261500889,0.296155148726377,0.167,0.077,1,"RPL13AP3",0,"NS"
0.000746449471869309,0.844504698679495,0.185,0.096,1,"FAM193B",0,"NS"
0.000747243686880422,0.114376266203137,0.852,0.636,1,"SBNO1",0,"NS"
0.000748006336073015,0.123040829864987,0.84,0.543,1,"CYP27C1",0,"NS"
0.000750323928158322,-0.0483070237051504,0.859,0.574,1,"WAC-AS1",0,"NS"
0.000756431378135547,0.916838736868266,0.131,0.056,1,"TUBG1",0,"NS"
0.000759843656887455,-0.19895177950667,0.683,0.432,1,"UBE2W",0,"NS"
0.000760876982582432,0.224323152601887,0.225,0.12,1,"DNHD1",0,"NS"
0.000764594874616413,0.00577847202552805,0.592,0.386,1,"RBM19",0,"NS"
0.000765183734047521,0.437451018715645,0.385,0.259,1,"CSNK1D",0,"NS"
0.00076674660874391,0.242174051459529,0.847,0.593,1,"SCAND2P",0,"NS"
0.000768449822882057,1.02281213994686,0.113,0.043,1,"FANCI",0,"NS"
0.000769741170853149,0.157298963586338,0.864,0.645,1,"USP9X",0,"NS"
0.000771734278545808,-0.184028855996345,0.115,0.043,1,"SLC9B1",0,"NS"
0.00077537330004386,0.782803034962098,0.167,0.08,1,"CBWD6",0,"NS"
0.000777520388727525,0.351724032423909,0.399,0.265,1,"MLLT3",0,"NS"
0.000781228625453529,-0.503453328418506,0.282,0.151,1,"NPRL3",0,"NS"
0.000782974654737937,0.0841933898154296,0.57,0.373,1,"DGKH",0,"NS"
0.000786128713177838,0.270780347225073,0.192,0.096,1,"TCF3",0,"NS"
0.000789982791658735,0.983118738448645,0.117,0.046,1,"CYP3A5",0,"NS"
0.000797783598059492,-0.174350285176105,0.852,0.84,1,"DNAJB1",0,"NS"
0.000803318974347999,0.187158157594057,0.878,0.673,1,"FBXO45",0,"NS"
0.000806504778446962,0.17590751784088,0.904,0.735,1,"ABL2",0,"NS"
0.000807877603985409,0.160636609147316,0.89,0.667,1,"UBE2G2",0,"NS"
0.000811399057923222,0.712433602905959,0.136,0.059,1,"SMPDL3A",0,"NS"
0.000813677986082643,1.37821829710025,0.103,0.037,1,"FANCE",0,"NS"
0.000816188591161892,0.735323090212828,0.19,0.099,1,"TTLL5",0,"NS"
0.000816759356908316,0.210204630406482,0.941,0.778,1,"PGAM5",0,"NS"
0.00081883249366564,0.113952966036603,0.96,0.769,1,"IPO9",0,"NS"
0.000819287128514941,0.39925537817844,0.235,0.13,1,"LAMP1",0,"NS"
0.000827379797166465,0.920901139912033,0.176,0.09,1,"C14orf1",0,"NS"
0.000828243855947737,-0.0389027820684605,0.8,0.531,1,"SH3GLB1",0,"NS"
0.00082852937875997,-0.298824683514887,0.12,0.046,1,"APOBR",0,"NS"
0.000833799408344409,0.196809075294234,0.843,0.577,1,"LOC728606",0,"NS"
0.000834062141437747,0.42631576260634,0.251,0.142,1,"SGSM3",0,"NS"
0.000835171989636611,0.779148685788912,0.157,0.074,1,"SLC27A2",0,"NS"
0.000835779291178899,0.126840352454957,0.221,0.114,1,"ABCD3",0,"NS"
0.000836425876147964,0.248499510545543,0.808,0.556,1,"PM20D2",0,"NS"
0.000842424300698122,0.372627700250654,0.129,0.052,1,"IGSF11",0,"NS"
0.000845190159651216,0.110861362477702,0.883,0.66,1,"PLEKHA2",0,"NS"
0.000846310423854815,0.161426592437088,0.843,0.568,1,"NLN",0,"NS"
0.00084684253055532,0.359401417667367,0.308,0.185,1,"NF1",0,"NS"
0.0008477459265194,0.201939299043436,0.918,0.701,1,"ZNF527",0,"NS"
0.000848781916705031,0.215810192778448,0.965,0.855,1,"FBXL18",0,"NS"
0.000850729675228819,0.234171607295889,0.925,0.704,1,"GNB4",0,"NS"
0.00085317164720196,0.221739540331218,0.925,0.762,1,"CPM",0,"NS"
0.000863904123174524,-0.822164048404961,0.535,0.309,1,"RSAD2",0,"NS"
0.00086427719312004,0.253945599045347,0.195,0.099,1,"ZNF700",0,"NS"
0.000864746957498642,-0.203531638634971,0.542,0.315,1,"PMCHL2",0,"NS"
0.000870630917187114,0.341043863820672,0.239,0.133,1,"ZBED6",0,"NS"
0.000873064978198985,1.41110181592571,0.106,0.04,1,"BCS1L",0,"NS"
0.000873532895469807,0.224563395586163,0.937,0.787,1,"GATM-AS1",0,"NS"
0.000874332077897037,0.210797840951051,0.908,0.694,1,"ANKLE1",0,"NS"
0.000874616642653472,-0.307394079057648,0.592,0.617,1,"SLC25A3",0,"NS"
0.000877132902621741,1.1401395015142,0.124,0.052,1,"TARBP2",0,"NS"
0.000880076031627219,0.605292072764128,0.117,0.046,1,"TFPI",0,"NS"
0.00088618870243212,0.374252727222381,0.16,0.074,1,"DUSP28",0,"NS"
0.000893987930149942,0.109434205653121,0.228,0.12,1,"SLK",0,"NS"
0.000897797975618372,0.210150912405274,0.934,0.799,1,"LOC100131564",0,"NS"
0.0008979712867629,0.11527495673029,0.833,0.577,1,"GALNT6",0,"NS"
0.000901226041753907,0.572458890694508,0.401,0.284,1,"HIVEP2",0,"NS"
0.000901390501110206,-0.166982422264616,0.552,0.34,1,"TNIP3",0,"NS"
0.000902268280751336,0.659149859090965,0.153,0.071,1,"RNF169",0,"NS"
0.000902642659622375,0.243950402122573,0.153,0.068,1,"HNRNPKP3",0,"NS"
0.000909431045542436,0.0883030924120828,0.843,0.599,1,"SAMD8",0,"NS"
0.000909527167155484,-0.424659097091822,0.23,0.117,1,"GCSAML",0,"NS"
0.00091174950624916,0.2556574367598,0.263,0.148,1,"MEF2BNB",0,"NS"
0.00091271982250953,0.172856838876612,0.965,0.898,1,"LOC100190986",0,"NS"
0.000914442380759166,-0.0398862969130569,0.772,0.509,1,"ARSB",0,"NS"
0.000915664784972126,0.44031464705767,0.326,0.201,1,"RNPC3",0,"NS"
0.000918592164697311,0.154502624228708,0.836,0.568,1,"RPP14",0,"NS"
0.00091868867634869,-0.159867699602643,0.786,0.54,1,"FAM63B",0,"NS"
0.000921138664125673,-0.411734666626196,0.589,0.651,1,"CCND2",0,"NS"
0.000921733711965779,0.277452737024833,0.256,0.145,1,"TM9SF3",0,"NS"
0.000923765012079145,0.3830844878498,0.319,0.201,1,"NOTCH2NL",0,"NS"
0.000924688076247637,0.624265819842245,0.211,0.114,1,"ZNF678",0,"NS"
0.000927057793104444,0.216991034924622,0.899,0.676,1,"LPAL2",0,"NS"
0.000927811155936768,0.220381359320036,0.364,0.225,1,"ZBTB20",0,"NS"
0.000929701552911752,0.337447827926937,0.268,0.154,1,"LOC285074",0,"NS"
0.000930045565459017,0.0143567472293981,0.702,0.432,1,"LOC100129480",0,"NS"
0.00093168369882774,0.207425229543209,0.883,0.673,1,"MAGT1",0,"NS"
0.000933574907987976,0.631921572816958,0.195,0.102,1,"BZRAP1-AS1",0,"NS"
0.00093921036141702,0.440554993185775,0.176,0.086,1,"OPRM1",0,"NS"
0.000947885895867605,-0.43382219975083,0.134,0.056,1,"OXTR",0,"NS"
0.000948708557744515,0.0998992452399626,0.81,0.537,1,"RASGRP4",0,"NS"
0.000956922119198355,0.421490522764311,0.261,0.151,1,"SMPD4",0,"NS"
0.000957592552475999,0.0852669294365626,0.845,0.58,1,"KIAA1467",0,"NS"
0.000957953090449655,0.307738130229134,0.331,0.201,1,"MYLIP",0,"NS"
0.000959761031149104,0.206010131020131,0.418,0.269,1,"MAN2A1",0,"NS"
0.00096210796160375,0.390884888609587,0.277,0.164,1,"NNT",0,"NS"
0.000963499932006772,0.243254926380244,0.296,0.173,1,"SYVN1",0,"NS"
0.000969260348359069,-0.25017523657923,0.653,0.417,1,"BMS1",0,"NS"
0.000970758370087784,0.742080102756206,0.197,0.105,1,"RBM18",0,"NS"
0.000973732945338137,0.609094003841611,0.174,0.086,1,"MKRN2",0,"NS"
0.000980499571416521,0.196854627164225,0.838,0.596,1,"RNF222",0,"NS"
0.00098151348256148,0.288660525945098,0.54,0.367,1,"CD38",0,"NS"
0.000984477436184829,0.688905344761922,0.169,0.083,1,"ACD",0,"NS"
0.000985351708730541,0.379137410389541,0.444,0.312,1,"SNX9",0,"NS"
0.000987833000740176,-0.0541696305422339,0.437,0.272,1,"IRAK1",0,"NS"
0.000988628316651266,0.410822820800072,0.324,0.204,1,"USP20",0,"NS"
0.000994498539433517,0.290920841740918,0.486,0.333,1,"DNMT1",0,"NS"
0.000995471670478949,-0.158174221545755,0.939,0.932,1,"FYB",0,"NS"
0.000996328407976226,0.103727844958942,0.932,0.741,1,"RBBP5",0,"NS"
0.000998844639212306,0.253231704462589,0.289,0.173,1,"TNPO3",0,"NS"
0.000999248978290848,-0.0538510187139165,0.117,0.046,1,"C17orf100",0,"NS"
0.00100362711824667,0.214792665221163,0.291,0.173,1,"SLC9A8",0,"NS"
0.00100850940967035,0.266042634967929,0.784,0.62,1,"LOC440354",0,"NS"
0.0010160985945674,-0.282640393458866,0.946,0.904,1,"ZC3HAV1",0,"NS"
0.00101691523321184,0.0531646851938694,0.146,0.065,1,"POT1",0,"NS"
0.00102002799018688,0.252709821661473,0.181,0.09,1,"DUSP18",0,"NS"
0.00102513126089124,0.516305039102372,0.2,0.105,1,"LOC150776",0,"NS"
0.00102749266670937,0.135744509266485,0.995,0.951,1,"ZNF793",0,"NS"
0.00103371935507523,0.306589199917951,0.366,0.231,1,"APEH",0,"NS"
0.00103443034784155,0.196013467193759,0.315,0.191,1,"LRRC37A3",0,"NS"
0.00103817817855085,0.505090111648246,0.34,0.222,1,"LRP10",0,"NS"
0.0010400899948453,0.865769186767163,0.185,0.099,1,"TEX10",0,"NS"
0.00104062158881495,0.319348544886552,0.192,0.099,1,"TCAIM",0,"NS"
0.00104259044833818,0.194971700092046,0.859,0.608,1,"KCNJ5",0,"NS"
0.0010453363397995,0.104325087938082,0.883,0.679,1,"HELZ",0,"NS"
0.00104909868556897,0.405367302930506,0.404,0.275,1,"QRICH1",0,"NS"
0.00105224820302664,0.0176864703729445,0.836,0.546,1,"ARNTL2",0,"NS"
0.00105555210791574,0.117481449201673,0.911,0.679,1,"DHTKD1",0,"NS"
0.00105761932197794,-0.592949609425476,0.545,0.318,1,"F2RL2",0,"NS"
0.00105785282401532,0.137921957319836,0.906,0.772,1,"LRRC58",0,"NS"
0.00105815561611501,0.262452170675427,0.925,0.694,1,"LOC100130451",0,"NS"
0.00105956199688209,0.369365168971326,0.329,0.201,1,"ARFGAP2",0,"NS"
0.00106393431590775,0.303592487648796,0.225,0.123,1,"IKZF5",0,"NS"
0.00106786125723973,-0.139338555318982,0.728,0.454,1,"DNAJC3",0,"NS"
0.00107012363168873,0.28073683438997,0.462,0.315,1,"MIS18BP1",0,"NS"
0.0010733991104436,0.688843368660279,0.138,0.062,1,"CARS2",0,"NS"
0.00107529092793007,0.0765175806648713,0.751,0.525,1,"PAK2",0,"NS"
0.00107639157150332,0.162961744568058,0.913,0.688,1,"MPPE1",0,"NS"
0.00107746651194081,0.612191001497133,0.192,0.102,1,"CASP8AP2",0,"NS"
0.00108564702381787,-0.217365279854609,0.754,0.762,1,"SOD1",0,"NS"
0.00109592469277365,0.211604381229183,0.918,0.707,1,"NCMAP",0,"NS"
0.00109904197051258,0.381978335296943,0.279,0.164,1,"RBM42",0,"NS"
0.00110000385404212,0.162376145220018,0.918,0.682,1,"WDR92",0,"NS"
0.00110775331310142,0.00680360459259632,0.263,0.145,1,"DDX52",0,"NS"
0.00111092576004781,0.0260833944478172,0.216,0.114,1,"WDR37",0,"NS"
0.00111325490203544,0.544323565714691,0.169,0.083,1,"MOXD1",0,"NS"
0.00111656426054322,0.456511447488733,0.31,0.188,1,"PRMT1",0,"NS"
0.0011208468077362,0.431521980717581,0.258,0.151,1,"PPFIA1",0,"NS"
0.0011216725513264,-0.179985482200655,0.852,0.602,1,"MGAT4A",0,"NS"
0.00112430645535021,0.42674219101678,0.235,0.133,1,"TRAK2",0,"NS"
0.00112885167528295,0.355998735299661,0.157,0.074,1,"FAM126A",0,"NS"
0.0011291039754353,0.287165666455244,0.378,0.244,1,"SENP6",0,"NS"
0.00113032943540972,0.357806486781702,0.362,0.235,1,"DCTN1",0,"NS"
0.00113190153426724,0.102892690667147,0.819,0.549,1,"SULT2A1",0,"NS"
0.00113660251336608,0.709537292576164,0.178,0.093,1,"MALT1",0,"NS"
0.00113960103837994,0.138544322805528,0.249,0.139,1,"RPP38",0,"NS"
0.00114456704771253,-0.211806856193386,0.7,0.441,1,"LYRM2",0,"NS"
0.00114571062371019,0.640435447922458,0.141,0.065,1,"MIB1",0,"NS"
0.00114687739641814,-0.0580936860153146,0.383,0.235,1,"RDH11",0,"NS"
0.00114715319802495,0.681128378627402,0.216,0.12,1,"FAM91A1",0,"NS"
0.00115496803516881,0.190895278703856,0.934,0.765,1,"DDHD1",0,"NS"
0.00115567634741945,0.16357365454492,0.117,0.046,1,"BAIAP2L1",0,"NS"
0.00116171570009839,0.680693225114076,0.237,0.139,1,"USPL1",0,"NS"
0.00116269056987247,0.568138193835049,0.214,0.117,1,"FAM222B",0,"NS"
0.00116315377443349,0.753733454015755,0.12,0.049,1,"CTSK",0,"NS"
0.00116560059182023,0.204083597027403,0.915,0.744,1,"C2orf91",0,"NS"
0.00116663868267868,-0.312707833126225,0.617,0.636,1,"LY6E",0,"NS"
0.00116760763355817,0.302118994910543,0.331,0.204,1,"NCBP2",0,"NS"
0.00116871159400088,0.169841912855833,0.864,0.636,1,"SCML4",0,"NS"
0.00117054889693167,-0.00831602412583488,0.131,0.056,1,"RHOBTB2",0,"NS"
0.0011741004341156,0.320010484520035,0.296,0.176,1,"NUP88",0,"NS"
0.00117663624076097,0.486670070755979,0.3,0.188,1,"UBE3B",0,"NS"
0.00117669514580347,-0.25881279698135,0.345,0.201,1,"IMPA1",0,"NS"
0.00117729674062955,0.141456654626888,0.169,0.08,1,"FLJ35390",0,"NS"
0.00117798906643482,0.15066143447959,0.817,0.593,1,"VPS33A",0,"NS"
0.00117886965726476,0.157653523899474,0.751,0.491,1,"PPA2",0,"NS"
0.00118037872147616,0.0450599226078199,0.761,0.491,1,"DNAJC18",0,"NS"
0.00118264243955281,0.394195718664837,0.275,0.167,1,"CEP170",0,"NS"
0.00118348901113234,-1.02497248226909,0.047,0.111,1,"CPA5",0,"NS"
0.00118453713528842,0.775574082343506,0.106,0.04,1,"ABHD5",0,"NS"
0.0011935610855082,0.000820977991234262,0.81,0.546,1,"POLR2E",0,"NS"
0.00119703878470347,0.0221073464399971,0.716,0.46,1,"C10orf76",0,"NS"
0.0011984916736839,-1.00588685401921,0.08,0.154,1,"ADAM19",0,"NS"
0.00120508320125915,0.312833164136134,0.918,0.713,1,"ASB6",0,"NS"
0.00120742819125329,0.160190853905284,0.883,0.623,1,"CAMLG",0,"NS"
0.00120966755821615,-0.0382985158261556,0.84,0.59,1,"LEPROT",0,"NS"
0.00120973368658912,0.118636950110227,0.897,0.633,1,"GPLD1",0,"NS"
0.00121028407081325,0.437932448004967,0.249,0.142,1,"KIF22",0,"NS"
0.00121298539063446,0.173622800326853,0.883,0.642,1,"ANP32A-IT1",0,"NS"
0.00121439982796021,-0.800184970535911,0.254,0.136,1,"PRKAA2",0,"NS"
0.00121925745411496,-0.0618241298376006,0.714,0.448,1,"ARFIP2",0,"NS"
0.00122200082830429,0.121818146371864,0.915,0.741,1,"CHMP1B",0,"NS"
0.00122930852151463,-0.0666352456113836,0.336,0.198,1,"LAYN",0,"NS"
0.00123074714809982,0.152937652145836,0.392,0.253,1,"TRAPPC10",0,"NS"
0.00123797562757869,0.779108659623458,0.171,0.086,1,"MED7",0,"NS"
0.00123833500643625,-0.194862133242861,0.523,0.327,1,"SIDT1",0,"NS"
0.00124023316254262,0.0380998882276482,0.552,0.355,1,"DNM1P46",0,"NS"
0.00124191875881507,0.37792907272661,0.354,0.228,1,"TIMM23",0,"NS"
0.00124345367390731,0.29714282779123,0.366,0.235,1,"RBM26",0,"NS"
0.0012443751969584,0.427547237717479,0.12,0.049,1,"AMER1",0,"NS"
0.00124895926374654,-0.350323577115423,0.319,0.182,1,"GDE1",0,"NS"
0.00125301973567931,0.274486752660716,0.575,0.414,1,"STK17A",0,"NS"
0.00125345747214194,0.141111734756385,0.376,0.238,1,"MED12",0,"NS"
0.00125414935450069,0.309179131935738,0.249,0.142,1,"RABGAP1",0,"NS"
0.00125711409944466,0.863863845918224,0.136,0.062,1,"HSD17B12",0,"NS"
0.00125744859616716,0.547559566653421,0.192,0.102,1,"MFN2",0,"NS"
0.00125941876605261,0.707680381691355,0.12,0.049,1,"CAMK1",0,"NS"
0.00126732678902955,0.405609007764272,0.284,0.173,1,"TMEM165",0,"NS"
0.00126908016644358,0.214354961584668,0.246,0.139,1,"SPECC1L",0,"NS"
0.00127385398841868,-0.250291807150919,0.695,0.691,1,"CD37",0,"NS"
0.00127453990032455,0.342093563172029,0.216,0.117,1,"MBNL1-AS1",0,"NS"
0.001277699923577,0.184830798314258,0.831,0.627,1,"MCTP2",0,"NS"
0.00128474130491188,0.110231295799039,0.88,0.642,1,"TBRG1",0,"NS"
0.00128573160969994,-0.278818665028121,0.648,0.392,1,"ZBP1",0,"NS"
0.00129581604069687,-1.22858763021074,0.075,0.145,1,"MAP1LC3A",0,"NS"
0.00130288806047178,0.204564012707739,0.333,0.204,1,"NUDCD3",0,"NS"
0.00130604554428495,0.134021739232444,0.366,0.228,1,"KDM5B",0,"NS"
0.00130793497535035,0.119254828328786,0.101,0.037,1,"DYNC2H1",0,"NS"
0.00131080059594315,0.651876580827751,0.129,0.056,1,"LOC100286793",0,"NS"
0.00131615098779157,0.382445973332103,0.138,0.062,1,"HSPA7",0,"NS"
0.00131663106448808,0.694952110491681,0.162,0.08,1,"STUB1",0,"NS"
0.00131755721431138,-0.21059296211145,0.343,0.204,1,"POLK",0,"NS"
0.00131763772623613,0.622381319262718,0.3,0.194,1,"ATG13",0,"NS"
0.00132420690524917,0.44304549150747,0.258,0.151,1,"PMS2L2",0,"NS"
0.00132552683579562,-0.0173671749333055,0.84,0.611,1,"ZNF260",0,"NS"
0.00132643772701942,-0.0106755731248322,0.258,0.145,1,"NAPG",0,"NS"
0.00133070700498972,0.130242693108926,0.857,0.614,1,"GABPB1-AS1",0,"NS"
0.00133669065586922,-0.146327309407386,0.796,0.762,1,"CALM2",0,"NS"
0.00133876581658835,0.458611422228716,0.155,0.074,1,"MTMR8",0,"NS"
0.00133909806749848,-1.03913908155625,0.138,0.219,1,"EBP",0,"NS"
0.0013424439788945,0.0464766763940054,0.847,0.583,1,"LOC100131096",0,"NS"
0.00134250205147458,0.721223511622506,0.11,0.043,1,"B3GALNT1",0,"NS"
0.00134578164023401,1.25118825316424,0.174,0.096,1,"CAV1",0,"NS"
0.00134633234944093,-0.173897565816828,0.883,0.849,1,"EEF2",0,"NS"
0.00135118982188952,-0.137200389014173,0.469,0.29,1,"BBIP1",0,"NS"
0.0013514020309099,-0.223092230128163,0.962,0.886,1,"WAC",0,"NS"
0.0013528874479716,0.388416261191324,0.331,0.216,1,"VCPIP1",0,"NS"
0.00135637090744308,0.840086594440688,0.176,0.093,1,"SLC35B1",0,"NS"
0.00135799101273073,0.572814185395174,0.141,0.065,1,"SEPSECS",0,"NS"
0.00136346874891338,0.0881161881906565,0.746,0.478,1,"LOC100289495",0,"NS"
0.00136963390999175,0.508381419560875,0.183,0.096,1,"AHSA2",0,"NS"
0.00137039268998452,0.123093385791019,0.908,0.676,1,"CCNDBP1",0,"NS"
0.0013739646348424,1.10024136803141,0.113,0.046,1,"HIST1H2AD",0,"NS"
0.0013755605428701,0.545499848836234,0.256,0.154,1,"ARFGAP1",0,"NS"
0.0013758387284442,0.7754734879251,0.131,0.059,1,"C14orf101",0,"NS"
0.00137872877634362,-0.0550625142204628,0.866,0.62,1,"FAM217B",0,"NS"
0.00138020549061456,-0.0304241817605735,0.638,0.42,1,"GIMAP1",0,"NS"
0.00139101344025667,0.605676905679675,0.303,0.194,1,"REV3L",0,"NS"
0.00139575216955778,0.08276417641856,0.876,0.633,1,"ING5",0,"NS"
0.0013965233367479,0.248310980923037,0.885,0.611,1,"JPX",0,"NS"
0.00139999144819192,0.525575404945378,0.167,0.083,1,"SIN3B",0,"NS"
0.00140478889620693,0.332507674947652,0.251,0.145,1,"PLGLB2",0,"NS"
0.00141105556226549,0.278378966661075,0.11,0.043,1,"SGOL2",0,"NS"
0.00141928858928627,0.13025636818128,0.986,0.951,1,"RBMS2",0,"NS"
0.00141945055478209,0.19045928376309,0.183,0.093,1,"FAM3A",0,"NS"
0.0014208490044425,-0.00295286476114007,0.622,0.404,1,"C2orf68",0,"NS"
0.0014209077896625,0.890849464937641,0.138,0.065,1,"AAAS",0,"NS"
0.00142814054273537,0.594338607565459,0.146,0.068,1,"USP32",0,"NS"
0.00143026356925101,0.418850642155637,0.357,0.235,1,"DPF2",0,"NS"
0.00143138090037056,0.136650315632925,0.805,0.605,1,"AP5Z1",0,"NS"
0.00143221830995509,0.2559657174036,0.413,0.278,1,"PPP1R16B",0,"NS"
0.00143430652460211,0.31379095292767,0.34,0.216,1,"SUPT20H",0,"NS"
0.00143493877281566,0.5264294487444,0.192,0.102,1,"FAHD2B",0,"NS"
0.0014356306192449,-0.279679293261795,0.657,0.673,1,"SNHG5",0,"NS"
0.00143576328461475,-0.0965915143443348,0.899,0.864,1,"RAC2",0,"NS"
0.0014406563110954,0.0196252016622719,0.383,0.241,1,"TTLL3",0,"NS"
0.00144577331024697,0.920892138763205,0.103,0.04,1,"CTSL1",0,"NS"
0.00145523844665587,0.350631067685755,0.218,0.12,1,"ASL",0,"NS"
0.00146031948869938,0.679231992095224,0.242,0.145,1,"MAN1B1",0,"NS"
0.00146135198083948,0.395404326828599,0.223,0.123,1,"CROCCP2",0,"NS"
0.0014640904904668,0.387811754730526,0.237,0.136,1,"SHPRH",0,"NS"
0.0014650015495155,0.0196371813138828,0.871,0.605,1,"SYNJ2BP",0,"NS"
0.00146674684797282,-0.319910258333343,0.667,0.392,1,"ARSK",0,"NS"
0.00147911032771617,0.131750055739747,0.751,0.512,1,"NAA50",0,"NS"
0.00147941685196187,0.362731765035785,0.324,0.204,1,"ABCF1",0,"NS"
0.00147948325977138,0.0654442501108288,0.261,0.145,1,"RPL13AP20",0,"NS"
0.00148452658488074,0.0544905045581378,0.819,0.565,1,"ZNF506",0,"NS"
0.00148490474203046,0.18048278816966,0.96,0.821,1,"XRCC2",0,"NS"
0.00148554271755487,0.0292109116884621,0.885,0.654,1,"ELK4",0,"NS"
0.00148958127015372,0.27256944217593,0.256,0.148,1,"PMS2P1",0,"NS"
0.00149225761864625,0.24091854105436,0.873,0.633,1,"SGOL1",0,"NS"
0.00149391072554242,-0.139849794411685,0.322,0.188,1,"YIPF6",0,"NS"
0.00150245914368728,0.0365696600027942,0.516,0.333,1,"PHF11",0,"NS"
0.00150422101043034,0.0684670096246368,0.847,0.565,1,"SGK494",0,"NS"
0.00150712250829095,-0.216187782668717,0.352,0.207,1,"TNFSF10",0,"NS"
0.00150934760954678,0.53214807306716,0.178,0.093,1,"TOMM70A",0,"NS"
0.00151205693905932,0.487779121814544,0.3,0.191,1,"GNA13",0,"NS"
0.00151220624428403,0.0397504607171129,0.214,0.114,1,"TSEN34",0,"NS"
0.00151321681604787,0.248838672017848,0.303,0.188,1,"CUL9",0,"NS"
0.00151577444677245,-0.654083010100419,0.357,0.438,1,"ITGB1",0,"NS"
0.00151849754001695,0.134291895208258,0.993,0.948,1,"IRGQ",0,"NS"
0.00151941587502681,-0.0944592538816469,0.446,0.275,1,"RPL21P44",0,"NS"
0.00153146810641046,-0.164931919197828,0.754,0.485,1,"COMMD9",0,"NS"
0.00153204729976939,-0.0871988235111667,0.995,0.991,1,"PTPRC",0,"NS"
0.00153249109413177,-0.717821860347245,0.27,0.346,1,"LGALS1",0,"NS"
0.00153333279630492,0.719579122063942,0.131,0.059,1,"SLC35A1",0,"NS"
0.00153338351282479,-0.150288967599673,0.167,0.08,1,"SYNJ2-IT1",0,"NS"
0.00153812875108936,0.251088423331789,0.221,0.123,1,"CROCC",0,"NS"
0.00153842958537831,0.422458098980381,0.254,0.148,1,"BSDC1",0,"NS"
0.00153992518930349,0.139147169898144,0.549,0.386,1,"RANBP2",0,"NS"
0.00154489126570318,0.789851178890515,0.113,0.046,1,"LIX1L",0,"NS"
0.00154771581279731,0.00871683285726033,0.845,0.59,1,"RNF138P1",0,"NS"
0.00155023040373431,-0.132992267159146,0.65,0.414,1,"IFNAR2",0,"NS"
0.00155025395663473,0.570839340347937,0.209,0.117,1,"GBAS",0,"NS"
0.00156916760011942,0.136916634842721,0.908,0.747,1,"LOC100505876",0,"NS"
0.00157678002086511,-0.0106730603613924,0.777,0.531,1,"LRRC47",0,"NS"
0.0015782324751674,0.0726941537000572,0.211,0.114,1,"CTDSP2",0,"NS"
0.00157968893678937,0.164005828450158,0.826,0.608,1,"WDR17",0,"NS"
0.00157981687379186,0.710333487768197,0.143,0.068,1,"LSS",0,"NS"
0.00158424934590675,0.293707365032089,0.354,0.222,1,"PCIF1",0,"NS"
0.00158864220184628,0.168257636901171,0.937,0.738,1,"CACNG8",0,"NS"
0.00159386157724504,-0.0689591592669414,0.134,0.059,1,"EPN2-AS1",0,"NS"
0.00160914202134423,0.112134824968564,0.218,0.12,1,"RPS16P5",0,"NS"
0.00161213504512048,0.812043018070336,0.117,0.049,1,"ADCK4",0,"NS"
0.00161414024659537,0.226342740495885,0.491,0.333,1,"LUC7L2",0,"NS"
0.00161661811854625,-0.0426968204852285,0.162,0.077,1,"ZNF90",0,"NS"
0.00162011341213955,0.876025011967931,0.129,0.059,1,"ZNF337",0,"NS"
0.00163603673801261,-0.46718664152786,0.437,0.481,1,"ISCU",0,"NS"
0.00163794611718552,0.0979609479472171,0.857,0.599,1,"TBC1D20",0,"NS"
0.00163859462759814,0.108663861723713,0.937,0.79,1,"MAPK13",0,"NS"
0.00163882795680236,1.2015297513253,0.131,0.062,1,"DBN1",0,"NS"
0.00164834978850839,0.0580775521604253,0.791,0.534,1,"LOC100131067",0,"NS"
0.00165695216194532,0.437441150605544,0.308,0.194,1,"LMAN1",0,"NS"
0.00165812131522522,0.380638625968562,0.474,0.327,1,"GPR171",0,"NS"
0.00166232681154918,0.482569047414139,0.317,0.204,1,"LSM2",0,"NS"
0.00166574343871121,-0.0134335365056746,0.791,0.559,1,"KPNA4",0,"NS"
0.0016676624708784,0.0600586222699799,0.901,0.67,1,"TTPAL",0,"NS"
0.00167212391429864,0.0887884185381544,0.948,0.769,1,"SENP5",0,"NS"
0.00167662909051973,0.50257002966347,0.286,0.182,1,"ATF7",0,"NS"
0.001681630435327,0.320935002121168,0.246,0.142,1,"PAXBP1",0,"NS"
0.00168651093013819,-0.237651935195112,0.826,0.552,1,"MPRIP",0,"NS"
0.00168808179205373,0.150020831915396,0.892,0.664,1,"ZNF430",0,"NS"
0.0016886821168728,0.0250183918685878,0.782,0.503,1,"RBM48",0,"NS"
0.00169032359991023,0.876328279633859,0.117,0.049,1,"FAM173A",0,"NS"
0.00169342913145607,0.213400633856215,0.162,0.08,1,"PRDM11",0,"NS"
0.0016938417056241,0.0826287923683173,0.397,0.253,1,"BFAR",0,"NS"
0.00169708941850897,0.19558189120205,0.892,0.67,1,"GALM",0,"NS"
0.0017026015216843,0.131422842035453,0.451,0.299,1,"LRRC37A2",0,"NS"
0.00171543961242721,0.547931888148901,0.122,0.052,1,"SEMA6A",0,"NS"
0.00172105130897874,-0.0433047492014293,0.148,0.068,1,"POLR2J2",0,"NS"
0.00172158132298893,-0.470947257279902,0.157,0.074,1,"GAGE1",0,"NS"
0.00172887709566092,0.34702347673665,0.2,0.108,1,"KIAA1432",0,"NS"
0.0017296242792468,-0.0657051094072132,0.671,0.438,1,"PPIE",0,"NS"
0.00173228651374988,0.0549968616379211,0.824,0.549,1,"DUSP19",0,"NS"
0.00173453517461569,0.0860265093776613,0.319,0.194,1,"PTPRA",0,"NS"
0.00173492955500407,-0.145112567468501,0.735,0.457,1,"XKR5",0,"NS"
0.00173583467422436,0.18249237549426,0.946,0.784,1,"DCAF10",0,"NS"
0.00174556864970655,0.254536998193134,0.293,0.179,1,"BAZ2B",0,"NS"
0.00175698433835243,0.531413657928658,0.178,0.093,1,"LRRC59",0,"NS"
0.00175856468463013,0.13507032614789,0.784,0.574,1,"UTY",0,"NS"
0.0017636603686635,0.309024136873433,0.117,0.049,1,"FAM66C",0,"NS"
0.00176827461797893,0.0150372228932062,0.401,0.25,1,"MSL3",0,"NS"
0.00176942965847444,0.448825484527273,0.157,0.077,1,"LOC254128",0,"NS"
0.00177434730981838,0.107070598043002,0.852,0.62,1,"LINC00485",0,"NS"
0.00177677727026397,0.247480082013501,0.894,0.685,1,"FLJ45340",0,"NS"
0.00178843414416186,0.276946372471166,0.188,0.099,1,"ZNF767",0,"NS"
0.00178990656039786,0.215194469678356,0.84,0.605,1,"LOC151475",0,"NS"
0.00179615259048267,0.205990106358147,0.925,0.713,1,"POM121L10P",0,"NS"
0.00179700935734774,0.281532823838174,0.305,0.188,1,"TEKT4P2",0,"NS"
0.00181127337980059,0.46466463045415,0.298,0.191,1,"WDR36",0,"NS"
0.00181181464774741,0.935457375042318,0.141,0.068,1,"ZBTB48",0,"NS"
0.00181944807537628,0.244281311040264,0.2,0.105,1,"RBM4B",0,"NS"
0.0018234027441761,-0.261821427094797,0.61,0.386,1,"GLT25D1",0,"NS"
0.00183044860686111,0.184531608558368,0.96,0.833,1,"ZNF483",0,"NS"
0.00183547026990416,0.145299374205851,0.535,0.355,1,"POLR2J3",0,"NS"
0.001842860169149,0.506911509537629,0.148,0.071,1,"WDR5",0,"NS"
0.00185951616315384,-0.110501063688273,0.411,0.256,1,"TRIP11",0,"NS"
0.00187132076106982,0.245638009093244,0.854,0.75,1,"RNF19A",0,"NS"
0.00187810605145072,0.395182869328708,0.228,0.13,1,"INTS4",0,"NS"
0.00187844919026293,0.32555452314508,0.329,0.213,1,"ABCA7",0,"NS"
0.00188098914799982,-0.322932152225078,0.606,0.605,1,"ISG20",0,"NS"
0.00189290158972825,0.180094366205059,0.847,0.63,1,"RAD1",0,"NS"
0.00189712370818507,0.218020695482407,0.972,0.84,1,"FXN",0,"NS"
0.00190572196590066,0.323088346800398,0.333,0.213,1,"GTF2I",0,"NS"
0.00190661959752631,1.24581400141983,0.122,0.056,1,"MITF",0,"NS"
0.00191737665719288,-0.208415098501888,0.8,0.806,1,"KIAA1551",0,"NS"
0.00192717496300572,-0.387616694481354,0.563,0.343,1,"CARHSP1",0,"NS"
0.00193076667932969,0.51550065709909,0.228,0.133,1,"KEAP1",0,"NS"
0.00193269517952283,0.113437712844869,0.117,0.049,1,"LOC100133091",0,"NS"
0.00193967523404627,-0.191368163858304,0.775,0.515,1,"UBXN2B",0,"NS"
0.00193991093781944,-0.402960374385976,0.423,0.256,1,"NCAPD2",0,"NS"
0.00194083668887138,-0.0773958877972369,0.406,0.253,1,"ZBTB40",0,"NS"
0.00194917841517025,0.568434995169623,0.244,0.148,1,"MMS19",0,"NS"
0.00195058993038472,0.419079333995825,0.319,0.207,1,"IKBKE",0,"NS"
0.00195164747919093,0.250572605157224,0.437,0.29,1,"CHD6",0,"NS"
0.00195839403553903,-0.225487276302851,0.692,0.722,1,"CTSD",0,"NS"
0.00196220522568964,-0.0213674359026435,0.223,0.123,1,"KIAA1731",0,"NS"
0.00197647859793733,-0.221259468001118,0.829,0.827,1,"CALR",0,"NS"
0.00199675862686755,-0.339519028693288,0.545,0.34,1,"LOC100009676",0,"NS"
0.0020051196590447,0.0602189986928551,0.876,0.602,1,"LIMD1",0,"NS"
0.00200962888196766,-0.08750957178798,0.43,0.269,1,"MED17",0,"NS"
0.0020186227301919,0.526909888250866,0.242,0.145,1,"NCAPH2",0,"NS"
0.00202075411208366,1.18212320369339,0.101,0.04,1,"LOC389906",0,"NS"
0.00202433115294979,0.280945822919187,0.275,0.164,1,"NEK7",0,"NS"
0.002025874412545,0.307018677195744,0.577,0.42,1,"SLC9A3R1",0,"NS"
0.00202750868253853,0.779933800857469,0.141,0.068,1,"FAM65A",0,"NS"
0.00203121502348705,0.713383472958497,0.12,0.052,1,"TMEM14E",0,"NS"
0.00204477553014338,0.827219021661827,0.115,0.049,1,"REPS1",0,"NS"
0.00204543523730752,0.213303744502804,0.246,0.142,1,"BTN2A2",0,"NS"
0.00204597822665995,-0.346160014501063,0.164,0.08,1,"LOC100130357",0,"NS"
0.00205367227452604,0.0660516853511811,0.763,0.503,1,"VENTX",0,"NS"
0.00207240976240299,0.261711046795039,0.141,0.065,1,"RBM12B-AS1",0,"NS"
0.00207333731266559,-0.316178120683317,0.549,0.346,1,"DCLRE1C",0,"NS"
0.00208334888614235,0.904816216764367,0.131,0.062,1,"LOC401397",0,"NS"
0.00210256062990523,-0.168796497290213,0.986,0.954,1,"ANAPC16",0,"NS"
0.00210470989338934,0.17047255118446,0.284,0.17,1,"RASA3",0,"NS"
0.00210998391220588,0.111419133913532,0.819,0.627,1,"VMA21",0,"NS"
0.0021106659804823,0.215040529843401,0.725,0.546,1,"APOL4",0,"NS"
0.00212321687661914,0.268093657342351,0.376,0.241,1,"PSMC1",0,"NS"
0.00214302846893245,-0.22486682778433,0.8,0.79,1,"YWHAB",0,"NS"
0.00216443177711746,-0.35047260279502,0.446,0.272,1,"KLRG1",0,"NS"
0.00218065655338825,0.124110062721086,0.932,0.759,1,"NUP43",0,"NS"
0.00218203709837482,0.114081952361317,0.876,0.636,1,"GFPT1",0,"NS"
0.00218309093543312,0.171006598155027,0.246,0.142,1,"LOC642361",0,"NS"
0.00218448060599273,-0.474822329961353,0.516,0.565,1,"FOSB",0,"NS"
0.0021922159857915,0.0506749636685835,0.864,0.623,1,"KIAA1143",0,"NS"
0.00221872067278727,-0.431148607952058,0.261,0.148,1,"TMED10P1",0,"NS"
0.00222457915884916,0.177383338995084,0.967,0.852,1,"IBA57",0,"NS"
0.00222794119762629,0.27012356795383,0.603,0.466,1,"ARAP2",0,"NS"
0.00223100690641353,0.617345864104647,0.12,0.052,1,"EARS2",0,"NS"
0.00224323826720172,0.021339283897913,0.906,0.682,1,"MTX3",0,"NS"
0.0022440906977019,-0.145473661767629,0.955,0.926,1,"CLEC2D",0,"NS"
0.00225369246386848,0.108557338580286,0.822,0.586,1,"HUS1",0,"NS"
0.00225783898590774,-0.548904084009883,0.467,0.287,1,"CHSY1",0,"NS"
0.00227039856733863,0.102668420553609,0.23,0.13,1,"ARNTL",0,"NS"
0.0022745878615642,0.252185344888224,0.277,0.17,1,"KIAA0368",0,"NS"
0.00227887082324299,0.236889820512127,0.486,0.333,1,"ZRANB2",0,"NS"
0.00228862377111995,0.103061659670601,0.141,0.065,1,"AGAP6",0,"NS"
0.00229568955224502,0.532798219407269,0.246,0.151,1,"PRH1-PRR4",0,"NS"
0.00230468102253893,0.193213433361799,0.263,0.151,1,"ARL17B",0,"NS"
0.00230784198876447,0.208130724245033,0.866,0.642,1,"ZNF329",0,"NS"
0.00231480980062606,0.481975155344384,0.188,0.102,1,"DIMT1",0,"NS"
0.00231770010647804,0.0929272496963485,0.232,0.13,1,"CBWD1",0,"NS"
0.00232292327528907,0.148142197893789,0.85,0.552,1,"C1orf210",0,"NS"
0.00233192020267366,0.0657362797368457,0.796,0.531,1,"NDUFAF7",0,"NS"
0.00233563810102519,0.676865199992509,0.153,0.077,1,"LSR",0,"NS"
0.00233633173835296,-0.156306101713757,0.305,0.179,1,"STARD4",0,"NS"
0.00234044967551496,0.187239559570392,0.988,0.889,1,"PLEKHA5",0,"NS"
0.00234109746938058,0.388168204535358,0.448,0.318,1,"C1orf63",0,"NS"
0.00234919343521877,0.31688192955326,0.308,0.188,1,"DCXR",0,"NS"
0.00234953219249617,-0.280310209463807,0.596,0.62,1,"RNASEK",0,"NS"
0.00235034056376139,-0.0913693580649007,1,1,1,"ORC4",0,"NS"
0.00235054580369746,0.0853298403680946,0.941,0.765,1,"ZYG11B",0,"NS"
0.00235365199888777,0.26110968793634,0.85,0.574,1,"LOC100506305",0,"NS"
0.00235478097429103,0.0284581168658768,0.854,0.62,1,"SPATS2L",0,"NS"
0.00235520418234882,-0.154154238556247,0.772,0.719,1,"CD53",0,"NS"
0.00235760326151811,0.922867054026869,0.169,0.093,1,"MAN1A1",0,"NS"
0.00236248229631565,0.775907472368458,0.115,0.049,1,"C1orf50",0,"NS"
0.00236286453375131,0.500079998074701,0.2,0.111,1,"ZMYM4",0,"NS"
0.0023683842984938,-0.171612130445643,0.441,0.275,1,"BCL10",0,"NS"
0.00236920996381207,-0.180278158808298,0.777,0.753,1,"PDCD1",0,"NS"
0.00237004793956767,1.16024776352199,0.103,0.043,1,"ISYNA1",0,"NS"
0.00237426504784134,-0.0285390482911143,0.732,0.509,1,"NUFIP2",0,"NS"
0.00237577434037147,0.501629114994944,0.239,0.145,1,"ABCD2",0,"NS"
0.00237661215524273,-0.0466833852116993,0.791,0.552,1,"SLC16A7",0,"NS"
0.0023832541611977,0.219684488552689,0.925,0.713,1,"ZNF785",0,"NS"
0.00238528865589163,0.541029039148539,0.3,0.201,1,"HBP1",0,"NS"
0.00240079310790032,-0.0611349095451416,0.418,0.269,1,"LOC100133331",0,"NS"
0.00240279201307378,0.293261236846189,0.927,0.793,1,"ME2",0,"NS"
0.00240835951942214,-0.559474559832806,0.277,0.364,1,"FASLG",0,"NS"
0.00241739343938294,0.933448178177161,0.162,0.086,1,"BBS7",0,"NS"
0.00242717018866152,0.278112188741464,0.566,0.432,1,"OSBPL3",0,"NS"
0.00243394788203556,-0.0571166449618747,0.176,0.09,1,"SIAH3",0,"NS"
0.00244197255444325,0.0771003189695232,0.195,0.105,1,"SGK196",0,"NS"
0.00244628551986981,0.185042404508726,0.171,0.09,1,"C1orf27",0,"NS"
0.00245544452020299,0.178088483540231,0.603,0.426,1,"ABI1",0,"NS"
0.00245548926436178,-0.0169565556618416,0.88,0.67,1,"ULK2",0,"NS"
0.00245702419231488,0.712956113620037,0.148,0.074,1,"TBX21",0,"NS"
0.00245821230237666,0.0606650314716086,0.138,0.065,1,"CLCN6",0,"NS"
0.00245897887210906,0.365075124113827,0.197,0.108,1,"GAB3",0,"NS"
0.00245945707295392,0.524684139239447,0.192,0.108,1,"STX7",0,"NS"
0.00245959179791241,0.280136759518171,0.427,0.293,1,"ASB2",0,"NS"
0.00246343483971169,-0.051559990153259,0.845,0.605,1,"LOC388692",0,"NS"
0.00246548825841884,0.832140009393978,0.122,0.056,1,"ADAP1",0,"NS"
0.00246738545143213,0.269174570984053,0.106,0.043,1,"HNRNPA3P1",0,"NS"
0.00247818634791109,0.403820926892928,0.181,0.096,1,"KLHDC4",0,"NS"
0.00249186054538486,-0.661958783850062,0.39,0.46,1,"HIPK2",0,"NS"
0.00250053602565969,0.171429162921789,0.967,0.864,1,"GATAD1",0,"NS"
0.00250980692860157,0.358435914330942,0.237,0.139,1,"SDCCAG8",0,"NS"
0.00251022086426962,0.377155679542325,0.141,0.068,1,"PPTC7",0,"NS"
0.00251182613568406,0.241536483043225,0.171,0.09,1,"ZDHHC21",0,"NS"
0.00251967360605411,0.0282082309975528,0.892,0.664,1,"FAM115C",0,"NS"
0.00252111795779002,-0.685934304997862,0.232,0.315,1,"RAB8A",0,"NS"
0.00252696967666054,0.29997947248474,0.134,0.062,1,"MAP3K12",0,"NS"
0.00253575852881062,0.132553504444683,0.962,0.833,1,"CA5B",0,"NS"
0.00254553339545673,-0.0732127593046623,0.385,0.244,1,"PTPLAD1",0,"NS"
0.00255060060327833,0.20622384466068,0.195,0.108,1,"SIK3",0,"NS"
0.0025518657752271,0.524922702929516,0.19,0.105,1,"PARP6",0,"NS"
0.00255961101632604,0.191502286953592,0.88,0.633,1,"HPSE",0,"NS"
0.00256457417375607,0.272115313172978,0.401,0.272,1,"KDM4C",0,"NS"
0.00256742413924862,-0.278892737837694,0.599,0.62,1,"GAS5",0,"NS"
0.00257596982147825,0.928274556309157,0.124,0.059,1,"RANBP10",0,"NS"
0.00257715549155645,0.242062546034552,0.216,0.12,1,"SP2",0,"NS"
0.00258160403564055,0.377963622587606,0.251,0.151,1,"CTBS",0,"NS"
0.00258254452680002,-0.116996049810656,0.763,0.472,1,"GINS4",0,"NS"
0.00258355605623537,-1.04086437137677,0.134,0.21,1,"UQCRBP1",0,"NS"
0.00258925480808542,-0.0867432269020076,1,0.985,1,"TAPBP",0,"NS"
0.00259316540397218,-0.717056970138175,0.256,0.333,1,"ATP6V0E2",0,"NS"
0.0025936694299383,0.335781790853516,0.343,0.222,1,"ADPGK",0,"NS"
0.00259787690939689,-0.233960795039168,0.333,0.201,1,"C9orf114",0,"NS"
0.0025982277354513,-0.162004209094861,0.812,0.765,1,"IFITM2",0,"NS"
0.0026001671995051,0.25681567772559,0.291,0.179,1,"SFT2D2",0,"NS"
0.00261440018850084,-0.388785961398253,0.171,0.086,1,"SLFN12",0,"NS"
0.00261455837591341,0.0892355875448065,0.134,0.062,1,"ARHGAP33",0,"NS"
0.00262478142710668,0.289349359713368,0.493,0.346,1,"DDX18",0,"NS"
0.00263083986683119,-0.079958451789035,0.225,0.127,1,"NBPF3",0,"NS"
0.00263365946319867,-0.121292863327809,0.124,0.056,1,"MCM8",0,"NS"
0.00263559425832302,-0.707120156004446,0.3,0.377,1,"MYO7A",0,"NS"
0.00264268318273136,0.924137094468401,0.113,0.049,1,"TBC1D19",0,"NS"
0.00264356200119478,-0.131385390919749,0.472,0.302,1,"PSMD9",0,"NS"
0.00265734291546625,0.224266354017324,0.826,0.648,1,"LOC613037",0,"NS"
0.00267107519967676,0.148741633175287,0.852,0.596,1,"SLC25A34",0,"NS"
0.00267677674478462,0.16282060564971,0.585,0.401,1,"IST1",0,"NS"
0.00268465697681345,1.20194786463959,0.115,0.052,1,"SETD4",0,"NS"
0.00269046844666256,0.0710484696263068,0.871,0.633,1,"ZNF43",0,"NS"
0.00269516517032329,1.03896825833459,0.103,0.043,1,"CDCA7",0,"NS"
0.00269595579414211,0.352465407746726,0.39,0.272,1,"DIDO1",0,"NS"
0.00271173421158852,0.223639113606284,0.862,0.676,1,"FYN",0,"NS"
0.0027180750614851,0.119028522634704,0.904,0.716,1,"DFFB",0,"NS"
0.00272409979851731,0.51280464312963,0.127,0.059,1,"SUOX",0,"NS"
0.00272880324026059,0.0274457071341225,0.873,0.614,1,"MED29",0,"NS"
0.00273969482648008,-0.0663834711512851,0.768,0.475,1,"FADS6",0,"NS"
0.00274137861861678,-0.378103244682367,0.589,0.367,1,"NIP7",0,"NS"
0.00274820554379707,-0.337203747892426,0.54,0.336,1,"IL10RB",0,"NS"
0.00275984492586298,0.103400210307062,0.937,0.775,1,"SLC12A6",0,"NS"
0.00277426070289504,0.497520549837545,0.181,0.099,1,"GIMAP8",0,"NS"
0.00277522981660694,0.638226736340552,0.143,0.071,1,"NDRG1",0,"NS"
0.00277832918335148,0.272651410666819,0.46,0.327,1,"BTAF1",0,"NS"
0.00278291000849029,0.168086971766723,0.977,0.87,1,"MIR143HG",0,"NS"
0.00278610659700161,0.180651172173505,0.923,0.725,1,"CCBE1",0,"NS"
0.00278732800383219,-0.230539355718243,0.601,0.38,1,"EIF2A",0,"NS"
0.0027884873304322,-0.394863234991713,0.106,0.043,1,"TMPRSS7",0,"NS"
0.00279044769373097,-0.347318333560147,0.559,0.571,1,"UBL5",0,"NS"
0.00279100698702916,0.237731062491566,0.303,0.191,1,"RBMXL1",0,"NS"
0.00279627106220226,0.263361572026492,0.197,0.108,1,"EDEM2",0,"NS"
0.00279721904065638,-0.580242325685094,0.333,0.395,1,"USMG5",0,"NS"
0.00279918508915195,-0.5214588967257,0.268,0.364,1,"CARD16",0,"NS"
0.00280435899950107,-0.151846130099008,0.972,0.92,1,"CD3G",0,"NS"
0.00280580702004949,0.198318695369933,0.113,0.049,1,"DUSP7",0,"NS"
0.00280602637685343,0.518926034999974,0.162,0.083,1,"FBXL12",0,"NS"
0.00281707546314076,0.674976882108183,0.216,0.13,1,"VAT1",0,"NS"
0.00282333938628221,0.0444893862653275,0.862,0.599,1,"NOS1",0,"NS"
0.00282898015262691,-1.28603792891539,0.077,0.142,1,"LOC606724",0,"NS"
0.00283132547973388,0.169201807359351,0.89,0.716,1,"LINC00674",0,"NS"
0.0028340717921216,0.824049210450197,0.15,0.077,1,"FOXJ2",0,"NS"
0.00283592571497385,0.619204474077655,0.176,0.096,1,"PLCXD2",0,"NS"
0.00283765666686665,-0.154364674477659,0.758,0.491,1,"RNF168",0,"NS"
0.00286313322415403,0.18331003658813,0.298,0.185,1,"SMEK1",0,"NS"
0.00287028186925555,0.075526380141746,0.761,0.494,1,"HMGB3P1",0,"NS"
0.00287585528362201,0.120070992714039,0.84,0.568,1,"PIGW",0,"NS"
0.0028766521919373,0.115571569687653,0.93,0.772,1,"PDK3",0,"NS"
0.00287798151004644,-0.066779373330528,0.758,0.519,1,"MRPS10",0,"NS"
0.00288165309087697,0.175446026223176,0.958,0.849,1,"MYLK3",0,"NS"
0.00289277031360777,0.320911108996055,0.157,0.08,1,"TBC1D13",0,"NS"
0.00291023835506088,0.122623024365021,0.845,0.602,1,"PQLC2",0,"NS"
0.00291600607129086,0.00546790479030945,0.836,0.577,1,"LAMP2",0,"NS"
0.00291816577344539,0.2721044270652,0.937,0.728,1,"RAB42",0,"NS"
0.00292752431893792,0.360733686246436,0.221,0.13,1,"NUP160",0,"NS"
0.0029365024583997,0.389543565303732,0.3,0.194,1,"PKN2",0,"NS"
0.00293843473278308,-0.668301809472826,0.106,0.043,1,"ZNF729",0,"NS"
0.00294849072653087,0.192510344915396,0.859,0.596,1,"ZNF677",0,"NS"
0.00295039704768404,-0.267241027452917,0.638,0.398,1,"CHRAC1",0,"NS"
0.00295096111396197,0.609298292301905,0.113,0.049,1,"SLC25A35",0,"NS"
0.00295840319244907,0.146748299472965,0.911,0.648,1,"TCTA",0,"NS"
0.0029725721796498,0.178835993138476,0.178,0.096,1,"ATP11A",0,"NS"
0.00297513119405944,0.655645935779226,0.192,0.111,1,"SLAMF1",0,"NS"
0.00297547371516216,0.138408297805264,0.911,0.719,1,"PIK3CD",0,"NS"
0.00298167780574014,0.274299576014176,0.669,0.543,1,"ITK",0,"NS"
0.0029954941445086,0.67041344800572,0.103,0.043,1,"GOLGA6C",0,"NS"
0.00299840290241852,0.305895305039754,0.216,0.123,1,"RTN3",0,"NS"
0.00299999378860105,0.286038449410159,0.589,0.448,1,"PTPN22",0,"NS"
0.00300081404177628,-0.0892582338725898,0.819,0.759,1,"PSMB9",0,"NS"
0.00300183477822814,-0.758950883304072,0.237,0.309,1,"NDUFB9",0,"NS"
0.00300322352166875,0.368307980271337,0.218,0.127,1,"IBTK",0,"NS"
0.00300446607380542,0.637108914946624,0.185,0.105,1,"MED14",0,"NS"
0.00300565512722576,0.134101437486875,0.27,0.16,1,"CTDSPL2",0,"NS"
0.00300622606786972,0.333258919257265,0.333,0.216,1,"CAMTA1",0,"NS"
0.00300868637367669,-0.860420523177756,0.148,0.071,1,"MFSD9",0,"NS"
0.00301047020182476,0.148999028569053,0.852,0.623,1,"ZNF554",0,"NS"
0.00301721107376699,0.580587745542359,0.138,0.068,1,"PBX3",0,"NS"
0.00302301421956515,0.0979535741603978,0.779,0.519,1,"LOC284865",0,"NS"
0.00302874132395384,0.223575076780659,0.481,0.336,1,"SMAP2",0,"NS"
0.00303585015522841,0.524704023747796,0.138,0.068,1,"MICU1",0,"NS"
0.00305796446192312,0.0663101030167742,0.854,0.654,1,"DCAF11",0,"NS"
0.00305820655891199,0.0696721403178118,0.223,0.127,1,"C9orf37",0,"NS"
0.0030870871951398,-0.337546938459871,0.218,0.12,1,"ZNF675",0,"NS"
0.00308754758060435,1.07128920805666,0.11,0.049,1,"CCDC134",0,"NS"
0.00310270044912048,0.296080764956277,0.305,0.194,1,"TOX2",0,"NS"
0.00311128989800742,0.219718607608562,0.324,0.207,1,"C11orf30",0,"NS"
0.00311388174724711,0.160890671827919,0.357,0.231,1,"BRD3",0,"NS"
0.00311824996337271,0.146713069703165,0.979,0.929,1,"UGGT1",0,"NS"
0.00313967924758602,0.110906131496199,0.742,0.522,1,"ZFAND5",0,"NS"
0.00314093925784666,-0.0869409164201989,0.779,0.506,1,"SLC4A5",0,"NS"
0.00314253581638432,-0.133818327939794,0.836,0.568,1,"GNPTAB",0,"NS"
0.00314755723010119,0.28016377698072,0.305,0.194,1,"CCDC91",0,"NS"
0.00315670089462834,0.147338416052894,0.509,0.34,1,"KRI1",0,"NS"
0.00316389611939544,1.10033738877682,0.101,0.043,1,"FAM135A",0,"NS"
0.00316631148041344,0.233017376992952,0.296,0.185,1,"NARS",0,"NS"
0.00316702331789083,0.0874146891671352,0.878,0.639,1,"CDKAL1",0,"NS"
0.00316765357589029,0.352254483754889,0.268,0.17,1,"CRIPT",0,"NS"
0.00317322740240012,-0.162890259848773,0.737,0.704,1,"MYL12B",0,"NS"
0.00318680710426959,0.176146568597343,0.392,0.256,1,"DBF4",0,"NS"
0.00319353002663076,0.3737733009012,0.289,0.185,1,"MYO18A",0,"NS"
0.00320327873345403,0.662922796983912,0.167,0.09,1,"CLTB",0,"NS"
0.00321333147679116,0.2022552443488,0.873,0.642,1,"IL10",0,"NS"
0.00321929956345942,-0.718461779065626,0.556,0.336,1,"RASSF2",0,"NS"
0.00322321212309685,0.401494842301434,0.258,0.16,1,"CTCF",0,"NS"
0.00322665896515477,0.120521155012241,0.204,0.114,1,"ZNF138",0,"NS"
0.00323512038901677,-0.116071575484819,0.817,0.537,1,"LOC644961",0,"NS"
0.0032352235848028,0.295289248571282,0.54,0.407,1,"LRBA",0,"NS"
0.00324473806027452,0.887501984425061,0.115,0.052,1,"NDNL2",0,"NS"
0.00324784617468122,-0.218157208432592,0.453,0.284,1,"HSD17B7P2",0,"NS"
0.00324915349731885,0.0400065887093937,0.852,0.611,1,"HDAC2",0,"NS"
0.00325699071297218,0.155331843893242,0.352,0.225,1,"PARN",0,"NS"
0.00326934257007211,-0.113692583337266,0.298,0.179,1,"EXOC8",0,"NS"
0.00327764489786653,0.016569334951561,0.793,0.552,1,"SUPT7L",0,"NS"
0.00329575952407223,0.419472253847449,0.322,0.213,1,"XCL1",0,"NS"
0.00329606720595895,-0.316311145586522,0.967,0.883,1,"LOC284454",0,"NS"
0.00329792679116457,0.316788753424444,0.624,0.525,1,"ZNF292",0,"NS"
0.00329990040490953,0.0225191846447316,0.803,0.565,1,"MKLN1",0,"NS"
0.00331651514539842,0.22725798565875,0.481,0.346,1,"HIPK1",0,"NS"
0.00331714214573111,-0.12947806256297,0.941,0.929,1,"HMGB1",0,"NS"
0.00333679431328687,0.392852650557692,0.223,0.133,1,"CPEB4",0,"NS"
0.00334435901016669,0.14187098609262,0.202,0.111,1,"ERV3-1",0,"NS"
0.00336485645409996,0.246094998843486,0.939,0.741,1,"PARD6B",0,"NS"
0.00337833741670047,0.343865878552,0.345,0.231,1,"GOLPH3",0,"NS"
0.00338398582117998,-0.242836534518538,0.505,0.324,1,"CERK",0,"NS"
0.00338690997258232,0.636349133226632,0.167,0.09,1,"UBE2E3",0,"NS"
0.00338713894748892,0.321552742840144,0.289,0.182,1,"EFR3A",0,"NS"
0.00340525817782667,0.141746430138818,0.876,0.611,1,"ZNF280C",0,"NS"
0.00340632963084124,-0.185810920720201,0.845,0.809,1,"MYH9",0,"NS"
0.00340719603805053,-0.148677807338691,0.559,0.367,1,"TRA2B",0,"NS"
0.00340731943100415,-0.298579185424929,0.873,0.849,1,"TTN",0,"NS"
0.00340781246422345,0.187712951916747,0.31,0.194,1,"ARHGEF7",0,"NS"
0.00341124959835203,0.373438228297413,0.472,0.355,1,"SEC24C",0,"NS"
0.00342661164174548,0.410017876200942,0.169,0.09,1,"HMGB3",0,"NS"
0.00342754203648442,0.136756897641052,0.805,0.574,1,"LOC339803",0,"NS"
0.00342821490749579,0.14894624587682,0.333,0.213,1,"DNMT3A",0,"NS"
0.00343578480687975,-0.0330332830910892,0.826,0.583,1,"USP3",0,"NS"
0.00345000020733655,0.649931702235668,0.129,0.062,1,"RMND5B",0,"NS"
0.00346055685144234,0.367162455564395,0.263,0.164,1,"PGGT1B",0,"NS"
0.00348379999091267,1.34740597863695,0.108,0.049,1,"EMC8",0,"NS"
0.00348665353443445,0.219832768389527,0.209,0.114,1,"SCARNA9",0,"NS"
0.00348951506281464,0.14516243412603,0.981,0.867,1,"ZC3H12D",0,"NS"
0.00350883014298429,0.455073620185064,0.202,0.117,1,"SLC2A1",0,"NS"
0.00351299999779743,0.327614571990521,0.185,0.102,1,"NFKB2",0,"NS"
0.00351490001465991,0.114627783415838,0.847,0.577,1,"CSTF3-AS1",0,"NS"
0.00352301343579587,-1.21908887247977,0.148,0.219,1,"IFI44L",0,"NS"
0.00353866109062099,-0.0795504263421916,0.289,0.17,1,"ANKRD36BP2",0,"NS"
0.00354674009008628,0.214135006616775,0.312,0.198,1,"FAM172A",0,"NS"
0.00354856240939815,0.718998953222995,0.176,0.099,1,"TBL3",0,"NS"
0.00356461426634518,0.951436623064618,0.101,0.043,1,"DOCK9",0,"NS"
0.00356490904510377,-0.00932074239663999,0.444,0.281,1,"LOC100188947",0,"NS"
0.00358056865057683,0.246094485774087,0.286,0.179,1,"PI4KB",0,"NS"
0.00358666638716504,-0.144302058024687,0.232,0.133,1,"SETD5-AS1",0,"NS"
0.00361922153770429,-0.336258909855381,0.864,0.769,1,"UQCRB",0,"NS"
0.00363443885144747,-0.0015605575931209,0.359,0.231,1,"POM121C",0,"NS"
0.003640055878962,0.205333747056224,0.324,0.21,1,"GTF2F1",0,"NS"
0.00366408537480291,0.990005626653046,0.122,0.059,1,"DAGLB",0,"NS"
0.00366530453309859,0.410269916590321,0.214,0.127,1,"FAM179A",0,"NS"
0.00366596026131758,-0.120879425095725,0.282,0.17,1,"NSUN5",0,"NS"
0.00366648642948073,-0.708404581863488,0.338,0.401,1,"ADSS",0,"NS"
0.00367924800125998,0.22085986316949,0.406,0.275,1,"PIGT",0,"NS"
0.00369384492431382,0.331760867561773,0.23,0.136,1,"NPRL2",0,"NS"
0.00370341015500125,0.0899329726520691,0.674,0.469,1,"RAB11A",0,"NS"
0.00372455860304115,0.798569824594302,0.131,0.065,1,"CBX6",0,"NS"
0.00372599838039176,-1.10987361909096,0.113,0.049,1,"S1PR5",0,"NS"
0.00373928383794836,0.613126583115247,0.188,0.108,1,"RNFT1",0,"NS"
0.00374425562068706,0.284858101427511,0.427,0.306,1,"RBM17",0,"NS"
0.00374466510937275,0.156087977551357,0.484,0.343,1,"PUM1",0,"NS"
0.00374865413167315,0.173585630889405,0.822,0.627,1,"NCBP1",0,"NS"
0.00375811377811652,0.260419203925536,0.343,0.225,1,"UBA3",0,"NS"
0.00377273836904207,-0.160960640696128,0.258,0.154,1,"FAM208B",0,"NS"
0.0037767463932835,-0.0101497618427133,0.707,0.481,1,"CRKL",0,"NS"
0.00379330058508646,0.518251765909931,0.169,0.093,1,"GPATCH2L",0,"NS"
0.00379474231433163,-0.78192535576316,0.103,0.043,1,"FUT3",0,"NS"
0.00379851784882728,0.245354093961448,0.256,0.157,1,"ANKFY1",0,"NS"
0.00379985808274887,-0.279652740706719,0.507,0.327,1,"MGRN1",0,"NS"
0.0038069720339521,-0.338952793854429,0.394,0.235,1,"GTF2IRD2P1",0,"NS"
0.0038076839080623,0.514095023656787,0.2,0.117,1,"ZNF326",0,"NS"
0.00382511361102745,-0.154818912590653,0.786,0.75,1,"ITM2B",0,"NS"
0.00382708625793355,0.0880263138711922,0.85,0.574,1,"SPECC1",0,"NS"
0.00383090889990331,0.638397271124446,0.188,0.108,1,"ZFYVE26",0,"NS"
0.00383400255649886,0.311227600921405,0.514,0.367,1,"IDH2",0,"NS"
0.00383759914282195,0.274326888556632,0.479,0.343,1,"ITPKB",0,"NS"
0.00384609142215909,-0.358325920530306,0.453,0.506,1,"S100A11",0,"NS"
0.00385009574732137,-0.0282730483892419,0.108,0.046,1,"NRIP1",0,"NS"
0.00385079590576258,-0.448928357924987,0.477,0.525,1,"IK",0,"NS"
0.00385534214364985,0.109130595631054,0.3,0.188,1,"NOP2",0,"NS"
0.00385768174124528,0.220617207997055,0.519,0.37,1,"HCFC1",0,"NS"
0.00386061674084435,0.303446976779787,0.317,0.21,1,"SMARCC1",0,"NS"
0.00386591418380271,0.209391322327813,0.885,0.679,1,"LINC00507",0,"NS"
0.00386672628307556,0.234271986496168,0.383,0.256,1,"SF3A3",0,"NS"
0.003872634444768,0.38978073435149,0.263,0.164,1,"CFDP1",0,"NS"
0.00388630667095091,0.449589632935071,0.312,0.21,1,"VPRBP",0,"NS"
0.00388817042175523,0.104159679702805,0.817,0.611,1,"ANGEL2",0,"NS"
0.00391483707193397,0.413582959193718,0.16,0.083,1,"AGAP8",0,"NS"
0.00392420854755064,0.0347816121884967,0.878,0.63,1,"PPM1D",0,"NS"
0.003952313895886,-0.249941089771451,0.615,0.633,1,"RPS4Y1",0,"NS"
0.00395944533398415,0.378716167993779,0.202,0.117,1,"FKBP4",0,"NS"
0.00396384697523989,0.757092650157994,0.127,0.062,1,"KNTC1",0,"NS"
0.00396422856933035,0.164066036744085,0.93,0.741,1,"ZNF621",0,"NS"
0.00397417953947837,0.658399858564876,0.164,0.09,1,"FAAH2",0,"NS"
0.00399553641646531,0.284153530887759,0.523,0.392,1,"PHIP",0,"NS"
0.00400552587235069,0.134651725611088,0.962,0.861,1,"KREMEN1",0,"NS"
0.00400955547555587,0.515305893015759,0.296,0.201,1,"TCOF1",0,"NS"
0.00401374656849518,0.838742319148867,0.127,0.062,1,"GPX7",0,"NS"
0.00402440435663808,0.245047007298252,0.181,0.099,1,"EIF3B",0,"NS"
0.0040289685398414,0.107728529974864,0.261,0.157,1,"MAML1",0,"NS"
0.00404312776304043,-0.0459555352412657,0.866,0.645,1,"ATP6V0A2",0,"NS"
0.00404452251982204,0.114704304882523,0.338,0.216,1,"DPYD",0,"NS"
0.00405075090797337,0.324791773013641,0.129,0.062,1,"SLC43A1",0,"NS"
0.00405559969782793,0.0849156755514021,0.772,0.577,1,"DCP2",0,"NS"
0.00410329523361375,0.163833869536561,0.965,0.821,1,"LOC440300",0,"NS"
0.00411675430395618,0.174979166471113,0.239,0.142,1,"QSOX1",0,"NS"
0.00412168761704158,0.206532451551474,0.899,0.71,1,"LRRN4CL",0,"NS"
0.00414296076296297,0.315901998439942,0.286,0.182,1,"AP3D1",0,"NS"
0.00416018923058638,0.24890681189082,0.88,0.698,1,"NFX1",0,"NS"
0.00417736112988696,0.371256990832311,0.146,0.074,1,"TFCP2",0,"NS"
0.00418608505031496,-0.18244095299549,0.643,0.432,1,"GAPVD1",0,"NS"
0.00419442440941143,-0.0527217781802665,0.16,0.083,1,"PRKD3",0,"NS"
0.00419847669475355,-0.234163640191784,0.685,0.448,1,"LOC387723",0,"NS"
0.00419968115355445,-0.149495104678584,0.148,0.074,1,"ARMCX4",0,"NS"
0.00423164941984707,-0.00135995986164822,0.739,0.5,1,"PDAP1",0,"NS"
0.00426331096645504,0.461757580242798,0.228,0.136,1,"CCS",0,"NS"
0.00426754952811628,0.942360619897946,0.141,0.074,1,"RWDD2B",0,"NS"
0.00427913039379088,0.18299906165185,0.899,0.676,1,"DMC1",0,"NS"
0.00430233413470929,0.144866532090495,0.373,0.247,1,"LOC100272216",0,"NS"
0.00430951509760338,0.614781964712636,0.221,0.136,1,"VBP1",0,"NS"
0.00433844816339471,0.230899318293996,0.423,0.296,1,"KDM5D",0,"NS"
0.00434056238151825,0.24326397553503,0.308,0.201,1,"CSE1L",0,"NS"
0.00434127413013157,0.214217253395493,0.876,0.769,1,"SRRM2",0,"NS"
0.00436645575280333,0.429118842458596,0.2,0.117,1,"CLCN7",0,"NS"
0.0043678450858822,0.883916698946221,0.117,0.056,1,"SREBF1",0,"NS"
0.00438923947769037,1.01097079034492,0.103,0.046,1,"RBM15B",0,"NS"
0.00439753565345312,0.464886276842956,0.207,0.123,1,"SSRP1",0,"NS"
0.00440031775834776,-0.337685740523819,0.406,0.259,1,"CEP63",0,"NS"
0.00440084274804203,0.144786463507039,0.854,0.596,1,"LOC100505989",0,"NS"
0.00443919257855338,0.0671088043322412,0.998,0.985,1,"METTL21A",0,"NS"
0.00444234344387568,-0.591464896116333,0.246,0.321,1,"TSTD1",0,"NS"
0.00444785009592327,-0.15475916825013,0.124,0.059,1,"LOC100133161",0,"NS"
0.00445180263641394,-0.190302838061576,0.681,0.676,1,"PARK7",0,"NS"
0.00445805216766183,0.174205247693896,0.134,0.065,1,"POLA2",0,"NS"
0.00446485099811364,-0.224158538584765,0.326,0.201,1,"ANKDD1A",0,"NS"
0.00449288511567223,0.419501334594466,0.249,0.157,1,"DGCR2",0,"NS"
0.00449384825282311,-0.485019860265842,0.474,0.5,1,"ENSA",0,"NS"
0.00453141188731892,0.192775469855273,0.986,0.864,1,"FBXL20",0,"NS"
0.00453293421739292,-0.0772213899353364,0.812,0.549,1,"PDE11A",0,"NS"
0.00453955619462964,0.819504684963785,0.129,0.065,1,"UBE2D1",0,"NS"
0.00456870208720273,0.34446676541002,0.207,0.12,1,"SMS",0,"NS"
0.00458130065411979,0.26180020119141,0.251,0.154,1,"ATXN2",0,"NS"
0.00458662808194704,0.335855365053417,0.34,0.231,1,"PPIL4",0,"NS"
0.00458793075750301,0.55233256379543,0.202,0.12,1,"CIZ1",0,"NS"
0.00459769964688029,0.141359302661864,0.998,0.935,1,"FBLIM1",0,"NS"
0.00460635913107172,0.191195595411288,0.934,0.704,1,"ZSWIM1",0,"NS"
0.00461074323844069,-0.181610877911661,0.312,0.191,1,"AMFR",0,"NS"
0.0046131922316144,0.325478898370257,0.39,0.278,1,"SAFB2",0,"NS"
0.00463728285263165,0.109776113285446,0.96,0.806,1,"RFT1",0,"NS"
0.00464060406914824,0.644393267290951,0.162,0.09,1,"YWHAH",0,"NS"
0.00465889668778291,0.188043860522556,0.96,0.812,1,"COX18",0,"NS"
0.00467662929505402,0.54200941127088,0.153,0.08,1,"RELB",0,"NS"
0.0046769995859041,-0.357826645234255,0.683,0.426,1,"AGPAT6",0,"NS"
0.00468570468994375,-0.572251421531508,0.148,0.074,1,"DPEP2",0,"NS"
0.00469780899450731,0.123527075654909,0.866,0.667,1,"LOC400891",0,"NS"
0.00471357024675653,0.690797765851178,0.141,0.074,1,"TXNL4A",0,"NS"
0.00471378448125558,0.299623647530159,0.251,0.157,1,"PHF12",0,"NS"
0.00472609279257942,0.563045588219381,0.127,0.062,1,"DHRS1",0,"NS"
0.00473369671613814,0.722941665151961,0.178,0.102,1,"TBL1X",0,"NS"
0.00474161222243478,0.543901523486264,0.19,0.111,1,"JMY",0,"NS"
0.00477245398678533,0.371227792069252,0.331,0.222,1,"MRPS5",0,"NS"
0.00477262650886159,0.071095206209834,0.671,0.485,1,"MON2",0,"NS"
0.00479202995552229,0.146672605992907,0.293,0.185,1,"PHF20L1",0,"NS"
0.00480535997052574,0.197629332532798,0.216,0.127,1,"ENO2",0,"NS"
0.004836154905342,-0.0889968258420439,1,0.997,1,"ODF2L",0,"NS"
0.00483857151979905,0.177011167126242,0.89,0.685,1,"EIF2S3",0,"NS"
0.00484931021751236,0.322665138411817,0.235,0.145,1,"IFT80",0,"NS"
0.00485154881408032,0.254187488014209,0.634,0.494,1,"TPP1",0,"NS"
0.00485387105984333,0.122471348205507,0.915,0.744,1,"MGC27345",0,"NS"
0.00486099914830333,0.281670047584852,0.39,0.265,1,"GMDS",0,"NS"
0.00489530155328674,0.30101683734998,0.16,0.086,1,"PMS2",0,"NS"
0.00493686849422178,0.208677183854446,0.887,0.698,1,"CLUAP1",0,"NS"
0.00495660801776807,-0.0584319040961621,0.106,0.046,1,"C1QTNF1",0,"NS"
0.00496580598201972,-0.093022331823639,0.995,0.991,1,"IKZF3",0,"NS"
0.0049754819148368,0.201782712777763,0.955,0.762,1,"CYP1A2",0,"NS"
0.00499433740630042,0.124284607338178,0.324,0.21,1,"KANSL3",0,"NS"
0.00500305996378688,0.233462140656754,0.918,0.809,1,"SF3B3",0,"NS"
0.00502700253384233,-0.102333584196058,0.692,0.46,1,"TET2",0,"NS"
0.00502872069516317,0.706892978820655,0.153,0.083,1,"LOC92249",0,"NS"
0.00506142431529038,0.341348406314654,0.265,0.17,1,"PPM1A",0,"NS"
0.00508194525154805,-0.350388370262249,0.498,0.571,1,"IFNG",0,"NS"
0.00511782491327017,0.295057218010281,0.366,0.247,1,"NDFIP2",0,"NS"
0.0051233303689566,-0.0695510951534172,0.805,0.515,1,"CCDC163P",0,"NS"
0.00513174272181353,-0.150783858125538,0.582,0.395,1,"SLC35E2B",0,"NS"
0.00515671830403127,0.0224915947005204,0.812,0.556,1,"SNHG16",0,"NS"
0.00517867985441166,0.472450955773878,0.232,0.145,1,"GPR18",0,"NS"
0.00518712464195888,0.357501614399827,0.164,0.09,1,"OSBPL7",0,"NS"
0.00518789524463448,0.658455440367566,0.129,0.065,1,"SEC14L2",0,"NS"
0.00519014887423026,0.32661566240169,0.2,0.117,1,"TBC1D14",0,"NS"
0.00519506859023859,0.143952900181198,0.218,0.127,1,"CAPNS1",0,"NS"
0.00521325330999711,-0.1495495118453,0.89,0.846,1,"ARGLU1",0,"NS"
0.00521972586495896,-0.0852958924540931,0.744,0.515,1,"LOC100506776",0,"NS"
0.0052252883631021,0.0717020347746582,0.242,0.145,1,"SAP130",0,"NS"
0.005228726592495,-0.16906575546088,0.709,0.691,1,"CHCHD2",0,"NS"
0.00523344059508321,0.370952431256371,0.293,0.194,1,"MDN1",0,"NS"
0.00524120534724889,0.163746036866932,0.965,0.87,1,"AP1S3",0,"NS"
0.00524473208374251,-0.473467833747551,0.533,0.559,1,"RBPJ",0,"NS"
0.00525583176635856,0.110901485058626,0.796,0.543,1,"SNX22",0,"NS"
0.00526020703157245,0.414446219808182,0.138,0.071,1,"PRPF40B",0,"NS"
0.00532450015656457,0.330037086236161,0.324,0.216,1,"KCNK5",0,"NS"
0.00534919276879968,0.558876113752789,0.134,0.068,1,"TOM1L2",0,"NS"
0.00540555950811616,-0.487319913800849,0.385,0.438,1,"TARP",0,"NS"
0.00541291945761951,0.662254010729381,0.164,0.093,1,"ANKLE2",0,"NS"
0.00542352842990307,0.0536155184422102,0.286,0.179,1,"DNAJA4",0,"NS"
0.00542556139430667,0.256463736734669,0.477,0.349,1,"ESYT1",0,"NS"
0.00542584787143644,0.050467854392262,0.915,0.713,1,"C1orf86",0,"NS"
0.00546490201887777,0.172209353594543,0.923,0.719,1,"BHMT2",0,"NS"
0.00546855979693634,0.179126240303749,0.498,0.352,1,"ANAPC5",0,"NS"
0.00549529943603988,0.485251893328413,0.183,0.105,1,"ZFYVE28",0,"NS"
0.00550458303923349,0.336577789707319,0.183,0.105,1,"MASTL",0,"NS"
0.00551761224033621,-0.313862784527786,0.216,0.123,1,"GOLPH3L",0,"NS"
0.00552592604200293,-0.0025198159961719,0.207,0.117,1,"ARRDC5",0,"NS"
0.00556788911483705,0.372102334835157,0.146,0.077,1,"SH2B1",0,"NS"
0.00557674069483675,0.255922099106206,0.484,0.349,1,"SDCBP",0,"NS"
0.0056206938969854,0.0612969245590478,0.822,0.608,1,"SYT11",0,"NS"
0.0056368081718231,-0.102526289960556,0.908,0.852,1,"LCP1",0,"NS"
0.00563870657899584,0.0847807045800256,0.984,0.904,1,"HOOK3",0,"NS"
0.00564325997760718,0.298176461786306,0.462,0.33,1,"HADHA",0,"NS"
0.00564934515795885,0.297139898361992,0.176,0.099,1,"EIF2B5",0,"NS"
0.00566018302343245,0.449552999535798,0.15,0.08,1,"DAP",0,"NS"
0.00567459617224829,-0.69795518844358,0.143,0.071,1,"SLC5A10",0,"NS"
0.0056766683430084,0.124929408957497,0.58,0.404,1,"LOC389791",0,"NS"
0.00568892572626783,0.290894270114078,0.427,0.302,1,"C19orf66",0,"NS"
0.00571115680591631,0.0647723005104887,0.904,0.704,1,"SLC35A3",0,"NS"
0.00572671011272683,0.312780682642175,0.197,0.114,1,"NDOR1",0,"NS"
0.00574546411676374,0.099380362057139,0.995,0.954,1,"HYDIN2",0,"NS"
0.00577471005009624,0.00877059778862599,0.847,0.617,1,"PRKXP1",0,"NS"
0.00577489581045447,0.158379598336951,0.664,0.494,1,"SLFN5",0,"NS"
0.00577712462365857,0.729312762644104,0.115,0.056,1,"CPNE8",0,"NS"
0.00578354410346964,-0.181090472938766,0.744,0.75,1,"TXNIP",0,"NS"
0.005786376582796,0.138961068571451,0.805,0.611,1,"ARL17A",0,"NS"
0.00581720667249867,0.190901234338964,0.413,0.272,1,"C5orf56",0,"NS"
0.00583496627966916,0.00992543458244732,0.8,0.574,1,"STK10",0,"NS"
0.00584077904381441,-0.0417408734090491,0.789,0.531,1,"ZNF696",0,"NS"
0.00586557125972808,0.211281791399813,0.134,0.068,1,"IPPK",0,"NS"
0.00587130719173734,0.149601847884324,0.932,0.809,1,"GEMIN8",0,"NS"
0.00589059051754816,0.10296645970386,0.84,0.651,1,"PTPRJ",0,"NS"
0.00590643660619923,0.305623142567517,0.401,0.281,1,"HPS1",0,"NS"
0.00594167951768969,-0.157168709620602,0.749,0.731,1,"CD99",0,"NS"
0.00597109787218133,0.588202653522363,0.136,0.071,1,"BBS2",0,"NS"
0.00597469904983527,0.640996889298868,0.115,0.056,1,"TGFBR1",0,"NS"
0.00597546655713342,0.578687102712894,0.232,0.148,1,"PIEZO1",0,"NS"
0.0059840904885407,0.397389748218344,0.19,0.111,1,"BRAP",0,"NS"
0.00598716664330686,0.186213867258365,0.326,0.216,1,"BRD8",0,"NS"
0.00600298607018278,0.276760852379007,0.319,0.213,1,"RAC1",0,"NS"
0.00600725834462266,0.782280107351486,0.127,0.065,1,"SYNGAP1",0,"NS"
0.00602645908142598,0.75714071733075,0.11,0.052,1,"C1orf21",0,"NS"
0.00604394220613864,0.487677292149547,0.12,0.059,1,"KLHL3",0,"NS"
0.00606038291882889,-0.0380704325180613,0.366,0.238,1,"ASCC1",0,"NS"
0.00606282756191916,0.373015898554856,0.303,0.204,1,"CHMP1A",0,"NS"
0.00606994572125004,0.0766957959709234,0.862,0.58,1,"METTL7A",0,"NS"
0.00610051756050313,0.427204327852051,0.103,0.046,1,"WDR81",0,"NS"
0.0061033276235707,0.301152839988512,0.312,0.207,1,"UBLCP1",0,"NS"
0.00613812081395719,0.34063962201141,0.282,0.185,1,"KDM6A",0,"NS"
0.0061449422128923,-0.139628030956826,0.493,0.318,1,"CHMP3",0,"NS"
0.00614719246592745,0.235916424475061,0.465,0.318,1,"HMGB2",0,"NS"
0.00618938637376605,-0.0375621268216943,0.749,0.525,1,"SMARCA5",0,"NS"
0.00619494165347026,0.34063766268261,0.263,0.17,1,"CLIP4",0,"NS"
0.00622550520992429,0.497203411793082,0.171,0.099,1,"ATP5J2-PTCD1",0,"NS"
0.00625014669652281,0.578755757370838,0.169,0.096,1,"BEX4",0,"NS"
0.00625585111875536,0.214793094362115,0.322,0.213,1,"ESCO1",0,"NS"
0.00625936979894996,0.082619962252866,0.277,0.176,1,"MTMR3",0,"NS"
0.00626202173370058,0.585945167163578,0.244,0.16,1,"METTL3",0,"NS"
0.00626810191766391,0.307275297126065,0.207,0.123,1,"RIPK1",0,"NS"
0.00627285465557942,-0.174477917269898,0.556,0.352,1,"MRPL52",0,"NS"
0.00628015957534024,-0.143141589480146,0.275,0.173,1,"UBR5",0,"NS"
0.0063004147548735,-0.095643000804855,0.347,0.219,1,"RABIF",0,"NS"
0.00630928432345476,0.153520709064226,0.89,0.648,1,"MRPL30",0,"NS"
0.00630953092924538,0.807020258240357,0.134,0.071,1,"TRUB2",0,"NS"
0.00635515071596357,0.643516007338145,0.244,0.164,1,"BCKDHA",0,"NS"
0.00635529871823823,0.416546251852011,0.15,0.08,1,"HIST1H2BD",0,"NS"
0.00635571515647274,0.0854329510315966,0.894,0.62,1,"ZNF486",0,"NS"
0.00638941693416903,0.213942938552664,0.883,0.642,1,"NME6",0,"NS"
0.00639757412434322,0.665795919198356,0.11,0.052,1,"FAS-AS1",0,"NS"
0.00641789110144411,0.348038250419007,0.185,0.108,1,"HDAC6",0,"NS"
0.00641945985575987,-0.364348011593818,0.441,0.512,1,"HCP5",0,"NS"
0.00642812018210621,0.135691966880273,0.88,0.66,1,"SLC7A5P2",0,"NS"
0.00644360796105504,-0.269219189236029,0.695,0.71,1,"CD44",0,"NS"
0.00644567377922968,-0.197921727832663,0.984,0.963,1,"CTSC",0,"NS"
0.00644606700719495,0.165462559183354,0.915,0.744,1,"GOLGA2",0,"NS"
0.00646385170413142,-1.13429596241342,0.08,0.139,1,"HCG26",0,"NS"
0.00648589447815768,-0.064477213633908,0.573,0.392,1,"CTC1",0,"NS"
0.0065034964404902,0.15924240766868,0.969,0.821,1,"NMT2",0,"NS"
0.00651655388338659,0.758682382161115,0.246,0.17,1,"ATP6V1B2",0,"NS"
0.00653376600414568,0.318016131136334,0.141,0.074,1,"TTLL4",0,"NS"
0.00654016584211854,0.101552497715093,0.613,0.444,1,"VAPA",0,"NS"
0.00654079672631901,0.194721716612401,0.3,0.198,1,"PAF1",0,"NS"
0.00654533590427983,0.189973316116628,0.108,0.049,1,"PGAP2",0,"NS"
0.00657668409174348,0.587046345703985,0.167,0.096,1,"DDX41",0,"NS"
0.00657760774032657,-0.268848089809064,0.901,0.833,1,"BTN3A2",0,"NS"
0.00657988281208536,0.274067630907366,0.566,0.435,1,"UHMK1",0,"NS"
0.0065907364833434,0.549725839624952,0.11,0.052,1,"ZNF649",0,"NS"
0.00660571247867404,-0.151961830252516,0.27,0.167,1,"POLR1E",0,"NS"
0.00660670565033545,0.737793759171844,0.138,0.074,1,"MAP2K1",0,"NS"
0.00661258012961429,0.16514132525862,0.965,0.843,1,"NLRP12",0,"NS"
0.00661627053560805,-0.21969248599872,0.742,0.5,1,"GTPBP1",0,"NS"
0.00661998729379628,0.16635996881829,0.934,0.806,1,"CNNM3",0,"NS"
0.00662023181605104,0.377906292487803,0.312,0.216,1,"OXCT1",0,"NS"
0.00663245284613202,0.184892829303934,0.908,0.704,1,"C4orf19",0,"NS"
0.00664039875310572,0.2955543066801,0.242,0.151,1,"MFSD1",0,"NS"
0.00664156777198289,-1.20491369942798,0.131,0.194,1,"PLIN2",0,"NS"
0.00664539671826959,0.222818315251849,0.427,0.309,1,"JARID2",0,"NS"
0.00664658103643981,0.662752389872483,0.127,0.065,1,"AMMECR1",0,"NS"
0.0066518617919087,-0.444146776619531,0.486,0.312,1,"WWC3",0,"NS"
0.00665706386117286,0.00921986679080367,0.455,0.321,1,"EP400",0,"NS"
0.00667871562620588,0.669606911012445,0.131,0.068,1,"AK4",0,"NS"
0.00669773501733391,0.10445129816561,0.138,0.071,1,"PDE4A",0,"NS"
0.00669810998308925,0.161542463935543,0.272,0.173,1,"EPS15L1",0,"NS"
0.00671376142626868,0.749035296178814,0.101,0.046,1,"LMO7",0,"NS"
0.00677651123423891,0.0795234429115035,0.12,0.059,1,"TTC22",0,"NS"
0.00678145520352221,0.133667955708859,0.2,0.117,1,"L3MBTL3",0,"NS"
0.00678381615628291,0.174512120058458,0.27,0.173,1,"BAG6",0,"NS"
0.0067867091174036,-0.669581225009006,0.601,0.565,1,"GPR56",0,"NS"
0.00679053892184614,0.432308248136642,0.228,0.142,1,"VKORC1",0,"NS"
0.00680811568410847,0.235118229548487,0.509,0.377,1,"TARDBP",0,"NS"
0.00681341398193737,0.219980119408046,0.362,0.247,1,"CLSTN3",0,"NS"
0.00681853434986491,-0.133098869637374,0.681,0.451,1,"HERPUD2",0,"NS"
0.00682461502442948,-0.036247160409473,0.223,0.133,1,"GSDMB",0,"NS"
0.00683246898809254,0.654450155506986,0.127,0.065,1,"IFI30",0,"NS"
0.00687219925375166,0.33108121339668,0.228,0.142,1,"C5orf22",0,"NS"
0.00687405203882229,0.417970830632227,0.23,0.145,1,"SLFN12L",0,"NS"
0.0068834114712994,0.301547885487061,0.322,0.216,1,"CIR1",0,"NS"
0.00688869113445847,0.51934937685245,0.131,0.068,1,"SOCS5",0,"NS"
0.00689135943423513,0.157431585675816,0.646,0.463,1,"PTCD3",0,"NS"
0.00690715587543449,0.129802584950673,0.183,0.105,1,"WASH5P",0,"NS"
0.00691707131642465,0.546700291410678,0.169,0.096,1,"CD79B",0,"NS"
0.00691944345811274,0.127264562212689,0.977,0.886,1,"LINC00294",0,"NS"
0.00692446609349936,0.0320790935420829,0.225,0.136,1,"RAD51B",0,"NS"
0.00694485082108863,0.00829620868554592,0.815,0.586,1,"ZNF528",0,"NS"
0.00695441613787588,0.370651450919508,0.164,0.093,1,"LDB1",0,"NS"
0.00695592512510608,0.0204816951079956,0.634,0.457,1,"CLTC",0,"NS"
0.00696116433646994,0.480974418511415,0.221,0.139,1,"PRMT7",0,"NS"
0.00696646043445756,0.440382154265045,0.164,0.093,1,"UBR7",0,"NS"
0.00697527552447624,0.319833482808629,0.383,0.265,1,"PMF1",0,"NS"
0.00698182889176621,0.26834598886068,0.153,0.083,1,"CTDP1",0,"NS"
0.00699124711719208,0.163915038281961,0.857,0.673,1,"TGOLN2",0,"NS"
0.00701448324078511,0.182862437741691,0.96,0.809,1,"FBXO27",0,"NS"
0.00701685832743023,0.115654256098002,0.984,0.886,1,"USP33",0,"NS"
0.00703795369365929,0.343216002013471,0.369,0.262,1,"ARID1B",0,"NS"
0.0070392264151985,0.173764136052444,0.944,0.806,1,"CPT1A",0,"NS"
0.00706378053336272,0.667282842431304,0.101,0.046,1,"TMEM251",0,"NS"
0.00706721631273986,-0.0812022654666673,0.258,0.16,1,"RERE",0,"NS"
0.0070736065024338,0.144956431427738,0.937,0.731,1,"NXPE3",0,"NS"
0.00707441531802586,-0.0457963017442167,0.824,0.559,1,"PNO1",0,"NS"
0.0070818554181513,0.592016378021167,0.11,0.052,1,"PRPF19",0,"NS"
0.00708554457356378,0.614669969729014,0.106,0.049,1,"SNAPC2",0,"NS"
0.00709060014327274,0.679489537359972,0.146,0.08,1,"PRCP",0,"NS"
0.0070913574195866,0.230064174564184,0.772,0.639,1,"PYHIN1",0,"NS"
0.00709168203211963,0.194148507621126,0.362,0.253,1,"TRRAP",0,"NS"
0.00710862318611106,0.643545641840907,0.15,0.083,1,"ZC3H3",0,"NS"
0.00710989765400874,0.141277162404207,0.979,0.864,1,"LOC90834",0,"NS"
0.00712007196040981,0.280502815434054,0.284,0.185,1,"CTR9",0,"NS"
0.0071289088224965,0.368040572093792,0.192,0.114,1,"ORC3",0,"NS"
0.00713641545467223,0.630202484680447,0.122,0.062,1,"ARG2",0,"NS"
0.00715572897016035,0.370243346109375,0.216,0.133,1,"GRAMD1A",0,"NS"
0.00716047198679516,-0.0486178343319966,0.793,0.509,1,"ZNF667",0,"NS"
0.00722507229042001,0.81583350219984,0.117,0.059,1,"NEBL",0,"NS"
0.00725405194907755,0.33435658737622,0.263,0.17,1,"SDAD1",0,"NS"
0.00726224187081735,0.339757064134565,0.153,0.083,1,"ABAT",0,"NS"
0.00726338449667735,-0.306919090082397,0.115,0.056,1,"ZNF442",0,"NS"
0.00729247015313246,0.443450034452555,0.223,0.139,1,"DNAH1",0,"NS"
0.00729252007307429,0.431159610947067,0.169,0.096,1,"MRPS18A",0,"NS"
0.00731735909143273,0.376997192415954,0.169,0.096,1,"CD244",0,"NS"
0.00732797996354101,0.158674271459995,0.275,0.176,1,"MTSS1",0,"NS"
0.00735261914690083,0.0222305457695778,0.808,0.571,1,"NPAP1",0,"NS"
0.00735855193780342,-0.234478529592249,0.279,0.173,1,"DAPK2",0,"NS"
0.00736055325241675,0.691380345860425,0.113,0.056,1,"IFI27",0,"NS"
0.00736442902395536,0.171643893373725,0.235,0.145,1,"CKAP5",0,"NS"
0.00737039206352285,0.454692646713628,0.11,0.052,1,"MFSD5",0,"NS"
0.0073845429040679,0.274667670063853,0.369,0.265,1,"MAF",0,"NS"
0.00739738490540985,0.176217715039909,0.923,0.725,1,"RAB2B",0,"NS"
0.00744687538828794,0.397606937251422,0.254,0.167,1,"JAK2",0,"NS"
0.0074595002346939,0.437415558707001,0.221,0.139,1,"MYO9A",0,"NS"
0.00746284612959616,0.14917128207448,0.167,0.093,1,"C16orf88",0,"NS"
0.00747562293835106,0.634916028044196,0.164,0.096,1,"CDC37L1",0,"NS"
0.00749301585282225,0.493318327584417,0.249,0.164,1,"IGSF8",0,"NS"
0.00752933931864234,0.546560558625285,0.181,0.108,1,"EIF2AK3",0,"NS"
0.00754170698460658,0.36662530226336,0.27,0.179,1,"POLR3E",0,"NS"
0.00755077163283426,-0.0811994591400134,0.202,0.117,1,"GRINA",0,"NS"
0.00755850117351911,-0.31437306727206,0.657,0.685,1,"IQGAP1",0,"NS"
0.00758285422418526,0.191121896777261,0.934,0.75,1,"EPPIN",0,"NS"
0.00760410019039955,-0.0531011388170515,0.951,0.929,1,"RPS2",0,"NS"
0.00764512503966409,0.168213643973872,0.857,0.605,1,"LOC100129269",0,"NS"
0.0076452659257371,-0.13311824098558,0.3,0.191,1,"RIT1",0,"NS"
0.00764701191085842,0.0043378518331274,0.585,0.401,1,"TIPRL",0,"NS"
0.00764901892366433,0.526838443284692,0.178,0.105,1,"COPS3",0,"NS"
0.00767089588027698,0.238403795788392,0.315,0.213,1,"CWC22",0,"NS"
0.00767570365887356,0.296350270969515,0.303,0.207,1,"TBC1D22A",0,"NS"
0.00768944461331709,-0.0718761113882842,0.284,0.179,1,"ATN1",0,"NS"
0.00770358119440338,0.173761084745965,0.23,0.142,1,"ASXL1",0,"NS"
0.00771394787417509,0.284704557053952,0.418,0.302,1,"TRAFD1",0,"NS"
0.00773689752416663,0.359982267829847,0.322,0.225,1,"SCAF4",0,"NS"
0.0077593469638785,0.404384629654267,0.246,0.16,1,"PTAR1",0,"NS"
0.00776158919670738,0.801423909379539,0.141,0.077,1,"ZNF439",0,"NS"
0.00785205835379782,0.35769702818269,0.195,0.117,1,"UBA5",0,"NS"
0.00786759518955205,0.254518204844742,0.115,0.056,1,"LY86-AS1",0,"NS"
0.00787527003116557,0.36469642750455,0.232,0.145,1,"MRPS14",0,"NS"
0.0078795282643603,0.192884256606849,0.127,0.065,1,"DNAJC27",0,"NS"
0.00788059372066177,-0.652547190337432,0.225,0.299,1,"MX1",0,"NS"
0.0078873110506284,-0.163253946039391,0.423,0.278,1,"HYPK",0,"NS"
0.00788868560146537,0.157170717830429,0.951,0.843,1,"LOC728558",0,"NS"
0.0079126554883785,0.282039698864705,0.204,0.123,1,"RAB30",0,"NS"
0.00791994783091406,0.674873642595649,0.108,0.052,1,"CSRNP2",0,"NS"
0.00792083800332489,0.784794350882866,0.103,0.049,1,"ARHGAP12",0,"NS"
0.00793436041596676,-0.020075406050478,0.143,0.074,1,"LOC729739",0,"NS"
0.00797007628581843,0.514617531429014,0.174,0.102,1,"MED8",0,"NS"
0.00800259927120782,-0.446436250029112,0.127,0.065,1,"MRVI1",0,"NS"
0.00800638986560476,0.36301850306559,0.122,0.062,1,"ST7L",0,"NS"
0.00800811386730309,0.169749608287075,0.831,0.562,1,"LOC284379",0,"NS"
0.00804151358888053,0.502383180564123,0.117,0.059,1,"PIGK",0,"NS"
0.00804696717512125,0.196083107391675,0.333,0.225,1,"SMG6",0,"NS"
0.0080576819397247,0.392075198734629,0.117,0.059,1,"RDH13",0,"NS"
0.00807509779403971,0.222259416355496,0.38,0.259,1,"LOC728190",0,"NS"
0.00807945503329972,-0.427887523954218,0.11,0.052,1,"USP32P2",0,"NS"
0.00809232719016593,0.802325307399009,0.103,0.049,1,"THAP11",0,"NS"
0.00810556536305848,0.099578290736215,0.876,0.66,1,"SCAF11",0,"NS"
0.00813041287326091,-0.0746089270505457,1,0.991,1,"LOC643406",0,"NS"
0.00813134726413687,0.243189162723379,0.291,0.194,1,"SUGT1",0,"NS"
0.00813522846269298,-0.413614301908675,0.432,0.466,1,"ATPIF1",0,"NS"
0.00814611375170409,0.603675470028118,0.124,0.065,1,"PGRMC2",0,"NS"
0.00816603072584374,0.85265510416073,0.12,0.062,1,"CINP",0,"NS"
0.00819365921522739,0.1416924170321,0.967,0.883,1,"MTFMT",0,"NS"
0.00822842539670054,-0.448400524221733,0.439,0.478,1,"VCAM1",0,"NS"
0.00823142322083238,-0.302030478466462,0.197,0.114,1,"ATP2A2",0,"NS"
0.00823881160396355,0.320786938873107,0.31,0.216,1,"DICER1",0,"NS"
0.00824343575664815,0.0636081215176376,0.803,0.583,1,"IPCEF1",0,"NS"
0.00829294172018197,0.192806750097651,0.629,0.448,1,"BSG",0,"NS"
0.0082979703331151,0.160965867181277,0.89,0.719,1,"RSL1D1",0,"NS"
0.00830974074386679,0.268016279750361,0.216,0.133,1,"RARS2",0,"NS"
0.00832763992138009,0.604641925080102,0.108,0.052,1,"HSDL2",0,"NS"
0.0083513188125487,0.278442581648664,0.202,0.12,1,"UGCG",0,"NS"
0.00837473918456996,-0.148023234022272,0.831,0.574,1,"MTAP",0,"NS"
0.00841510367044547,-0.0652676473484861,0.655,0.457,1,"KRAS",0,"NS"
0.00843286698445628,0.230061298959277,0.531,0.386,1,"CLDND1",0,"NS"
0.00844039063290124,0.0628049682788945,0.43,0.296,1,"USP8",0,"NS"
0.00844161931544937,0.0387577496384202,0.472,0.327,1,"ZFC3H1",0,"NS"
0.00845598874645094,-0.0372569360309554,0.146,0.077,1,"LOC145474",0,"NS"
0.0084946518408464,0.749482906060747,0.155,0.09,1,"OBFC1",0,"NS"
0.00851433149936871,-0.324361556658737,0.16,0.086,1,"CENPI",0,"NS"
0.00853660795602033,0.308569133593612,0.216,0.133,1,"SLC35B2",0,"NS"
0.00854437986544454,-0.152511687847839,0.735,0.46,1,"C1orf220",0,"NS"
0.00854492453985641,0.194592347713069,0.925,0.787,1,"CD96",0,"NS"
0.00855035552552497,0.706689015502148,0.113,0.056,1,"KANSL1-AS1",0,"NS"
0.00855385595580426,0.834801836701025,0.103,0.049,1,"FHOD1",0,"NS"
0.00859795596349509,0.0473744860199956,0.812,0.614,1,"ZNF451",0,"NS"
0.00859814180172416,0.593294780775733,0.19,0.117,1,"TRAPPC13",0,"NS"
0.00861136144692621,-0.802958263875234,0.148,0.077,1,"FHL2",0,"NS"
0.0086210199164534,-0.121481972061458,0.7,0.485,1,"LIN54",0,"NS"
0.008644053454575,0.222138061441759,0.702,0.537,1,"DDX39B",0,"NS"
0.00865567825060386,-0.029443839874628,0.275,0.173,1,"PMS1",0,"NS"
0.00865723382408133,0.293901448399203,0.392,0.284,1,"KAT7",0,"NS"
0.00867533893281317,0.568895317394923,0.183,0.111,1,"FCRL6",0,"NS"
0.00868758492555929,0.0745096823846461,0.39,0.256,1,"PTMS",0,"NS"
0.00869321796194489,-0.622246709213536,0.106,0.049,1,"LRRC37A6P",0,"NS"
0.00870915929894051,0.17151839099791,0.894,0.676,1,"CLN8",0,"NS"
0.00871313122213924,0.093631358760098,0.864,0.679,1,"KIAA2018",0,"NS"
0.00875969321771508,0.171477317750887,0.286,0.191,1,"NOTCH2",0,"NS"
0.00881031513108468,0.241975690625088,0.319,0.213,1,"ZFAND6",0,"NS"
0.00884338152324446,-0.139847480360353,0.653,0.42,1,"PIPOX",0,"NS"
0.0088463911842784,0.1537740029175,0.218,0.133,1,"PATL1",0,"NS"
0.00890654100520788,0.171305509733805,0.34,0.231,1,"FBXL5",0,"NS"
0.0089415003789506,0.212482175616936,0.291,0.188,1,"PSME3",0,"NS"
0.00896419609655376,0.535398922583345,0.153,0.086,1,"CHKA",0,"NS"
0.00898947408564561,0.236814049006606,0.509,0.38,1,"CDK5RAP3",0,"NS"
0.00901103048519827,0.866459259313988,0.153,0.09,1,"CCDC22",0,"NS"
0.00908253671331273,0.552646741027073,0.164,0.096,1,"ALG3",0,"NS"
0.00908293227228711,0.123437482206244,0.908,0.657,1,"GTF2H5",0,"NS"
0.00910037152104811,-0.311800037043046,0.615,0.395,1,"GGA1",0,"NS"
0.00910564043908289,-0.331553953919587,0.113,0.056,1,"LOC100132891",0,"NS"
0.00912409980432699,0.174800524672385,0.108,0.052,1,"GOLGA6L5",0,"NS"
0.00913339508765999,0.60682868861772,0.16,0.093,1,"AGTPBP1",0,"NS"
0.00914066407479252,0.13287874604899,0.979,0.923,1,"KLRD1",0,"NS"
0.00914134918796881,0.116972139080411,0.89,0.651,1,"LIN28A",0,"NS"
0.00914314127003573,0.138514698923495,0.89,0.654,1,"PPFIBP1",0,"NS"
0.00918116388727612,0.207321114878735,0.54,0.41,1,"TTC3",0,"NS"
0.00918626188060226,0.281665810384941,0.282,0.188,1,"RNMT",0,"NS"
0.00924735065230831,0.147157862417001,0.272,0.176,1,"MARK2",0,"NS"
0.00925384749148934,-0.244429881028586,0.777,0.765,1,"DDX6",0,"NS"
0.00926784888122397,0.189919052427342,0.927,0.744,1,"CD3EAP",0,"NS"
0.00927739093175909,1.12869390086241,0.101,0.049,1,"PP7080",0,"NS"
0.00928066262523476,-0.433211618898812,0.415,0.457,1,"UQCR10",0,"NS"
0.0092902048804179,0.248338765983058,0.228,0.145,1,"MBD5",0,"NS"
0.00930126802583614,-0.388011580244796,0.439,0.463,1,"ISG15",0,"NS"
0.00930480219865706,0.0514396292687095,0.911,0.716,1,"TRMT2B",0,"NS"
0.00932957281914357,0.53213717052274,0.103,0.049,1,"UBQLN4",0,"NS"
0.00933075226130009,0.80731338873395,0.134,0.074,1,"FAM21A",0,"NS"
0.00933904832201695,0.624453294493624,0.131,0.071,1,"ZNF692",0,"NS"
0.00935646396301323,-0.35179030821311,0.117,0.059,1,"PKD2",0,"NS"
0.00935883689372399,0.391053088822127,0.437,0.34,1,"NUMA1",0,"NS"
0.00938579753180233,0.497588099640382,0.19,0.117,1,"KIAA1033",0,"NS"
0.00939328781475099,1.10075673506638,0.117,0.062,1,"ZNF559",0,"NS"
0.00939360971954362,0.186636128712272,0.293,0.194,1,"NPAT",0,"NS"
0.00941478095315467,0.247738403565495,0.293,0.198,1,"SREBF2",0,"NS"
0.00949289475008533,-0.279362483658925,0.207,0.123,1,"ZNF600",0,"NS"
0.0095365858202722,-0.0454827773104706,0.786,0.559,1,"USP14",0,"NS"
0.00955752995559979,0.70098233246733,0.127,0.068,1,"NTMT1",0,"NS"
0.0095792361404801,0.583686502870753,0.202,0.13,1,"SMARCAD1",0,"NS"
0.00958869904971489,0.146624217080983,0.242,0.151,1,"NUP85",0,"NS"
0.00959765503097003,0.954801105351145,0.101,0.049,1,"POLR1C",0,"NS"
0.00959783923916303,-0.459015426851194,0.343,0.41,1,"HMGN3",0,"NS"
0.00960954070351386,-0.0932169763399971,0.474,0.321,1,"BTF3L4",0,"NS"
0.00961421453393277,0.545272905658974,0.124,0.065,1,"PTGES2",0,"NS"
0.00961550833078084,0.216915080773605,0.263,0.173,1,"EXOC5",0,"NS"
0.00961849399791942,0.349127133135717,0.129,0.068,1,"C15orf39",0,"NS"
0.00966070651622855,-0.068078114950906,1,1,1,"TMEM212",0,"NS"
0.0097125797389715,-0.746597736239607,0.181,0.25,1,"NMI",0,"NS"
0.00976632737228873,-0.232966420894663,0.739,0.747,1,"TNFAIP3",0,"NS"
0.00977117577611206,0.547931961806133,0.103,0.049,1,"BSCL2",0,"NS"
0.00982382349047601,-0.0361716543348776,0.822,0.599,1,"PCM1",0,"NS"
0.00984414232728747,0.0580231971383047,0.16,0.09,1,"FAM188A",0,"NS"
0.00985340348372978,0.0336761701048339,0.927,0.747,1,"PDP2",0,"NS"
0.0098547920804905,0.10297083054643,0.458,0.327,1,"ZCCHC11",0,"NS"
0.00989095418530252,0.0468374058622112,0.824,0.593,1,"PECAM1",0,"NS"
0.0099189661975288,-0.529718333508399,0.326,0.383,1,"NDUFB4",0,"NS"
0.00994761062316129,-0.260280764780079,0.617,0.398,1,"SNHG3",0,"NS"
0.00996300732443518,0.149732099080192,0.981,0.846,1,"FKBP14",0,"NS"
0.0100118104580777,-0.0623127126004981,0.16,0.09,1,"ZNF646",0,"NS"
0.0100176315335696,0.0734880000369483,0.883,0.682,1,"CEP68",0,"NS"
0.0100300826457093,0.285412889980365,0.289,0.194,1,"CMTM7",0,"NS"
0.0100532804544297,-0.152161394233569,0.728,0.528,1,"MTR",0,"NS"
0.0100685396950195,-1.16651362864471,0.167,0.225,1,"MIDN",0,"NS"
0.0100938602941399,0.13567854495351,0.941,0.852,1,"FAM73A",0,"NS"
0.0100980758364919,0.841896796275267,0.117,0.062,1,"SNF8",0,"NS"
0.0101064460114722,-0.118848095837702,0.7,0.488,1,"USP22",0,"NS"
0.0101225943941806,0.156149271847511,0.89,0.688,1,"NWD1",0,"NS"
0.0101360792137573,0.451353050063707,0.331,0.238,1,"PBRM1",0,"NS"
0.0101391108973291,0.119714148496752,0.192,0.117,1,"ARPC4-TTLL3",0,"NS"
0.0101654604138185,0.425149525575424,0.195,0.12,1,"ELL",0,"NS"
0.0101771430496928,0.314337640913185,0.35,0.244,1,"NGRN",0,"NS"
0.0101804016097672,0.742030569112713,0.138,0.077,1,"RPIA",0,"NS"
0.0101886568934123,0.092277799252679,0.812,0.605,1,"RAB7L1",0,"NS"
0.010205932099329,0.155603321988119,0.932,0.747,1,"MED18",0,"NS"
0.0102448494726824,0.0157936402089358,0.383,0.253,1,"WASH7P",0,"NS"
0.0102649964025644,0.222344234887557,0.512,0.392,1,"ETV1",0,"NS"
0.010265751874726,0.228414504380978,0.418,0.302,1,"NSF",0,"NS"
0.0102731384524202,-1.38552253221445,0.115,0.17,1,"ATF3",0,"NS"
0.0102969921436923,0.149581726803,0.885,0.657,1,"BAIAP2-AS1",0,"NS"
0.0102983283592904,0.274465669575115,0.169,0.099,1,"NFIC",0,"NS"
0.0103407611782481,0.372310815794502,0.136,0.074,1,"PAR5",0,"NS"
0.0103763074212931,0.915888362319385,0.101,0.049,1,"CASP9",0,"NS"
0.0104029977975198,0.237181820184887,0.265,0.173,1,"WAS",0,"NS"
0.010457247618654,-0.074175701687607,0.157,0.09,1,"OBSCN",0,"NS"
0.0105234417730254,0.428679468488708,0.183,0.111,1,"PPME1",0,"NS"
0.0105303964340025,0.0983420703075355,0.261,0.167,1,"FAM21C",0,"NS"
0.0105473384197211,0.405012763856828,0.291,0.204,1,"OPA1",0,"NS"
0.0105482752808065,0.121350620534949,0.836,0.559,1,"TRIM16L",0,"NS"
0.0105574371493943,0.210617790740743,0.563,0.435,1,"TBC1D4",0,"NS"
0.0105949154113962,0.139167439411581,0.958,0.784,1,"CEP41",0,"NS"
0.0106115879740047,-0.0771127736561961,0.169,0.096,1,"WDR60",0,"NS"
0.0106327529906876,-0.22201651324587,0.965,0.861,1,"APOBEC3F",0,"NS"
0.0106511015168205,0.0692318011815749,0.617,0.438,1,"STAG3L2",0,"NS"
0.0106534739223263,0.172642009501869,0.927,0.812,1,"CELF2",0,"NS"
0.0106735023543468,-0.419400027815152,0.859,0.747,1,"CASP8",0,"NS"
0.0106829991654778,0.72909520173226,0.117,0.062,1,"RNF187",0,"NS"
0.0106982622475501,0.292910829811015,0.207,0.127,1,"LTV1",0,"NS"
0.0107131490084299,0.28617870606147,0.146,0.08,1,"BTNL8",0,"NS"
0.0107152186866696,-0.481407939706412,0.282,0.355,1,"DYNLT1",0,"NS"
0.0107298060842587,0.181588927982802,0.678,0.537,1,"CHD2",0,"NS"
0.0107905963468231,-0.0486563255829424,0.237,0.148,1,"PPIP5K1",0,"NS"
0.0107913190723148,0.304328071346801,0.115,0.059,1,"ACTR8",0,"NS"
0.0108138039462676,0.0372051708973764,0.169,0.099,1,"XYLT1",0,"NS"
0.0108232826931409,-0.212218615539921,0.678,0.682,1,"ARL6IP5",0,"NS"
0.0108387107743222,0.0332389050767579,0.582,0.423,1,"SLC7A6",0,"NS"
0.0108468679113504,0.0574658865734157,1,0.994,1,"ANKRD20A9P",0,"NS"
0.0108758437719477,0.0290942671039814,0.984,0.926,1,"VPS53",0,"NS"
0.0108765322807579,-0.459281881525084,0.378,0.423,1,"TUBA4A",0,"NS"
0.0108780245583569,0.318544614911756,0.268,0.176,1,"ZCCHC17",0,"NS"
0.0109043293133483,0.0564919625770148,0.216,0.133,1,"PPIF",0,"NS"
0.0109433663580434,0.132214995478045,0.988,0.904,1,"GNE",0,"NS"
0.0109458927600266,-0.436783532580835,0.108,0.052,1,"PDIA3P",0,"NS"
0.0109476350045819,-0.149004246005762,0.864,0.614,1,"NSL1",0,"NS"
0.0109478368065226,0.392610134918006,0.207,0.13,1,"ZNF131",0,"NS"
0.010958626211886,-0.15625723650229,0.749,0.731,1,"RGS2",0,"NS"
0.0110110293987139,0.421549693655945,0.171,0.102,1,"CD72",0,"NS"
0.0110239117353205,0.0547545236866069,0.235,0.145,1,"XPNPEP1",0,"NS"
0.0110267005249812,0.131822721056564,0.845,0.627,1,"LOC729987",0,"NS"
0.0110296500091782,-0.651319892374444,0.385,0.435,1,"NFKBIZ",0,"NS"
0.0110483834775436,-0.0424193755544171,0.176,0.102,1,"SHQ1",0,"NS"
0.0110521860075143,0.461748189949264,0.225,0.148,1,"SCYL2",0,"NS"
0.0110631172407051,0.1817375704104,0.232,0.145,1,"POLDIP2",0,"NS"
0.0110638931975659,0.259994206269122,0.343,0.241,1,"C18orf25",0,"NS"
0.0110676692130777,0.122701439797908,0.221,0.139,1,"SENP1",0,"NS"
0.0111047999616364,0.100703611200464,0.57,0.423,1,"SRCAP",0,"NS"
0.0111321205182231,0.0541568053580883,0.225,0.139,1,"POLM",0,"NS"
0.0111415056002913,-0.210106065244811,0.282,0.179,1,"TMEM18",0,"NS"
0.0111538012396116,0.450621783112917,0.143,0.08,1,"ISCA1",0,"NS"
0.01117759314677,0.587524946687512,0.106,0.052,1,"ZNF444",0,"NS"
0.0111776675011161,0.147368343829236,0.235,0.148,1,"KIAA0020",0,"NS"
0.0112153309649056,-0.0420773304057101,0.793,0.512,1,"LOC100507501",0,"NS"
0.0112241570428409,-0.00957381114616118,0.873,0.633,1,"SLC11A2",0,"NS"
0.0113018073409745,0.247712573015724,0.364,0.25,1,"FIS1",0,"NS"
0.0113063457341343,0.276525087123939,0.195,0.12,1,"WDR59",0,"NS"
0.0113102493387394,-0.0757855954627877,0.995,0.985,1,"LOC286437",0,"NS"
0.0113169102073382,-0.0741050949932273,0.822,0.602,1,"ELMSAN1",0,"NS"
0.0113224986537595,-0.00257807062565041,0.3,0.198,1,"GSE1",0,"NS"
0.011326974809512,0.0654194996737205,0.317,0.213,1,"CDC42EP3",0,"NS"
0.0113290254620258,-0.253874660502319,0.582,0.58,1,"COX8A",0,"NS"
0.0113300088435053,0.755972536275234,0.124,0.068,1,"IFRD2",0,"NS"
0.011335316964657,0.325574778518338,0.136,0.074,1,"ZNF362",0,"NS"
0.0113562700254219,0.311342121915998,0.124,0.065,1,"ALKBH3",0,"NS"
0.011362165794586,-0.0537891047715777,0.897,0.633,1,"TRIM4",0,"NS"
0.0113987911810373,-0.472348568680044,0.319,0.38,1,"GZMB",0,"NS"
0.0114111721313741,0.234375035902729,0.394,0.287,1,"NCOA2",0,"NS"
0.0114293617796126,0.212900823263456,0.423,0.309,1,"STIM1",0,"NS"
0.0114685956002263,0.166986111648748,0.42,0.29,1,"RNASET2",0,"NS"
0.0114750773012057,-0.110947157006632,0.925,0.812,1,"HLA-G",0,"NS"
0.011538419830791,-0.0128170328839531,0.937,0.762,1,"KIF3A",0,"NS"
0.0115672372089228,0.299042759317499,0.256,0.167,1,"HIST1H1E",0,"NS"
0.0115729854811329,0.548533259039979,0.122,0.065,1,"TAF10",0,"NS"
0.0116013559215245,0.314849077814518,0.477,0.377,1,"NUP210",0,"NS"
0.0116279917749233,0.178236190312407,0.352,0.244,1,"FPGS",0,"NS"
0.0116752429808796,-0.164741558247915,0.692,0.651,1,"CTSW",0,"NS"
0.0117326179057274,0.266058344872505,0.34,0.241,1,"RBM23",0,"NS"
0.0117594962270393,0.676201095211447,0.124,0.068,1,"RAI1",0,"NS"
0.0117706000837441,0.197985378644633,0.286,0.194,1,"NUP188",0,"NS"
0.0117935889644428,-0.0268985983157061,0.901,0.682,1,"ITPRIPL2",0,"NS"
0.0118001174327164,-0.233298849596487,0.481,0.318,1,"MAN2A2",0,"NS"
0.0118003967466659,0.30411296258603,0.336,0.241,1,"CUL5",0,"NS"
0.0118309102336467,0.4124197877212,0.106,0.052,1,"REXO4",0,"NS"
0.0118313813051536,0.0110512591774495,0.439,0.306,1,"CDK5RAP2",0,"NS"
0.0118592415341254,0.0493684186539693,0.549,0.395,1,"EIF4E",0,"NS"
0.0119045140683388,-0.270201743654815,0.646,0.639,1,"ACTR3",0,"NS"
0.0119196951381774,0.114146877543477,0.371,0.259,1,"NCOA1",0,"NS"
0.0119332415538787,0.00359030684978012,0.3,0.201,1,"HEATR5B",0,"NS"
0.0119342500430292,0.370421435986836,0.258,0.173,1,"HNRNPAB",0,"NS"
0.0119584822671478,0.440156279159986,0.143,0.08,1,"ZNF428",0,"NS"
0.011993790694826,-0.128228996313515,0.289,0.185,1,"ZNF776",0,"NS"
0.0120019020069987,0.252172157917978,0.308,0.21,1,"PPP2R5D",0,"NS"
0.0120019412720573,0.294506068725726,0.343,0.241,1,"TSC22D1",0,"NS"
0.0120112536711445,-1.08455689169926,0.113,0.056,1,"MGC16275",0,"NS"
0.0120434634523032,-0.272875352523024,0.643,0.407,1,"MMACHC",0,"NS"
0.0120567973676226,1.00219262124254,0.103,0.052,1,"ZNF318",0,"NS"
0.0120578371936897,-0.0109751640228914,0.115,0.059,1,"SOS2",0,"NS"
0.012080073576552,0.0948021211449153,0.2,0.12,1,"RPS6KA5",0,"NS"
0.0121099677385599,0.145972336497731,0.319,0.219,1,"DYNC1I2",0,"NS"
0.0121302450081785,0.0496808835635434,0.871,0.623,1,"RELL1",0,"NS"
0.0121952043527586,0.574919049852414,0.183,0.114,1,"HPS4",0,"NS"
0.0121972087957847,-0.159966916666501,0.777,0.528,1,"MDFIC",0,"NS"
0.0122142198840281,0.108606314667142,0.932,0.738,1,"CLSPN",0,"NS"
0.0122300271553691,-0.18043872163883,0.85,0.583,1,"ZNF37A",0,"NS"
0.0122306075133463,0.497937113709335,0.223,0.148,1,"HTRA2",0,"NS"
0.0122377559929289,0.0911470872188442,0.981,0.91,1,"TAF8",0,"NS"
0.0122390099303213,0.215268194722732,0.399,0.287,1,"POLR2B",0,"NS"
0.0122403971080573,0.0533231211134657,0.857,0.636,1,"WDR45",0,"NS"
0.0122547891679324,0.578891235884753,0.101,0.049,1,"GNPDA2",0,"NS"
0.0122623585259983,0.0678070786667707,0.667,0.46,1,"MTRNR2L7",0,"NS"
0.0123198492891773,0.20767675119083,0.547,0.429,1,"DOCK10",0,"NS"
0.0123622965811,0.0855718397071634,0.204,0.127,1,"TRAPPC8",0,"NS"
0.0124056269035505,-0.174816703154432,0.308,0.198,1,"PACS1",0,"NS"
0.0124080995425018,0.18138774732684,0.338,0.238,1,"SIPA1L1",0,"NS"
0.0124176188671103,0.427159355086618,0.106,0.052,1,"EIF2B3",0,"NS"
0.0124644028367285,0.12989861010087,0.979,0.886,1,"ZKSCAN3",0,"NS"
0.012466466232029,0.288148901077674,0.232,0.151,1,"AMIGO2",0,"NS"
0.0124716349854247,0.177361524283142,0.519,0.386,1,"NDFIP1",0,"NS"
0.0124825209562631,0.396186684869297,0.181,0.111,1,"COA5",0,"NS"
0.0125084258607274,0.174571062595583,0.93,0.725,1,"HTRA4",0,"NS"
0.0125165823630474,0.242321474611062,0.357,0.256,1,"KIAA0146",0,"NS"
0.0125270566096013,0.226637022019604,0.509,0.386,1,"ACIN1",0,"NS"
0.0125501130768487,-0.246844575475111,0.134,0.071,1,"ZSCAN4",0,"NS"
0.0125517272743289,0.0388005348087123,0.92,0.781,1,"SLC24A4",0,"NS"
0.0125641053656271,0.565670919647495,0.2,0.13,1,"HDAC3",0,"NS"
0.0125690792428586,0.653671874813177,0.124,0.068,1,"RMDN3",0,"NS"
0.0125711441990964,0.467040678684438,0.188,0.117,1,"LTBP3",0,"NS"
0.0126110268064943,0.194307989539977,0.477,0.355,1,"COPB1",0,"NS"
0.0126907441077945,0.354039259974047,0.134,0.074,1,"LONP1",0,"NS"
0.0126910472011054,-0.510580752011382,0.315,0.37,1,"S100A10",0,"NS"
0.0127076236787773,0.00312503273604592,0.207,0.127,1,"RPAP3",0,"NS"
0.0127081079570264,0.312709700183453,0.174,0.105,1,"TMEM161B",0,"NS"
0.0127093608458326,0.185035265041415,0.681,0.481,1,"HSPB1",0,"NS"
0.012722635801653,0.516362665365708,0.146,0.083,1,"FGFR1OP",0,"NS"
0.0127713950819969,0.293465390110091,0.387,0.287,1,"PCF11",0,"NS"
0.0127724840656019,0.123548812182871,0.216,0.136,1,"RTN4",0,"NS"
0.0127823740267733,0.0915977794812057,0.162,0.093,1,"ZNF346",0,"NS"
0.0127850638619296,-0.263354043086297,0.423,0.278,1,"COX16",0,"NS"
0.0127946634673936,0.122442842843607,0.495,0.352,1,"LOC100507463",0,"NS"
0.0128076455837451,-0.0786084696853253,0.998,0.975,1,"MTRNR2L3",0,"NS"
0.0128178704585776,0.256173685421829,0.401,0.293,1,"ITGB2-AS1",0,"NS"
0.0129181993338494,-1.09242601517633,0.085,0.139,1,"LMNB1",0,"NS"
0.0129725289128207,0.092460814323121,0.96,0.793,1,"SLC35F6",0,"NS"
0.0130203345016082,0.266258422002067,0.42,0.315,1,"UBAP2L",0,"NS"
0.0130210568410785,-0.0521805261738755,0.906,0.747,1,"FAM126B",0,"NS"
0.0130236922030955,-0.0928836037174778,0.146,0.08,1,"MTA1",0,"NS"
0.0130441665143544,-0.79638504003023,0.296,0.185,1,"SLC35F2",0,"NS"
0.013044631992002,0.121593128810872,0.613,0.469,1,"SRSF1",0,"NS"
0.0130490646185411,-0.142272770124067,0.721,0.457,1,"OR51E2",0,"NS"
0.0130537222837005,-0.0445610604541172,0.836,0.577,1,"PRELP",0,"NS"
0.0130665378251373,0.318136022813163,0.39,0.29,1,"VPS36",0,"NS"
0.0130864242649028,-0.0387242823023843,0.378,0.265,1,"ANAPC1",0,"NS"
0.0131283665371526,0.125956744301371,0.847,0.688,1,"UG0898H09",0,"NS"
0.0131332253002879,0.595187553633948,0.178,0.111,1,"HLTF",0,"NS"
0.0131667811126324,-0.220852616799319,0.204,0.123,1,"BRD9",0,"NS"
0.0132637081491551,0.191779008258302,0.122,0.065,1,"MICAL2",0,"NS"
0.013283010311973,0.255708998093328,0.263,0.176,1,"ZFYVE27",0,"NS"
0.0132988835508138,0.174938852892511,0.972,0.83,1,"GPR155",0,"NS"
0.013317587960748,0.109387801312416,0.944,0.772,1,"WDR55",0,"NS"
0.0133190634371926,0.263676091472098,0.155,0.09,1,"DCAKD",0,"NS"
0.0133301196068462,-0.101571465732933,0.725,0.503,1,"STMN1",0,"NS"
0.0133435953262442,-0.340080324371955,0.272,0.173,1,"BRCC3",0,"NS"
0.0133581374031369,0.904264031540386,0.11,0.059,1,"BLM",0,"NS"
0.0133751523923727,0.0809845338358908,0.225,0.142,1,"CLSTN1",0,"NS"
0.0133782653770235,0.640032160168268,0.169,0.105,1,"ZNF75D",0,"NS"
0.0133870075489424,0.259097617860244,0.185,0.114,1,"PPP2R5A",0,"NS"
0.0133900473485379,0.476118023973827,0.129,0.071,1,"ZNRF1",0,"NS"
0.0134443751624847,0.434081929303516,0.305,0.222,1,"MBD1",0,"NS"
0.0134508894256021,0.16199839732434,0.437,0.324,1,"GLS",0,"NS"
0.0134692757302113,-0.681150866589485,0.2,0.265,1,"PIK3R5",0,"NS"
0.0135190408889478,0.103450544337428,0.864,0.623,1,"SYT15",0,"NS"
0.0135265354311881,-0.767182067715992,0.099,0.157,1,"LENG1",0,"NS"
0.0135326530686862,0.155909313600938,0.181,0.108,1,"GUSBP2",0,"NS"
0.0135350605540963,0.120855090689297,0.887,0.67,1,"PPID",0,"NS"
0.0135422680703723,0.0154222433419602,0.434,0.309,1,"GIGYF2",0,"NS"
0.0135504413797639,0.342269116416346,0.134,0.074,1,"HELLS",0,"NS"
0.0135608116459051,-0.758576209190825,0.134,0.198,1,"TXK",0,"NS"
0.0135666911214382,0.908482827863404,0.11,0.059,1,"ZNF862",0,"NS"
0.0135883067341707,-0.530634367805326,0.11,0.056,1,"REXO1",0,"NS"
0.0136041373996669,-0.0975259192671856,0.101,0.049,1,"HNRNPUL2-BSCL2",0,"NS"
0.0136057764231908,0.057102831768453,0.19,0.114,1,"LINC00426",0,"NS"
0.0136465472071761,0.240516988220978,0.627,0.506,1,"IL16",0,"NS"
0.0136855837512101,0.068197057660238,0.169,0.099,1,"AP2A2",0,"NS"
0.0137061340748653,0.44941501081147,0.129,0.071,1,"GSKIP",0,"NS"
0.0137123332196478,0.188994472815341,0.819,0.685,1,"TNFAIP8L2-SCNM1",0,"NS"
0.0137153206220864,-0.0152524626719672,0.101,0.049,1,"POLR3F",0,"NS"
0.0137225463319291,0.729615114063564,0.138,0.08,1,"ACSL1",0,"NS"
0.0137894941011632,0.0469900243224126,0.164,0.096,1,"ZCCHC3",0,"NS"
0.0138686136789135,0.217442415669294,0.387,0.278,1,"PFKL",0,"NS"
0.0138733931228796,0.391550290482601,0.289,0.204,1,"HMGA1",0,"NS"
0.0139017783900882,0.084157454268265,0.962,0.861,1,"CBX5",0,"NS"
0.0139132925386813,0.143727038997422,0.847,0.617,1,"LARS2-AS1",0,"NS"
0.0139501007170506,-0.0249356167016238,0.862,0.63,1,"CCSER2",0,"NS"
0.0139507388603406,-0.131857666798363,0.73,0.698,1,"ARPC3",0,"NS"
0.0139514503671397,0.130610890219142,0.117,0.062,1,"TRIM61",0,"NS"
0.0139865878307624,0.177126453612085,0.296,0.204,1,"ZNF831",0,"NS"
0.013996196880764,0.672714486558201,0.103,0.052,1,"C17orf66",0,"NS"
0.0140165853098754,0.320946433831634,0.502,0.407,1,"TRERF1",0,"NS"
0.0140187061345069,0.12411838128175,0.805,0.623,1,"SLC37A2",0,"NS"
0.0140762923080141,0.107434006205313,0.261,0.17,1,"AKAP10",0,"NS"
0.0140788306230508,0.856658635502155,0.134,0.077,1,"TRIM44",0,"NS"
0.0140870335934896,0.111616210424092,0.282,0.185,1,"LOH12CR1",0,"NS"
0.0140937062911225,0.132608090812157,0.986,0.901,1,"PHACTR4",0,"NS"
0.0141117289910704,0.240908579757853,0.519,0.392,1,"PTGER4",0,"NS"
0.0141275821633816,0.153145885988709,0.967,0.827,1,"ICA1L",0,"NS"
0.0141292931781608,0.363653421509775,0.223,0.145,1,"FASTK",0,"NS"
0.0141388967753828,0.251792363849658,0.507,0.398,1,"DFNB31",0,"NS"
0.014156896636407,0.0457965403797949,0.176,0.105,1,"DHDDS",0,"NS"
0.0141876815463033,-0.0413410846698543,0.955,0.91,1,"FTL",0,"NS"
0.0141971713291078,-0.101409383988397,0.62,0.435,1,"PKD1P1",0,"NS"
0.0142878776390959,-0.0539088123544031,1,1,1,"MALAT1",0,"NS"
0.0142994011950469,0.0527664920786464,0.951,0.781,1,"PLEKHG2",0,"NS"
0.0143110130978729,-0.0100013011965412,0.242,0.157,1,"XAB2",0,"NS"
0.0143275878521233,0.241338189536135,0.19,0.117,1,"RARS",0,"NS"
0.0143307730799263,-0.238211403523097,0.695,0.707,1,"SUB1",0,"NS"
0.0143436065796242,0.0759757214100389,0.941,0.753,1,"CORO2A",0,"NS"
0.0143761884879384,0.26140334556797,0.117,0.062,1,"TMEM57",0,"NS"
0.0143947520186231,0.179981148624099,0.16,0.093,1,"AHCYL1",0,"NS"
0.0144185206805951,0.332873745340065,0.256,0.173,1,"VPS52",0,"NS"
0.0144410767464277,0.0595813439188038,0.789,0.574,1,"TUFT1",0,"NS"
0.0144964932158456,0.225357591076597,0.369,0.269,1,"CENPC1",0,"NS"
0.0145228425916801,0.144250781359402,0.303,0.207,1,"RBM15",0,"NS"
0.0145346809684343,0.431947054742176,0.12,0.065,1,"UBP1",0,"NS"
0.0145529963445396,0.214556318945197,0.39,0.275,1,"ERICH1",0,"NS"
0.0145850115691656,0.00834483301360245,0.2,0.123,1,"MIS12",0,"NS"
0.0145881210435458,0.12324603259906,0.275,0.182,1,"ZNF101",0,"NS"
0.014602812577995,0.31142803498562,0.347,0.253,1,"MAN2C1",0,"NS"
0.0146134472308648,0.26444406118274,0.169,0.102,1,"LRIG2",0,"NS"
0.0146210422496741,0.135675441652604,0.812,0.66,1,"BTN3A1",0,"NS"
0.0146235708819729,0.546558994548455,0.103,0.052,1,"TOP1MT",0,"NS"
0.0146236669850346,0.312486878140857,0.237,0.157,1,"TPGS2",0,"NS"
0.0146281365273215,0.351860169075656,0.164,0.099,1,"FAM179B",0,"NS"
0.0146505649518519,0.233094507271934,0.251,0.167,1,"REC8",0,"NS"
0.0146510155382682,0.212037553811211,0.291,0.201,1,"METTL15",0,"NS"
0.0146717877994929,0.253317914485333,0.239,0.157,1,"LIMK1",0,"NS"
0.014680609294384,0.46250175751208,0.19,0.12,1,"MTFP1",0,"NS"
0.0146930736404536,0.3706597844896,0.188,0.117,1,"ANKS1B",0,"NS"
0.0146963702732283,0.438141263447826,0.12,0.065,1,"FARP2",0,"NS"
0.0147247991562193,0.089721673437953,0.913,0.741,1,"TADA3",0,"NS"
0.0147300475227663,0.16635869343543,0.568,0.432,1,"CD6",0,"NS"
0.0147861006277652,0.120071299571884,0.122,0.065,1,"ZNF227",0,"NS"
0.0149078174020438,0.16401116334734,0.23,0.148,1,"SLMAP",0,"NS"
0.0149397051595804,-0.0588175084753728,0.932,0.867,1,"HNRNPA1",0,"NS"
0.0150008418182834,0.126308382794892,0.19,0.117,1,"TAOK2",0,"NS"
0.0150051584008851,0.65704455566716,0.146,0.086,1,"PXK",0,"NS"
0.0151515450201127,0.138218626048023,0.974,0.901,1,"ZNF471",0,"NS"
0.0151689835590101,0.0734653015728455,0.171,0.102,1,"ASUN",0,"NS"
0.0151825004486958,0.0647752077561623,0.153,0.086,1,"C5orf45",0,"NS"
0.0152172137156896,0.207864309195245,0.176,0.105,1,"SYPL1",0,"NS"
0.0152615823524227,0.105772940237159,0.934,0.784,1,"KPNA6",0,"NS"
0.0153076049451243,-0.887318346462538,0.124,0.065,1,"CALHM1",0,"NS"
0.0153185910785264,0.262152658627253,0.134,0.074,1,"RING1",0,"NS"
0.0153195383534319,0.084155221614615,0.35,0.244,1,"CPSF1",0,"NS"
0.0153511857059951,0.131295582457547,0.289,0.182,1,"H3F3A",0,"NS"
0.0153591122500447,0.504685751920466,0.188,0.12,1,"TIMD4",0,"NS"
0.0153658189260947,0.177292110116506,0.268,0.179,1,"GSK3B",0,"NS"
0.0153933329191421,-0.0757156659342062,0.446,0.299,1,"WBSCR22",0,"NS"
0.0154095374570953,0.199182353369641,0.216,0.139,1,"PARG",0,"NS"
0.0154141684765475,-0.165104557040289,0.113,0.059,1,"FN1",0,"NS"
0.0154238628164793,-0.53611520863192,0.312,0.358,1,"NDUFS8",0,"NS"
0.0154337877055914,-0.0926799621381036,0.69,0.463,1,"FRMD6-AS1",0,"NS"
0.0154376306562496,0.381403204845695,0.176,0.108,1,"CYBASC3",0,"NS"
0.0154447557435246,0.10773331591548,0.932,0.772,1,"ANKRD12",0,"NS"
0.0154605698693343,0.300944656275551,0.425,0.312,1,"PUF60",0,"NS"
0.0154728787271777,0.180006356577902,0.138,0.077,1,"HSF2",0,"NS"
0.0154772332112228,0.106806084145153,0.394,0.272,1,"NASP",0,"NS"
0.0155033667893538,0.29063252891698,0.289,0.194,1,"PIH1D1",0,"NS"
0.0155343369652162,0.638754391946729,0.15,0.09,1,"TMEM147",0,"NS"
0.0155742947254011,0.289213466754382,0.146,0.083,1,"ANAPC10",0,"NS"
0.015644363433196,0.135706841271832,0.915,0.75,1,"APOL1",0,"NS"
0.0156612726634505,0.346958514983432,0.141,0.08,1,"ZUFSP",0,"NS"
0.0156956669399898,0.159395958921837,0.207,0.13,1,"TMUB1",0,"NS"
0.015712681175137,0.588322971449242,0.115,0.062,1,"TMEM234",0,"NS"
0.015722896105847,0.01042962393462,0.134,0.074,1,"PRMT5",0,"NS"
0.0157289322414785,0.158605074818412,0.897,0.719,1,"ZFP42",0,"NS"
0.0157300391081684,0.212721625610499,0.617,0.469,1,"PEBP1",0,"NS"
0.0157625632469217,0.192117584657268,0.305,0.21,1,"UBTF",0,"NS"
0.0157917315931789,-0.410032739503858,0.545,0.565,1,"RALGDS",0,"NS"
0.0158357982968081,0.164353532347279,0.237,0.154,1,"PITHD1",0,"NS"
0.0158463898832875,0.117740049678038,0.401,0.275,1,"SSU72",0,"NS"
0.0158648438370969,0.143505239748554,0.941,0.75,1,"INADL",0,"NS"
0.0158732552988522,0.476954651097956,0.12,0.065,1,"IL18BP",0,"NS"
0.015896621382907,0.585634584739777,0.138,0.08,1,"MRPL48",0,"NS"
0.0159073824089642,0.201191667331718,0.108,0.056,1,"ZNF707",0,"NS"
0.015908121388004,-0.282442417185229,0.462,0.306,1,"NFYC",0,"NS"
0.0159171164244932,0.067967292558757,0.488,0.361,1,"LARP1",0,"NS"
0.0159357904152768,0.0576562075834567,0.892,0.667,1,"SYAP1",0,"NS"
0.0159519501362652,-0.265941674281436,0.258,0.164,1,"TRAF7",0,"NS"
0.0159977108379893,-0.408288325451734,0.582,0.599,1,"SRSF6",0,"NS"
0.0160084297003698,-0.309102124823424,0.671,0.648,1,"EMB",0,"NS"
0.0160319936706629,0.504008028898822,0.225,0.151,1,"NR1H2",0,"NS"
0.0160455542538815,0.501456032730785,0.2,0.13,1,"SPRYD3",0,"NS"
0.016071041815271,0.263676492835036,0.235,0.154,1,"KRT8",0,"NS"
0.0160846761499669,0.141879131227555,0.967,0.83,1,"DDX51",0,"NS"
0.016150203377245,0.703579948456992,0.181,0.117,1,"HELQ",0,"NS"
0.01616855878109,0.683507577654419,0.106,0.056,1,"SHC4",0,"NS"
0.0161717884430817,0.112622592632406,0.162,0.096,1,"TUBA1C",0,"NS"
0.0161732668827085,-0.116562617228042,0.742,0.525,1,"SEC23IP",0,"NS"
0.016208583319403,0.130184804406559,0.88,0.722,1,"SPATA13",0,"NS"
0.0162228719953725,0.279422276311619,0.157,0.093,1,"NRP1",0,"NS"
0.0162403935198802,-0.555020715022653,0.171,0.099,1,"LOC441454",0,"NS"
0.016246015815739,0.234391218769849,0.192,0.12,1,"XPO7",0,"NS"
0.0164116978994749,0.144015962279339,0.472,0.349,1,"ZC3H11A",0,"NS"
0.0164808715641514,-0.0605454898709062,0.756,0.54,1,"S100PBP",0,"NS"
0.0165523688904245,0.112315631856371,0.948,0.778,1,"MREG",0,"NS"
0.0165605643307981,0.132713910642973,0.491,0.377,1,"BAZ2A",0,"NS"
0.0165640979449305,0.0327779445344328,0.815,0.617,1,"SUGP2",0,"NS"
0.0166153999301519,0.137910747147029,0.157,0.093,1,"SMARCAL1",0,"NS"
0.0166159488335293,0.0213305461898581,0.124,0.068,1,"GOLGA6L10",0,"NS"
0.0166264609803012,0.0142196522146473,0.819,0.549,1,"ZNF835",0,"NS"
0.0166374050684217,0.0674819520761781,0.505,0.377,1,"C8orf33",0,"NS"
0.0166568982482419,0.0840264081044247,0.42,0.296,1,"STAT5B",0,"NS"
0.0167478662848694,0.487540442039608,0.174,0.108,1,"PDE6D",0,"NS"
0.0167983539208464,0.310075784823245,0.115,0.062,1,"ZNF75A",0,"NS"
0.0168375713424709,0.674809157806716,0.106,0.056,1,"RECQL5",0,"NS"
0.0168469155097925,0.281389905498461,0.185,0.114,1,"WDR46",0,"NS"
0.0168550158275281,-0.0857413369227746,0.864,0.809,1,"SRSF5",0,"NS"
0.0168890873675085,-0.921925255066625,0.089,0.142,1,"TMEM199",0,"NS"
0.0168986386494523,0.214902913046907,0.472,0.367,1,"CDS2",0,"NS"
0.016909162061405,0.0548539236991658,0.441,0.321,1,"KAT6A",0,"NS"
0.0169314090749148,-0.561397930642104,0.333,0.364,1,"EMP3",0,"NS"
0.0169493048325574,0.320208776535368,0.207,0.133,1,"EXOSC8",0,"NS"
0.0169493048325574,0.585180580158419,0.204,0.136,1,"DCTN4",0,"NS"
0.0169784339738105,-0.0048113570450401,0.242,0.157,1,"ZNF141",0,"NS"
0.0170015594361524,0.143659761720219,0.923,0.71,1,"FUT2",0,"NS"
0.0170321154146026,0.722116503107709,0.101,0.052,1,"CST3",0,"NS"
0.017079389119267,0.137993140905355,0.357,0.241,1,"SDHC",0,"NS"
0.0170869158830228,-0.109257414245889,0.406,0.281,1,"UBASH3B",0,"NS"
0.0170958450988335,0.223683322351215,0.124,0.068,1,"ENTHD2",0,"NS"
0.017100810228747,0.665716763449175,0.117,0.065,1,"PLOD3",0,"NS"
0.0171265590939996,0.0613811638252027,0.84,0.568,1,"ZNF321P",0,"NS"
0.0171628545847492,0.0435737233318911,0.284,0.191,1,"CEP192",0,"NS"
0.0171746359903065,0.215464775107428,0.188,0.117,1,"RRN3P1",0,"NS"
0.0171759036072175,-0.805540044602596,0.169,0.228,1,"SRGAP2C",0,"NS"
0.0171874018551584,0.564187953091628,0.11,0.059,1,"FAM185A",0,"NS"
0.0172055798755637,-0.149222037635074,0.744,0.5,1,"RAB21",0,"NS"
0.0172313427868892,0.234757052864822,0.185,0.117,1,"ATP13A3",0,"NS"
0.0172493669197889,-0.240415312881159,0.62,0.417,1,"ZFX",0,"NS"
0.0172868097731226,0.127219786550329,0.89,0.664,1,"MPL",0,"NS"
0.017291954359251,-0.54958634304096,0.237,0.148,1,"FAM200B",0,"NS"
0.0173324390174029,0.386815589970453,0.185,0.117,1,"INTS8",0,"NS"
0.0173607869373239,0.354592105083487,0.162,0.099,1,"ZMYND11",0,"NS"
0.0174191914653826,0.0111486403628311,0.744,0.509,1,"MSS51",0,"NS"
0.0174227535746609,0.230524537606084,0.251,0.17,1,"VPS8",0,"NS"
0.0174334248554877,0.135144639366108,0.136,0.077,1,"SLC39A8",0,"NS"
0.0174342725312283,-0.36692349138394,0.751,0.509,1,"FAM134A",0,"NS"
0.0175598027433026,-0.386823922502159,0.648,0.417,1,"PDCD7",0,"NS"
0.0175812181672896,0.203201470619799,0.765,0.67,1,"HSPA1A",0,"NS"
0.0175876781906691,0.10301665355995,0.336,0.235,1,"CDK17",0,"NS"
0.0176388552687118,0.382610170806465,0.185,0.117,1,"WDR20",0,"NS"
0.0176440525062376,0.168853606620713,0.181,0.111,1,"RMI1",0,"NS"
0.0176552914227231,0.296697600173124,0.115,0.062,1,"CCDC77",0,"NS"
0.0176884429484454,-0.873961547242027,0.167,0.096,1,"CROT",0,"NS"
0.0177311005169565,-0.0581398898020633,0.932,0.914,1,"KLRK1",0,"NS"
0.017751169431528,0.174001441256795,0.498,0.377,1,"SEC61A1",0,"NS"
0.0177547272906223,0.0614358198290743,0.43,0.318,1,"SETD5",0,"NS"
0.0177688189247668,0.0362658613289417,0.192,0.12,1,"HDAC4",0,"NS"
0.0178052982388314,0.0463560317873049,0.453,0.321,1,"DTX2",0,"NS"
0.017851210703773,0.10705450800038,0.899,0.704,1,"APAF1",0,"NS"
0.0178874487683096,0.391835247495824,0.134,0.077,1,"WRN",0,"NS"
0.0178969079015447,0.0974787409662226,0.192,0.12,1,"RNF31",0,"NS"
0.0179326615081938,0.166654837464567,0.249,0.164,1,"GPR108",0,"NS"
0.017939786304657,0.183802113051838,0.904,0.731,1,"SLC25A32",0,"NS"
0.0179434132823001,0.228212027537727,0.15,0.09,1,"RRBP1",0,"NS"
0.0179745707307613,0.391122882729263,0.232,0.157,1,"ATXN7L1",0,"NS"
0.0179903298080722,0.212740420429464,0.225,0.148,1,"XPA",0,"NS"
0.0179916410413707,-0.024602787950464,0.235,0.151,1,"GPD2",0,"NS"
0.0179950159340158,0.576963537154729,0.148,0.09,1,"VILL",0,"NS"
0.018013582766189,0.0185819008648856,0.27,0.179,1,"AKAP8",0,"NS"
0.0180246540475503,-0.170788515138286,0.669,0.454,1,"LLPH",0,"NS"
0.0180351111693533,-0.246024354877168,0.263,0.17,1,"SIRPB1",0,"NS"
0.0180708254922001,0.144129274328975,0.373,0.265,1,"RRN3P2",0,"NS"
0.0181222949915601,0.282679285592445,0.296,0.204,1,"EMC3",0,"NS"
0.0181334874987794,0.126501119051469,0.284,0.194,1,"GNB1",0,"NS"
0.0181574485590347,0.677364935370042,0.136,0.08,1,"ELMOD3",0,"NS"
0.0181653622248252,0.240641603822564,0.249,0.167,1,"ACTR1B",0,"NS"
0.018193013244268,0.394863597590093,0.174,0.108,1,"PNMA1",0,"NS"
0.0181963483832045,-0.027628473927775,0.808,0.614,1,"ZNFX1",0,"NS"
0.0182254974620391,0.485968341105223,0.141,0.083,1,"MNAT1",0,"NS"
0.0182433911400157,0.242748377446918,0.469,0.355,1,"P4HB",0,"NS"
0.0182874251013606,-0.82300278243483,0.073,0.123,1,"CDKN2C",0,"NS"
0.0183823709331572,0.417908927918647,0.221,0.145,1,"PSENEN",0,"NS"
0.0184242036992018,-0.153330781814727,0.171,0.102,1,"KDM1A",0,"NS"
0.018516873032468,0.201884171516371,0.796,0.623,1,"FAIM3",0,"NS"
0.0185230337735308,0.112445775851052,0.131,0.074,1,"GBA2",0,"NS"
0.0185403653780486,0.229385769403741,0.347,0.25,1,"STAG1",0,"NS"
0.0185844941044425,0.296945676079423,0.263,0.176,1,"LYPLA2",0,"NS"
0.018637674372939,0.0247985410206036,0.228,0.145,1,"ZSCAN25",0,"NS"
0.018695706076294,-0.150216859453425,0.251,0.164,1,"DMXL1",0,"NS"
0.0187097009300279,-0.0875084293217107,0.758,0.515,1,"GUSBP3",0,"NS"
0.018729481346663,0.141519540569891,0.93,0.744,1,"SLC5A5",0,"NS"
0.0187460422746285,-0.123431748370651,0.96,0.864,1,"NUDT19",0,"NS"
0.018774659482965,-0.201207277022207,0.697,0.676,1,"CCNI",0,"NS"
0.0187925686957454,0.307627794997128,0.209,0.136,1,"AIM2",0,"NS"
0.0188839716946435,0.347950926331504,0.261,0.182,1,"LARP4",0,"NS"
0.0188877763911819,-0.143296091120166,0.826,0.568,1,"GMEB1",0,"NS"
0.0189014910358777,0.162986665575108,0.394,0.293,1,"SENP7",0,"NS"
0.0189160591056559,0.0558286151932683,0.261,0.176,1,"AHCTF1",0,"NS"
0.0189365794380755,-0.0146258376077352,0.455,0.324,1,"NBPF9",0,"NS"
0.0189842242276207,0.0342584237229593,0.174,0.105,1,"LRCH1",0,"NS"
0.0190266413955026,0.510337971802131,0.117,0.065,1,"CCR7",0,"NS"
0.019046913159078,0.217438395864511,0.143,0.083,1,"SCMH1",0,"NS"
0.0190569875394135,-0.476434355881463,0.448,0.478,1,"NCKAP1L",0,"NS"
0.019152686997222,0.112256945476551,0.58,0.441,1,"PRKDC",0,"NS"
0.019179068578431,0.142342714926069,0.235,0.154,1,"SART3",0,"NS"
0.019189948837338,0.159252456212795,0.11,0.059,1,"RPL19P12",0,"NS"
0.0191925599113189,0.285215524809443,0.282,0.201,1,"ALKBH5",0,"NS"
0.0192207301718991,0.365538249674461,0.146,0.086,1,"RYBP",0,"NS"
0.019272151446249,0.000415451502762634,0.425,0.29,1,"PMS2P5",0,"NS"
0.0193155753043362,0.173361178996964,0.484,0.37,1,"NIN",0,"NS"
0.019369893441341,0.329151296415014,0.19,0.12,1,"GLB1",0,"NS"
0.0193788162046936,-0.51276142920515,0.228,0.299,1,"OAS3",0,"NS"
0.0193964966326709,0.201955610514604,0.296,0.204,1,"FAS",0,"NS"
0.0194245813789743,0.237799349231554,0.239,0.16,1,"CCDC93",0,"NS"
0.0194368802735896,0.45865953130858,0.185,0.12,1,"PANK4",0,"NS"
0.0195305931737169,0.0420033225789612,0.871,0.676,1,"DIS3L",0,"NS"
0.0195352194614981,0.126908987671644,0.955,0.75,1,"FLVCR1",0,"NS"
0.0195417223430424,0.272534143025115,0.345,0.253,1,"NBPF15",0,"NS"
0.0195419773496898,-0.430447599152933,0.277,0.179,1,"ENOX2",0,"NS"
0.019588003922285,-0.520605632009368,0.127,0.068,1,"APOC4",0,"NS"
0.0196345449688037,0.382413069541383,0.207,0.136,1,"NGDN",0,"NS"
0.0196401621232202,-0.186182632258419,0.798,0.79,1,"TOX",0,"NS"
0.0196625663486004,0.249365916076201,0.246,0.167,1,"C5orf51",0,"NS"
0.0196940504791075,0.10154090072233,0.11,0.059,1,"KANSL1L",0,"NS"
0.0197358682727906,0.263669661304139,0.2,0.127,1,"TBRG4",0,"NS"
0.0197404701189525,0.270849210356646,0.188,0.12,1,"ATG7",0,"NS"
0.0197743623894161,0.248681830525902,0.12,0.065,1,"SNORA63",0,"NS"
0.0198349478655118,0.446430771897413,0.136,0.08,1,"ZHX1",0,"NS"
0.0198485313431745,-0.265647574051893,0.582,0.593,1,"PIK3IP1",0,"NS"
0.0198984538581874,-0.195502113117052,0.242,0.154,1,"PIGO",0,"NS"
0.0199347477158025,0.0905702418465084,0.366,0.256,1,"RAF1",0,"NS"
0.0200171731303869,0.448562166011131,0.124,0.071,1,"HSD17B4",0,"NS"
0.0200493935076554,-0.816773512127836,0.059,0.105,1,"LINC00612",0,"NS"
0.0200771698426617,0.615034659334831,0.174,0.111,1,"SQLE",0,"NS"
0.0200943191747395,0.172191860040528,0.286,0.198,1,"DNAJC15",0,"NS"
0.0201032301787839,0.0147291985043392,0.127,0.071,1,"MBTD1",0,"NS"
0.0201475789453987,0.19125724670845,0.669,0.494,1,"LUC7L3",0,"NS"
0.0201514902376362,0.443382903841986,0.129,0.074,1,"METTL22",0,"NS"
0.020163137028201,0.0879945148921062,0.894,0.682,1,"TMEM192",0,"NS"
0.0201682485421771,0.060098086943655,0.249,0.164,1,"GNL3",0,"NS"
0.0202367955241412,0.305069251576856,0.296,0.207,1,"NSFP1",0,"NS"
0.0202508927615647,0.131452014735985,0.84,0.583,1,"KDM4A-AS1",0,"NS"
0.0202942758056647,0.195299148092336,0.235,0.151,1,"FKBP2",0,"NS"
0.0203017063916905,0.221043280264012,0.146,0.086,1,"ZNF564",0,"NS"
0.020307179930514,-0.658118009089458,0.284,0.343,1,"UBE2K",0,"NS"
0.0203208483421058,0.134867022230206,0.277,0.188,1,"STXBP3",0,"NS"
0.0203898019489525,0.115418498213183,0.176,0.108,1,"DDX42",0,"NS"
0.020403200927832,0.0709474662143128,0.343,0.25,1,"LRRC37A",0,"NS"
0.0204756204348489,0.207810593215485,0.239,0.16,1,"PHF14",0,"NS"
0.0204950303338129,0.264120593479425,0.418,0.324,1,"CABIN1",0,"NS"
0.0205068034768035,0.18862098002848,0.392,0.29,1,"AP3B1",0,"NS"
0.0205117560675616,0.349114024994133,0.122,0.068,1,"POLE4",0,"NS"
0.0205127239505863,0.336209706936312,0.157,0.096,1,"PDLIM7",0,"NS"
0.0205231006161489,0.118246326582285,0.256,0.173,1,"PIK3C3",0,"NS"
0.0205231967823884,0.411980470667739,0.185,0.12,1,"GBA",0,"NS"
0.020546813844467,-0.358850404390066,0.406,0.444,1,"TSPO",0,"NS"
0.0206611828201641,0.294672753058989,0.3,0.213,1,"PIGG",0,"NS"
0.0206823481156736,0.0519768550401278,0.505,0.383,1,"PRPF4B",0,"NS"
0.0206915951797101,0.161298253105972,0.122,0.068,1,"CCDC132",0,"NS"
0.020783706126744,-0.0517346824389319,0.547,0.386,1,"AK2",0,"NS"
0.0207841746950819,0.344545793858516,0.162,0.099,1,"CRELD1",0,"NS"
0.0207927783672924,-0.055849359007937,0.153,0.09,1,"ZNF18",0,"NS"
0.0208276873174294,0.24808568936435,0.167,0.102,1,"SMG9",0,"NS"
0.0209392934266707,0.453311454756618,0.225,0.154,1,"NOC2L",0,"NS"
0.0209393792974907,0.458773887125507,0.242,0.17,1,"FAF2",0,"NS"
0.0210119489717179,0.530528462930105,0.141,0.083,1,"GIMAP1-GIMAP5",0,"NS"
0.0210166017457414,0.196806637839513,0.404,0.299,1,"OSBPL8",0,"NS"
0.0210227260778203,0.524595068337592,0.169,0.108,1,"ZNF687",0,"NS"
0.0210894886796863,0.0341970729740724,0.176,0.108,1,"IQCB1",0,"NS"
0.0211352010797518,0.220151576981523,0.636,0.534,1,"CYFIP2",0,"NS"
0.0211551283839822,0.0482173441244736,0.643,0.475,1,"SF1",0,"NS"
0.0211732367619457,0.338713219410351,0.171,0.108,1,"POLR2C",0,"NS"
0.02120237448669,0.197218959829495,0.563,0.441,1,"TCF25",0,"NS"
0.0212289486684582,0.19519727470931,0.155,0.093,1,"FBXO18",0,"NS"
0.0213261890654862,-0.410089340286167,0.385,0.423,1,"CHST12",0,"NS"
0.0213877806153032,0.184946393663839,0.228,0.148,1,"CHCHD7",0,"NS"
0.0213961848837454,-0.0352549324770336,0.223,0.142,1,"GET4",0,"NS"
0.0214039147706987,0.579270373428201,0.15,0.093,1,"SUV420H1",0,"NS"
0.0214060931199823,-0.362436914979164,0.415,0.444,1,"WDR83OS",0,"NS"
0.0214190142748594,0.207684054577093,0.127,0.071,1,"FAM133B",0,"NS"
0.0215150689953343,0.478239687421589,0.202,0.136,1,"ORC2",0,"NS"
0.0217901733664424,0.11446593352269,0.23,0.151,1,"HECTD2",0,"NS"
0.0218050082912078,0.134982953474269,0.263,0.179,1,"SDHAP1",0,"NS"
0.021908068625825,-0.0793827209008457,0.709,0.522,1,"DDX46",0,"NS"
0.0219228813836518,-0.218169105025711,0.641,0.423,1,"KIAA0101",0,"NS"
0.0219393623580557,0.160665334898184,0.117,0.065,1,"PI4KAP2",0,"NS"
0.0219635679709153,-0.272186843707344,0.763,0.519,1,"NAA38",0,"NS"
0.0220473290204327,-1.06472564522134,0.066,0.111,1,"ENC1",0,"NS"
0.0220624621105387,-0.364333547512712,0.169,0.099,1,"KRT18P55",0,"NS"
0.0220923491892507,0.249391440785688,0.113,0.062,1,"C7orf60",0,"NS"
0.0221000060214339,0.343803072483712,0.183,0.117,1,"EDC3",0,"NS"
0.0221203879576764,0.183043727515307,0.35,0.247,1,"SCAMP3",0,"NS"
0.0221298694024071,0.0601664086213721,0.85,0.639,1,"OGDH",0,"NS"
0.0221954300175694,-0.103837905308822,0.838,0.815,1,"CD8B",0,"NS"
0.0222112503575689,0.132124540487525,0.913,0.67,1,"LOC100506746",0,"NS"
0.0222667924146572,0.244688727954028,0.34,0.253,1,"SZT2",0,"NS"
0.0222859814038106,0.829244180559304,0.129,0.077,1,"NFE2L3",0,"NS"
0.0222928495254122,-0.000388662853281471,0.948,0.84,1,"SPATA5",0,"NS"
0.0223534290811117,0.0340917097764879,0.2,0.127,1,"KHSRP",0,"NS"
0.0223874942935276,0.140042574365679,0.918,0.759,1,"CENPN",0,"NS"
0.0224219002847787,0.305371285495444,0.124,0.071,1,"TMEM229B",0,"NS"
0.0224714678566024,0.138366161204482,0.202,0.13,1,"RBM14-RBM4",0,"NS"
0.0224996102271229,0.439059937881667,0.143,0.086,1,"PDGFD",0,"NS"
0.0225038555030187,0.172086047180646,0.174,0.105,1,"TMEM216",0,"NS"
0.0226138647617877,0.152381609558732,0.113,0.062,1,"ANKRD26",0,"NS"
0.0226182583680538,0.410975170702032,0.27,0.194,1,"PSEN1",0,"NS"
0.0226972715138796,0.22321047077731,0.157,0.096,1,"ZC3H18",0,"NS"
0.0227283379039532,0.263107221006791,0.251,0.173,1,"LRIF1",0,"NS"
0.0227593410937764,0.315282674743748,0.16,0.099,1,"RAD17",0,"NS"
0.0227966687188304,0.276762835670956,0.331,0.244,1,"ABCB1",0,"NS"
0.0228458248633969,-0.370393832342387,0.394,0.265,1,"C1orf52",0,"NS"
0.02287211063968,0.151423773462095,0.941,0.744,1,"CCL22",0,"NS"
0.0229426641883903,0.204488939609872,0.474,0.37,1,"TC2N",0,"NS"
0.0231460467968711,0.130233095311912,0.113,0.062,1,"MPV17L2",0,"NS"
0.0231748230226444,0.109824717094005,0.455,0.343,1,"WAPAL",0,"NS"
0.0232782797541323,0.684046016769927,0.106,0.059,1,"GPR113",0,"NS"
0.0233780884455254,0.233831402983692,0.148,0.09,1,"HSD17B1",0,"NS"
0.0234017602762491,0.28958857429605,0.195,0.127,1,"AGPAT1",0,"NS"
0.0234719016747163,-0.188202973828479,0.791,0.552,1,"CCDC69",0,"NS"
0.0234926265968734,0.0708655448409444,0.303,0.21,1,"RELA",0,"NS"
0.0235185200756843,0.369742909750412,0.12,0.068,1,"LOC439994",0,"NS"
0.0235467986399622,0.295576015566931,0.338,0.25,1,"ATP11B",0,"NS"
0.0235516570599279,0.480234774481029,0.108,0.059,1,"GPN2",0,"NS"
0.0236550764252118,-0.0131161446050188,0.218,0.145,1,"CDK13",0,"NS"
0.0237572999401068,0.177929384195734,0.624,0.509,1,"SETX",0,"NS"
0.0238235916638291,0.279359036513894,0.232,0.157,1,"VPS51",0,"NS"
0.0238381774021518,0.223109160843139,0.854,0.599,1,"NCRUPAR",0,"NS"
0.0238597736089241,0.227022219679229,0.254,0.176,1,"FBXO21",0,"NS"
0.02386545832851,0.260877226714538,0.178,0.114,1,"C10orf137",0,"NS"
0.0239566968719295,0.140348626925189,0.183,0.117,1,"RTTN",0,"NS"
0.0240538473413039,-0.124982043178929,0.333,0.231,1,"CBFB",0,"NS"
0.0240672889991967,0.29229677338182,0.237,0.164,1,"NEK1",0,"NS"
0.02408874456121,-0.110146759887244,0.23,0.151,1,"ARFGEF2",0,"NS"
0.0241463768256952,0.826442453699974,0.106,0.059,1,"GEMIN7",0,"NS"
0.0241530513429212,0.298209245237899,0.254,0.176,1,"CCNT1",0,"NS"
0.0241829723662354,0.0651236737535269,0.425,0.309,1,"MTPN",0,"NS"
0.0241829723662354,0.0651236737535269,0.425,0.309,1,"LUZP6",0,"NS"
0.0241901199596838,-0.102115503729317,0.188,0.117,1,"RNF220",0,"NS"
0.0241918856370782,0.205027155349676,0.261,0.182,1,"LTN1",0,"NS"
0.0242047448740367,-0.134995988164957,0.789,0.574,1,"DZIP3",0,"NS"
0.0242278203718101,0.265248144305242,0.183,0.117,1,"SCLY",0,"NS"
0.0243024270792791,-0.206149966507019,0.711,0.488,1,"ZNF80",0,"NS"
0.0243793097060762,-0.169854392422727,0.462,0.321,1,"RECQL",0,"NS"
0.0243858465584234,-0.328462576241799,0.495,0.506,1,"ATP5G3",0,"NS"
0.0244099143028805,0.652142868345154,0.134,0.08,1,"CAPG",0,"NS"
0.0244458404224216,0.163648732030036,0.329,0.235,1,"RCC2",0,"NS"
0.0244830094522804,0.207279298762017,0.317,0.231,1,"ZBED5",0,"NS"
0.0245277767964563,0.197275569845403,0.232,0.157,1,"FBXO42",0,"NS"
0.0245455761730882,-0.115304031320955,0.239,0.154,1,"KIAA0907",0,"NS"
0.0246094270082914,0.278260855586579,0.103,0.056,1,"MAPK3",0,"NS"
0.0246332304674837,-0.0822205002697247,0.113,0.062,1,"TSTD2",0,"NS"
0.0247909924651498,0.211203711049523,0.249,0.164,1,"ARL2",0,"NS"
0.0248083542276565,0.177079028119704,0.113,0.062,1,"ANKRD20A12P",0,"NS"
0.0248147415234835,-0.109805781357654,0.467,0.34,1,"YLPM1",0,"NS"
0.0248516422107603,0.142846265053626,0.275,0.185,1,"MPV17",0,"NS"
0.0248676961109818,0.306828267471275,0.326,0.238,1,"CEBPZ",0,"NS"
0.0248688654285005,0.129049364458519,0.178,0.114,1,"TUBGCP3",0,"NS"
0.0249041077356382,-0.18584886068464,0.181,0.111,1,"SLC25A25",0,"NS"
0.0249091012210194,-1.09494589360668,0.101,0.052,1,"LINC00202-2",0,"NS"
0.0249230340332518,0.0240860759916938,0.371,0.265,1,"UBA6",0,"NS"
0.0249388291744424,0.128850719916018,0.535,0.407,1,"ST13",0,"NS"
0.0250632456394814,0.31799568163764,0.12,0.068,1,"CAPN3",0,"NS"
0.0250947573338636,-0.0158338226015542,0.146,0.086,1,"SBNO2",0,"NS"
0.0251334692180931,0.275518625227156,0.167,0.105,1,"SETBP1",0,"NS"
0.0251927538584061,0.133581117692633,0.371,0.269,1,"EHMT1",0,"NS"
0.0252068880418942,0.124265604150005,0.251,0.17,1,"TMEM259",0,"NS"
0.0252761911152378,0.150227574078436,0.218,0.145,1,"LOC645513",0,"NS"
0.0253691951597363,0.211867388172262,0.354,0.262,1,"MGA",0,"NS"
0.025372920835977,-0.27858507668486,0.707,0.701,1,"CNOT6L",0,"NS"
0.0253737400160146,-0.165325287948952,0.744,0.525,1,"FAM111A",0,"NS"
0.0253917819772189,-0.166937485497691,0.129,0.074,1,"ALDH16A1",0,"NS"
0.025431494274957,-0.327723527148226,0.46,0.488,1,"GNG5",0,"NS"
0.0254336438251265,0.0847107638223317,0.291,0.201,1,"STRN3",0,"NS"
0.0254729228204594,0.199406794990201,0.134,0.077,1,"DTX3",0,"NS"
0.0254739007793596,-0.158876311415184,0.775,0.525,1,"ZNF429",0,"NS"
0.0255402342984009,0.057741002174354,0.322,0.225,1,"CTAGE5",0,"NS"
0.0255481115053518,-0.153977255361696,0.498,0.343,1,"RPS27L",0,"NS"
0.025632746319113,-0.213674130088511,0.192,0.12,1,"RNF121",0,"NS"
0.0256605219795641,0.184039479086631,0.315,0.213,1,"C16orf13",0,"NS"
0.0257047114619712,0.118975792841206,0.176,0.111,1,"SLC39A11",0,"NS"
0.0257215731049055,0.350800685387518,0.15,0.093,1,"ZNF654",0,"NS"
0.0257375885838921,-0.776527596355369,0.092,0.142,1,"NINJ2",0,"NS"
0.0257567005495474,0.166272032222978,0.263,0.182,1,"KIAA0195",0,"NS"
0.0258879965785551,0.1321961102007,0.941,0.781,1,"XKR9",0,"NS"
0.0258881269612486,0.115326550338632,0.899,0.639,1,"CLEC7A",0,"NS"
0.025896862288025,-0.146777306658584,0.16,0.096,1,"RPS2P32",0,"NS"
0.0259016704542928,-0.713739078196275,0.19,0.247,1,"PDE4B",0,"NS"
0.0259086772597946,0.118522284681751,0.458,0.346,1,"NPEPPS",0,"NS"
0.025938540208683,-0.0585415258790571,0.298,0.201,1,"MBD4",0,"NS"
0.0259783494837916,-0.045334110592869,0.317,0.219,1,"RAB3GAP2",0,"NS"
0.02600624859703,0.158073496804873,0.207,0.136,1,"COQ4",0,"NS"
0.0260091202344924,0.326057956529384,0.244,0.17,1,"HAX1",0,"NS"
0.0260871168279917,0.0902856780989432,0.293,0.207,1,"HERC4",0,"NS"
0.0261069996144685,0.00383086207915656,0.833,0.565,1,"ANKRD16",0,"NS"
0.0261102745910958,-0.132757695194565,0.188,0.117,1,"UBE4B",0,"NS"
0.0261560389932843,0.186694959360644,0.12,0.068,1,"STK39",0,"NS"
0.0262021780146231,0.484748482580107,0.122,0.071,1,"ZFYVE19",0,"NS"
0.0262030028447052,0.20916818091082,0.136,0.08,1,"ST3GAL3",0,"NS"
0.0262749718803207,-0.182181986630523,0.946,0.815,1,"HLA-L",0,"NS"
0.0263047607193361,0.0925536313177423,0.908,0.735,1,"PTGIS",0,"NS"
0.0263437672834549,0.0848295715756116,0.897,0.654,1,"TRMT10B",0,"NS"
0.0263610168406205,0.266297377044184,0.115,0.065,1,"C11orf71",0,"NS"
0.0264607223482247,0.429290093097104,0.268,0.198,1,"MPHOSPH9",0,"NS"
0.0265507927912712,0.331754227080362,0.169,0.108,1,"RALGAPA2",0,"NS"
0.0265537563028279,0.475863458738252,0.153,0.096,1,"TSSC4",0,"NS"
0.0265660392245122,0.0566452583533059,0.162,0.099,1,"MEI1",0,"NS"
0.0265660758642143,-0.0581280124106887,0.815,0.577,1,"ZNF394",0,"NS"
0.0266282095206326,0.120368181026291,0.228,0.154,1,"ITPR3",0,"NS"
0.0266694455291884,0.355835814901097,0.176,0.111,1,"MRPL14",0,"NS"
0.0266928326299358,0.20146909781198,0.423,0.318,1,"MLF2",0,"NS"
0.0267638229907033,0.0420239411443841,0.458,0.336,1,"LARP4B",0,"NS"
0.0268030025222747,0.340817443089606,0.214,0.145,1,"LYAR",0,"NS"
0.0268378419247132,0.136080659478942,0.136,0.08,1,"CRY2",0,"NS"
0.026866018429412,0.0243431435317161,0.498,0.352,1,"YBX1",0,"NS"
0.0269083596703134,0.252360792253931,0.157,0.096,1,"RUVBL2",0,"NS"
0.0269144888124683,0.15637343887598,0.507,0.383,1,"TCEA1",0,"NS"
0.026932253269299,0.0292330248011137,0.331,0.235,1,"IMMT",0,"NS"
0.0269479435027016,0.177055351096921,0.178,0.114,1,"FANCA",0,"NS"
0.0269709481991002,0.679848954725598,0.113,0.065,1,"RFC5",0,"NS"
0.02701816754124,0.598206504665771,0.106,0.059,1,"LOC642846",0,"NS"
0.0271475278524996,0.304691327017815,0.115,0.065,1,"SGPP2",0,"NS"
0.0272683654212127,0.181753978730452,0.946,0.719,1,"TSTD3",0,"NS"
0.0273127052072562,0.28190360941015,0.127,0.074,1,"CIRH1A",0,"NS"
0.0274243664559729,-0.302971564014989,0.692,0.469,1,"RRP7B",0,"NS"
0.0274636381297205,-0.0435555160092168,0.692,0.497,1,"NUDT4P1",0,"NS"
0.0276222003285822,0.134705520890756,0.948,0.818,1,"TMEM41B",0,"NS"
0.0276234049656839,0.22255826350741,0.103,0.056,1,"ZNF790-AS1",0,"NS"
0.0276261655590326,0.22559317490275,0.261,0.182,1,"RANBP3",0,"NS"
0.0276377253708587,-0.102581027753527,0.754,0.691,1,"MIF",0,"NS"
0.027646254861059,0.233406024001222,0.244,0.17,1,"RAB18",0,"NS"
0.0276755248012697,-0.588766365018394,0.218,0.275,1,"NDUFB6",0,"NS"
0.027693266564347,-0.437845589613731,0.448,0.296,1,"TMEM87A",0,"NS"
0.0276990638098016,0.108919180486571,0.805,0.614,1,"DHX30",0,"NS"
0.0277307777928101,-0.0655629913327537,0.829,0.605,1,"ST3GAL1",0,"NS"
0.0277578027733614,-0.0437092148413939,0.779,0.574,1,"SPCS3",0,"NS"
0.0277598122909941,-0.0208341674409095,0.758,0.54,1,"TMEM50B",0,"NS"
0.0277732785754395,0.149536529865174,0.263,0.185,1,"ATG2B",0,"NS"
0.0278097631645224,0.180392152049329,0.613,0.485,1,"GIMAP5",0,"NS"
0.0278594787559047,-0.292016051240994,0.531,0.534,1,"EIF3E",0,"NS"
0.0278900688813374,0.113100202762544,0.256,0.173,1,"PPP4R2",0,"NS"
0.0279310781429986,-0.0751749904965095,0.57,0.407,1,"KLF12",0,"NS"
0.0279353575463845,0.273411881620494,0.239,0.164,1,"MRPL9",0,"NS"
0.0280371270269189,0.102819726413248,0.211,0.139,1,"C18orf8",0,"NS"
0.028165556326248,0.607036385433154,0.113,0.065,1,"RPF2",0,"NS"
0.0281795409513827,-0.142305413872918,0.12,0.068,1,"ATP10A",0,"NS"
0.0281811086526523,0.149276366166078,0.265,0.185,1,"GLUD1",0,"NS"
0.0281975730379941,0.382665692418031,0.209,0.145,1,"TACC3",0,"NS"
0.0282364763285585,0.74120104703268,0.108,0.062,1,"SLC26A6",0,"NS"
0.0282975309776341,0.409844991193832,0.122,0.071,1,"RNF11",0,"NS"
0.028302514611018,-0.135358160895548,0.399,0.278,1,"HDAC7",0,"NS"
0.0283739165882565,-0.179948196574528,0.725,0.728,1,"SRSF7",0,"NS"
0.0283801873165546,-0.14496412316684,0.756,0.719,1,"LDHB",0,"NS"
0.0284754849178198,0.18980176156834,0.629,0.488,1,"CPNE1",0,"NS"
0.0284986455742213,-0.132036565508415,0.979,0.969,1,"CD84",0,"NS"
0.0285032397640063,0.179925505316921,0.155,0.096,1,"NOP14",0,"NS"
0.0285198819102557,0.455822256207726,0.124,0.074,1,"PRKAR2A",0,"NS"
0.0285283303247083,0.247733571349164,0.225,0.154,1,"USP38",0,"NS"
0.0285656473403167,0.137518877336395,0.904,0.657,1,"C7orf55",0,"NS"
0.0285946140330614,0.345247702480374,0.171,0.111,1,"AFG3L2",0,"NS"
0.0286582363580952,0.161456560226068,0.246,0.17,1,"ATP9B",0,"NS"
0.0286849419722019,0.0556530209883259,0.939,0.821,1,"ARPP19",0,"NS"
0.0286945585357653,0.317725302205207,0.218,0.151,1,"TSPAN3",0,"NS"
0.0287028363996873,-0.0325071367827325,0.232,0.154,1,"ZNF680",0,"NS"
0.0287851768644955,0.202815541704308,0.232,0.157,1,"MAP3K8",0,"NS"
0.028801053779015,0.049141255988201,0.955,0.824,1,"GLTP",0,"NS"
0.0288357657108709,-0.543308788906888,0.124,0.182,1,"TNS3",0,"NS"
0.0288590265181439,0.0402056374148308,0.545,0.404,1,"OCIAD1",0,"NS"
0.0288687984529595,0.235275667660217,0.106,0.059,1,"TCP11L1",0,"NS"
0.0289452906637466,0.174705404948563,0.507,0.398,1,"ZC3H7A",0,"NS"
0.0289663946330517,0.199709472071054,0.488,0.367,1,"AP2M1",0,"NS"
0.0289955344411246,0.251851538642116,0.279,0.201,1,"SLC30A9",0,"NS"
0.0289963620746586,-0.325231056710221,0.869,0.611,1,"LINC00476",0,"NS"
0.0290235560338433,0.207336325638788,0.448,0.349,1,"ATXN7",0,"NS"
0.0290237031008955,0.379643594653162,0.101,0.056,1,"MED25",0,"NS"
0.0290540085504296,0.171823159988295,0.439,0.34,1,"ERBB2IP",0,"NS"
0.02907446800896,0.157257679351677,0.15,0.093,1,"CSNK1G2",0,"NS"
0.0290893931389989,-0.10246253591096,0.312,0.213,1,"COG7",0,"NS"
0.0290915182493162,0.147260740543703,0.413,0.299,1,"KARS",0,"NS"
0.0291559125402691,0.424285411921098,0.122,0.071,1,"MRPL23",0,"NS"
0.0291735394504822,0.198364924487391,0.169,0.108,1,"SLX1B-SULT1A4",0,"NS"
0.0291735394504822,0.198364924487391,0.169,0.108,1,"SLX1A-SULT1A3",0,"NS"
0.0292968022851655,-0.080112793179345,0.793,0.577,1,"SLC30A7",0,"NS"
0.0293011332960992,0.283947403838617,0.122,0.071,1,"USP21",0,"NS"
0.0293017785064453,-0.00540067998101787,0.303,0.213,1,"ELP2",0,"NS"
0.0293039748047159,0.276375362714573,0.195,0.13,1,"ZMPSTE24",0,"NS"
0.0293182100382133,0.262231407710835,0.373,0.284,1,"RABEP1",0,"NS"
0.0294028861647113,-0.0621879800313218,0.371,0.259,1,"GART",0,"NS"
0.0294468673384721,0.77613761577983,0.153,0.099,1,"KPNA5",0,"NS"
0.0294653992310892,0.420104820646378,0.148,0.093,1,"SLC25A17",0,"NS"
0.0295089135050717,-0.19368256333444,0.815,0.586,1,"NUPL1",0,"NS"
0.0295600982445303,0.297437997018178,0.138,0.083,1,"DUS3L",0,"NS"
0.029574499570728,0.130987492851257,0.277,0.194,1,"MKRN1",0,"NS"
0.0296041048433724,0.212859667556302,0.207,0.139,1,"ASAH1",0,"NS"
0.0296204614601666,0.522737109040233,0.136,0.083,1,"ADA",0,"NS"
0.0296320804076552,-0.734512025319908,0.589,0.383,1,"FAM129A",0,"NS"
0.0296489116921202,0.33549349319977,0.176,0.114,1,"TMEM131",0,"NS"
0.0296637851381502,0.187460230442378,0.101,0.056,1,"PHLPP1",0,"NS"
0.029708982031468,0.0483817801224061,0.906,0.713,1,"KIAA1609",0,"NS"
0.0297121082688338,0.0236652332412275,0.176,0.111,1,"PEX1",0,"NS"
0.0297309797936673,-0.140210830139835,0.685,0.645,1,"PPIB",0,"NS"
0.0297958535807105,-0.737080257539647,0.169,0.102,1,"ZNF485",0,"NS"
0.0298808927499257,0.110562792397026,0.167,0.105,1,"TARBP1",0,"NS"
0.029888998609029,0.197776138104873,0.216,0.145,1,"IKBKG",0,"NS"
0.0298955789694447,0.251317485354637,0.2,0.133,1,"ADAM28",0,"NS"
0.0298966688064276,0.373449597352665,0.176,0.114,1,"COG1",0,"NS"
0.0299300264440346,0.322345740795082,0.138,0.083,1,"GNGT2",0,"NS"
0.0300606855311228,-0.0256602941739157,0.577,0.423,1,"VPS13B",0,"NS"
0.0301987999729074,0.0475951976674517,0.81,0.602,1,"ATP5F1",0,"NS"
0.0302975939219366,-0.108339481561534,1,0.988,1,"CYP20A1",0,"NS"
0.0302980063154219,0.0951593959748855,0.918,0.704,1,"CCDC125",0,"NS"
0.0303965406649654,0.44000852139295,0.143,0.09,1,"ACSS1",0,"NS"
0.030438885387433,0.101490891151602,0.225,0.151,1,"SRPRB",0,"NS"
0.030541909580956,0.248291913399172,0.577,0.509,1,"PIM2",0,"NS"
0.03059152113668,0.39542934288299,0.148,0.093,1,"FBXO28",0,"NS"
0.0306112510803169,-0.388821960195974,0.441,0.457,1,"ZFAS1",0,"NS"
0.0307050898806102,-0.5017534646322,0.308,0.352,1,"C11orf48",0,"NS"
0.0307648360000527,0.395825581448416,0.15,0.096,1,"P2RX5",0,"NS"
0.0311041576934691,-0.106686762045587,0.843,0.833,1,"EZR",0,"NS"
0.0311499635011261,0.0924274593862047,0.871,0.667,1,"EIF3I",0,"NS"
0.0312395655447526,0.329493600817891,0.129,0.077,1,"AARSD1",0,"NS"
0.0312730798583642,0.3039473802653,0.204,0.139,1,"POLR2D",0,"NS"
0.0312778634739679,-0.425913600444848,0.113,0.062,1,"OR7E12P",0,"NS"
0.0312799821699382,0.202655955288278,0.324,0.235,1,"PML",0,"NS"
0.0314868344322838,0.248231101560114,0.106,0.059,1,"GPAT2",0,"NS"
0.031543341206771,-0.0537078920095333,0.789,0.583,1,"ZDHHC20",0,"NS"
0.0315740064249545,0.773296241584043,0.11,0.065,1,"RNF126",0,"NS"
0.031604598700238,0.0285471814821089,0.336,0.241,1,"PRKCB",0,"NS"
0.0316211102529402,0.102279891891159,0.317,0.225,1,"PSMD1",0,"NS"
0.0316655620245925,0.475525355296476,0.143,0.09,1,"SIAH2",0,"NS"
0.0316670670537286,0.0254870486032334,0.34,0.247,1,"PDS5B",0,"NS"
0.031694892101836,-0.0924438739005106,0.859,0.623,1,"NAIP",0,"NS"
0.031756089029895,0.0529750957029164,0.847,0.636,1,"DSCR3",0,"NS"
0.0317977408830289,0.4402896817311,0.162,0.105,1,"FAM168B",0,"NS"
0.0318030068946748,0.524956716582079,0.12,0.071,1,"FTSJ2",0,"NS"
0.0318285632812693,0.171574268054149,0.101,0.056,1,"OTUD7B",0,"NS"
0.0319250433150839,-0.263679657833698,0.223,0.145,1,"PSMG3",0,"NS"
0.0319648379739857,0.191717946086498,0.254,0.176,1,"FAM110A",0,"NS"
0.0319734235295286,0.125961722560487,0.308,0.225,1,"IKBKAP",0,"NS"
0.0320042425062855,0.0598155931659764,0.256,0.176,1,"ZNF76",0,"NS"
0.0320335686163034,0.33738306966883,0.115,0.065,1,"NOP16",0,"NS"
0.0321278520103227,0.268428446662852,0.357,0.269,1,"TBC1D2B",0,"NS"
0.0321618503226947,0.0851438847841249,0.293,0.207,1,"CEPT1",0,"NS"
0.0321743829087083,0.303715598552289,0.338,0.262,1,"CHD8",0,"NS"
0.0322155640471736,0.144431387922886,0.669,0.556,1,"ARF6",0,"NS"
0.0322746226475882,-0.343949627277458,0.162,0.099,1,"CD151",0,"NS"
0.0322780114865956,-0.884375480606767,0.101,0.148,1,"C16orf80",0,"NS"
0.0323286998553783,0.263524403344985,0.124,0.074,1,"TIAF1",0,"NS"
0.0323750838771372,0.175526202932413,0.354,0.259,1,"SIGIRR",0,"NS"
0.0323762621413809,0.270924094073189,0.256,0.182,1,"CRBN",0,"NS"
0.0325072777515237,0.184996253300301,0.275,0.198,1,"RNF111",0,"NS"
0.0325192404699471,0.432159149924012,0.113,0.065,1,"CDCA4",0,"NS"
0.0325611577418586,-0.223333558943051,0.552,0.552,1,"SSR2",0,"NS"
0.0326092147817497,0.185825687389935,0.129,0.077,1,"FBXO33",0,"NS"
0.0326147970370227,0.0158224341212745,0.214,0.142,1,"OTUD4",0,"NS"
0.0326477804249607,0.242429675346649,0.164,0.105,1,"RCN1",0,"NS"
0.0326753067502269,0.00929095094750265,0.329,0.241,1,"MYSM1",0,"NS"
0.0326916422098987,0.00239469518208521,0.432,0.318,1,"TFRC",0,"NS"
0.0327274702584503,0.103599760176617,0.338,0.247,1,"ZNF335",0,"NS"
0.0327440875357266,0.276839603058876,0.319,0.235,1,"MAGED2",0,"NS"
0.0328088907909869,0.198229639854302,0.134,0.08,1,"FAHD2CP",0,"NS"
0.0328310299500109,-0.217438889417451,0.19,0.12,1,"HDAC10",0,"NS"
0.0329375798228485,0.012029344539134,0.404,0.293,1,"SEC24B",0,"NS"
0.0329735623640284,0.355100139814449,0.169,0.111,1,"ZNF512",0,"NS"
0.0330165013359099,0.155378714193049,0.467,0.361,1,"BTN3A3",0,"NS"
0.033051566199213,0.52309146263848,0.157,0.102,1,"IDH3A",0,"NS"
0.0330939782674983,0.326007581202213,0.174,0.114,1,"MSH2",0,"NS"
0.0331081538097325,-0.221433851404192,0.155,0.096,1,"EHBP1L1",0,"NS"
0.0333159580040046,-0.121750009600421,0.93,0.877,1,"HAVCR2",0,"NS"
0.0333326096326847,-0.640718307470898,0.103,0.154,1,"MRPL13",0,"NS"
0.0333394323811876,0.0347540010842682,0.129,0.077,1,"ANKRD28",0,"NS"
0.0334035572871734,0.308095556347901,0.211,0.145,1,"FKBP15",0,"NS"
0.0334395506573101,0.146889025133378,0.977,0.864,1,"GFOD2",0,"NS"
0.0334677780382502,-0.718779318347353,0.094,0.142,1,"PTRHD1",0,"NS"
0.0334819370138896,0.0696587089989222,0.197,0.13,1,"NDUFAF4",0,"NS"
0.0335432282615791,-0.585331748417961,0.373,0.407,1,"CDV3",0,"NS"
0.0335758215352743,0.259797633546591,0.317,0.228,1,"RNF181",0,"NS"
0.0335913682573965,-0.895020232571925,0.704,0.444,1,"ITGA2",0,"NS"
0.0336550793160872,0.0436277275147088,0.275,0.191,1,"NOSIP",0,"NS"
0.0336970848176925,0.051531865016955,0.303,0.213,1,"COPG1",0,"NS"
0.0337179987538006,0.893337561419434,0.113,0.068,1,"TET1",0,"NS"
0.0337292837670948,-0.00600341500557505,0.408,0.293,1,"TMEM140",0,"NS"
0.0337961862544866,-0.0573239544809625,0.143,0.086,1,"INO80E",0,"NS"
0.0338406052672171,-0.39149484462105,0.744,0.497,1,"IFIT3",0,"NS"
0.0338547735643613,-0.71242643754421,0.153,0.207,1,"GALNT11",0,"NS"
0.0339495568251057,-0.0525089308186688,0.106,0.059,1,"CHCHD10",0,"NS"
0.0339971299719502,-0.0104717300919049,0.343,0.238,1,"EMD",0,"NS"
0.0339999919978809,-0.343552092502043,0.143,0.086,1,"PLXNC1",0,"NS"
0.0340272204623185,0.126037184752649,0.35,0.262,1,"PCNXL2",0,"NS"
0.0340282122869394,0.655616682917238,0.122,0.074,1,"MAOB",0,"NS"
0.034087926252858,0.184803514919424,0.272,0.191,1,"ILKAP",0,"NS"
0.0340922086317472,-0.476653431353557,0.347,0.38,1,"FAM96B",0,"NS"
0.0340931648551595,0.31107172547629,0.113,0.065,1,"BNIP3",0,"NS"
0.0341359904609567,0.329811311543474,0.261,0.188,1,"CCNG1",0,"NS"
0.0341677820850985,0.309280683865169,0.164,0.108,1,"CUL7",0,"NS"
0.0342353768849571,0.250118467430652,0.12,0.071,1,"HS2ST1",0,"NS"
0.034296565954026,0.145061089088089,0.164,0.105,1,"PCED1A",0,"NS"
0.034389585707695,0.29477277669528,0.239,0.167,1,"CKS2",0,"NS"
0.0345171691771722,0.395557699323228,0.195,0.133,1,"LMNA",0,"NS"
0.034571406756821,0.285351396272472,0.12,0.071,1,"CTNND1",0,"NS"
0.0345957208599646,0.790870675876497,0.106,0.062,1,"MED11",0,"NS"
0.034673034961353,0.323404666502382,0.345,0.265,1,"BIN1",0,"NS"
0.0348952713966915,0.477556641449524,0.157,0.102,1,"ALMS1",0,"NS"
0.0349363448817312,0.321045418425925,0.202,0.139,1,"ARMCX3",0,"NS"
0.0349654099164963,0.309929597361517,0.261,0.188,1,"TSC22D2",0,"NS"
0.0349726686904099,-0.117437052973736,0.803,0.571,1,"TRIM14",0,"NS"
0.0349936392494782,0.299461442111337,0.228,0.16,1,"GRAP2",0,"NS"
0.0350117500866778,-0.00345141912933489,0.941,0.889,1,"EEF1G",0,"NS"
0.0350155850095265,0.781454713056655,0.106,0.062,1,"NUDT14",0,"NS"
0.0350281491586345,0.291178606392251,0.103,0.059,1,"SIDT2",0,"NS"
0.0353044229560089,0.406799510937397,0.178,0.12,1,"FBXL15",0,"NS"
0.0353640136519617,0.202126872512863,0.352,0.262,1,"API5",0,"NS"
0.0353760166193611,-0.26493013324597,0.354,0.247,1,"CD59",0,"NS"
0.03539581380486,-0.145416793459958,0.15,0.093,1,"MANEA",0,"NS"
0.0358435130514138,0.100154871244098,0.333,0.244,1,"EPRS",0,"NS"
0.0358455605020805,0.525360617577321,0.153,0.099,1,"ZDHHC12",0,"NS"
0.0359818715790334,-0.000423589273219747,0.498,0.367,1,"ZC3H13",0,"NS"
0.0359905279093174,0.248793754456847,0.279,0.201,1,"PSMC2",0,"NS"
0.0360707648527704,-1.03023290873558,0.103,0.148,1,"MGME1",0,"NS"
0.0361621394044172,0.614199742855361,0.129,0.08,1,"CHPF",0,"NS"
0.03618820821415,0.0817298201626583,0.566,0.432,1,"TRAF1",0,"NS"
0.0361967335850611,0.229353039900701,0.378,0.293,1,"USP16",0,"NS"
0.0362277086066156,-0.506510630545861,0.27,0.315,1,"IFI27L2",0,"NS"
0.036248937323308,0.26727228864214,0.188,0.127,1,"GABPA",0,"NS"
0.03627073286262,0.059484612148258,0.31,0.219,1,"FLOT2",0,"NS"
0.0362971482873563,0.127490369968742,0.385,0.287,1,"UPF2",0,"NS"
0.0363600360351126,0.176889109794345,0.155,0.099,1,"SLC25A40",0,"NS"
0.0363649967532465,0.0138241051348942,0.16,0.102,1,"BRD7P3",0,"NS"
0.0363889032685005,0.377694488107277,0.16,0.105,1,"GANC",0,"NS"
0.0364136272495995,0.129507969156185,0.197,0.133,1,"BAG4",0,"NS"
0.0364300627613088,0.103002136469234,0.472,0.355,1,"SND1",0,"NS"
0.0364939707372503,0.156658794124129,0.357,0.269,1,"SUPT6H",0,"NS"
0.0365034828620514,-0.107497623243407,0.225,0.151,1,"USF1",0,"NS"
0.036518903490787,0.231729276722627,0.16,0.102,1,"STX12",0,"NS"
0.0365611160742394,0.121909585303425,0.974,0.877,1,"RUNDC1",0,"NS"
0.0365799680294564,-0.0845116586815466,0.951,0.889,1,"ZFP36L1",0,"NS"
0.0366346351580542,0.590569956410896,0.124,0.077,1,"SLC16A1",0,"NS"
0.0366365574146953,0.200885716386366,0.317,0.235,1,"PDIA4",0,"NS"
0.0366578041736219,0.349077896421188,0.202,0.139,1,"MROH1",0,"NS"
0.0367097671631018,0.371626678401908,0.204,0.142,1,"PDCD11",0,"NS"
0.0367135319306743,-0.00220994601305174,0.507,0.373,1,"NCOA3",0,"NS"
0.0367318358408626,-0.0456721192439068,0.207,0.136,1,"ANKRD13D",0,"NS"
0.0367606673160357,0.149664167755238,0.2,0.133,1,"CCNC",0,"NS"
0.0367940127046208,0.438305695703613,0.108,0.062,1,"HIST1H2BN",0,"NS"
0.0368506757748366,0.00245716211623281,0.242,0.164,1,"NCDN",0,"NS"
0.0368759160973354,-0.458392145599858,0.277,0.333,1,"RGS10",0,"NS"
0.0369235015202711,0.179788028596947,0.354,0.269,1,"TGFBR2",0,"NS"
0.0369693279462589,-0.0616349978892345,0.831,0.772,1,"SRP14",0,"NS"
0.0370781720971515,0.0717221441501918,0.986,0.938,1,"CCDC142",0,"NS"
0.0371017748321652,0.0481250073628567,0.322,0.228,1,"LOC100129361",0,"NS"
0.0371043918016854,0.305444393360746,0.2,0.136,1,"SIGMAR1",0,"NS"
0.0371181955852069,0.103039689251,0.268,0.191,1,"HIF1AN",0,"NS"
0.0371796401428924,0.124137490085179,0.153,0.096,1,"ZCCHC9",0,"NS"
0.0372250341372335,0.34503010038261,0.284,0.213,1,"PIM1",0,"NS"
0.0373273934435376,0.15696767877635,0.183,0.12,1,"AGPS",0,"NS"
0.0373373461278111,0.0967752813315461,0.181,0.117,1,"GTF3C5",0,"NS"
0.0373443247155538,0.378658428018051,0.138,0.086,1,"ICAM2",0,"NS"
0.0374430723412116,0.138994222719127,0.19,0.127,1,"SLC35F5",0,"NS"
0.037481417757728,0.212807783310719,0.272,0.194,1,"PWP1",0,"NS"
0.0375624411933203,0.281997903668969,0.256,0.182,1,"TRPT1",0,"NS"
0.0375933255300874,0.138874745748521,0.185,0.123,1,"NOMO2",0,"NS"
0.037687907269897,0.0862390719711333,0.854,0.627,1,"CYB5R3",0,"NS"
0.0377173964501505,0.542730154901734,0.157,0.105,1,"ZER1",0,"NS"
0.0377443710985369,0.326777323255612,0.103,0.059,1,"MTA3",0,"NS"
0.0378635793109084,-0.3395361592131,0.462,0.497,1,"HLA-DQA1",0,"NS"
0.0378663692105075,0.146788058558966,0.188,0.123,1,"TRIM69",0,"NS"
0.0379191900002157,-0.091487031573749,0.192,0.127,1,"KCTD9",0,"NS"
0.0380579300808465,-0.0380644924056037,0.209,0.139,1,"PTOV1",0,"NS"
0.038068752227916,0.199547554576989,0.298,0.216,1,"CPSF3L",0,"NS"
0.0380878498722252,0.13861658125316,0.178,0.117,1,"SCLT1",0,"NS"
0.0380977315271685,0.0146301942982874,0.312,0.225,1,"VEZT",0,"NS"
0.038136263304762,0.000668887585911992,0.242,0.167,1,"LRSAM1",0,"NS"
0.0381869158963163,0.226804940674544,0.265,0.191,1,"USP39",0,"NS"
0.0382810652180087,-0.504577386275797,0.155,0.096,1,"SOLH",0,"NS"
0.0383637923463643,0.162810377075971,0.249,0.176,1,"WWP2",0,"NS"
0.0384168558794891,0.473726075087955,0.148,0.096,1,"CSTF1",0,"NS"
0.0384360192441075,-0.143353294482395,0.735,0.728,1,"SIRPG",0,"NS"
0.0385025291235278,0.378145782054128,0.197,0.136,1,"NOB1",0,"NS"
0.038506736121977,0.668794594288469,0.138,0.09,1,"ALDH18A1",0,"NS"
0.0385474141720007,0.0344870205905299,0.204,0.136,1,"ARFIP1",0,"NS"
0.038664885874502,0.288663379763962,0.27,0.198,1,"PDHB",0,"NS"
0.0386726512674461,-0.0237764721765365,0.446,0.318,1,"PRKCSH",0,"NS"
0.0386865646000296,0.0536413283119672,0.261,0.182,1,"RRP1B",0,"NS"
0.0387515901715344,0.18971101327187,0.451,0.355,1,"SRPR",0,"NS"
0.0387593120517606,0.00140132964890383,0.653,0.494,1,"NBPF10",0,"NS"
0.0390885399046392,-0.219763976436401,0.622,0.41,1,"ATP5S",0,"NS"
0.0393385043823723,0.157065456195989,0.244,0.173,1,"PTBP2",0,"NS"
0.0394324886770149,0.256048735653895,0.181,0.12,1,"P4HTM",0,"NS"
0.0394995924915264,0.079211929715929,0.343,0.25,1,"R3HDM1",0,"NS"
0.0395097179282854,-0.124619399359378,0.413,0.293,1,"BCL2L11",0,"NS"
0.0395267015073281,0.167727178510221,0.19,0.127,1,"MLH1",0,"NS"
0.0395626229099923,0.255576829514044,0.209,0.145,1,"TSPAN17",0,"NS"
0.0398111130938013,0.223128035743778,0.298,0.222,1,"MADD",0,"NS"
0.0398211668929538,0.113224308665091,0.441,0.34,1,"KIF2A",0,"NS"
0.0398421853671081,0.268378569748641,0.237,0.167,1,"ATG3",0,"NS"
0.0398611106364212,0.50786793971034,0.117,0.071,1,"ZNF567",0,"NS"
0.039882345514376,-0.289622438278191,0.404,0.441,1,"NEDD8",0,"NS"
0.0399038665049466,-0.0982335959726755,0.519,0.386,1,"SLFN11",0,"NS"
0.0399613837153534,0.0360568025248635,0.183,0.12,1,"ZNF302",0,"NS"
0.0403234311434597,0.0725635978095704,0.531,0.407,1,"SLC38A2",0,"NS"
0.0404605247835354,0.165094630717488,0.927,0.722,1,"ZNF557",0,"NS"
0.0404698520677482,0.210879735988788,0.127,0.077,1,"H1FX",0,"NS"
0.0405956988177949,0.293786796310502,0.15,0.096,1,"USE1",0,"NS"
0.0407593446696998,-0.454976297521882,0.277,0.336,1,"TMEM173",0,"NS"
0.0407880310448928,0.0234547585353374,0.918,0.753,1,"ARHGAP1",0,"NS"
0.0408817718177471,0.366472314223253,0.106,0.062,1,"PLXNA3",0,"NS"
0.0410329828484298,0.309817109937511,0.11,0.065,1,"CYHR1",0,"NS"
0.0410485041259513,0.0290602714880432,0.171,0.111,1,"CMAHP",0,"NS"
0.0410926994025134,-0.0632402835204582,0.369,0.262,1,"KLC1",0,"NS"
0.0411476691541102,-0.044841072841196,0.256,0.179,1,"ARHGAP18",0,"NS"
0.041170208520598,0.281191545111979,0.185,0.123,1,"RAE1",0,"NS"
0.0412877252339206,0.179457500153178,0.2,0.136,1,"SLC1A5",0,"NS"
0.0413131170867622,0.177137761036084,0.242,0.167,1,"PLEKHJ1",0,"NS"
0.0413721431617827,0.338254217978921,0.11,0.065,1,"ARV1",0,"NS"
0.0414335578267628,-0.783053086795858,0.589,0.389,1,"ASPH",0,"NS"
0.0414438571890195,-0.395549573845218,0.171,0.108,1,"NRDE2",0,"NS"
0.0414978333542933,0.342501478958196,0.122,0.074,1,"RDH14",0,"NS"
0.0415304343234838,0.29241579675046,0.171,0.114,1,"ARL15",0,"NS"
0.0415804645884388,0.246691855739539,0.195,0.133,1,"EHMT2",0,"NS"
0.0416858544426577,0.236726232615937,0.242,0.176,1,"KIAA0586",0,"NS"
0.0417070074798977,0.24877740644815,0.298,0.222,1,"SNRPA",0,"NS"
0.0417090503413088,-0.00393434670510873,0.261,0.182,1,"SHC1",0,"NS"
0.0417178199795975,-0.317076767118435,0.453,0.321,1,"ADAM17",0,"NS"
0.0417317284025626,-0.930424943231645,0.146,0.191,1,"ING3",0,"NS"
0.0417359871348858,0.165896905823523,0.458,0.352,1,"CCT3",0,"NS"
0.0417360959712473,-0.505250069619746,0.244,0.29,1,"TOMM5",0,"NS"
0.0417754356307521,0.0863543309440788,0.289,0.204,1,"DNAJB4",0,"NS"
0.0418096583864977,0.157135624776928,0.582,0.444,1,"KLRC4",0,"NS"
0.0422230398823641,0.393502073046959,0.129,0.08,1,"SOCS1",0,"NS"
0.0422230398823641,0.373120466527181,0.129,0.08,1,"NFXL1",0,"NS"
0.0422354975374081,0.134949774445479,0.138,0.086,1,"PEX14",0,"NS"
0.0423901811618487,0.130872382712629,0.474,0.361,1,"GLTSCR2",0,"NS"
0.0424428510942744,-0.112832459571772,0.244,0.167,1,"BRD7",0,"NS"
0.0424442048821565,0.236507892240898,0.207,0.142,1,"PRPSAP2",0,"NS"
0.0425114972390631,0.185548327668193,0.216,0.145,1,"C4orf48",0,"NS"
0.0426035531779336,-0.286748027570426,0.465,0.478,1,"BCAP31",0,"NS"
0.0426396749417895,-0.252355854818061,0.516,0.537,1,"SHFM1",0,"NS"
0.0426781178215568,0.600597517197743,0.146,0.096,1,"LDLRAP1",0,"NS"
0.0427530405347879,0.179142783569176,0.261,0.185,1,"TRIM21",0,"NS"
0.0427652626397392,0.210291534304614,0.362,0.272,1,"UQCRC2",0,"NS"
0.0427957216713231,-0.0494201601464159,0.986,0.938,1,"NMNAT1",0,"NS"
0.0428133120329283,-0.117342995598371,0.122,0.074,1,"ZNF607",0,"NS"
0.0428576927518856,0.287585469364252,0.204,0.142,1,"GYG1",0,"NS"
0.0428608363214367,-0.22095456462712,0.782,0.562,1,"GRSF1",0,"NS"
0.0428999563887561,0.0689691083076016,0.131,0.08,1,"LOC728407",0,"NS"
0.0429197771102722,0.126607700594968,0.279,0.201,1,"WDR45B",0,"NS"
0.0429563687328639,-0.172511668969115,0.589,0.599,1,"RAN",0,"NS"
0.0430007076234812,0.245801681496065,0.284,0.21,1,"UBQLN2",0,"NS"
0.0430586774249306,0.296558295214998,0.141,0.09,1,"NFYA",0,"NS"
0.0431165435356985,-0.0932249726988579,0.817,0.71,1,"PKM",0,"NS"
0.0431350023723704,-0.172571872959042,0.218,0.145,1,"LINC00116",0,"NS"
0.0431985475160102,0.0119098190219752,0.387,0.287,1,"COG5",0,"NS"
0.0432932618983953,0.592532179554899,0.108,0.065,1,"ABCB8",0,"NS"
0.0432981060310928,0.0896814398015364,0.127,0.077,1,"HKR1",0,"NS"
0.043372620540823,-0.582604226385592,0.115,0.068,1,"ZNF98",0,"NS"
0.0434052175190805,0.130060926494625,0.878,0.691,1,"SDE2",0,"NS"
0.0434453208366871,-0.289537675893247,0.469,0.478,1,"GSTP1",0,"NS"
0.0435405323800856,-0.228069104255126,0.948,0.867,1,"FKBP5",0,"NS"
0.0435574435200322,0.231993438844019,0.167,0.111,1,"ZNF280D",0,"NS"
0.0435659999985156,0.314322412549797,0.256,0.191,1,"POLR2M",0,"NS"
0.0435788954055062,0.640787284466852,0.108,0.065,1,"SERTAD3",0,"NS"
0.0436249439924865,-0.498769645096088,0.406,0.278,1,"LOC100216545",0,"NS"
0.0436286138239208,0.174040250022853,0.176,0.117,1,"CBWD2",0,"NS"
0.0437007192999367,0.425658343409066,0.169,0.114,1,"PIM3",0,"NS"
0.0437552272963953,0.0405037334870029,0.15,0.096,1,"ACAD9",0,"NS"
0.0437813250004519,-0.0560289782729363,0.707,0.515,1,"SUMF2",0,"NS"
0.0438471412427692,0.0919492813862919,0.242,0.17,1,"MED23",0,"NS"
0.0438727646640898,-1.0889022898639,0.134,0.179,1,"PTPN23",0,"NS"
0.0439152116975301,0.270623978958331,0.155,0.102,1,"MCMBP",0,"NS"
0.0440045506007027,0.251035884082366,0.106,0.062,1,"SLC38A9",0,"NS"
0.0440482736406851,-1.0007619886624,0.209,0.133,1,"LOC339622",0,"NS"
0.04412479699304,-0.123626999233835,0.967,0.914,1,"RAB27A",0,"NS"
0.0441425323212878,-0.158844213616129,0.115,0.068,1,"LOC338799",0,"NS"
0.0441570149844753,-0.0666076460280576,0.197,0.133,1,"NSUN6",0,"NS"
0.0443695279918791,0.217081089620721,0.122,0.074,1,"UAP1",0,"NS"
0.0443755963446192,0.24580273354212,0.195,0.133,1,"GTPBP4",0,"NS"
0.0445420835832034,0.260287461389936,0.333,0.25,1,"XCL2",0,"NS"
0.044589355134619,0.0594350319536372,0.57,0.432,1,"UBA1",0,"NS"
0.0446148672270391,0.10762377159673,0.228,0.154,1,"EIF2B1",0,"NS"
0.044641730861222,0.112895325094558,0.232,0.16,1,"SYTL1",0,"NS"
0.0446823172723134,-0.114618448349388,0.216,0.148,1,"GK",0,"NS"
0.0447715293049718,0.359655370197564,0.223,0.16,1,"PLEKHF2",0,"NS"
0.0448013304211602,0.107154138705496,0.66,0.512,1,"PCBP2",0,"NS"
0.0448069593465431,-0.0688424246529233,0.31,0.219,1,"PI4KA",0,"NS"
0.0448763939442102,0.0609151414196965,0.43,0.327,1,"IRF4",0,"NS"
0.0449651377292282,-0.2754609262739,0.638,0.444,1,"COX20",0,"NS"
0.0450001920381723,0.259057268105105,0.136,0.086,1,"FBXO34",0,"NS"
0.0450557742922917,0.194843990790859,0.134,0.083,1,"ATP11C",0,"NS"
0.0451921425368022,0.0772989282216853,0.279,0.201,1,"KIAA0922",0,"NS"
0.0454397719368875,-0.416746165304372,0.146,0.09,1,"LOC100133315",0,"NS"
0.0455298321155979,0.106890295714755,0.167,0.108,1,"ANAPC13",0,"NS"
0.0455356366110196,0.403697908540432,0.15,0.099,1,"CARKD",0,"NS"
0.0455616207626498,0.0231940782518167,0.279,0.198,1,"ATG2A",0,"NS"
0.0456030743226708,0.0698950253905943,0.357,0.265,1,"SLC7A5",0,"NS"
0.0457139742962914,0.41936067320896,0.113,0.068,1,"KLC2",0,"NS"
0.0457367283640197,0.154538331542838,0.923,0.79,1,"ADAT1",0,"NS"
0.0457427759388978,0.322458892595777,0.101,0.059,1,"TAB3",0,"NS"
0.0457763284996709,0.0799561930267182,0.425,0.321,1,"SNX14",0,"NS"
0.0458756890884246,0.14471297205034,0.174,0.114,1,"PRR14",0,"NS"
0.0459016531694483,-0.0303138101691808,0.751,0.546,1,"TSPAN31",0,"NS"
0.0459394257252742,0.242648218851541,0.129,0.08,1,"SIRT7",0,"NS"
0.0459956098600461,0.403471881712702,0.171,0.117,1,"C16orf58",0,"NS"
0.0459966620483808,0.530652168208437,0.108,0.065,1,"TRIM41",0,"NS"
0.0460558998997744,0.0217190127461944,0.183,0.12,1,"SLMO2-ATP5E",0,"NS"
0.0461325704239134,0.217920485306807,0.502,0.407,1,"AP1G1",0,"NS"
0.046134071461063,0.16409458792175,0.758,0.654,1,"INPP4B",0,"NS"
0.0461528466574255,0.0745953132006953,0.876,0.679,1,"CECR1",0,"NS"
0.0463632550031589,0.112651406456467,0.509,0.401,1,"KIAA0247",0,"NS"
0.0464747901172196,-0.00199910628150873,0.441,0.312,1,"POLR2L",0,"NS"
0.0465534414395987,0.367822104692603,0.106,0.062,1,"ZNF581",0,"NS"
0.046561151240792,-0.0442331975668893,1,1,1,"ASTN2",0,"NS"
0.0467579922515963,-0.0801318492023517,0.88,0.83,1,"SLA",0,"NS"
0.0468022902157171,0.304545450520868,0.169,0.114,1,"NMD3",0,"NS"
0.0468544986205993,0.215953300180679,0.317,0.241,1,"CRTC2",0,"NS"
0.0468566370183569,-0.334043574149708,0.653,0.66,1,"MYCBP2",0,"NS"
0.0468944837755266,0.15156187758711,0.394,0.302,1,"ZNF217",0,"NS"
0.0469909889980984,0.173251375249056,0.117,0.071,1,"FAM35A",0,"NS"
0.0471173813810929,0.0962371060615161,0.122,0.074,1,"VAC14",0,"NS"
0.0471756236450187,0.21297863083095,0.204,0.142,1,"TBC1D23",0,"NS"
0.0472126026054036,-0.277264394280996,0.54,0.537,1,"TCEB2",0,"NS"
0.0472364800203022,0.0318063702700951,0.843,0.599,1,"MPV17L",0,"NS"
0.0475029156632772,0.423505455440493,0.211,0.151,1,"APC",0,"NS"
0.0475301677934925,-0.066469357481794,0.338,0.247,1,"ARFGEF1",0,"NS"
0.0475813154697324,0.109346881335515,0.117,0.071,1,"C21orf7",0,"NS"
0.0477474324775274,0.128526007322141,0.204,0.142,1,"MAPK1",0,"NS"
0.0478122163808918,-0.138350914072493,0.505,0.367,1,"ITCH",0,"NS"
0.0478683636492289,0.208761667116782,0.237,0.17,1,"PLA2G6",0,"NS"
0.0479446921517171,0.284577202226573,0.178,0.12,1,"HENMT1",0,"NS"
0.0479807078584888,0.0654091787731761,0.528,0.417,1,"KDM2A",0,"NS"
0.0479888671636683,0.279834140104974,0.228,0.164,1,"SCFD1",0,"NS"
0.0480184144187054,0.211761391658891,0.31,0.231,1,"NHLRC3",0,"NS"
0.0480427961026992,0.0529600768592751,0.899,0.716,1,"FAM122C",0,"NS"
0.0480890252993233,0.122074868442228,0.756,0.583,1,"MGEA5",0,"NS"
0.0481141654860223,-0.0806013220272503,0.554,0.41,1,"UBE2G1",0,"NS"
0.0481168134533827,0.220070925538275,0.185,0.127,1,"MST4",0,"NS"
0.0481311362098903,0.0251442026107487,0.204,0.139,1,"ZNF142",0,"NS"
0.0483087249677189,0.461099033862678,0.16,0.108,1,"NRF1",0,"NS"
0.0483269738215514,0.305902626896766,0.261,0.194,1,"SIPA1",0,"NS"
0.0483272047897267,0.400336075325817,0.178,0.123,1,"TSSC1",0,"NS"
0.0483995003597865,-0.217169377262557,0.308,0.222,1,"SEL1L3",0,"NS"
0.0484485599062298,0.331876352226695,0.176,0.12,1,"CRELD2",0,"NS"
0.0484710170153762,0.158823523227637,0.153,0.099,1,"TATDN1",0,"NS"
0.0486561490699212,0.214969377809761,0.148,0.096,1,"TWF1",0,"NS"
0.048683148636623,0.131195658571476,0.967,0.861,1,"P2RX5-TAX1BP3",0,"NS"
0.0487014104055464,0.411871564669668,0.171,0.117,1,"TCF20",0,"NS"
0.0488408639633181,0.327255375033107,0.108,0.065,1,"ZNF589",0,"NS"
0.0488595377687871,-0.23377443255809,0.596,0.426,1,"DDX58",0,"NS"
0.0489169317811167,0.209461166802882,0.289,0.21,1,"NUDT22",0,"NS"
0.0489520312013392,0.0646166402642239,0.3,0.216,1,"PSMC6",0,"NS"
0.0489885317774568,0.0368381012732529,0.31,0.222,1,"BCAS2",0,"NS"
0.0489930350631727,-0.0109484627625578,0.845,0.651,1,"INPP5B",0,"NS"
0.0489987206280843,0.401880729614005,0.108,0.065,1,"ANKMY2",0,"NS"
0.0490751242381481,0.101837871378649,0.183,0.123,1,"ODF2",0,"NS"
0.0491284988472864,0.133409192000124,0.397,0.306,1,"SMC4",0,"NS"
0.0491401214556444,0.127192115819598,0.925,0.741,1,"C3orf72",0,"NS"
0.04917217482989,0.17311138344168,0.331,0.25,1,"ERCC5",0,"NS"
0.0492567054474531,0.234825001829374,0.143,0.093,1,"PABPC1L",0,"NS"
0.0492684583894254,-0.395959404894549,0.366,0.398,1,"HIST1H4C",0,"NS"
0.0492883195324534,0.280863951188767,0.157,0.105,1,"HEG1",0,"NS"
0.0493124662519336,0.125065806454285,0.254,0.182,1,"MRPS31",0,"NS"
0.0493559042507975,0.0309770709053693,0.918,0.719,1,"CIAO1",0,"NS"
0.0494664122115023,-0.0553244653833835,0.117,0.071,1,"EIF4ENIF1",0,"NS"
0.0496064574530232,0.0532522756788983,0.298,0.216,1,"RCOR3",0,"NS"
0.0496120755222983,0.348329496824406,0.124,0.077,1,"MLST8",0,"NS"
0.049734679791555,0.264968785796634,0.2,0.139,1,"DLG1",0,"NS"
0.0497353601295131,0.131584883146334,0.613,0.491,1,"PAM",0,"NS"
0.049778749932363,0.109488796236309,0.944,0.806,1,"ARRDC3-AS1",0,"NS"
0.049878332312356,0.259220289018975,0.174,0.117,1,"NARFL",0,"NS"
0.0499436170368415,-0.0836205158903487,0.876,0.821,1,"HNRNPA2B1",0,"NS"
0.0500283368886674,-0.279201295633923,0.444,0.463,1,"VPS28",0,"NS"
0.050135449377487,0.339901483914704,0.277,0.21,1,"SLC5A3",0,"NS"
0.0501434369227658,0.149155987655125,0.911,0.722,1,"UBE2Q2P1",0,"NS"
0.0502168496158311,0.161268707245647,0.2,0.139,1,"LDLRAD4",0,"NS"
0.05022346609113,0.178141098964404,0.232,0.167,1,"NOLC1",0,"NS"
0.0502309405244653,0.319175026302532,0.359,0.284,1,"KIAA0430",0,"NS"
0.050301109527739,0.29580724862973,0.138,0.09,1,"TRNT1",0,"NS"
0.0503025248101631,0.207892516516063,0.291,0.216,1,"EFHA1",0,"NS"
0.0503086179278592,-0.0135341622530701,0.948,0.806,1,"MR1",0,"NS"
0.0504112753489037,0.105042994431131,0.946,0.821,1,"RABL5",0,"NS"
0.0504921086552011,-0.484077279880623,0.195,0.25,1,"AFAP1L2",0,"NS"
0.0505503174653298,0.568264847664579,0.129,0.083,1,"CDK14",0,"NS"
0.0505533757743207,0.306140834114728,0.171,0.114,1,"CBWD3",0,"NS"
0.0505866107722218,0.137961135247482,0.282,0.207,1,"SLC25A36",0,"NS"
0.0505978442877685,0.15121430252196,0.969,0.855,1,"LYZ",0,"NS"
0.0506504061615702,0.0423712692749709,0.857,0.679,1,"RABGAP1L",0,"NS"
0.0506752851640217,-0.0579112504298749,0.338,0.247,1,"FBXW11",0,"NS"
0.0507078890827826,0.0853235396764934,0.512,0.398,1,"EIF5B",0,"NS"
0.0507119517275442,0.106673904438498,0.932,0.731,1,"GSG1",0,"NS"
0.0507709711244053,0.0332698793033162,0.847,0.639,1,"SERPINB1",0,"NS"
0.0508163040117833,0.24832930838578,0.188,0.13,1,"VPS11",0,"NS"
0.0508216978957907,-0.0357180783018019,0.352,0.25,1,"THUMPD1",0,"NS"
0.0509299045838629,0.218679059067643,0.221,0.157,1,"PPP2R2A",0,"NS"
0.0509715719597549,0.492999776118347,0.214,0.157,1,"RALBP1",0,"NS"
0.0510596246760977,-0.0631374200920694,0.998,0.96,1,"L2HGDH",0,"NS"
0.05115214213305,0.13623156717633,0.387,0.302,1,"OXNAD1",0,"NS"
0.0511976103767788,0.105899157682798,0.545,0.441,1,"ANKHD1",0,"NS"
0.0512019639095381,-0.166543510369531,0.171,0.111,1,"ST20",0,"NS"
0.0513203740790847,0.116386809691244,0.279,0.201,1,"SLC25A38",0,"NS"
0.0513340195719159,0.206138665859371,0.15,0.099,1,"MVB12B",0,"NS"
0.0513708515821117,0.54042661270345,0.157,0.108,1,"ACSL3",0,"NS"
0.0514657343962771,0.443110016669659,0.103,0.062,1,"SEPHS1",0,"NS"
0.0514746754473933,-0.0924845862161083,0.204,0.139,1,"UBE3C",0,"NS"
0.0515932960590497,0.0256067272629755,0.873,0.701,1,"DCAF7",0,"NS"
0.0516240055434902,-0.271493561502294,0.535,0.54,1,"SYNGR2",0,"NS"
0.0516325999345278,0.171095457472279,0.594,0.478,1,"TAX1BP1",0,"NS"
0.0516396606942195,0.0716441416939343,0.268,0.194,1,"TRIB2",0,"NS"
0.0517070347791307,0.127676804764043,0.148,0.096,1,"TFE3",0,"NS"
0.0517662309548704,-0.165735496685243,0.162,0.105,1,"ADIPOR2",0,"NS"
0.0517774714259306,-0.0820169644106041,0.42,0.306,1,"CCNK",0,"NS"
0.0518549222117307,0.0263198113424854,0.246,0.173,1,"KRT18",0,"NS"
0.0519015162364938,0.11533930395614,0.432,0.34,1,"DCAF8",0,"NS"
0.0521267960422863,0.131821940148145,0.908,0.719,1,"LINC00514",0,"NS"
0.0521268611579912,0.30118765542167,0.286,0.216,1,"CD200",0,"NS"
0.0521331463056548,0.0361917605846383,0.92,0.719,1,"FLCN",0,"NS"
0.0522995522015798,0.217451782963909,0.16,0.105,1,"PCNA",0,"NS"
0.0523700603135582,0.452479649650847,0.146,0.096,1,"HGSNAT",0,"NS"
0.0524234122025603,-0.396660506122655,0.413,0.444,1,"HERPUD1",0,"NS"
0.052438265777932,0.146678612586228,0.23,0.164,1,"USP37",0,"NS"
0.0524483584791899,0.501256890595749,0.122,0.077,1,"OGFOD2",0,"NS"
0.0525502048317991,0.413353409147053,0.244,0.185,1,"CCDC97",0,"NS"
0.0526434383249908,-0.0843076943384,0.192,0.13,1,"AP2A1",0,"NS"
0.0526994917135914,-0.130025977784238,0.167,0.108,1,"IGHMBP2",0,"NS"
0.0527894844217911,0.107702786881841,0.563,0.454,1,"PNRC1",0,"NS"
0.0527905081124474,0.115463280100266,0.11,0.065,1,"SNORA70G",0,"NS"
0.0528051009115164,0.346640327784452,0.127,0.08,1,"ERI3",0,"NS"
0.0528167859842135,-0.0242613550415696,0.815,0.593,1,"TMBIM4",0,"NS"
0.0528820856161781,0.265669656739896,0.183,0.127,1,"PARP3",0,"NS"
0.0528953268795138,0.00642023788007773,0.101,0.059,1,"IPO11",0,"NS"
0.0529377614320619,0.108653422624064,0.467,0.367,1,"CAPRIN1",0,"NS"
0.0529476586714431,0.350752677256752,0.183,0.127,1,"HACL1",0,"NS"
0.052964035376353,0.186793754752349,0.174,0.117,1,"RAD54L2",0,"NS"
0.0529826963498926,0.129750135924349,0.448,0.349,1,"NXF1",0,"NS"
0.0530374693876613,-0.201980914876315,0.596,0.58,1,"SSR4",0,"NS"
0.0531166603048701,0.319151720156953,0.127,0.08,1,"CCDC111",0,"NS"
0.0531933936922154,0.188405746298325,0.465,0.37,1,"PPIG",0,"NS"
0.0532214413229172,-0.123928244690195,0.146,0.093,1,"HDGF",0,"NS"
0.0532517960101883,0.332963960533072,0.303,0.231,1,"RALGAPB",0,"NS"
0.053262773033302,0.313200227796795,0.209,0.148,1,"AKR1A1",0,"NS"
0.0535468006006839,0.0489439719253373,0.878,0.651,1,"GTPBP3",0,"NS"
0.0535495601316639,0.0598285254727728,0.157,0.102,1,"C19orf25",0,"NS"
0.0535506487447414,-0.111101988853161,0.803,0.756,1,"TAP1",0,"NS"
0.0535583256255306,0.0830526439767869,0.12,0.074,1,"IFT88",0,"NS"
0.0535596212619598,0.230507439134027,0.16,0.105,1,"FADD",0,"NS"
0.05371325390243,0.0774630359214479,0.984,0.907,1,"IVD",0,"NS"
0.0538243672512022,-0.225051889365213,0.181,0.12,1,"RREB1",0,"NS"
0.0539720505544946,-0.28107808738197,0.66,0.454,1,"AKIRIN1",0,"NS"
0.0540471247982661,0.538413744110122,0.2,0.148,1,"GOPC",0,"NS"
0.0541398531994772,0.190499711453808,0.127,0.08,1,"ZSWIM6",0,"NS"
0.054158357639313,0.126474368866013,0.944,0.818,1,"FGF5",0,"NS"
0.0542708025388313,0.278720536562672,0.216,0.157,1,"EDC4",0,"NS"
0.0542808435576142,0.397271998725108,0.108,0.065,1,"TMEM141",0,"NS"
0.0543505917198435,0.0869938487536816,0.376,0.287,1,"FMNL3",0,"NS"
0.0543561814156391,-0.0549921266775272,0.258,0.182,1,"AUH",0,"NS"
0.0544249119736756,0.14737581782834,0.221,0.157,1,"TNPO2",0,"NS"
0.0544507855013974,-0.415580037928672,0.394,0.41,1,"CKLF",0,"NS"
0.0544868515813779,0.268423692314801,0.2,0.142,1,"INTS9",0,"NS"
0.0544908616522991,-0.315249106829725,0.484,0.519,1,"SP140",0,"NS"
0.0545145735839494,0.0344102260481514,0.134,0.083,1,"CAMK2G",0,"NS"
0.0545173723413964,-0.274135173672309,0.507,0.546,1,"SYTL3",0,"NS"
0.0545401310795594,0.103907023116503,0.322,0.231,1,"OSTC",0,"NS"
0.0545500539028987,-0.131197626398065,0.972,0.895,1,"RBM3",0,"NS"
0.0546053466763668,-0.397196426590287,0.3,0.21,1,"KIF20B",0,"NS"
0.05461874802999,0.0561835978545151,0.937,0.802,1,"EMX2OS",0,"NS"
0.0546364839131967,-0.0402784061749563,0.169,0.111,1,"MAD2L1BP",0,"NS"
0.0547182498302691,0.233522315784932,0.216,0.154,1,"SPIN1",0,"NS"
0.0547234517547563,0.00835889781684362,0.66,0.503,1,"LOC441081",0,"NS"
0.0547409875594126,0.0691799535926119,0.937,0.775,1,"COA1",0,"NS"
0.054881428184436,0.127205206349139,0.96,0.806,1,"DESI1",0,"NS"
0.0549455852789937,0.470338926613351,0.2,0.145,1,"MTMR4",0,"NS"
0.055228241193871,0.112823525482088,0.178,0.12,1,"ACOT8",0,"NS"
0.0552887422933743,0.136485984816548,0.563,0.377,1,"RPL21",0,"NS"
0.0553084491256723,-0.0731984101504846,0.113,0.068,1,"NCOA5",0,"NS"
0.0554305790975492,0.347254038236804,0.134,0.086,1,"SNTB1",0,"NS"
0.0554801596567306,-0.212554829507027,0.113,0.068,1,"ULK4",0,"NS"
0.0555093911730194,0.316016591029811,0.134,0.086,1,"PIP4K2B",0,"NS"
0.0555108673731208,-0.232934997554462,0.601,0.62,1,"NR4A2",0,"NS"
0.0555108934392672,0.173577313368443,0.31,0.222,1,"DGCR6L",0,"NS"
0.0555113258232528,0.113879699790474,0.638,0.519,1,"ROCK1",0,"NS"
0.0555337616925383,0.196172105113936,0.465,0.38,1,"NLRP1",0,"NS"
0.0559179586932904,-0.06919290883037,0.749,0.565,1,"ACAP2",0,"NS"
0.0559260772921548,0.192117261926214,0.251,0.182,1,"HSPA6",0,"NS"
0.0559261117396321,0.0412048383901948,0.19,0.13,1,"CCDC146",0,"NS"
0.0559862844616835,0.182162739371203,0.394,0.312,1,"EOMES",0,"NS"
0.0560257437853984,0.142922351679224,0.751,0.574,1,"C17orf62",0,"NS"
0.0561432551447316,0.30633326101778,0.134,0.086,1,"APTX",0,"NS"
0.0561868801229506,0.155423343535885,0.932,0.778,1,"DAND5",0,"NS"
0.0563135934892063,0.106961752273008,0.223,0.157,1,"FBXW7",0,"NS"
0.0563183319272663,0.0645225267480599,0.272,0.198,1,"TMX3",0,"NS"
0.056353770247063,0.405770114673324,0.155,0.105,1,"TOPBP1",0,"NS"
0.0563909776940327,-0.36931669510546,0.157,0.102,1,"WDR3",0,"NS"
0.0565690486434693,-0.512438394607095,0.27,0.309,1,"LOC550643",0,"NS"
0.056650830759765,-0.122038892783524,0.674,0.623,1,"EDF1",0,"NS"
0.0566689947415162,0.446471345734313,0.171,0.12,1,"HAGH",0,"NS"
0.0567224278530101,0.145040676398412,0.547,0.438,1,"PTBP1",0,"NS"
0.0568861190050683,0.180504476310442,0.178,0.123,1,"MAP3K4",0,"NS"
0.0569502610987091,0.260119284246408,0.176,0.12,1,"TUSC2",0,"NS"
0.0569766335711974,0.18161355640329,0.127,0.08,1,"MZT1",0,"NS"
0.0569944393317238,0.00319028560303214,0.162,0.108,1,"MRPL35",0,"NS"
0.0571523985808408,0.106028738666036,0.514,0.389,1,"TAF1D",0,"NS"
0.057190567442015,-0.136799689902348,0.129,0.08,1,"MMP25",0,"NS"
0.0572474775085879,0.357757927671835,0.202,0.145,1,"RFFL",0,"NS"
0.0573202988744549,0.476249252733852,0.113,0.071,1,"LOC148413",0,"NS"
0.0573334948686995,-0.0703754866967804,0.65,0.488,1,"YTHDC1",0,"NS"
0.0573363007254204,0.425760495673042,0.106,0.065,1,"NLK",0,"NS"
0.0573773631141025,0.273671188802711,0.291,0.222,1,"DDX26B",0,"NS"
0.0574329282468061,0.286876656544045,0.188,0.133,1,"ATP9A",0,"NS"
0.0576090651865996,0.469026842340287,0.106,0.065,1,"ZNF574",0,"NS"
0.0577705633301281,0.222003662324029,0.27,0.201,1,"TMX2",0,"NS"
0.057776716960476,-0.80418464688709,0.11,0.151,1,"MRPL36",0,"NS"
0.057817364736253,0.154110820815148,0.242,0.173,1,"ING4",0,"NS"
0.0580478103594865,0.143629267996663,0.15,0.099,1,"AP3M2",0,"NS"
0.0581749652770293,-0.319799974994895,0.735,0.657,1,"TRA2A",0,"NS"
0.0581928756718658,0.00759149836586823,0.404,0.306,1,"USP48",0,"NS"
0.0582390753180645,0.334836017629296,0.16,0.108,1,"WDR85",0,"NS"
0.058410942581686,0.0594661788947097,0.2,0.139,1,"ZNF407",0,"NS"
0.0585741591632974,0.105088364319132,0.134,0.086,1,"SACS",0,"NS"
0.0586542731751914,0.0620932344159191,0.305,0.225,1,"PPM1M",0,"NS"
0.0586594793804691,0.213026929234659,0.291,0.222,1,"LCOR",0,"NS"
0.0586830300309113,-0.0185275205794104,0.876,0.639,1,"COQ10B",0,"NS"
0.0587052983153002,0.0277288407409075,0.272,0.198,1,"CARD11",0,"NS"
0.0587235260545417,0.283219302732475,0.174,0.12,1,"STRADA",0,"NS"
0.0589374752971897,0.0528096740644317,0.481,0.37,1,"LRMP",0,"NS"
0.0590680197486977,0.192905536697292,0.477,0.389,1,"SDHA",0,"NS"
0.0590758777101084,-0.0252625146916311,0.502,0.38,1,"PPHLN1",0,"NS"
0.0593636282810432,0.156328479829919,0.239,0.173,1,"PRKD2",0,"NS"
0.0593714259153479,-0.112784106583894,0.38,0.272,1,"FDFT1",0,"NS"
0.059386299488728,-0.113347528239442,0.188,0.127,1,"PNKP",0,"NS"
0.0594456625395895,-0.718138642260604,0.228,0.272,1,"PRR14L",0,"NS"
0.0596042646453618,-0.0719112402842643,0.8,0.583,1,"SMA5",0,"NS"
0.0597704131900363,-0.452343660845884,0.244,0.164,1,"PPIL3",0,"NS"
0.0598298069115037,0.185682950454186,0.164,0.111,1,"MANBA",0,"NS"
0.0599038263042161,0.015734019797961,0.646,0.491,1,"UPK3BL",0,"NS"
0.0599124854215378,-0.00208924207873873,0.185,0.127,1,"VRK2",0,"NS"
0.0599355344257345,0.167528864354873,0.162,0.108,1,"ANKRA2",0,"NS"
0.060062828453435,0.114286065152713,0.545,0.438,1,"UBE4A",0,"NS"
0.060133015888402,-0.163096962781969,0.263,0.185,1,"PICALM",0,"NS"
0.0602040503059757,0.124245448493851,0.692,0.559,1,"ATHL1",0,"NS"
0.0602072596748599,0.402571940844505,0.106,0.065,1,"USP12",0,"NS"
0.0602801137969507,0.236703147969899,0.11,0.068,1,"ABHD12",0,"NS"
0.0602922152914779,0.0658189226979037,0.43,0.333,1,"BBX",0,"NS"
0.0603983301024823,-0.0256700857893,0.859,0.664,1,"ITPK1",0,"NS"
0.0604739148523027,0.14560282540773,0.779,0.608,1,"NPIPL3",0,"NS"
0.0604957425248649,0.140919471982975,0.599,0.472,1,"ZNF207",0,"NS"
0.0605161940048101,0.117188199069322,0.202,0.142,1,"DND1",0,"NS"
0.0605869259333008,-0.861067989713132,0.141,0.182,1,"ALG5",0,"NS"
0.0609035086082984,0.184951735568018,0.122,0.077,1,"FAM120AOS",0,"NS"
0.0611801502322094,0.194609799058471,0.275,0.207,1,"GLE1",0,"NS"
0.0614961502668985,0.0889196115453651,0.174,0.117,1,"FAM127B",0,"NS"
0.061498285301679,-0.0187973957498497,0.986,0.92,1,"QPCTL",0,"NS"
0.0615383601452297,0.205822697211021,0.12,0.074,1,"EIF4EBP1",0,"NS"
0.0616500351273578,-0.0864569773991779,0.263,0.188,1,"MLLT10",0,"NS"
0.0617529831118981,0.173031453452345,0.411,0.33,1,"ATP1A1",0,"NS"
0.0618147407933899,0.143457557360583,0.397,0.312,1,"C21orf91",0,"NS"
0.061889615372815,0.0171734037964265,0.427,0.327,1,"NUP214",0,"NS"
0.0619162137021468,0.256736679179449,0.2,0.142,1,"CLN3",0,"NS"
0.0622369805991925,0.171173506992648,0.146,0.096,1,"FAM108A1",0,"NS"
0.062243343124605,0.157520898269622,0.894,0.679,1,"LOC100289341",0,"NS"
0.0624465436331423,0.142898888233332,0.153,0.102,1,"EXOC3",0,"NS"
0.0625277996850446,0.25755299508933,0.188,0.133,1,"ARL5A",0,"NS"
0.0625802401890653,-0.481402061496778,0.223,0.151,1,"MINK1",0,"NS"
0.062612664074717,0.0997500654397405,0.892,0.694,1,"PABPC1P2",0,"NS"
0.0626464366856484,0.187752300329354,0.343,0.265,1,"GNAI2",0,"NS"
0.0628369285708492,0.195865654820805,0.16,0.108,1,"MTFR1L",0,"NS"
0.0629264342195645,-0.0554793910300758,0.859,0.633,1,"NFATC2IP",0,"NS"
0.0629549249687714,0.120458957139701,0.383,0.299,1,"CNOT4",0,"NS"
0.0629726926039468,0.211275431493511,0.265,0.191,1,"MIEN1",0,"NS"
0.0630298283571676,-0.30420894079599,0.235,0.164,1,"UNK",0,"NS"
0.0630707004125473,-0.0933651674305072,0.122,0.077,1,"BCR",0,"NS"
0.0630786290429119,0.175862129178916,0.284,0.216,1,"TIAM1",0,"NS"
0.0631038763191786,-0.55208171264112,0.202,0.247,1,"GLRX",0,"NS"
0.0631102597236176,-0.0913533181324206,0.275,0.198,1,"TP53BP1",0,"NS"
0.0631488242696605,0.223427416676767,0.411,0.333,1,"ORMDL1",0,"NS"
0.0631835913213423,0.645280619532297,0.153,0.108,1,"BTBD1",0,"NS"
0.0632080470211688,0.205685324972752,0.141,0.093,1,"KCNJ2",0,"NS"
0.0635488130205276,-0.328585319895631,0.265,0.188,1,"RNF145",0,"NS"
0.0636420796067294,-0.325925997686159,0.155,0.102,1,"USP25",0,"NS"
0.0636452106985634,0.165578336033583,0.16,0.108,1,"BRF1",0,"NS"
0.0637364237604917,-0.205599414162568,0.232,0.16,1,"MTO1",0,"NS"
0.0637868753963906,0.151496803031896,0.554,0.444,1,"TUBB",0,"NS"
0.0639439957456538,0.180850913525621,0.293,0.222,1,"ATG4B",0,"NS"
0.0641535953521788,0.127707975675946,0.38,0.293,1,"AP3S1",0,"NS"
0.0642168900206319,-0.0718680458566507,0.103,0.062,1,"DMWD",0,"NS"
0.0642334892512648,0.0585656055575641,0.317,0.238,1,"ADD3",0,"NS"
0.0644177399429557,0.563527595519306,0.113,0.071,1,"ZNF718",0,"NS"
0.0644203317387917,0.168271837863572,0.279,0.21,1,"TRPV2",0,"NS"
0.0644250588804462,0.265910128530618,0.143,0.096,1,"GTF2H2D",0,"NS"
0.0645381234942871,0.077345886524682,0.62,0.488,1,"NBPF14",0,"NS"
0.0645646040295414,0.0408588912587138,0.516,0.404,1,"AP1G2",0,"NS"
0.064671090400781,0.0912356589890892,0.477,0.38,1,"ZFR",0,"NS"
0.064693964824207,0.197172432598113,0.117,0.074,1,"BET1",0,"NS"
0.0647151729509048,0.251102335699561,0.131,0.086,1,"ZDHHC2",0,"NS"
0.0647566055746848,0.1950083589353,0.228,0.164,1,"PRPF31",0,"NS"
0.0647745085015563,-0.214027598772748,0.559,0.537,1,"NDUFA13",0,"NS"
0.0648054296304273,0.328463888156938,0.113,0.071,1,"GALC",0,"NS"
0.064972046269812,0.34102202092106,0.183,0.13,1,"PMM2",0,"NS"
0.0652974967596863,0.0691319553250217,0.913,0.716,1,"SNAP29",0,"NS"
0.065341528180617,-0.361556240030875,0.824,0.722,1,"RHOF",0,"NS"
0.0653687413599761,0.282376086611306,0.136,0.09,1,"TTC27",0,"NS"
0.0654316608094497,0.0875890863598464,0.988,0.938,1,"TSIX",0,"NS"
0.0654514439519596,0.0344553556533962,0.277,0.207,1,"INPP4A",0,"NS"
0.0655293695461572,0.0944068745198343,0.397,0.306,1,"OFD1",0,"NS"
0.0656981478121801,-0.427144521567874,0.685,0.485,1,"PPAPDC1B",0,"NS"
0.0657312311094825,0.257153302103541,0.207,0.148,1,"GABPB1",0,"NS"
0.0657718122685277,0.410277104481406,0.101,0.062,1,"WDR4",0,"NS"
0.0658886490587049,-0.0432354604485878,0.174,0.117,1,"RGPD3",0,"NS"
0.0659861153792884,-0.0116302031747799,0.242,0.173,1,"RUNX1",0,"NS"
0.066038622287726,0.0632890920547466,0.117,0.074,1,"DESI2",0,"NS"
0.0661884258741881,-0.338411710088927,0.523,0.512,1,"PPP1R15A",0,"NS"
0.0662310344371147,0.267085789984041,0.282,0.219,1,"INTS3",0,"NS"
0.0662788426082513,0.0797127996902782,0.507,0.398,1,"PARP1",0,"NS"
0.0663382846478846,0.405166548399128,0.12,0.077,1,"LMF1",0,"NS"
0.0663644604448362,-0.181071152175362,0.535,0.395,1,"LATS1",0,"NS"
0.0664327083028332,0.406334108284214,0.19,0.139,1,"TTN-AS1",0,"NS"
0.0664606570079768,0.189286940175518,0.157,0.108,1,"CUX1",0,"NS"
0.0666789097857859,0.219242462197077,0.162,0.111,1,"AKT1",0,"NS"
0.0667360759676728,0.166106267991443,0.246,0.182,1,"TXNDC12",0,"NS"
0.0669568553956876,0.167462423814376,0.315,0.231,1,"EIF6",0,"NS"
0.0670046621895699,0.116977193791962,0.411,0.309,1,"MRPS21",0,"NS"
0.0671537123422447,0.0757992226429537,0.681,0.556,1,"SMCHD1",0,"NS"
0.0671721150046956,0.0373146838371602,0.671,0.534,1,"PARP9",0,"NS"
0.0672126363708989,0.462030442156351,0.115,0.074,1,"ACOT7",0,"NS"
0.0673411144603303,0.137959833626204,0.141,0.093,1,"ST6GALNAC3",0,"NS"
0.0673716324765889,0.0145062461427704,0.441,0.333,1,"TROVE2",0,"NS"
0.0673972722113268,0.00555663698829273,0.554,0.426,1,"NBPF24",0,"NS"
0.0674099554191261,-0.146158682072385,0.138,0.09,1,"TMCO4",0,"NS"
0.0674972965604801,0.25054036643243,0.169,0.117,1,"PLAA",0,"NS"
0.0675055853795091,0.514704750959392,0.129,0.086,1,"RNF219",0,"NS"
0.0675092410078387,-0.588119301103135,0.458,0.318,1,"ZNF107",0,"NS"
0.067531757248782,-0.00916504462825715,0.577,0.457,1,"NIPBL",0,"NS"
0.067583609044247,-0.159062500903321,0.129,0.083,1,"ZNF484",0,"NS"
0.0675917699858374,-0.0902475423879074,0.373,0.278,1,"MAU2",0,"NS"
0.067677967973796,0.117116460541024,0.129,0.083,1,"MOGS",0,"NS"
0.0677176493194399,0.336545812711053,0.218,0.164,1,"EZH1",0,"NS"
0.0677976673636014,0.211726206137867,0.192,0.136,1,"DHX16",0,"NS"
0.0678159725816338,0.111866694415021,0.27,0.204,1,"AQR",0,"NS"
0.0678419419977626,0.217076359076003,0.317,0.247,1,"BRE",0,"NS"
0.068188493703791,0.0944455214536635,0.136,0.09,1,"TBC1D22B",0,"NS"
0.0682788675787193,-0.205461669598857,0.265,0.185,1,"MTMR14",0,"NS"
0.0683231062365272,0.154594702832256,0.951,0.812,1,"CEP104",0,"NS"
0.0683462349659668,-0.147960952387455,0.246,0.176,1,"ABCG1",0,"NS"
0.0683964264797279,0.129850489402525,0.423,0.333,1,"DR1",0,"NS"
0.0685272999567025,0.0484535198273118,0.282,0.21,1,"EPM2AIP1",0,"NS"
0.0685906477202482,0.103621692646576,0.16,0.108,1,"RAB28",0,"NS"
0.0686492413760068,0.309049824884657,0.221,0.164,1,"HERC3",0,"NS"
0.0687414041239922,-0.0210107819195876,0.308,0.228,1,"PAFAH1B1",0,"NS"
0.0687798336218425,0.329251133294907,0.146,0.099,1,"SNX10",0,"NS"
0.0688333732357964,0.101973179485822,0.284,0.207,1,"PYCR2",0,"NS"
0.068844142666655,-0.11936326505592,0.188,0.127,1,"COG8",0,"NS"
0.0690939602206002,-0.144724194160083,0.336,0.247,1,"MIA3",0,"NS"
0.0690959340025692,0.266813625811213,0.113,0.071,1,"PRKAR1B",0,"NS"
0.0692553015154808,0.107807196277873,0.249,0.182,1,"SRSF9",0,"NS"
0.0693323374352511,-0.171491809191169,0.897,0.809,1,"CD82",0,"NS"
0.069335415506768,0.117485416633333,0.148,0.099,1,"RHOT1",0,"NS"
0.0693719928783246,0.376370368120962,0.12,0.077,1,"ZNF830",0,"NS"
0.0694417608306151,-0.450151030120488,0.343,0.383,1,"SYNCRIP",0,"NS"
0.069441810538189,0.271066216953279,0.134,0.09,1,"VPS54",0,"NS"
0.0694689182743724,0.143645094107732,0.174,0.12,1,"AARS",0,"NS"
0.0695028075522745,0.088705464445365,0.911,0.722,1,"TPTE2P1",0,"NS"
0.0697648783594836,0.122490301088161,0.354,0.275,1,"AKAP11",0,"NS"
0.0701165344515545,-0.163042152564878,0.932,0.895,1,"SON",0,"NS"
0.0702361834164996,0.15923711119911,0.155,0.105,1,"BTBD10",0,"NS"
0.0702539107361424,0.187551322998404,0.101,0.062,1,"ATL3",0,"NS"
0.0703068880011416,0.0936484356492133,0.146,0.096,1,"PIGL",0,"NS"
0.0703972647911731,0.0810210529560991,0.202,0.142,1,"ANAPC2",0,"NS"
0.0708063781345197,0.0673620772462859,0.347,0.265,1,"NCALD",0,"NS"
0.0709690673797503,0.111905626418304,0.265,0.191,1,"LSM3",0,"NS"
0.0709818136599305,0.237795666155412,0.12,0.077,1,"DEF8",0,"NS"
0.0709871199012507,0.0669933879665355,0.19,0.133,1,"FTSJ1",0,"NS"
0.0711595286982691,0.0964137841362722,0.181,0.127,1,"TPCN1",0,"NS"
0.0711868514160023,-0.0774382195717134,0.286,0.21,1,"RALGAPA1",0,"NS"
0.071282719749838,0.188935217745559,0.254,0.191,1,"CUL1",0,"NS"
0.0713410795545523,0.26504473743902,0.146,0.099,1,"C11orf49",0,"NS"
0.0713570799872534,0.1964628194841,0.239,0.179,1,"PITPNM1",0,"NS"
0.0715854115348302,-0.862402764012426,0.117,0.154,1,"ATOX1",0,"NS"
0.0716171974165606,0.242452758248719,0.261,0.198,1,"HARS",0,"NS"
0.0716522495805838,0.226759744778294,0.364,0.29,1,"WDR6",0,"NS"
0.0717864873031952,0.176107407460902,0.798,0.657,1,"STAT1",0,"NS"
0.0719332746279878,0.278407345859042,0.263,0.198,1,"IDH3G",0,"NS"
0.0719335286008004,-0.0404588381755221,0.427,0.321,1,"EDEM1",0,"NS"
0.0720183607247118,-0.00855319021198486,0.904,0.67,1,"OGFOD1",0,"NS"
0.0722035867681548,0.307636859677638,0.115,0.074,1,"BCL2L12",0,"NS"
0.0722127249891069,0.400101337252098,0.141,0.096,1,"TFB1M",0,"NS"
0.0722187824709029,0.156776215552128,0.162,0.111,1,"CCBL2",0,"NS"
0.072270036156593,-0.215732924648434,0.218,0.151,1,"RAB3GAP1",0,"NS"
0.0723873908874279,0.0732482137159418,0.995,0.969,1,"XPNPEP3",0,"NS"
0.0724130546454229,0.128145354944155,0.962,0.821,1,"DBT",0,"NS"
0.0724545598743592,-0.235121961469697,0.535,0.515,1,"COX7A2",0,"NS"
0.0725384388550453,0.217311178251711,0.169,0.117,1,"STYXL1",0,"NS"
0.0727465914544094,0.0741862174499265,0.164,0.111,1,"OGG1",0,"NS"
0.0728473758204299,0.199596632248822,0.298,0.222,1,"SFT2D1",0,"NS"
0.0729378906578448,-0.330325752360414,0.319,0.225,1,"BCAS4",0,"NS"
0.0729720569592344,0.174433187577359,0.113,0.071,1,"ACADS",0,"NS"
0.0729865606423326,0.109724830504919,0.455,0.358,1,"PARP15",0,"NS"
0.0730578392735659,0.0785844616356778,0.204,0.145,1,"RSPRY1",0,"NS"
0.0731801835629953,-0.271248624590894,0.242,0.17,1,"AGO2",0,"NS"
0.0732324879182793,0.468273985947946,0.11,0.071,1,"ACN9",0,"NS"
0.0733615979065308,-0.632094311219937,0.138,0.09,1,"ATPBD4",0,"NS"
0.073562335505075,0.0726057884562345,0.96,0.864,1,"METTL8",0,"NS"
0.0736392560852416,-0.020824589658392,0.498,0.38,1,"TPM4",0,"NS"
0.0736651554279604,0.233758221602698,0.138,0.093,1,"SOCS3",0,"NS"
0.0737967072545483,0.188382409866356,0.183,0.13,1,"COMMD10",0,"NS"
0.0738614671945749,0.0463200699869276,0.329,0.244,1,"FBXW5",0,"NS"
0.0738962042985964,0.0229577653265,0.277,0.204,1,"SRPK2",0,"NS"
0.0739687642641576,0.201659980913013,0.31,0.241,1,"MAN1A2",0,"NS"
0.0740229687942876,0.10251893784133,0.887,0.725,1,"SARS",0,"NS"
0.074211809814249,-0.109032933597135,0.784,0.738,1,"SLC25A6",0,"NS"
0.0743572376751965,-0.111556564072262,0.106,0.065,1,"FAM214B",0,"NS"
0.0744259674516821,0.0141762610361607,0.136,0.09,1,"SAMD4B",0,"NS"
0.0744553751406104,0.110172255988353,0.481,0.383,1,"RALY",0,"NS"
0.0746466674337532,0.117262002388235,0.138,0.093,1,"TMTC3",0,"NS"
0.0746834081542282,-0.234937051879298,0.336,0.244,1,"NDE1",0,"NS"
0.0747135133129893,0.121908593361227,0.948,0.79,1,"LOC100506688",0,"NS"
0.0747138262159867,0.202496781744316,0.225,0.164,1,"THOC7",0,"NS"
0.0748039275100442,-0.886406997348216,0.127,0.164,1,"ACAA2",0,"NS"
0.0750052968910544,0.155880913420892,0.239,0.176,1,"RPS6KB2",0,"NS"
0.0750145431544297,0.0960736375060842,0.322,0.244,1,"ELMO2",0,"NS"
0.0750316485801201,0.0834018894446386,0.448,0.355,1,"SAFB",0,"NS"
0.0750548188794643,0.111981036319561,0.817,0.651,1,"PDCD4",0,"NS"
0.0750782102968378,0.149332012685432,0.164,0.114,1,"DGCR8",0,"NS"
0.0751251924186009,-0.399313986601921,0.345,0.373,1,"COX7A2L",0,"NS"
0.0752830791777526,-0.0732862845669088,0.263,0.191,1,"NCOA6",0,"NS"
0.0753477846478901,0.127551640299577,0.237,0.176,1,"KIAA0141",0,"NS"
0.0753816537481862,-0.0873574423896233,0.561,0.42,1,"C7orf73",0,"NS"
0.0754202029505431,0.194044960511713,0.223,0.164,1,"DDX56",0,"NS"
0.0754512181916794,0.0485885478975165,0.289,0.213,1,"C20orf24",0,"NS"
0.0755448580958198,0.237208545371655,0.293,0.228,1,"XPC",0,"NS"
0.0755496517231171,0.0907728591863929,0.178,0.123,1,"GCDH",0,"NS"
0.0756051168012951,0.327184608400435,0.216,0.16,1,"ECHDC1",0,"NS"
0.075731400178876,-0.0412795411658943,0.425,0.321,1,"PDXDC1",0,"NS"
0.0759081307165293,0.0897387849195705,0.242,0.176,1,"ARRB2",0,"NS"
0.0759166187388402,0.0500373340977408,0.484,0.389,1,"MED13",0,"NS"
0.0760410371994268,0.38583478430435,0.195,0.142,1,"EXOSC3",0,"NS"
0.0760602436626536,0.136914989782475,0.329,0.256,1,"FAM13B",0,"NS"
0.0760837956427162,-0.197477543741807,0.932,0.861,1,"TSPYL1",0,"NS"
0.0761208943433714,0.117621199718892,0.127,0.083,1,"RAB11FIP2",0,"NS"
0.0762083498525566,0.272939782930293,0.153,0.105,1,"BAG3",0,"NS"
0.0763578355037729,0.109416776731167,0.979,0.852,1,"ACBD7",0,"NS"
0.076506227171053,-0.326004155905733,0.542,0.531,1,"TNFRSF14",0,"NS"
0.0767827630368273,-0.341622507717051,0.392,0.414,1,"SRI",0,"NS"
0.076814388319245,-0.0278819947386622,0.197,0.139,1,"ABCA11P",0,"NS"
0.076834256406088,0.100359133383176,0.319,0.244,1,"ATF2",0,"NS"
0.0768575352516726,0.250695712664066,0.124,0.08,1,"TTC9C",0,"NS"
0.0770435940285327,0.142815005844993,0.129,0.083,1,"YPEL3",0,"NS"
0.0771703043007723,-0.385168481408356,0.185,0.127,1,"TOR1B",0,"NS"
0.077176694825631,0.0027705137438303,0.214,0.154,1,"PPP2R5E",0,"NS"
0.0772991237960977,0.204043847691921,0.141,0.096,1,"NBEAL1",0,"NS"
0.0774027138431241,0.0390982966854491,0.62,0.491,1,"ASXL2",0,"NS"
0.0774258120926052,0.114580672992239,0.103,0.065,1,"LRRC16A",0,"NS"
0.0774362847684775,0.307732219015756,0.11,0.071,1,"HIBADH",0,"NS"
0.0778038510808756,-0.219575793363569,0.286,0.207,1,"ARHGAP17",0,"NS"
0.0778227636353672,0.00975766275986256,0.108,0.068,1,"DENND1A",0,"NS"
0.0778589959510702,0.79803904065953,0.101,0.065,1,"ALG10",0,"NS"
0.0779853379094853,-0.248458824056309,0.16,0.105,1,"LOC728875",0,"NS"
0.0780591287594124,0.196757761175577,0.16,0.111,1,"NFRKB",0,"NS"
0.0780857027840019,0.086202956975678,0.568,0.451,1,"PTPN11",0,"NS"
0.0782677982820918,0.0279358131712646,0.352,0.269,1,"PRPF6",0,"NS"
0.0784170355901269,-0.295608118951441,0.326,0.238,1,"IQSEC1",0,"NS"
0.0785099900495979,0.108151718216941,0.991,0.883,1,"CABP4",0,"NS"
0.0787342964629609,0.212909004267143,0.246,0.185,1,"IMPDH2",0,"NS"
0.07875666355702,-0.167913354887606,0.648,0.494,1,"BDP1",0,"NS"
0.0787680157165655,0.379921429932098,0.197,0.145,1,"MAD2L2",0,"NS"
0.07884608208454,-0.00794747681100549,0.322,0.241,1,"DENND4B",0,"NS"
0.0788492706165877,0.0688628697133016,0.847,0.685,1,"SERINC1",0,"NS"
0.0791107079113107,-0.0182213326233758,0.131,0.086,1,"PHTF1",0,"NS"
0.0791928815151684,0.0823250660776192,0.92,0.722,1,"CAMK1D",0,"NS"
0.0792089546120323,-0.0845033812913848,0.552,0.41,1,"CAPN2",0,"NS"
0.0792101685841611,0.052944770998823,0.491,0.395,1,"ATP8A1",0,"NS"
0.0794025873018661,0.0896105866838975,0.392,0.296,1,"CLNS1A",0,"NS"
0.0794360008829735,0.154801720522234,0.103,0.065,1,"EPC2",0,"NS"
0.0794635442540981,0.0777837500819702,0.15,0.102,1,"BRAF",0,"NS"
0.0794883890902194,0.176392065380548,0.268,0.204,1,"GEM",0,"NS"
0.0796574276693888,-0.00714498536731056,0.282,0.21,1,"GLCCI1",0,"NS"
0.0796637928556753,-0.766819709374844,0.113,0.151,1,"NUDCD2",0,"NS"
0.0796823794637833,0.047842356562159,0.93,0.765,1,"LOC100506023",0,"NS"
0.0796871743344978,0.153675173063662,0.157,0.108,1,"PIGH",0,"NS"
0.0800090251122636,0.223012376387158,0.279,0.216,1,"MRPL3",0,"NS"
0.0800352129221955,-0.167101989161971,0.932,0.806,1,"APOBEC3D",0,"NS"
0.0800375257750212,0.0638239363763817,0.176,0.123,1,"WDR75",0,"NS"
0.0801789201882114,-0.0496869827737605,0.157,0.108,1,"MLL4",0,"NS"
0.0803076581954489,0.319703850988015,0.11,0.071,1,"LRRC61",0,"NS"
0.0804265087419207,0.106323866880457,0.972,0.895,1,"CYP4V2",0,"NS"
0.0804573125970014,0.316333023158223,0.117,0.077,1,"POLL",0,"NS"
0.0804590903268435,-0.654708190834459,0.232,0.272,1,"RUNX2",0,"NS"
0.0804751492585672,0.185205048067088,0.157,0.108,1,"JAGN1",0,"NS"
0.0805050064974729,0.0615852843237095,0.704,0.556,1,"ELMO1",0,"NS"
0.0805435693584774,0.203885089938458,0.162,0.111,1,"TMEM205",0,"NS"
0.080664771776721,0.140169901114598,0.214,0.154,1,"PFDN1",0,"NS"
0.0808084695554549,0.160601624539564,0.552,0.454,1,"LOC374443",0,"NS"
0.0808367932751743,0.198811996692119,0.486,0.417,1,"IVNS1ABP",0,"NS"
0.081080483952254,-0.0835204046110813,0.993,0.96,1,"TOR1AIP2",0,"NS"
0.0811069637762509,-0.00450163701833262,0.169,0.117,1,"MSH6",0,"NS"
0.0811597507016775,-0.21682327482993,0.298,0.216,1,"CCNT2",0,"NS"
0.0812388166772999,0.0936315761012061,0.261,0.194,1,"ABCE1",0,"NS"
0.0813773872144056,0.0981779614004001,0.378,0.29,1,"PARP10",0,"NS"
0.0814031159298362,0.0941261401021081,0.282,0.213,1,"ATXN7L3B",0,"NS"
0.0814121128276902,0.0612664011271907,0.39,0.309,1,"SEL1L",0,"NS"
0.081423992745569,0.0563424251059416,0.282,0.204,1,"SDR39U1",0,"NS"
0.0815036604479262,-0.0469849957942657,0.204,0.145,1,"DIS3L2",0,"NS"
0.0816926818715502,0.0233902490001492,0.289,0.216,1,"KBTBD2",0,"NS"
0.0817166308336803,0.303088817016053,0.127,0.083,1,"SMN1",0,"NS"
0.0817649751574929,0.361899613194023,0.131,0.09,1,"MTMR1",0,"NS"
0.0818425565669561,-0.164974487208569,0.822,0.605,1,"SP4",0,"NS"
0.0820329756710908,0.0991589840743237,0.138,0.093,1,"EPHX2",0,"NS"
0.0820543853357108,0.321243501948425,0.117,0.077,1,"ZBTB41",0,"NS"
0.0821395181480483,0.0538735155816389,0.491,0.38,1,"PJA2",0,"NS"
0.0822208787944796,-0.209050969089008,0.371,0.275,1,"USP9Y",0,"NS"
0.0822445031848115,0.0171732037729638,0.331,0.253,1,"ARAP1",0,"NS"
0.0823711902170657,0.158866960918905,0.352,0.275,1,"PKD1",0,"NS"
0.0823853563867124,-0.222616207737175,0.603,0.58,1,"TMEM59",0,"NS"
0.0824032096091081,-1.14069094380565,0.077,0.111,1,"USP18",0,"NS"
0.0824562410373052,0.188041167546104,0.345,0.275,1,"TMEM43",0,"NS"
0.0824672974071152,0.112678260423277,0.221,0.16,1,"PNPLA2",0,"NS"
0.0825720294336214,0.106746070635422,0.986,0.88,1,"RNF41",0,"NS"
0.0826032055018307,-0.0832721435266641,0.143,0.096,1,"IPO8",0,"NS"
0.0827989885683982,-0.359654543115494,0.16,0.108,1,"SMAD3",0,"NS"
0.0828372918381829,0.559426736128865,0.101,0.065,1,"ZNF121",0,"NS"
0.083026557136365,-0.0263215433152113,0.143,0.096,1,"POC5",0,"NS"
0.0830744970316694,0.219255353872944,0.181,0.13,1,"ZBTB33",0,"NS"
0.0830982311016718,0.32423388344962,0.124,0.083,1,"HIP1R",0,"NS"
0.0831673376357944,0.249286865648253,0.326,0.265,1,"MARS",0,"NS"
0.0832326189374062,0.428708643506792,0.183,0.136,1,"MTCH2",0,"NS"
0.0833593216518795,-0.334767588774623,0.38,0.395,1,"DBI",0,"NS"
0.0833615595057727,0.184698918673737,0.148,0.102,1,"TCHP",0,"NS"
0.0835908509461558,-0.0181249857689672,0.195,0.139,1,"TRIM35",0,"NS"
0.0835917630195791,0.209014016390583,0.214,0.157,1,"SKIV2L2",0,"NS"
0.0836033590993796,0.485253400739026,0.12,0.08,1,"C8orf76",0,"NS"
0.0836416778126509,-0.219753273848438,0.176,0.12,1,"ELAVL1",0,"NS"
0.0838929859716074,-0.179644290412422,0.671,0.62,1,"ANXA6",0,"NS"
0.083988610246067,0.0669438431854699,0.209,0.151,1,"NFKB1",0,"NS"
0.0840052997212295,-0.183180239565335,0.131,0.086,1,"ZNF81",0,"NS"
0.084037624512267,-0.0935384597295831,0.195,0.136,1,"DTNBP1",0,"NS"
0.0841624309933973,-0.307524647881543,0.631,0.62,1,"ETS1",0,"NS"
0.084176780950388,0.213652010549973,0.16,0.111,1,"TBC1D7",0,"NS"
0.0843218998146979,-0.28372920261367,0.16,0.108,1,"MTRF1L",0,"NS"
0.0843742209039862,0.268584921916512,0.174,0.123,1,"ZRSR2",0,"NS"
0.0843776883697362,0.036598449194232,0.333,0.259,1,"GTF2IP1",0,"NS"
0.0845805539832053,0.184704054906344,0.122,0.08,1,"SLC35B3",0,"NS"
0.0849943969910561,0.169051747182884,0.246,0.182,1,"ZGPAT",0,"NS"
0.0850903781480739,-0.373587625080354,0.261,0.185,1,"APPBP2",0,"NS"
0.0851084007791471,0.119741763419991,0.268,0.201,1,"CNPPD1",0,"NS"
0.085196843862448,0.0063406477892729,0.308,0.228,1,"BNIP2",0,"NS"
0.0853006230150122,0.0397072344413181,0.207,0.148,1,"COPS2",0,"NS"
0.0853121192452073,0.0535657370858926,0.854,0.698,1,"SH3BP2",0,"NS"
0.0853897774661817,-0.0457772546343368,0.739,0.556,1,"UBR2",0,"NS"
0.08539069648952,0.0219100922760669,0.138,0.093,1,"MDM1",0,"NS"
0.0854265115970941,0.0639766628575578,0.256,0.191,1,"WDR26",0,"NS"
0.0854414236541677,0.0786479266424704,0.258,0.191,1,"COPS5",0,"NS"
0.0855074934150982,0.159996252011585,0.16,0.111,1,"FZR1",0,"NS"
0.0857092376472729,0.0895245997237127,0.925,0.756,1,"SNIP1",0,"NS"
0.0857214502054161,-0.975352421293814,0.103,0.139,1,"CHN1",0,"NS"
0.0858113951385758,0.260850244290047,0.221,0.167,1,"KIAA0196",0,"NS"
0.0858556960529891,-0.509811910421361,0.211,0.148,1,"TTL",0,"NS"
0.0860175579069836,0.100847064434471,0.291,0.222,1,"EIF2S1",0,"NS"
0.0860200965264526,0.0649434067781363,0.214,0.157,1,"MAP3K7",0,"NS"
0.0861233792361586,0.2153919376656,0.209,0.154,1,"NDUFS1",0,"NS"
0.0861461620289679,-0.320546233168687,0.169,0.114,1,"PA2G4P4",0,"NS"
0.0861748342442208,-0.405438832522491,0.324,0.355,1,"SELK",0,"NS"
0.0862739420368055,0.0864228445393942,0.202,0.145,1,"SMIM15",0,"NS"
0.0862794420461297,0.0989810010790931,0.516,0.404,1,"PPP2R1A",0,"NS"
0.086305702044011,0.141145691244451,0.129,0.086,1,"SRGAP2",0,"NS"
0.0864975921704632,-0.130130548580354,0.181,0.123,1,"PEPD",0,"NS"
0.0867272959905243,0.300268583181729,0.178,0.13,1,"KAT5",0,"NS"
0.086977224112551,0.143153834403271,0.326,0.256,1,"PITPNB",0,"NS"
0.087164671118642,-0.063200376485333,0.819,0.71,1,"H3F3AP4",0,"NS"
0.0871655063437922,-0.170144609780044,0.761,0.744,1,"NAP1L1",0,"NS"
0.0872147256096683,0.0992137230886315,0.289,0.213,1,"AATF",0,"NS"
0.0875396615272488,0.160169862556566,0.134,0.09,1,"DAPK3",0,"NS"
0.0875500894125804,0.170929686415783,0.383,0.312,1,"KRR1",0,"NS"
0.0875912317128121,0.0156897875007354,0.387,0.296,1,"SNX5",0,"NS"
0.087693784864388,0.00150138187815885,0.944,0.793,1,"ZNF655",0,"NS"
0.0877083439632401,-0.635158493340086,0.103,0.142,1,"CISD1",0,"NS"
0.0877643265574988,0.371936767669231,0.138,0.096,1,"BRIX1",0,"NS"
0.0878116120691594,0.244132850666486,0.232,0.176,1,"SPATA20",0,"NS"
0.0878956973797642,-0.675881427427877,0.211,0.25,1,"TBCD",0,"NS"
0.0880354432591073,-0.16952022987796,0.23,0.164,1,"TSC22D4",0,"NS"
0.0881646905006073,-1.05094148255386,0.073,0.105,1,"CECR5",0,"NS"
0.0882289912928856,0.207133689100289,0.23,0.173,1,"DDX1",0,"NS"
0.0882303806559576,-0.137539525887921,0.603,0.586,1,"EIF3F",0,"NS"
0.0882393833588108,0.0710770179057232,0.608,0.485,1,"VMP1",0,"NS"
0.0884649611600996,0.130560637390335,0.127,0.083,1,"ISOC1",0,"NS"
0.088477137223324,0.191915390910653,0.169,0.12,1,"ZNF585A",0,"NS"
0.088683884903508,0.103979391742299,0.516,0.417,1,"MAT2A",0,"NS"
0.0887717086569501,-0.0267190098135597,0.871,0.809,1,"ITM2A",0,"NS"
0.088806645275226,0.140981591995198,0.155,0.108,1,"RANBP9",0,"NS"
0.088834093879396,0.1274828710986,0.378,0.278,1,"GZMM",0,"NS"
0.0890239333450076,-0.129568942103855,0.923,0.753,1,"HLA-J",0,"NS"
0.089080831062564,0.0928344371857843,0.34,0.253,1,"C19orf43",0,"NS"
0.0891069489609796,-0.263124438509649,0.624,0.574,1,"SLC25A5",0,"NS"
0.0891498827885993,0.104598640425598,0.892,0.716,1,"IL6R",0,"NS"
0.0891985189669518,0.297349787638617,0.146,0.102,1,"TRMT13",0,"NS"
0.0891996667944313,-0.0894880189574846,0.263,0.194,1,"SLAIN2",0,"NS"
0.0892990072448144,0.0465142493341995,0.244,0.179,1,"UCKL1",0,"NS"
0.0893126144780489,0.0202738074603452,0.202,0.145,1,"NFE2L1",0,"NS"
0.0894232976175533,0.0532570205093078,0.704,0.583,1,"BIRC6",0,"NS"
0.0894435620641056,0.145230923709747,0.296,0.228,1,"SYTL2",0,"NS"
0.0896585904606548,0.072353453468055,0.397,0.315,1,"SPEN",0,"NS"
0.0896964321756057,0.0545646365133348,0.291,0.219,1,"AGGF1",0,"NS"
0.0898930284829239,0.0267834221458371,0.263,0.194,1,"VPS4A",0,"NS"
0.0898954204486455,-0.370112620353273,0.115,0.074,1,"ZBTB7A",0,"NS"
0.090037153014431,-0.146083048959225,0.155,0.105,1,"ZFAND1",0,"NS"
0.0901129205317411,-0.397680226441895,0.394,0.41,1,"FERMT3",0,"NS"
0.0902649301430169,0.00094827533527958,0.432,0.336,1,"PBXIP1",0,"NS"
0.0902668090363172,0.0978608925215161,0.148,0.102,1,"KIAA0391",0,"NS"
0.0902893991821855,0.219372751597105,0.192,0.139,1,"CUEDC2",0,"NS"
0.0903748012665052,-0.184121035091842,0.495,0.364,1,"CREBRF",0,"NS"
0.0903944657245842,0.143749891329211,0.272,0.207,1,"HEXA",0,"NS"
0.0904337021209146,0.00701783384119953,0.282,0.204,1,"IGBP1",0,"NS"
0.0904836204360883,0.216416074158087,0.143,0.099,1,"GPR183",0,"NS"
0.0906434015325356,0.0624375046483211,0.559,0.448,1,"PILRB",0,"NS"
0.0908096855486389,0.102501008491625,0.279,0.21,1,"DHPS",0,"NS"
0.090844694969117,-0.485739031062037,0.261,0.29,1,"MRPS34",0,"NS"
0.0909798737223214,-0.2661395549035,0.815,0.568,1,"APOOL",0,"NS"
0.0909947100829717,-0.391745596439501,0.176,0.12,1,"C19orf48",0,"NS"
0.0910530463877366,0.247734569298743,0.117,0.077,1,"EIF2B2",0,"NS"
0.0913642448966034,-0.0481441387934416,0.42,0.324,1,"ARID4A",0,"NS"
0.0913924673630528,0.167164667062897,0.143,0.099,1,"GGT7",0,"NS"
0.0914035174966038,0.113111749867485,0.505,0.42,1,"USP11",0,"NS"
0.091442760894512,-0.692481649102451,0.068,0.102,1,"MT1E",0,"NS"
0.0914859932789814,0.0406124568707027,0.134,0.09,1,"ZNF274",0,"NS"
0.0916718231480877,0.119747593571796,0.915,0.713,1,"EXOSC6",0,"NS"
0.0917250095190065,-0.0218950334888991,0.303,0.228,1,"EIF4G3",0,"NS"
0.0917981079042677,-0.0292722954420797,0.239,0.173,1,"ABHD16A",0,"NS"
0.0922054966553674,0.173559763357669,0.261,0.201,1,"UFL1",0,"NS"
0.0923012763009012,0.0904480346801151,0.286,0.219,1,"TSPYL4",0,"NS"
0.0925838862827916,0.0964988847453678,0.622,0.485,1,"EIF3L",0,"NS"
0.0926079828226094,-0.0231100264265994,0.488,0.373,1,"FAM49B",0,"NS"
0.0926432514787438,0.306795305096365,0.265,0.21,1,"VTI1A",0,"NS"
0.0926583587529386,0.334389963923563,0.167,0.12,1,"FARS2",0,"NS"
0.0927458898330686,0.3315151670139,0.101,0.065,1,"MINPP1",0,"NS"
0.0929169621454319,0.188054990097443,0.359,0.293,1,"GATA3",0,"NS"
0.0930835718279698,0.363282481726434,0.134,0.093,1,"ZDHHC4",0,"NS"
0.093091155744764,0.0850888313261688,0.362,0.287,1,"FNDC3A",0,"NS"
0.093115673360648,0.0612550700469628,0.469,0.373,1,"CCAR1",0,"NS"
0.0931211092872172,-0.039404539164803,0.209,0.151,1,"TSC1",0,"NS"
0.0931933012719481,0.154010214917423,0.155,0.108,1,"CTTN",0,"NS"
0.0932635700835665,0.577482293867574,0.136,0.096,1,"FRS2",0,"NS"
0.093366697524463,-0.0544444693958611,0.784,0.611,1,"COPA",0,"NS"
0.0934498511544924,0.0351214730313516,0.782,0.58,1,"ZNF708",0,"NS"
0.0935407445607168,0.106261709519655,0.106,0.068,1,"CBR4",0,"NS"
0.093718978139674,0.0462928073580957,0.322,0.244,1,"NADSYN1",0,"NS"
0.0939260475272455,-0.800166638008292,0.411,0.392,1,"ANP32A",0,"NS"
0.0940040162436849,0.100289975735307,0.176,0.127,1,"INTS1",0,"NS"
0.0940839445541469,0.039494936836594,0.845,0.617,1,"SERF1B",0,"NS"
0.0940884287211508,-0.540507113605836,0.254,0.281,1,"COX17",0,"NS"
0.0941709788019417,0.109164710326337,0.322,0.25,1,"RNF114",0,"NS"
0.0942792334064926,0.267099480971069,0.167,0.12,1,"APBA3",0,"NS"
0.094339154806823,0.0823063104121247,0.347,0.275,1,"ADAM10",0,"NS"
0.0943588284836993,-0.033204998105882,0.286,0.213,1,"CCM2",0,"NS"
0.0944530486075703,0.260070915286501,0.207,0.154,1,"HIPK3",0,"NS"
0.0945882420305729,0.0417017160478342,0.587,0.472,1,"ARID5B",0,"NS"
0.0950507175702938,0.0435492719292122,0.397,0.306,1,"DNAJC1",0,"NS"
0.0951339563157035,-0.179016435734882,0.364,0.275,1,"XPO6",0,"NS"
0.0951520633869548,-0.237588599224404,0.115,0.074,1,"PBX2",0,"NS"
0.0951719944224395,0.118768864368378,0.563,0.457,1,"HNRNPD",0,"NS"
0.0952117575918075,0.111993517547413,0.221,0.164,1,"EIF2AK1",0,"NS"
0.0952747041620529,0.0709547579045355,0.131,0.09,1,"INVS",0,"NS"
0.0954242464721765,0.10571116425567,0.974,0.88,1,"CHST6",0,"NS"
0.0954679069329904,0.0160955079731373,0.343,0.265,1,"BAZ1A",0,"NS"
0.095798529434022,0.0278152587349396,0.167,0.117,1,"FAM214A",0,"NS"
0.0958896596458814,0.172046034032243,0.279,0.219,1,"HIVEP3",0,"NS"
0.0958952865667909,0.0257785504749339,0.676,0.552,1,"AKAP9",0,"NS"
0.0959902061122525,-0.0538866144017847,0.129,0.086,1,"GRK5",0,"NS"
0.0961237794257583,0.326039795509502,0.148,0.105,1,"TRMT1",0,"NS"
0.0961313953475112,-0.00704722129647722,0.908,0.741,1,"SNX27",0,"NS"
0.0961671067593534,-0.61385941771911,0.399,0.407,1,"CDK6",0,"NS"
0.096182731529925,0.087015200984425,0.235,0.173,1,"MTIF3",0,"NS"
0.0961854911903526,0.0164396900569931,0.268,0.194,1,"HNRNPH2",0,"NS"
0.0962138838973736,-0.475552836940266,0.284,0.312,1,"TXN",0,"NS"
0.0962575081064888,0.10334874650099,0.169,0.12,1,"VIPAS39",0,"NS"
0.0963421298303462,-0.211765334441439,0.157,0.108,1,"PXN",0,"NS"
0.0963626359599892,-0.136547464511161,0.202,0.145,1,"GLMN",0,"NS"
0.0963849354868808,0.10152786382106,0.965,0.87,1,"GPR82",0,"NS"
0.096658060178072,0.0569251026818088,0.718,0.58,1,"C4orf3",0,"NS"
0.0966655090885833,-0.196879701919635,0.127,0.083,1,"HSPBAP1",0,"NS"
0.0966820380839589,0.0564882370153271,0.542,0.435,1,"GCC2",0,"NS"
0.0968030455827532,-0.0825109115739882,0.357,0.269,1,"HSPA4",0,"NS"
0.0968083847697518,0.087382171311992,0.369,0.287,1,"AAMP",0,"NS"
0.0968101814174087,-0.189561439714512,0.533,0.515,1,"TRMT112",0,"NS"
0.0968112985453504,-0.150094333279383,0.746,0.698,1,"LBH",0,"NS"
0.0970748861799158,0.0206070599155079,0.876,0.639,1,"LOC283335",0,"NS"
0.0971030562744921,0.0423010632269209,0.502,0.398,1,"TIA1",0,"NS"
0.0971203784337235,-0.758409046864014,0.146,0.096,1,"G6PC2",0,"NS"
0.0973446164073427,0.236157243685212,0.16,0.114,1,"NDST2",0,"NS"
0.097390429967849,-0.275460929486308,0.202,0.145,1,"HIATL1",0,"NS"
0.0974528078095738,-0.425902808077357,0.167,0.114,1,"AFAP1L1",0,"NS"
0.0974655064063188,0.0283520218959791,0.19,0.136,1,"ZC3H14",0,"NS"
0.0974890500692355,-0.366281751968207,0.394,0.398,1,"COX5A",0,"NS"
0.0976605893891956,-0.1489332128065,0.228,0.167,1,"UPF3B",0,"NS"
0.0976866849144955,0.254852678900468,0.16,0.114,1,"OMA1",0,"NS"
0.0977676454714958,0.28837017604882,0.148,0.105,1,"TIFA",0,"NS"
0.0978104377798057,0.0797654845116594,0.458,0.373,1,"CHD1",0,"NS"
0.097821316250134,0.0623795892408846,0.357,0.278,1,"DDB1",0,"NS"
0.0978950227879815,-0.071821703399622,0.254,0.188,1,"KDM2B",0,"NS"
0.0981935386882056,0.1449172524428,0.897,0.756,1,"ZFP106",0,"NS"
0.098198315466616,-0.57920533953581,0.174,0.213,1,"LGALS9",0,"NS"
0.0985280084918707,-0.00461146146634384,0.817,0.648,1,"NFAT5",0,"NS"
0.0985727680034344,0.64848184374643,0.12,0.083,1,"CDIPT",0,"NS"
0.0987188852548401,0.158041699639117,0.876,0.762,1,"HNRNPC",0,"NS"
0.098761938369253,0.167935333056964,0.519,0.429,1,"GHITM",0,"NS"
0.0989519123876591,-0.74879700974534,0.146,0.182,1,"ZNF622",0,"NS"
0.0991801221754471,-0.192110589981171,0.291,0.213,1,"MCM6",0,"NS"
0.0991968096447922,0.105548138552365,0.951,0.809,1,"MXRA7",0,"NS"
0.0993761880679418,0.390396423245176,0.122,0.083,1,"CPT1B",0,"NS"
0.099567338339133,0.184553989194354,0.209,0.157,1,"BRAT1",0,"NS"
0.09962429523432,0.117467361413278,0.265,0.204,1,"TCF12",0,"NS"
0.0998029585328854,-0.703462131518246,0.141,0.179,1,"GMCL1",0,"NS"
0.099869767878054,-0.111686407595132,0.887,0.66,1,"FAM134C",0,"NS"
0.0998769440908648,-0.375076203500611,0.127,0.083,1,"MIB2",0,"NS"
0.100028170987573,-0.0992080917676521,0.223,0.164,1,"KIF13B",0,"NS"
0.100041183442949,0.160726096502834,0.5,0.423,1,"CD46",0,"NS"
0.100108137218333,0.281227123240526,0.16,0.114,1,"BTRC",0,"NS"
0.10019540767127,0.0695582104476699,0.423,0.336,1,"CYTH4",0,"NS"
0.100261400704184,-0.0220244159656675,0.178,0.127,1,"ANKRD27",0,"NS"
0.100269277845887,-0.602424328038853,0.178,0.213,1,"TXNDC17",0,"NS"
0.10026960871651,0.216415176419103,0.244,0.188,1,"ERGIC2",0,"NS"
0.100519069242286,0.117299164944639,0.169,0.12,1,"RPE",0,"NS"
0.100571756824917,0.0780913889832558,0.251,0.185,1,"ELOF1",0,"NS"
0.100655312001882,-0.227600591043042,0.735,0.704,1,"ANKRD36",0,"NS"
0.100709546497403,-0.0433632197800587,0.232,0.17,1,"LINC00623",0,"NS"
0.100921237586193,0.160764950337745,0.209,0.154,1,"MED10",0,"NS"
0.101013531988299,-0.026403664253289,0.143,0.099,1,"BAP1",0,"NS"
0.101016296666898,0.278975538688919,0.209,0.157,1,"MAD1L1",0,"NS"
0.101048761223252,0.0506823872632607,0.169,0.117,1,"STARD3NL",0,"NS"
0.101091750456206,0.197622384248378,0.122,0.083,1,"RABL6",0,"NS"
0.10112024617869,0.313166012139895,0.223,0.17,1,"TEX264",0,"NS"
0.10129433502881,0.20159281516435,0.113,0.074,1,"CCDC94",0,"NS"
0.101324322244387,0.146500762921941,0.232,0.176,1,"TRMT2A",0,"NS"
0.10138124398088,0.030114504470071,0.695,0.5,1,"LINC00152",0,"NS"
0.101687389483073,0.189872877011711,0.181,0.133,1,"MDC1",0,"NS"
0.101868855832334,-9.2223494052579e-05,0.207,0.151,1,"VPS37A",0,"NS"
0.102007658384428,-0.0524721679082021,0.12,0.08,1,"ZNF184",0,"NS"
0.102143095603036,0.166472451450264,0.12,0.08,1,"THAP4",0,"NS"
0.102183791168776,-0.0763568866424476,0.296,0.225,1,"SECISBP2L",0,"NS"
0.102252327859041,-0.301097187994564,0.819,0.596,1,"ZNF331",0,"NS"
0.102431402056884,-0.164455871128101,0.472,0.358,1,"DENND4C",0,"NS"
0.102567633253441,0.127412146701916,0.164,0.117,1,"C17orf70",0,"NS"
0.102620844844843,-0.197712019155691,0.885,0.691,1,"H6PD",0,"NS"
0.102696362898396,0.121267358557453,0.477,0.389,1,"UBA7",0,"NS"
0.102721817463261,0.113927276531947,0.162,0.114,1,"CRYZL1",0,"NS"
0.102856716033147,0.254082276863183,0.155,0.111,1,"ZNF518B",0,"NS"
0.102981476224765,0.320957432371059,0.136,0.096,1,"FBXO3",0,"NS"
0.103167994417758,0.0539958491856316,0.444,0.361,1,"PARP4",0,"NS"
0.103208544619959,-0.647666115845099,0.263,0.293,1,"FAM46C",0,"NS"
0.103231751922309,0.120957911002579,0.12,0.08,1,"MUT",0,"NS"
0.103323043644576,0.397894673950418,0.174,0.13,1,"IPO5",0,"NS"
0.103484840731472,-0.0781460841462596,0.845,0.821,1,"MSN",0,"NS"
0.103491758415901,0.121937467729983,0.359,0.284,1,"PHB",0,"NS"
0.103833933095255,0.11312940923492,0.293,0.225,1,"CNIH",0,"NS"
0.103839218949255,0.233806379199729,0.176,0.127,1,"NGFRAP1",0,"NS"
0.103955797032287,0.110898408815013,0.286,0.225,1,"MED1",0,"NS"
0.104013884013043,-0.106006818683592,0.775,0.75,1,"ITGB2",0,"NS"
0.104077742269905,0.15868644177863,0.195,0.145,1,"PIK3R4",0,"NS"
0.104238889518695,0.0651473659641221,0.392,0.302,1,"BIN2",0,"NS"
0.104298059386268,-0.219199980388192,0.62,0.608,1,"SHISA5",0,"NS"
0.104319692375003,-0.367507774602572,0.15,0.102,1,"EMBP1",0,"NS"
0.104381803152925,0.0960623258088721,0.469,0.383,1,"SAR1A",0,"NS"
0.104443751156998,0.141679692896489,0.27,0.207,1,"BAK1",0,"NS"
0.104543974359175,-0.58183154368957,0.117,0.154,1,"EMC6",0,"NS"
0.104934521277594,-0.0905772976500273,0.216,0.157,1,"CHID1",0,"NS"
0.104952728893091,-0.061772230722545,0.113,0.074,1,"TYW1B",0,"NS"
0.105025437854362,0.317371657156511,0.192,0.145,1,"TMED3",0,"NS"
0.105100078487354,-0.158225102974366,0.106,0.068,1,"LOC100272228",0,"NS"
0.105149919896071,-0.0099546533822692,0.587,0.457,1,"RNF149",0,"NS"
0.105360674458558,0.116647572314974,0.15,0.105,1,"C16orf87",0,"NS"
0.105389525745937,-0.978562070083689,0.19,0.222,1,"PPP3CA",0,"NS"
0.105397473634393,0.0393275763013054,0.279,0.213,1,"CMPK1",0,"NS"
0.105454553525252,-0.253066708882065,0.216,0.154,1,"WASH1",0,"NS"
0.10554476007888,-0.0531258205307807,0.174,0.123,1,"DAZAP1",0,"NS"
0.105681326569986,-0.176849100934974,0.216,0.157,1,"PCNXL3",0,"NS"
0.105813125235037,0.152450804335393,0.383,0.306,1,"GPS2",0,"NS"
0.106135113270358,-0.321669617969905,0.775,0.552,1,"NSUN4",0,"NS"
0.10627823203109,-0.0620303676585352,0.998,0.978,1,"TPM3",0,"NS"
0.106538465258994,0.0289800853674619,0.387,0.306,1,"AGXT2L2",0,"NS"
0.106573311866705,-0.277968703345339,0.486,0.509,1,"IRF2",0,"NS"
0.106658617616783,-0.652981928513201,0.113,0.148,1,"METTL5",0,"NS"
0.106768527625609,-0.0248653788970192,0.373,0.29,1,"RPRD2",0,"NS"
0.106969763431182,0.148759015907657,0.754,0.623,1,"GBP2",0,"NS"
0.106977156818469,-0.377764258014739,0.148,0.102,1,"POLR1B",0,"NS"
0.10704619968243,-0.369839918415006,0.385,0.398,1,"SNX17",0,"NS"
0.107055762590114,-0.153461654827632,0.101,0.065,1,"VPS18",0,"NS"
0.107196862352214,0.0956347877215855,0.174,0.123,1,"ADSL",0,"NS"
0.107308874749488,-0.0264138403943368,0.235,0.173,1,"C16orf45",0,"NS"
0.107375645946479,0.49285326988674,0.106,0.071,1,"GTPBP2",0,"NS"
0.107450983429412,-0.0508176766153554,0.176,0.127,1,"SLC39A14",0,"NS"
0.107492953030977,0.127957794423005,0.188,0.139,1,"GTF2A1",0,"NS"
0.10754278993493,-0.814943948798638,0.085,0.117,1,"TMEM80",0,"NS"
0.107899050820819,-0.427926322900413,0.345,0.355,1,"NDUFB2",0,"NS"
0.108128282843124,-0.692183844586452,0.181,0.216,1,"C7orf49",0,"NS"
0.108419306039592,0.222895990519801,0.19,0.142,1,"KPNA3",0,"NS"
0.108768348791174,-0.0832790019761647,0.268,0.194,1,"RPA3",0,"NS"
0.10881646897,0.237394375121664,0.211,0.16,1,"PRAF2",0,"NS"
0.108842218998682,0.234545307840878,0.251,0.194,1,"MRPS7",0,"NS"
0.108994898799167,-0.674967106841017,0.138,0.176,1,"AKAP2",0,"NS"
0.109154534281163,0.0142309752208808,0.277,0.213,1,"DHX8",0,"NS"
0.109172036749651,-0.552372301981431,0.11,0.071,1,"FAM104B",0,"NS"
0.109361993860911,0.169270235861684,0.465,0.38,1,"CCT7",0,"NS"
0.109497646663283,0.133738066029284,0.279,0.213,1,"DNAJC4",0,"NS"
0.110026326796521,-0.308362955550214,0.387,0.395,1,"RABAC1",0,"NS"
0.110102424212013,0.0502081280060338,0.12,0.08,1,"ACYP1",0,"NS"
0.110154192028618,-0.535394925776456,0.192,0.136,1,"FLJ44635",0,"NS"
0.110233416079561,-0.367117812908194,0.359,0.389,1,"HNRNPA0",0,"NS"
0.110432213908174,-0.198674848895656,0.197,0.142,1,"RNF185",0,"NS"
0.11047909475887,0.15121264015157,0.185,0.136,1,"PIGC",0,"NS"
0.110555936204815,-0.118035558779185,0.239,0.176,1,"VWA8",0,"NS"
0.110671987782214,0.0290295148912361,0.401,0.315,1,"PIK3CG",0,"NS"
0.110689020144389,-0.0993169437339185,0.23,0.17,1,"TTC13",0,"NS"
0.110823365420281,-0.0564992725791864,0.12,0.08,1,"MTRF1",0,"NS"
0.111151139611152,-0.116195258358867,0.162,0.114,1,"TRIM37",0,"NS"
0.111338857645787,-0.154117077964859,0.23,0.17,1,"ATP2C1",0,"NS"
0.11149616509236,0.272826342026413,0.284,0.231,1,"CNOT8",0,"NS"
0.111705900520445,-0.0803737207453206,0.831,0.799,1,"TIGIT",0,"NS"
0.112073526778951,-0.058855325307666,0.146,0.102,1,"ATP8B4",0,"NS"
0.112106540264471,0.213807115079036,0.103,0.068,1,"ING1",0,"NS"
0.112109891168046,-0.157731386172568,0.127,0.086,1,"ERGIC1",0,"NS"
0.112119221233406,0.0412935076674616,0.38,0.299,1,"CHTOP",0,"NS"
0.112228458347603,-0.122510683766648,0.143,0.099,1,"TELO2",0,"NS"
0.112262342285613,-0.538673174557721,0.171,0.21,1,"CERS2",0,"NS"
0.112527413161776,0.224621316689117,0.261,0.207,1,"ARAF",0,"NS"
0.112528838154037,0.0827100211989441,0.993,0.941,1,"TLCD2",0,"NS"
0.112607658773307,0.184547846233723,0.122,0.083,1,"DNAAF2",0,"NS"
0.112673309466546,0.115873396617454,0.35,0.272,1,"UQCRC1",0,"NS"
0.112705814564415,-0.090714567513891,0.84,0.66,1,"SMC5",0,"NS"
0.112785919437319,0.146489427810607,0.216,0.164,1,"ZNF281",0,"NS"
0.112987806198484,-0.973310545395529,0.122,0.154,1,"TDP2",0,"NS"
0.112994743477103,-0.439556747779529,0.202,0.244,1,"MRPL41",0,"NS"
0.113264141339833,0.169827781687918,0.277,0.216,1,"VTI1B",0,"NS"
0.11345840136615,0.0838440973323982,0.972,0.895,1,"GLIPR1L2",0,"NS"
0.113534536329974,-0.103110274211714,0.256,0.191,1,"CAMTA2",0,"NS"
0.113600011116089,-0.113180466376283,0.225,0.167,1,"C20orf112",0,"NS"
0.113940272183776,-0.420440698097631,0.106,0.068,1,"NSMF",0,"NS"
0.114031994278547,-0.488090677382411,0.338,0.364,1,"MKNK2",0,"NS"
0.114039883409666,-0.0220599983634295,0.12,0.08,1,"BROX",0,"NS"
0.114041210314657,-0.527399682802351,0.242,0.275,1,"TBCA",0,"NS"
0.114042410869096,0.169559961037268,0.258,0.201,1,"BLCAP",0,"NS"
0.114299181520241,0.407038704087431,0.185,0.142,1,"ATP6V1H",0,"NS"
0.114448871255701,0.305433569634075,0.124,0.086,1,"AP1AR",0,"NS"
0.114464051444069,-0.105592502101998,0.399,0.306,1,"SEC16A",0,"NS"
0.114531433454104,0.168333202811532,0.308,0.244,1,"GORASP2",0,"NS"
0.114812033938925,0.0593173648463737,0.317,0.25,1,"RNF6",0,"NS"
0.115166540367427,0.123537087580828,0.986,0.867,1,"LOC284023",0,"NS"
0.115185082276893,0.106697534514907,0.411,0.333,1,"G3BP2",0,"NS"
0.11520192830552,0.139057808513231,0.326,0.247,1,"C1QBP",0,"NS"
0.115300296178818,0.452549247111003,0.143,0.105,1,"SLC7A5P1",0,"NS"
0.115345216950583,0.272570994843553,0.117,0.08,1,"OARD1",0,"NS"
0.115472219388019,0.0166927229918659,0.31,0.241,1,"GALNT2",0,"NS"
0.115717839000071,-0.515452962198827,0.131,0.09,1,"FAM102B",0,"NS"
0.115765887253263,-0.402131789352623,0.279,0.204,1,"CCDC137",0,"NS"
0.115938193777867,0.090286329767695,0.167,0.12,1,"PIGF",0,"NS"
0.115991059463567,0.0596469481443847,0.333,0.256,1,"AES",0,"NS"
0.116596779240215,0.245445846190569,0.131,0.093,1,"DALRD3",0,"NS"
0.116666083081652,0.111517607322604,0.218,0.164,1,"TOR1A",0,"NS"
0.11681607457227,-0.347254101223513,0.15,0.105,1,"C9orf41",0,"NS"
0.116940851340294,-0.478145124823445,0.11,0.148,1,"FAM53C",0,"NS"
0.117015879846913,0.0870948492198538,0.122,0.083,1,"NUSAP1",0,"NS"
0.11729312888147,0.0907864402963774,0.918,0.747,1,"C15orf40",0,"NS"
0.11735770151707,0.0694875173434719,0.899,0.762,1,"PAPOLA",0,"NS"
0.117451368087039,0.11711883844576,0.195,0.145,1,"ARL2BP",0,"NS"
0.117495017468891,0.119604922686486,0.533,0.435,1,"PDIA6",0,"NS"
0.117565759559403,-0.205897570785397,0.171,0.12,1,"ALG8",0,"NS"
0.117579676862618,-0.28169255794735,0.784,0.552,1,"NAA40",0,"NS"
0.117725400880476,-0.0368209363695781,0.162,0.114,1,"MLKL",0,"NS"
0.117759616464536,-0.144476073422745,0.932,0.84,1,"FUS",0,"NS"
0.117859432235302,0.0125575004749042,0.988,0.923,1,"ZNF264",0,"NS"
0.1183811660692,0.0245525870031295,0.31,0.244,1,"DDX21",0,"NS"
0.118432720486418,0.121688986433987,0.291,0.228,1,"TPST2",0,"NS"
0.118449397564439,0.0100372084110089,0.345,0.272,1,"R3HCC1L",0,"NS"
0.118469331409115,0.0568847101538685,0.991,0.957,1,"REXO1L1",0,"NS"
0.118561225430726,-0.0392136587309766,0.923,0.867,1,"TMEM66",0,"NS"
0.118682724927506,0.257028068482699,0.113,0.077,1,"SURF1",0,"NS"
0.119093315597108,-0.492252056014918,0.42,0.426,1,"RAPGEF1",0,"NS"
0.11910575317338,-0.088076837249321,0.11,0.074,1,"CENPF",0,"NS"
0.11917468608615,0.153271176991047,0.258,0.201,1,"HAPLN3",0,"NS"
0.11938991321894,0.355943588664135,0.101,0.068,1,"PRDM15",0,"NS"
0.119569157430118,-0.066258391409553,0.249,0.188,1,"STAMBP",0,"NS"
0.119611861444536,0.186411552130516,0.124,0.086,1,"SHMT1",0,"NS"
0.119835312754649,0.0140087231295734,0.502,0.392,1,"TM9SF2",0,"NS"
0.119916494508374,0.308750894679699,0.16,0.117,1,"NMRAL1",0,"NS"
0.12003547839343,0.0154199137332405,0.181,0.133,1,"ARHGEF18",0,"NS"
0.120326836013351,0.284470588051939,0.106,0.071,1,"PPP1R12C",0,"NS"
0.12080044884704,0.00995335592466662,0.251,0.191,1,"UBE2H",0,"NS"
0.120812904213135,-0.0993873876089788,0.498,0.386,1,"CYLD",0,"NS"
0.120847695864992,0.15570469701174,0.117,0.08,1,"PRUNE",0,"NS"
0.12087627812552,0.137567052401887,0.129,0.09,1,"PPOX",0,"NS"
0.121022574263722,-0.146158635162399,0.653,0.642,1,"TOMM7",0,"NS"
0.121025250323824,0.144366450343089,0.129,0.09,1,"PEX11B",0,"NS"
0.121062926782846,0.011922484805808,0.451,0.358,1,"MIER1",0,"NS"
0.121109732209373,-0.084879923687408,0.197,0.145,1,"ZZZ3",0,"NS"
0.121190507961613,-0.428661425544457,0.329,0.358,1,"IRF3",0,"NS"
0.121220851017029,0.384708721622173,0.101,0.068,1,"SPRTN",0,"NS"
0.121222831534581,0.0325726521517979,0.261,0.201,1,"TNKS",0,"NS"
0.121267070790294,0.343443935333033,0.134,0.096,1,"TRMT1L",0,"NS"
0.12131003932651,-0.722276649720479,0.298,0.318,1,"PER1",0,"NS"
0.121401370148039,0.279480148930454,0.146,0.105,1,"SCRN2",0,"NS"
0.121423443676816,0.260652537578617,0.124,0.086,1,"GOT1",0,"NS"
0.121501272580989,-0.0389980131593551,0.413,0.318,1,"EIF2S2",0,"NS"
0.121615157371334,0.0748126727105194,0.315,0.247,1,"CCT2",0,"NS"
0.12165988601419,-0.199950005586853,0.143,0.099,1,"GRAP",0,"NS"
0.121673563641875,0.122355738324621,0.169,0.123,1,"RBMX2",0,"NS"
0.12172399072876,0.336557916168215,0.101,0.068,1,"DOK1",0,"NS"
0.121763270747964,0.0541870842203902,0.477,0.386,1,"IFRD1",0,"NS"
0.121897145292244,-0.266770127800349,0.791,0.58,1,"ATG12",0,"NS"
0.121939701700274,0.0991413285424184,0.162,0.117,1,"MZT2B",0,"NS"
0.122125852257005,-0.0470148980066996,0.129,0.086,1,"HIST3H2A",0,"NS"
0.122427918853903,0.120065540204041,0.242,0.185,1,"COG4",0,"NS"
0.122517144975933,0.011270476720325,0.899,0.716,1,"TOX4",0,"NS"
0.1225411743476,0.0511776989115579,0.805,0.617,1,"CES3",0,"NS"
0.122624047928251,0.0566060977546715,0.415,0.336,1,"TMED5",0,"NS"
0.122652094217946,0.0308612414957699,0.235,0.176,1,"PPP2R3C",0,"NS"
0.122738784202933,0.0558190910614514,0.347,0.275,1,"HADHB",0,"NS"
0.122816926198036,0.0333851522963258,0.246,0.188,1,"FBXO11",0,"NS"
0.122833590230489,0.0382236389102706,0.617,0.5,1,"DOCK2",0,"NS"
0.122924295576221,0.00920832931946536,0.141,0.099,1,"MVD",0,"NS"
0.122966833686388,0.0155477585287322,0.223,0.167,1,"NPLOC4",0,"NS"
0.123124324329976,0.206985637672947,0.192,0.145,1,"SLC35C2",0,"NS"
0.123232082885597,0.0399141475254351,0.101,0.065,1,"CCL3L1",0,"NS"
0.123279402223967,0.0069849217237698,0.39,0.296,1,"RHOT2",0,"NS"
0.123311549839292,-0.570834414289915,0.244,0.278,1,"HEXIM1",0,"NS"
0.123328577690644,0.0832597328002632,0.538,0.448,1,"U2SURP",0,"NS"
0.123337870236264,-0.857063742417127,0.192,0.222,1,"CITED2",0,"NS"
0.123397721276185,0.466317298537282,0.216,0.173,1,"A2M",0,"NS"
0.123443563133825,0.258029185178193,0.113,0.077,1,"SLC12A9",0,"NS"
0.123493886720642,0.215935487436411,0.174,0.13,1,"TPD52L2",0,"NS"
0.123505891007838,0.241398798776415,0.19,0.145,1,"ADNP",0,"NS"
0.123920084400558,0.0666336172065777,0.359,0.281,1,"JTB",0,"NS"
0.123923154076023,0.353226969540245,0.101,0.068,1,"SPNS3",0,"NS"
0.124264221823282,0.30493056999469,0.101,0.068,1,"CD80",0,"NS"
0.124311010194348,0.477226160895589,0.115,0.08,1,"MUC16",0,"NS"
0.124432633040479,0.0808697603657387,0.216,0.164,1,"MAP3K11",0,"NS"
0.12479552428096,-0.00144010022379704,0.239,0.182,1,"NR4A1",0,"NS"
0.12522826007496,0.0972814607901549,0.969,0.889,1,"C21orf62",0,"NS"
0.125313881070378,-0.225634073478832,0.261,0.194,1,"EDEM3",0,"NS"
0.125566616866025,0.304728578915317,0.134,0.096,1,"NAGK",0,"NS"
0.125633892058151,-0.0895002803637218,0.678,0.534,1,"XRN1",0,"NS"
0.125638187245547,0.167037633100401,0.261,0.204,1,"RPL36A-HNRNPH2",0,"NS"
0.125651510354144,0.12245680788879,0.763,0.645,1,"ZAP70",0,"NS"
0.125757681067023,0.0594328861504486,0.282,0.219,1,"PRCC",0,"NS"
0.125766405002407,0.191771799329398,0.214,0.164,1,"TFG",0,"NS"
0.125951493995305,-0.34759191002498,0.155,0.108,1,"SLC37A3",0,"NS"
0.125985144466754,0.0385498603447776,0.162,0.114,1,"SCARNA17",0,"NS"
0.126068653341088,0.0893557020810165,0.979,0.877,1,"POU5F1",0,"NS"
0.1262174655576,0.278046298762457,0.223,0.176,1,"TAPBPL",0,"NS"
0.126248265569096,0.121690415931932,0.282,0.216,1,"ETFB",0,"NS"
0.126428852693462,-0.0408388768191452,0.195,0.142,1,"SERPINH1",0,"NS"
0.126607222828153,-0.485536043014042,0.181,0.216,1,"RRAGA",0,"NS"
0.126896967367568,-0.01642369552045,0.927,0.787,1,"HAUS3",0,"NS"
0.126913929643626,0.112242501695516,0.169,0.123,1,"SLC39A6",0,"NS"
0.126933711333983,-0.0786848220293675,0.254,0.188,1,"RNASEH2C",0,"NS"
0.126999095941371,0.00779685766226978,0.765,0.608,1,"MAP4",0,"NS"
0.127211255073057,0.00823969827538928,0.394,0.315,1,"KAT6B",0,"NS"
0.127715301707979,0.24835828011223,0.101,0.068,1,"GPM6B",0,"NS"
0.127741552057333,-0.234579161357629,0.458,0.46,1,"SPCS1",0,"NS"
0.12784120069331,0.111452896823837,0.15,0.108,1,"MRRF",0,"NS"
0.127930626165316,0.102197506690231,0.141,0.099,1,"TMEM11",0,"NS"
0.128061364227636,-0.0284366879301792,0.854,0.809,1,"PRF1",0,"NS"
0.128145860418819,-0.43600854032598,0.326,0.358,1,"CYTH1",0,"NS"
0.128316688838038,-0.0614090417363009,0.277,0.21,1,"ARHGAP27",0,"NS"
0.128404672004104,-0.116152277013561,0.69,0.54,1,"CBL",0,"NS"
0.128577395845961,0.217542252012359,0.16,0.117,1,"TP53I13",0,"NS"
0.128661875888232,0.0578465814462216,0.373,0.299,1,"SECISBP2",0,"NS"
0.128706871331777,0.394245497229392,0.129,0.093,1,"ZNF322",0,"NS"
0.128756770675654,-0.682385145387656,0.157,0.191,1,"COMMD7",0,"NS"
0.128894647310799,0.219605289265363,0.143,0.102,1,"RPP25L",0,"NS"
0.128935900721939,0.063849876781676,0.415,0.333,1,"SLC44A2",0,"NS"
0.129305154333857,-0.241789587001952,0.498,0.525,1,"BIRC3",0,"NS"
0.12950218228892,0.0231678855267539,0.136,0.096,1,"PIAS4",0,"NS"
0.129544200796284,-0.469811606174251,0.411,0.423,1,"SMARCA2",0,"NS"
0.129561865029227,0.0807784789842703,0.106,0.071,1,"TADA1",0,"NS"
0.129574358010028,0.299107683466977,0.162,0.12,1,"CLPX",0,"NS"
0.129674779322949,0.0612290110784226,0.92,0.778,1,"MPHOSPH8",0,"NS"
0.129701472423632,0.0165310707230323,0.434,0.349,1,"PLCG1",0,"NS"
0.129846719817947,0.493279949352017,0.103,0.071,1,"WDR12",0,"NS"
0.129946874909411,0.111055750425441,0.549,0.457,1,"TCIRG1",0,"NS"
0.130101658133904,-0.256424288341812,0.284,0.213,1,"EZH2",0,"NS"
0.130159286200016,0.0962848125884743,0.415,0.336,1,"GIT2",0,"NS"
0.130189585730303,0.13751475219907,0.113,0.077,1,"TMEM206",0,"NS"
0.130228876771442,-0.123685708266982,0.178,0.13,1,"PHKA2",0,"NS"
0.130236778810549,-0.820197508841705,0.124,0.157,1,"ARMC1",0,"NS"
0.130615920134537,0.170415853506938,0.404,0.324,1,"TUFM",0,"NS"
0.130639871298547,-0.00883380699003222,0.176,0.13,1,"TATDN2",0,"NS"
0.130651273347378,0.0904217694469822,0.188,0.139,1,"DPM2",0,"NS"
0.130722030071423,0.131580219341865,0.192,0.145,1,"FAM136A",0,"NS"
0.130752237959022,-0.376551103289843,0.263,0.293,1,"OCIAD2",0,"NS"
0.13076979943073,-0.0696718010050573,0.362,0.284,1,"ABCC1",0,"NS"
0.130797909436036,-0.209425944220023,0.202,0.148,1,"KIAA0317",0,"NS"
0.130811390013163,0.0917646350311168,0.972,0.852,1,"HM13",0,"NS"
0.130869616918751,0.190465386850132,0.282,0.225,1,"SPPL2A",0,"NS"
0.130974229842723,0.0686895728050151,0.502,0.401,1,"G3BP1",0,"NS"
0.131136236038313,0.110638219130586,0.925,0.753,1,"ZNF818P",0,"NS"
0.131203268590822,-0.222923311270344,0.164,0.117,1,"RGL2",0,"NS"
0.131677575723961,0.0744676218699829,0.162,0.117,1,"EIF2B4",0,"NS"
0.13173348065239,0.122941754969584,0.146,0.105,1,"ZNF143",0,"NS"
0.131868343714142,-0.366050983131935,0.333,0.346,1,"BLOC1S1",0,"NS"
0.131911972416328,-0.359490334886265,0.448,0.444,1,"HLA-DQB1",0,"NS"
0.132001766228165,0.148878583916695,0.174,0.127,1,"NME1",0,"NS"
0.13211504047934,0.280508142009089,0.221,0.17,1,"XPO4",0,"NS"
0.132275497652318,0.0653112497364075,0.246,0.191,1,"AGK",0,"NS"
0.132562724484428,0.0107386300538873,0.308,0.238,1,"LUC7L",0,"NS"
0.132809229737559,0.14150578015409,0.46,0.38,1,"LMAN2",0,"NS"
0.13284216057653,0.0571862043707636,0.211,0.16,1,"FBXW4",0,"NS"
0.132889331766438,0.215683403377473,0.127,0.09,1,"NOMO1",0,"NS"
0.132951292724798,0.0138830410484029,0.479,0.383,1,"WHSC1L1",0,"NS"
0.132985865382073,0.014062272879406,0.183,0.136,1,"WBP1L",0,"NS"
0.133151650998668,0.349134625775376,0.124,0.09,1,"RPS6KC1",0,"NS"
0.133365696920121,-0.0245171421163344,0.34,0.262,1,"MTG1",0,"NS"
0.13339632643193,0.0670523330611639,0.183,0.136,1,"TMEM189",0,"NS"
0.133683791163625,0.010337757350303,0.268,0.204,1,"PEF1",0,"NS"
0.133713880184734,-0.0197226082919081,0.167,0.12,1,"NUPL2",0,"NS"
0.133752645614746,0.11970517560562,0.101,0.068,1,"EMC10",0,"NS"
0.133754536867014,0.0537660027017325,0.237,0.182,1,"MCM7",0,"NS"
0.133788033449124,-0.123502575298324,0.984,0.938,1,"CCDC144B",0,"NS"
0.134202464280491,0.0464024700928769,0.322,0.247,1,"TMEM14B",0,"NS"
0.134233125465287,-0.0146933212568164,0.937,0.778,1,"PRRG4",0,"NS"
0.134303261244065,-0.00968589696070854,0.415,0.324,1,"UBAC2",0,"NS"
0.134319393126509,0.050657745110397,0.887,0.673,1,"LOC100130581",0,"NS"
0.134365559720972,-0.339445038345091,0.336,0.253,1,"ACAD11",0,"NS"
0.134429441363616,-0.080360710624823,0.188,0.139,1,"VGLL4",0,"NS"
0.134617139266215,0.160463727549138,0.141,0.102,1,"ZNF7",0,"NS"
0.13465173674907,0.259212266759735,0.221,0.173,1,"ZBTB11",0,"NS"
0.134704888912101,0.327361435121634,0.122,0.086,1,"HDDC3",0,"NS"
0.134806957985137,0.0811790526982582,0.277,0.219,1,"SLC25A44",0,"NS"
0.134810771900074,-0.0986931490029003,0.279,0.213,1,"H2AFY",0,"NS"
0.13502260570357,0.151312223909012,0.101,0.068,1,"GINM1",0,"NS"
0.135034569121404,-0.062379842555102,0.791,0.599,1,"C9orf78",0,"NS"
0.135059964771297,0.111319367260455,0.246,0.191,1,"WBP1",0,"NS"
0.135206103705648,0.206296334366406,0.124,0.086,1,"USP30-AS1",0,"NS"
0.135841985949974,0.124058691766956,0.265,0.204,1,"SEC13",0,"NS"
0.135876430170795,0.429820920791965,0.103,0.071,1,"ZNF880",0,"NS"
0.135924404453155,-0.00809536490781038,0.993,0.951,1,"TRAPPC2",0,"NS"
0.136480869277118,-0.510742248377532,0.117,0.154,1,"RBM38",0,"NS"
0.136640349570636,-0.131041486308401,0.89,0.812,1,"TNFRSF1B",0,"NS"
0.136729353619342,-0.422898633957204,0.404,0.414,1,"APBB1IP",0,"NS"
0.136809331538491,0.198724992388413,0.188,0.142,1,"GNG10",0,"NS"
0.136935163482671,-0.129263900487029,0.613,0.586,1,"UBE2L6",0,"NS"
0.13695114234834,0.0796163704303926,0.977,0.883,1,"SLFNL1-AS1",0,"NS"
0.13698941136311,-0.159145740090876,0.242,0.179,1,"NCLN",0,"NS"
0.137076248131275,0.164397110738712,0.134,0.096,1,"THAP3",0,"NS"
0.137130569126851,0.0941621657126723,0.127,0.09,1,"SIPA1L3",0,"NS"
0.137147106131283,-0.527980574260313,0.082,0.114,1,"CAPN12",0,"NS"
0.137232471558778,-0.0270388388178264,0.366,0.287,1,"TAF5L",0,"NS"
0.137590457314524,0.24713537728995,0.101,0.068,1,"KGFLP1",0,"NS"
0.137626949652839,-0.279756156136778,0.167,0.12,1,"SYNC",0,"NS"
0.137634660151972,-0.0528491853950406,0.275,0.21,1,"GPR89A",0,"NS"
0.137701798238106,-0.36238173017461,0.291,0.315,1,"LIME1",0,"NS"
0.137786853804741,-0.0850347494456062,0.697,0.543,1,"FLJ31306",0,"NS"
0.137929833573038,0.395515412197806,0.131,0.096,1,"EXT2",0,"NS"
0.13794161753214,0.116765275695678,0.617,0.509,1,"RAB7A",0,"NS"
0.138006488006681,-0.173341711254198,0.965,0.877,1,"MAPK1IP1L",0,"NS"
0.138621233252513,0.103209678303395,0.167,0.123,1,"NEDD1",0,"NS"
0.138722201986758,0.0416259326875106,0.962,0.873,1,"HP1BP3",0,"NS"
0.138784721216481,-0.0404483714023249,0.862,0.821,1,"COTL1",0,"NS"
0.1389413551564,-0.110712528729126,0.268,0.204,1,"ACSL4",0,"NS"
0.138950743583233,-0.111297815168666,0.167,0.12,1,"NUP54",0,"NS"
0.138972868619529,-0.288450183089405,0.106,0.071,1,"ARHGAP5",0,"NS"
0.138993766872678,0.103851434333301,0.465,0.38,1,"TUBA1B",0,"NS"
0.13904949159485,0.0686777758856022,0.972,0.84,1,"IRAK4",0,"NS"
0.139074614418305,0.0561793512458797,0.101,0.068,1,"GNB1L",0,"NS"
0.139143225268771,0.12056225232014,0.286,0.228,1,"SH2D3C",0,"NS"
0.139173163956272,0.0754248420906862,0.181,0.136,1,"CPD",0,"NS"
0.139362910464635,0.151044623421769,0.455,0.386,1,"ARHGEF3",0,"NS"
0.139497728562513,-0.095336312233953,0.528,0.414,1,"SPG11",0,"NS"
0.139597136866824,0.380938685700682,0.124,0.09,1,"RAD51C",0,"NS"
0.1396073042904,0.121952912061176,0.383,0.315,1,"GFOD1",0,"NS"
0.139729151819005,-0.0195903675187929,0.899,0.688,1,"TYW5",0,"NS"
0.13986434559514,0.0376311431308137,0.315,0.247,1,"TTC14",0,"NS"
0.139905789130463,0.00999828166445682,0.362,0.287,1,"HECTD4",0,"NS"
0.139996357933939,-0.0792394339074572,0.394,0.309,1,"PROSER1",0,"NS"
0.140089268742018,-0.192039680962247,0.484,0.491,1,"CIB1",0,"NS"
0.140165754461416,0.36971169792464,0.162,0.123,1,"PHC1",0,"NS"
0.140217033274873,-0.00303643874958004,0.113,0.077,1,"CASD1",0,"NS"
0.140701060773812,0.35517977812079,0.11,0.077,1,"NIF3L1",0,"NS"
0.140749129012548,0.0941894704195787,0.554,0.451,1,"VCP",0,"NS"
0.141038890297268,0.075330702307074,0.192,0.145,1,"PIGB",0,"NS"
0.141412438269092,-0.317795404566964,0.516,0.497,1,"CLEC2B",0,"NS"
0.141531532183346,-0.0977631906925985,0.232,0.176,1,"ZDHHC17",0,"NS"
0.141650229065379,0.474233084639039,0.141,0.105,1,"AASDH",0,"NS"
0.141717764317837,0.17171469322357,0.218,0.17,1,"VPS25",0,"NS"
0.141789127577141,0.00775024479169608,0.277,0.21,1,"RWDD1",0,"NS"
0.141840642716432,-0.512818749160906,0.237,0.265,1,"CMC2",0,"NS"
0.141890815593908,-0.104747104592787,0.143,0.102,1,"MGC21881",0,"NS"
0.141915000133647,0.0525049454574684,0.106,0.071,1,"CCDC58",0,"NS"
0.142165362867639,-0.223648771644229,0.495,0.475,1,"COX6B1",0,"NS"
0.14231629192688,0.332249983748034,0.181,0.139,1,"ATAD2",0,"NS"
0.142453404684533,-1.1389993604057,0.113,0.142,1,"MAST4",0,"NS"
0.142533914162131,-0.0298582095027955,0.143,0.102,1,"FAM73B",0,"NS"
0.14267296341759,-0.354773843314794,0.437,0.324,1,"MRPL42",0,"NS"
0.142791494683618,0.108905466397701,0.955,0.784,1,"CLCC1",0,"NS"
0.142901544484701,0.051866973631884,0.284,0.222,1,"DYM",0,"NS"
0.14302000727692,0.134301137158339,0.908,0.698,1,"INGX",0,"NS"
0.143138157468653,0.0517185795437374,0.19,0.142,1,"AGPAT5",0,"NS"
0.14316780844279,0.438668280547891,0.138,0.102,1,"TMEM254",0,"NS"
0.143313199165174,0.128346787825935,0.16,0.117,1,"IFT27",0,"NS"
0.143364706976711,0.0290677311379501,0.108,0.074,1,"NADK",0,"NS"
0.14344543565685,-0.087503259652861,0.218,0.164,1,"CAB39",0,"NS"
0.143473579912788,-0.0765316156749829,0.246,0.188,1,"LRCH4",0,"NS"
0.143590103287522,0.0855186428402352,0.941,0.781,1,"GTF2H3",0,"NS"
0.143641007486327,-0.336332585131398,0.202,0.244,1,"LINC00493",0,"NS"
0.143684187643748,0.0759595360329047,0.214,0.164,1,"TRIM8",0,"NS"
0.143835952998104,-0.108538418559603,0.812,0.765,1,"RPL22",0,"NS"
0.144041735931781,0.298650831017591,0.131,0.096,1,"COIL",0,"NS"
0.144288267887225,-0.207948992543001,0.237,0.179,1,"SP1",0,"NS"
0.144309908273121,-0.184561847207821,0.331,0.253,1,"HECTD1",0,"NS"
0.144379136067894,0.06195381183453,0.556,0.444,1,"HNRNPR",0,"NS"
0.144494297715567,-0.153965579831792,0.636,0.599,1,"HLA-DRA",0,"NS"
0.144505383279677,-0.0623052426898068,0.315,0.247,1,"EIF1AX",0,"NS"
0.144522387619717,-0.0160595246898028,0.153,0.111,1,"DNAJC11",0,"NS"
0.144828880716467,-0.8090496910617,0.685,0.552,1,"SKA2",0,"NS"
0.14494953748854,0.239245871368462,0.202,0.157,1,"NCK1",0,"NS"
0.145019947931202,0.222888453590389,0.15,0.111,1,"SNHG15",0,"NS"
0.145058791489727,0.320359907079595,0.11,0.077,1,"TPRKB",0,"NS"
0.145152455358712,-0.111242153126954,0.826,0.747,1,"PIP4K2A",0,"NS"
0.145164779472306,0.306560888834047,0.207,0.164,1,"CCDC88B",0,"NS"
0.145208866120789,0.0620609984627689,0.843,0.608,1,"SWSAP1",0,"NS"
0.145215071641552,0.290626435050175,0.221,0.176,1,"SLC25A46",0,"NS"
0.145230599084607,-0.348335543018741,0.455,0.466,1,"NFATC3",0,"NS"
0.145330136563883,-0.0285343075671705,0.857,0.784,1,"HMGN2",0,"NS"
0.145425245236821,-0.747183834366382,0.087,0.117,1,"C20orf194",0,"NS"
0.14557811064654,0.202655259121383,0.254,0.204,1,"ASCC2",0,"NS"
0.14566905688036,0.102476020687026,0.195,0.148,1,"RBM12B",0,"NS"
0.145689069379353,0.177194775189171,0.129,0.093,1,"MAK16",0,"NS"
0.145689265995971,0.0268824456698804,0.319,0.256,1,"DUSP16",0,"NS"
0.145713111848298,-0.330213889426846,0.101,0.068,1,"MAST2",0,"NS"
0.145968152804047,0.126231700042289,0.115,0.08,1,"STK19",0,"NS"
0.146105384300042,-0.00308182796552678,0.852,0.651,1,"CRCP",0,"NS"
0.14629136401231,0.170297119769769,0.141,0.102,1,"CXorf40A",0,"NS"
0.146391414040976,0.334159956295592,0.117,0.083,1,"NUP155",0,"NS"
0.146608245365543,0.0737952264294063,0.871,0.691,1,"LOC100130954",0,"NS"
0.146749961971023,0.0954895511800561,0.345,0.284,1,"ZNF644",0,"NS"
0.146771741075507,0.0151405438411139,0.218,0.167,1,"PNPLA6",0,"NS"
0.147097986240548,-0.292957010823181,0.197,0.145,1,"AGL",0,"NS"
0.147303800347993,-0.188313195205232,0.667,0.654,1,"MORF4L1",0,"NS"
0.147332039830691,0.0684130031896979,0.134,0.096,1,"TDRD3",0,"NS"
0.147343074117907,-0.134655222202492,0.662,0.599,1,"CRIP1",0,"NS"
0.147350293082161,-0.394645957726984,0.362,0.272,1,"MYO9B",0,"NS"
0.147462005133659,0.23026779451094,0.11,0.077,1,"COQ6",0,"NS"
0.147753240150102,-0.00170496515159124,0.146,0.105,1,"EIF2D",0,"NS"
0.147756219027165,0.133749680066199,0.155,0.114,1,"MTHFS",0,"NS"
0.147874538847309,0.242623018047117,0.197,0.151,1,"BRMS1",0,"NS"
0.148551594219966,0.0795301006631226,0.646,0.534,1,"CCNL1",0,"NS"
0.148634010989192,0.254881047346957,0.214,0.17,1,"RNF13",0,"NS"
0.148703032173557,-0.086671988199004,0.336,0.259,1,"PRKCQ",0,"NS"
0.148996088224894,-0.394911354556181,0.289,0.309,1,"SEC61G",0,"NS"
0.149154099975306,-0.132905760491884,0.131,0.093,1,"DPYSL2",0,"NS"
0.149176606775795,-0.161149575103695,0.12,0.083,1,"PIGN",0,"NS"
0.149359796877917,0.0464257107847996,0.397,0.318,1,"CEP350",0,"NS"
0.149493891539719,-0.161442226079204,0.854,0.682,1,"KIAA0319L",0,"NS"
0.149498515067989,-0.566726154439335,0.207,0.235,1,"LSM6",0,"NS"
0.149649816420253,0.394763380148326,0.117,0.083,1,"SDHAF1",0,"NS"
0.14970593843792,0.0661149729864821,0.516,0.429,1,"LENG8",0,"NS"
0.149804956720006,-0.398358973110125,0.394,0.404,1,"VDAC1",0,"NS"
0.149860250552261,0.106006917696041,0.284,0.225,1,"HSF1",0,"NS"
0.150601523160134,-0.147764345838484,0.101,0.068,1,"LOC100508120",0,"NS"
0.150728694926942,0.358274139740828,0.106,0.074,1,"KBTBD4",0,"NS"
0.150728694926942,0.322697970526629,0.106,0.074,1,"PBX4",0,"NS"
0.15086995165936,0.313757259206256,0.16,0.12,1,"UROD",0,"NS"
0.151072473799457,0.0583463476908657,0.223,0.173,1,"ZMIZ2",0,"NS"
0.151076146904033,0.106073678156283,0.725,0.62,1,"JAK1",0,"NS"
0.151110888612619,0.110951176317886,0.103,0.071,1,"GORASP1",0,"NS"
0.151116809318408,-0.196816124690659,0.533,0.497,1,"ATP6V0E1",0,"NS"
0.151509248521704,-0.0451532912802251,0.228,0.17,1,"MLX",0,"NS"
0.151579884297669,0.0813864098462387,0.669,0.552,1,"UBXN4",0,"NS"
0.151598148772351,0.172970289453925,0.11,0.077,1,"YTHDF1",0,"NS"
0.151653829159358,0.0721827518787808,0.408,0.33,1,"EIF3M",0,"NS"
0.15165660521725,-0.575158823670452,0.169,0.204,1,"UVRAG",0,"NS"
0.151703098019346,-0.0139455184881212,0.164,0.12,1,"LINS",0,"NS"
0.151964304940795,0.0671378046294474,0.89,0.676,1,"RPLP0P2",0,"NS"
0.152092305562579,0.178550955312245,0.103,0.071,1,"HIF1A-AS2",0,"NS"
0.152170900890858,0.172835000564217,0.171,0.13,1,"VAMP7",0,"NS"
0.152556670353741,-0.0624261657385279,0.805,0.552,1,"CCL16",0,"NS"
0.15283692536765,0.107912922600003,0.129,0.093,1,"STX18",0,"NS"
0.152917291361964,0.0109875406408544,0.415,0.324,1,"SSB",0,"NS"
0.152944954647089,-0.126597966529895,0.202,0.151,1,"LCLAT1",0,"NS"
0.15324141453266,0.0511753626918033,0.16,0.117,1,"ULK3",0,"NS"
0.153358322764981,-0.199356077823243,0.507,0.494,1,"EIF3G",0,"NS"
0.153375135754093,-0.05255503087303,0.134,0.096,1,"VAMP4",0,"NS"
0.153576869391581,-0.0827393520405831,0.303,0.235,1,"FTSJD2",0,"NS"
0.153858450881111,0.03275488198294,0.207,0.157,1,"MON1B",0,"NS"
0.153918741202005,-0.142856247803719,0.146,0.105,1,"PABPC4",0,"NS"
0.153925928687168,-0.428798846653528,0.136,0.096,1,"ADPGK-AS1",0,"NS"
0.15419509999575,0.0577366178574787,0.136,0.099,1,"TANGO6",0,"NS"
0.154246755852567,-0.193323766655609,0.131,0.093,1,"LZTR1",0,"NS"
0.154333684474164,0.0687014848413343,0.162,0.12,1,"DEPDC5",0,"NS"
0.154440041170915,0.347087597335475,0.127,0.093,1,"MSTO1",0,"NS"
0.154978182811108,-0.234166890208801,0.136,0.096,1,"PLK1S1",0,"NS"
0.154979591072768,-0.566330907891323,0.122,0.154,1,"ABHD14A",0,"NS"
0.155008339197936,0.201892060303971,0.254,0.201,1,"THYN1",0,"NS"
0.155094981353291,-0.0320380914996431,0.448,0.367,1,"TRIP12",0,"NS"
0.155478314473236,-0.16582138582123,0.265,0.204,1,"PSME4",0,"NS"
0.155620111859499,-0.233228296180532,0.556,0.556,1,"ACTN4",0,"NS"
0.155669652844664,-0.407645921651764,0.455,0.454,1,"B4GALT1",0,"NS"
0.155784646947608,-0.58727051524899,0.218,0.244,1,"GPS1",0,"NS"
0.15590913452688,-0.00144773137882992,0.122,0.086,1,"GAA",0,"NS"
0.155991312360907,-0.158287197261875,0.12,0.083,1,"TGDS",0,"NS"
0.156013267357019,0.00787240512269627,0.174,0.13,1,"ASH2L",0,"NS"
0.156054900463719,-0.108962535405888,0.127,0.09,1,"URI1",0,"NS"
0.156117015700718,0.0146422704799518,0.477,0.38,1,"FLII",0,"NS"
0.156197588908482,-0.0822526893078734,0.2,0.151,1,"WDR48",0,"NS"
0.156205615933208,0.0351591897973424,0.366,0.287,1,"TAF9",0,"NS"
0.156676871806978,0.0334639222135256,0.31,0.241,1,"GOLGA7",0,"NS"
0.156791503548341,0.150760995978022,0.167,0.123,1,"ESD",0,"NS"
0.156978287180851,-0.070154855992306,0.15,0.111,1,"MAP4K3",0,"NS"
0.157158694235012,-0.0462050362527035,0.906,0.716,1,"HIF3A",0,"NS"
0.157252730353956,0.147255235767283,0.228,0.176,1,"ASNA1",0,"NS"
0.157269014599217,-0.0676423195695941,0.134,0.096,1,"LPAR2",0,"NS"
0.157394244506648,-0.0914495469239601,0.228,0.176,1,"C4orf29",0,"NS"
0.157400701044925,-0.243716277404262,0.629,0.469,1,"TRIM38",0,"NS"
0.157475988517745,-0.0531972587361036,0.103,0.071,1,"AMMECR1L",0,"NS"
0.157543633322484,0.0639736683564559,0.932,0.79,1,"GNRHR2",0,"NS"
0.157634676256654,0.0810923506306648,0.176,0.133,1,"GTF2H1",0,"NS"
0.157746071331875,0.0431952949544944,0.254,0.198,1,"ACTA2",0,"NS"
0.157766644115456,0.0744614498201264,0.81,0.682,1,"SMG1P1",0,"NS"
0.157816571687512,-0.59746870940521,0.122,0.154,1,"ITGA1",0,"NS"
0.157923625586128,0.0466394873722773,0.167,0.123,1,"USP5",0,"NS"
0.158350144114749,-0.636914817602142,0.171,0.198,1,"PDCD5",0,"NS"
0.158474687889544,0.0762997512711651,0.434,0.352,1,"DENND1C",0,"NS"
0.158537303599382,-0.522166265710785,0.254,0.278,1,"SLC25A39",0,"NS"
0.158622911946162,0.105946152178012,0.43,0.346,1,"CNPY3",0,"NS"
0.158742104907135,-0.0973166002362875,0.131,0.093,1,"WDR77",0,"NS"
0.158853053433229,0.0200252967182036,0.423,0.343,1,"NBR1",0,"NS"
0.158972177094204,-0.065310095715081,0.777,0.71,1,"ARPC1B",0,"NS"
0.159063963014828,-0.193765244520323,0.148,0.108,1,"PITPNM2",0,"NS"
0.159071313661695,0.0557056796697815,0.124,0.09,1,"RUFY1",0,"NS"
0.159158145597225,0.0383617811202708,0.596,0.494,1,"DYNC1H1",0,"NS"
0.159371393082184,0.271545942879012,0.146,0.108,1,"MRPL40",0,"NS"
0.159414676474144,0.153307563191069,0.277,0.222,1,"EGLN2",0,"NS"
0.159430980370072,-0.253820347086751,0.15,0.108,1,"SLC4A2",0,"NS"
0.159506788012523,0.442664611511002,0.122,0.09,1,"ETHE1",0,"NS"
0.159886390119875,-0.519385756982798,0.192,0.222,1,"PNKD",0,"NS"
0.159907342748639,0.0998579403548533,0.256,0.204,1,"CENPT",0,"NS"
0.159967721692928,-0.0930972427936956,0.192,0.145,1,"HEATR1",0,"NS"
0.16004175617236,0.0343063452814375,0.462,0.364,1,"RASSF1",0,"NS"
0.160057429291406,-0.00713361126754819,0.192,0.148,1,"TPCN2",0,"NS"
0.160130910827235,0.0798523236803812,0.157,0.117,1,"PEX3",0,"NS"
0.16033285360241,0.193737626187285,0.11,0.077,1,"THOC6",0,"NS"
0.160474622605222,0.0871061411812599,0.927,0.719,1,"LOC100128682",0,"NS"
0.160525434648326,0.0789311182144986,0.925,0.722,1,"GCLM",0,"NS"
0.160539798519178,0.347392614115569,0.143,0.108,1,"AGA",0,"NS"
0.161074639998156,0.17978259744965,0.164,0.123,1,"ACBD6",0,"NS"
0.161080135838426,0.147706532127518,0.251,0.198,1,"NAA10",0,"NS"
0.161215218999738,-0.189626071727923,0.249,0.188,1,"TMEM70",0,"NS"
0.161218565074188,0.0303155667725377,0.251,0.198,1,"TGS1",0,"NS"
0.161259304672202,-0.145066740088276,0.425,0.33,1,"CS",0,"NS"
0.161309080798368,-0.021002640795491,0.214,0.167,1,"NFE2L2",0,"NS"
0.161553040648952,-0.369178308113607,0.343,0.346,1,"CHMP4A",0,"NS"
0.161728165678208,-0.596367477119365,0.192,0.142,1,"ZMYM3",0,"NS"
0.161762855886215,0.0682548925343246,0.155,0.114,1,"CCDC85B",0,"NS"
0.162047063648902,0.0937779200691565,0.171,0.127,1,"HLA-DMB",0,"NS"
0.162086249067288,0.0778240276565219,0.948,0.79,1,"CTSS",0,"NS"
0.162107702115216,-0.131910953704251,0.204,0.154,1,"RSRC1",0,"NS"
0.162395987587932,-0.00500277654315417,0.115,0.08,1,"ZNF821",0,"NS"
0.162531866812643,-0.433057484551264,0.143,0.179,1,"ZNF317",0,"NS"
0.162592768258622,-0.0658078893776699,0.514,0.404,1,"TOMM20",0,"NS"
0.162933469319187,0.0799719731956925,0.432,0.346,1,"SEC11A",0,"NS"
0.163015315578208,-0.675907933517356,0.146,0.176,1,"DNAJC9",0,"NS"
0.163044298592067,0.0838739491374707,0.207,0.16,1,"MTMR2",0,"NS"
0.163096872699232,0.0594569085135843,0.406,0.327,1,"SNRPA1",0,"NS"
0.163142829851436,0.543800374695642,0.103,0.074,1,"LEMD2",0,"NS"
0.163181284425392,-0.644351257594379,0.303,0.318,1,"AMD1",0,"NS"
0.16322351093275,-0.0158348106710045,0.826,0.642,1,"TMED10",0,"NS"
0.163495143727649,-0.0912333231770015,0.688,0.648,1,"EIF4A1",0,"NS"
0.163771531234251,-0.0181146961589755,0.197,0.142,1,"SNORD10",0,"NS"
0.16377609138674,-0.184579120322904,0.115,0.08,1,"WIPI1",0,"NS"
0.164100192225301,0.0604024432271297,0.157,0.114,1,"COMMD1",0,"NS"
0.164337327774055,0.125322439705338,0.23,0.182,1,"ARL3",0,"NS"
0.164551915757792,0.14671237661047,0.131,0.096,1,"MSANTD4",0,"NS"
0.164713695632153,0.127164621179036,0.15,0.111,1,"SMPD1",0,"NS"
0.164857047164376,0.149104261954942,0.167,0.127,1,"YIF1B",0,"NS"
0.165135660421488,0.106551659827103,0.298,0.238,1,"ACP1",0,"NS"
0.165376517406652,-0.100212637810137,0.122,0.086,1,"XIST",0,"NS"
0.165433236750911,0.245069409891188,0.134,0.099,1,"SLC25A24",0,"NS"
0.165450638302811,0.0571755578143789,0.406,0.324,1,"EHD1",0,"NS"
0.165612039064548,-0.376632830735533,0.143,0.179,1,"TNFSF4",0,"NS"
0.16566740729706,-0.123117995758691,0.765,0.719,1,"ARHGAP9",0,"NS"
0.165794692044196,-0.0191427228915251,0.904,0.753,1,"ZC3H6",0,"NS"
0.165847520564161,-0.380802966525263,0.113,0.077,1,"GTF2E2",0,"NS"
0.166093082404087,0.0709295678855888,0.697,0.599,1,"AHNAK",0,"NS"
0.166348950093065,0.458435738746791,0.141,0.108,1,"DCAF17",0,"NS"
0.166367973302683,-0.0144167163031613,0.19,0.145,1,"SLC25A12",0,"NS"
0.166395623979703,0.133335612913757,0.202,0.157,1,"PGS1",0,"NS"
0.166465882056738,-0.872437703623182,0.085,0.111,1,"C12orf75",0,"NS"
0.166581178435069,-0.524381825543827,0.117,0.151,1,"PELO",0,"NS"
0.166787759105166,0.00451450092809624,0.129,0.093,1,"GPATCH2",0,"NS"
0.166824019905153,0.0748096222069974,0.88,0.673,1,"LOC100287792",0,"NS"
0.167219472296685,0.0843671049677717,0.124,0.09,1,"CDK7",0,"NS"
0.167288083521637,0.116940328938943,0.155,0.114,1,"QTRT1",0,"NS"
0.167310433809387,0.139348559275015,0.228,0.182,1,"AGAP2",0,"NS"
0.167322061114914,0.169944551590367,0.136,0.099,1,"STRN",0,"NS"
0.167354118332811,0.127880017400106,0.932,0.775,1,"INMT",0,"NS"
0.167469390854685,-0.41158453963361,0.15,0.108,1,"WDTC1",0,"NS"
0.167705828060531,-0.22455529642334,0.134,0.096,1,"WDR67",0,"NS"
0.167709500660366,-0.0550454755164753,0.15,0.111,1,"MUM1",0,"NS"
0.168149479047086,0.0440793349192208,0.176,0.133,1,"ECHDC2",0,"NS"
0.168259195409542,-0.105891677609601,0.207,0.151,1,"TMEM160",0,"NS"
0.168280445948868,-0.00821111430706856,0.474,0.377,1,"ATF6B",0,"NS"
0.16833497133833,-0.0256817680088488,0.183,0.139,1,"BCAS3",0,"NS"
0.168387050483648,-0.212333446095313,0.575,0.54,1,"COX6C",0,"NS"
0.168474583312362,-0.149500663920385,0.866,0.827,1,"SYNE2",0,"NS"
0.169534870479232,0.197221980392405,0.134,0.099,1,"AHCY",0,"NS"
0.169596154460926,-0.351757923075767,0.439,0.414,1,"ATP5J2",0,"NS"
0.169704039557187,-0.678731366477421,0.246,0.259,1,"C8orf59",0,"NS"
0.1697323252346,0.0407788580978261,0.127,0.093,1,"LOC100507557",0,"NS"
0.169841328324523,-0.3551162675727,0.345,0.367,1,"RAD23A",0,"NS"
0.169975517818482,0.0307167063326803,0.336,0.256,1,"MRPL20",0,"NS"
0.170195605758787,0.293367191161938,0.115,0.083,1,"CCDC159",0,"NS"
0.170208645033446,0.0493712608966846,0.3,0.238,1,"ATP6V0B",0,"NS"
0.170290984836783,0.0770496183036974,0.338,0.269,1,"CD5",0,"NS"
0.170321916665522,-0.532459492430999,0.164,0.117,1,"CCT6P1",0,"NS"
0.170344166482962,-0.181448209522308,0.322,0.247,1,"RSBN1L",0,"NS"
0.170347787817046,0.0681671396693452,0.258,0.207,1,"SEC23A",0,"NS"
0.170519920909526,-0.0754331755385041,0.812,0.608,1,"CRTAM",0,"NS"
0.170631754027514,-0.0213247524503064,0.505,0.41,1,"GOLGA4",0,"NS"
0.170683068475648,-0.0278378107136954,0.204,0.157,1,"TBC1D17",0,"NS"
0.170922749117884,0.0840768862964999,0.423,0.346,1,"C19orf60",0,"NS"
0.170955617053214,0.0839196826615898,0.277,0.219,1,"RNH1",0,"NS"
0.171196491715213,-0.0132887583963355,0.237,0.182,1,"CDK10",0,"NS"
0.171199727410216,0.0239753946851868,0.249,0.198,1,"PCNT",0,"NS"
0.171273224434693,0.0748561693926468,0.317,0.253,1,"PATL2",0,"NS"
0.171321726695766,0.101172394409726,0.979,0.88,1,"ARGFX",0,"NS"
0.171914715545939,0.0954957783773007,0.164,0.123,1,"NUP205",0,"NS"
0.171924664364894,0.0959536513643582,0.113,0.08,1,"CBX7",0,"NS"
0.171959859356,-0.172037506998393,0.242,0.185,1,"HMGCS1",0,"NS"
0.172173260159464,0.112544688980784,0.188,0.145,1,"INTS10",0,"NS"
0.172198205934381,0.174969799033377,0.146,0.108,1,"PTPMT1",0,"NS"
0.172399176640442,0.253229981315455,0.15,0.114,1,"SLC39A3",0,"NS"
0.172419098605955,-0.0777012046539937,0.256,0.201,1,"KPNA1",0,"NS"
0.172557674968947,-0.0842686882966163,0.437,0.34,1,"PCNP",0,"NS"
0.172565441115052,0.114036596437338,0.134,0.099,1,"MBOAT7",0,"NS"
0.17272533387859,-0.118291255074856,0.477,0.377,1,"NR3C1",0,"NS"
0.172873847739821,0.0588195691633814,0.286,0.225,1,"CHMP5",0,"NS"
0.173049829362293,-0.414274256230752,0.387,0.392,1,"PSMD11",0,"NS"
0.173486014293909,0.14298908188572,0.188,0.145,1,"GTF3C2",0,"NS"
0.173551617565054,-0.142943021765576,0.204,0.151,1,"MKI67IP",0,"NS"
0.173678685650912,0.039027744224597,0.143,0.105,1,"VWA9",0,"NS"
0.173709576307765,0.125950530412601,0.286,0.225,1,"NDUFS2",0,"NS"
0.173724433293357,-0.219284627962391,0.495,0.466,1,"UBXN1",0,"NS"
0.173733951571203,0.0829541947869977,0.162,0.12,1,"PREB",0,"NS"
0.173778365664405,0.0842548952265067,0.293,0.238,1,"MORC3",0,"NS"
0.173827492884657,-0.127988297697883,0.148,0.108,1,"GLDC",0,"NS"
0.173998262139933,0.106014915681706,0.5,0.407,1,"IER2",0,"NS"
0.174281443073522,0.0959719800740504,0.23,0.182,1,"CLASP2",0,"NS"
0.174662404998225,-0.153649751302644,0.261,0.204,1,"SUZ12",0,"NS"
0.174670547444567,0.155886776334005,0.153,0.114,1,"ARMCX6",0,"NS"
0.174807867435284,0.00586427933863978,0.291,0.228,1,"SNRNP27",0,"NS"
0.175034160081903,-0.25353219380974,0.246,0.188,1,"EIF3J",0,"NS"
0.175098459364933,0.123019885436549,0.566,0.478,1,"EIF5",0,"NS"
0.175386240541301,0.106810178218915,0.101,0.071,1,"DCUN1D4",0,"NS"
0.175422054755794,-0.0398740799797422,0.192,0.145,1,"MIIP",0,"NS"
0.175477168018195,-0.296080286767774,0.615,0.556,1,"MED15",0,"NS"
0.175519640097631,0.0872973904959871,0.61,0.491,1,"AMICA1",0,"NS"
0.1756052971526,-0.366470467759762,0.345,0.367,1,"PRDX3",0,"NS"
0.175633124716446,0.165634665087101,0.141,0.105,1,"DDX49",0,"NS"
0.175878368329997,0.0230239674579268,0.197,0.151,1,"THOC1",0,"NS"
0.175888618537046,0.0931885771818781,0.279,0.216,1,"AURKAIP1",0,"NS"
0.175944443512035,-0.996284296898536,0.103,0.13,1,"TAF9B",0,"NS"
0.176096769667983,-0.150497221312714,0.246,0.191,1,"ANKRD13C",0,"NS"
0.176101597326299,0.282582132790447,0.12,0.086,1,"C1orf123",0,"NS"
0.176300175012385,0.145928332816527,0.204,0.16,1,"RPS6KB1",0,"NS"
0.176397646502292,0.319704247382514,0.11,0.08,1,"ZFYVE16",0,"NS"
0.176431792656292,-0.252141665120039,0.65,0.614,1,"PPP1R12A",0,"NS"
0.176684800105665,0.0352152548286434,0.235,0.185,1,"PAIP1",0,"NS"
0.176686177778872,-0.326026798594944,0.103,0.071,1,"BTBD2",0,"NS"
0.177053101794728,-0.231955541861188,0.296,0.228,1,"MRPL19",0,"NS"
0.177285265007618,0.0153901402144018,0.336,0.275,1,"UBR1",0,"NS"
0.177378930897146,-0.339528103122106,0.218,0.164,1,"WDR70",0,"NS"
0.177484568122203,-0.0524671200300583,0.662,0.519,1,"KDM5A",0,"NS"
0.177614478956445,0.0599543192569502,0.192,0.148,1,"DDX54",0,"NS"
0.178048178906806,0.0667390475117242,0.101,0.071,1,"CDR2",0,"NS"
0.178369970318988,-0.00555094274804091,0.392,0.312,1,"PRDX6",0,"NS"
0.178493901035377,0.0547833180032305,0.211,0.164,1,"IER3IP1",0,"NS"
0.178555156219402,0.0574189864990773,0.486,0.401,1,"FGD3",0,"NS"
0.178826843896831,-0.251653282583196,0.782,0.568,1,"LRRC37A4P",0,"NS"
0.178845591729432,0.0174854464523195,0.185,0.142,1,"GOLT1B",0,"NS"
0.178911958795425,0.0620737109558552,0.66,0.568,1,"SEMA4D",0,"NS"
0.17917140381646,-0.0611797012772841,0.955,0.824,1,"LOC100506190",0,"NS"
0.179303346881499,-0.0885196734577458,0.171,0.13,1,"TWISTNB",0,"NS"
0.17979862725738,0.085034037827593,0.258,0.207,1,"TSC2",0,"NS"
0.179971528428671,-0.66056148120061,0.197,0.145,1,"ETV6",0,"NS"
0.180115235681333,0.0424638162382732,0.43,0.336,1,"CMC1",0,"NS"
0.180216627628849,-0.0265565513946833,0.164,0.123,1,"DDX10",0,"NS"
0.180336940931634,0.22397248639331,0.167,0.13,1,"G2E3",0,"NS"
0.180433118702029,-0.00951266629010039,0.373,0.306,1,"RLF",0,"NS"
0.180436854355236,0.0926884414539222,0.225,0.179,1,"ZNF384",0,"NS"
0.180463762129711,-0.434713617861547,0.347,0.355,1,"TUBA1A",0,"NS"
0.180684671612146,-1.31484639762858,0.103,0.071,1,"C1orf180",0,"NS"
0.180791668350968,-0.151372543304293,0.155,0.114,1,"WASL",0,"NS"
0.180843766832195,0.0403704135586646,0.296,0.235,1,"ABHD3",0,"NS"
0.180846175605173,0.13482423640679,0.939,0.756,1,"PCYOX1",0,"NS"
0.180932300663475,0.00511594825747375,0.523,0.426,1,"OAS2",0,"NS"
0.180955185345389,-0.00140970043983668,0.192,0.148,1,"KIFAP3",0,"NS"
0.180965377525171,-0.602492761385538,0.171,0.201,1,"DHX29",0,"NS"
0.181086814069711,-0.294486388504119,0.376,0.386,1,"TMEM258",0,"NS"
0.181198903961121,0.0218507244514369,0.343,0.281,1,"BAZ1B",0,"NS"
0.1812147603886,-0.0518445982027285,0.209,0.16,1,"INPPL1",0,"NS"
0.181257235284941,0.137835046885512,0.237,0.185,1,"C19orf24",0,"NS"
0.181376864843972,-0.00560792867608884,0.106,0.074,1,"FH",0,"NS"
0.181525437200501,0.277445694439138,0.164,0.127,1,"FAM69A",0,"NS"
0.18152867137672,0.0801222610394368,0.662,0.565,1,"DDX24",0,"NS"
0.181554092535242,0.0745173046327562,0.35,0.284,1,"SNRPB2",0,"NS"
0.181722048741907,0.220865031057991,0.275,0.228,1,"LRRC8D",0,"NS"
0.181764389702642,-0.162784163584906,0.124,0.09,1,"DERA",0,"NS"
0.1818843436412,0.0136241401558603,0.12,0.086,1,"SRGAP2B",0,"NS"
0.182042757579714,0.0868147511779467,0.39,0.327,1,"IARS",0,"NS"
0.182080213133061,0.0343602967192065,0.39,0.324,1,"ABLIM1",0,"NS"
0.182136515627966,0.0652985276674999,0.42,0.349,1,"CMTM6",0,"NS"
0.182325242644011,-0.05531565409967,0.228,0.179,1,"ZFP91",0,"NS"
0.182420671530623,-0.0308498700355659,0.308,0.247,1,"TNFSF9",0,"NS"
0.182449881680628,-0.0890804571241693,0.275,0.216,1,"PCGF3",0,"NS"
0.182512183083047,-0.85390150060297,0.094,0.12,1,"SLC39A7",0,"NS"
0.182982919018725,0.10761676569007,0.174,0.133,1,"NAA20",0,"NS"
0.183262456791415,0.283069445430344,0.249,0.207,1,"POLDIP3",0,"NS"
0.183527115561751,-0.248330501752538,0.364,0.284,1,"USP36",0,"NS"
0.183530184868475,-0.170980496400434,0.657,0.488,1,"CACYBP",0,"NS"
0.183751170322457,0.131818325734487,0.223,0.179,1,"SLC41A1",0,"NS"
0.183959707817568,-0.0833298156048434,0.446,0.364,1,"PUM2",0,"NS"
0.183995362507266,-0.0987216812275797,0.138,0.102,1,"DHX40",0,"NS"
0.184210967153899,-0.0114108527664892,0.911,0.728,1,"MARCH6",0,"NS"
0.184795028469842,-0.311442076677093,0.465,0.46,1,"POMP",0,"NS"
0.185091828888942,0.289420541638613,0.117,0.086,1,"DOM3Z",0,"NS"
0.185333202765859,0.107757618578951,0.589,0.475,1,"TAGAP",0,"NS"
0.185855587672004,-0.0165205364296146,0.256,0.198,1,"LSM4",0,"NS"
0.186134993167249,-0.537778100101245,0.122,0.151,1,"SERTAD1",0,"NS"
0.186208384626156,0.0408258604861368,0.397,0.327,1,"ACSL5",0,"NS"
0.186803792550812,0.0589012239838567,0.16,0.12,1,"MRPS30",0,"NS"
0.186803965987348,-0.0984112263881399,0.453,0.367,1,"KIAA1109",0,"NS"
0.187018661434538,-0.182213820547568,0.408,0.318,1,"RBM33",0,"NS"
0.187147249486112,0.136357292612489,0.209,0.164,1,"GADD45GIP1",0,"NS"
0.187187808640261,-0.188734112255874,0.131,0.096,1,"SLC25A13",0,"NS"
0.187195668095884,0.172082012238791,0.157,0.12,1,"JOSD2",0,"NS"
0.187383274126348,-0.372342924670918,0.124,0.157,1,"PFDN4",0,"NS"
0.187538777545753,0.180706405895423,0.164,0.127,1,"CREB3",0,"NS"
0.18756788873124,0.0567346573234624,0.136,0.102,1,"TRIM23",0,"NS"
0.1877035344113,0.0545660933520908,0.897,0.744,1,"SS18",0,"NS"
0.188035013137605,0.0281651609896061,0.347,0.284,1,"TIAL1",0,"NS"
0.188103919024325,-0.615137496706791,0.169,0.123,1,"U2AF2",0,"NS"
0.188278753056362,-0.0761768009778671,0.451,0.361,1,"DMTF1",0,"NS"
0.188445096532081,-0.195784452162781,0.664,0.66,1,"TMEM2",0,"NS"
0.188636468008791,0.0899554824823775,0.19,0.148,1,"TM9SF4",0,"NS"
0.188741424504915,0.269325154730921,0.221,0.182,1,"TMED7",0,"NS"
0.188904060200049,-0.150332208412102,0.157,0.117,1,"STIM2",0,"NS"
0.188911793657551,0.0954343958535808,0.866,0.778,1,"STAT3",0,"NS"
0.188931178765415,-0.0323252082899067,0.474,0.377,1,"PDCD6IP",0,"NS"
0.188967241162127,-0.00213453612409054,0.162,0.123,1,"DLGAP4",0,"NS"
0.188989890243747,-0.55286821626156,0.225,0.244,1,"NDUFB1",0,"NS"
0.189023188764537,-0.0843792736024578,0.347,0.269,1,"NARF",0,"NS"
0.1891177132452,-0.00234653640336158,0.183,0.139,1,"STX10",0,"NS"
0.189223897697962,-0.11086299686152,0.202,0.151,1,"VPS72",0,"NS"
0.189523513141406,0.0684880683043324,0.955,0.846,1,"DLEU2",0,"NS"
0.189581270633035,0.0598773763948317,0.322,0.262,1,"EXOSC9",0,"NS"
0.189663886293564,0.276043992155033,0.11,0.08,1,"KLF10",0,"NS"
0.18975337336423,-0.155538059724948,0.362,0.284,1,"NBEAL2",0,"NS"
0.189753444758664,0.141763245365767,0.369,0.312,1,"UBE2F",0,"NS"
0.189806068419332,0.0935914484631009,0.333,0.272,1,"OXA1L",0,"NS"
0.190094626424698,-0.186962045319932,0.286,0.222,1,"WDR43",0,"NS"
0.190341605862866,-0.0485096158201488,0.256,0.198,1,"KDELR1",0,"NS"
0.190367263596897,-0.0955699209854293,0.984,0.92,1,"CYCS",0,"NS"
0.190370596158249,0.482003907077703,0.148,0.117,1,"AAR2",0,"NS"
0.190370850226239,-0.0477040733653098,0.134,0.099,1,"CANT1",0,"NS"
0.190405484588057,-0.17194036658706,0.174,0.13,1,"LOC100499405",0,"NS"
0.190500867212385,0.0904761531768468,0.974,0.886,1,"PGM5P2",0,"NS"
0.190607209237232,0.0690237329256814,0.96,0.815,1,"PIGX",0,"NS"
0.19078788821069,-0.0681582867496053,0.138,0.102,1,"ASH1L-AS1",0,"NS"
0.190813054589209,0.0462255651183701,0.19,0.145,1,"LSM1",0,"NS"
0.191136142363849,-0.393234447227454,0.162,0.117,1,"MPZL3",0,"NS"
0.191164799322332,-0.233380325544976,0.148,0.108,1,"STX4",0,"NS"
0.191870872437015,-0.196088178018442,0.664,0.633,1,"NAP1L4",0,"NS"
0.191943311892757,-0.325711092140324,0.319,0.336,1,"PSMB6",0,"NS"
0.192274120968556,-0.0798430176444394,0.272,0.213,1,"DYRK1A",0,"NS"
0.192278386379083,0.0682102703171376,0.16,0.12,1,"EBAG9",0,"NS"
0.192754386841871,0.051622182562473,0.176,0.133,1,"FAM162A",0,"NS"
0.192867265561085,0.0331067567502874,0.988,0.941,1,"NOL9",0,"NS"
0.192937741429046,-0.0584655236182554,0.197,0.151,1,"PMPCA",0,"NS"
0.193027378300275,-0.789425726445118,0.08,0.105,1,"UBL4A",0,"NS"
0.193398579509795,-0.0321777876935126,0.941,0.824,1,"NLRC3",0,"NS"
0.193400416378353,-0.0235602064952937,0.178,0.136,1,"DDX19B",0,"NS"
0.1936359496933,0.293649923354298,0.12,0.09,1,"SLC37A1",0,"NS"
0.19386625888074,-0.879781556980559,0.099,0.123,1,"LAGE3",0,"NS"
0.19388480396186,0.107426449317236,0.415,0.349,1,"TPP2",0,"NS"
0.194177910711016,0.0433486313645721,0.101,0.071,1,"CKS1B",0,"NS"
0.194339365644682,-0.0407353750420581,0.399,0.324,1,"PAPD4",0,"NS"
0.194360462760546,0.249719897424346,0.162,0.127,1,"CSGALNACT2",0,"NS"
0.194599290764924,0.0433559347779613,0.638,0.522,1,"SEPT2",0,"NS"
0.194712853127925,-0.187723084051511,0.211,0.164,1,"STAU2",0,"NS"
0.194759319978962,-0.10205530158238,0.127,0.093,1,"TUBG2",0,"NS"
0.195011015693171,-0.123255498004994,0.23,0.182,1,"MED13L",0,"NS"
0.195162651651989,-0.198182375227662,0.545,0.522,1,"NDUFB8",0,"NS"
0.195608818840835,-0.0820845303200564,0.101,0.071,1,"CCNA2",0,"NS"
0.195788716526389,0.148309389129941,0.157,0.12,1,"MZF1",0,"NS"
0.195826567604603,-0.170098225314199,0.239,0.185,1,"FAM160B2",0,"NS"
0.195974965813932,0.0153081602264969,0.319,0.256,1,"SRP54",0,"NS"
0.196057911069699,0.109929502756675,0.974,0.861,1,"GDPD1",0,"NS"
0.196134397175266,-0.0628751217855857,0.31,0.25,1,"FAM120A",0,"NS"
0.196178612697705,0.0490061973385324,0.474,0.383,1,"RNPS1",0,"NS"
0.196446091340825,-0.389514528751068,0.113,0.08,1,"RNF103",0,"NS"
0.196582463952369,0.0653984676954287,0.683,0.562,1,"HSPD1",0,"NS"
0.196605979900248,0.0339122586994347,0.338,0.278,1,"GTF3C1",0,"NS"
0.19692590565271,-0.362483172343752,0.291,0.225,1,"MFSD6",0,"NS"
0.196961291971698,-0.312567071245743,0.23,0.265,1,"CARS",0,"NS"
0.19703450514954,0.277307069128579,0.148,0.114,1,"KATNBL1",0,"NS"
0.197412721951172,0.10345538167041,0.143,0.108,1,"LDOC1L",0,"NS"
0.197502292385172,0.0502465188510354,0.164,0.127,1,"SUPV3L1",0,"NS"
0.197540107140064,0.0918631254530617,0.268,0.219,1,"NCSTN",0,"NS"
0.197558493315529,0.340948529891715,0.15,0.117,1,"RDX",0,"NS"
0.197590773051964,-0.168537232592462,0.204,0.157,1,"KIAA0100",0,"NS"
0.197741408152935,0.0649627262407777,0.103,0.074,1,"CDC23",0,"NS"
0.197769613543102,-0.0910783144252593,0.19,0.145,1,"MEMO1",0,"NS"
0.198004884508901,-0.000564276450633949,0.148,0.111,1,"PPRC1",0,"NS"
0.198086576112769,-0.135504773423883,0.282,0.219,1,"SMAP1",0,"NS"
0.198215178554148,0.162987555704125,0.211,0.17,1,"TRAPPC9",0,"NS"
0.198650761356764,-0.311471750105835,0.387,0.401,1,"COPZ1",0,"NS"
0.198917727869567,0.136300328297061,0.261,0.213,1,"CAT",0,"NS"
0.198918043228831,0.219486426731748,0.113,0.083,1,"PANK3",0,"NS"
0.1991197432335,-0.127445838125001,0.146,0.108,1,"AKAP17A",0,"NS"
0.199252271894989,0.0487875417469766,0.324,0.265,1,"CDC73",0,"NS"
0.19983141756297,-0.0989491129086084,0.711,0.667,1,"ARF1",0,"NS"
0.199834537858922,0.0300336040777844,0.19,0.148,1,"ARL14EP",0,"NS"
0.200237453950326,0.0449178323764096,0.265,0.21,1,"CLPP",0,"NS"
0.200526060682531,0.216462856100837,0.296,0.25,1,"RC3H2",0,"NS"
0.200688717988785,-0.504216960826675,0.169,0.198,1,"MRPS15",0,"NS"
0.200809473623763,-0.401028362045123,0.216,0.164,1,"FLT4",0,"NS"
0.200893390401925,-0.297193751741125,0.366,0.38,1,"RBX1",0,"NS"
0.200921608449757,-0.911595380808457,0.077,0.102,1,"SETD6",0,"NS"
0.201205745925064,0.240012179852996,0.127,0.096,1,"ZCCHC10",0,"NS"
0.201386647076111,0.142340410829419,0.136,0.102,1,"UROS",0,"NS"
0.201408847879966,0.0463297933954367,0.495,0.414,1,"NRD1",0,"NS"
0.201507787506404,-0.406570428444342,0.322,0.336,1,"OASL",0,"NS"
0.201650615014389,-0.278135729024818,0.399,0.389,1,"VAMP8",0,"NS"
0.202239045427709,0.0727147062675266,0.131,0.099,1,"PITPNC1",0,"NS"
0.202473930522724,-0.0595170517687909,0.289,0.228,1,"PDCD10",0,"NS"
0.203274703693254,0.101436114476789,0.124,0.093,1,"UBE2Q2",0,"NS"
0.203752495211752,0.389562369208757,0.136,0.105,1,"ABCB7",0,"NS"
0.203770828018875,-0.00504308582729834,0.256,0.204,1,"DUSP10",0,"NS"
0.20383474611491,-0.408332517516435,0.113,0.08,1,"ZNF383",0,"NS"
0.203931147045131,0.0688002899443906,0.218,0.173,1,"HMG20B",0,"NS"
0.20404378695012,0.129649830885249,0.317,0.265,1,"IDI1",0,"NS"
0.204053527451718,0.222338787962614,0.127,0.096,1,"NPEPL1",0,"NS"
0.204190129905174,0.015298423700937,0.244,0.194,1,"RAVER1",0,"NS"
0.204298225910058,0.0135931431172528,0.169,0.13,1,"TAMM41",0,"NS"
0.204431906282933,-0.28824171739341,0.15,0.111,1,"STRN4",0,"NS"
0.204464817630847,-0.129117224399745,0.777,0.759,1,"ITGA4",0,"NS"
0.204686835597522,-0.0430802434347679,0.169,0.13,1,"KLHL21",0,"NS"
0.205422447094012,0.0812093262363351,0.322,0.265,1,"MOV10",0,"NS"
0.205429120803621,-0.575268024607612,0.146,0.173,1,"MRPL32",0,"NS"
0.205433757657654,-0.147816241458414,0.218,0.17,1,"ATXN1L",0,"NS"
0.205872074160757,0.0788709830637491,0.378,0.318,1,"ZNF460",0,"NS"
0.205912071192592,-0.0884352226912165,0.164,0.123,1,"SNX4",0,"NS"
0.206162729049035,0.0590518796026227,0.995,0.969,1,"ENTPD1",0,"NS"
0.206181714958456,-0.419587042126508,0.293,0.309,1,"SNRPE",0,"NS"
0.206326021976788,-0.306004844402802,0.378,0.383,1,"PSMC5",0,"NS"
0.206341940123763,0.376881783492292,0.101,0.074,1,"RELL2",0,"NS"
0.206454423732752,0.019542301541595,0.122,0.09,1,"FLYWCH1",0,"NS"
0.206586143289503,0.00477661554127462,0.293,0.238,1,"NAA15",0,"NS"
0.206866480888012,-0.0946866608953734,0.134,0.099,1,"KIAA1704",0,"NS"
0.206965361614687,-0.0620582394684208,0.458,0.37,1,"RAB5C",0,"NS"
0.206995060471344,-0.0845690903463922,0.383,0.309,1,"FYTTD1",0,"NS"
0.207108625856221,0.215181466742324,0.195,0.157,1,"IDE",0,"NS"
0.20717128600415,-0.0341708640921286,0.261,0.204,1,"CSNK2A1",0,"NS"
0.207788551477053,-0.24419801815085,0.16,0.12,1,"WIPI2",0,"NS"
0.207863828888179,0.0939612720789745,0.573,0.5,1,"AP2B1",0,"NS"
0.208026229606661,0.0620255733584787,0.343,0.284,1,"NCOA4",0,"NS"
0.208242414031138,0.0641728826332559,0.298,0.241,1,"ZBED2",0,"NS"
0.208436751255431,-0.312459738877052,0.136,0.099,1,"POLD2",0,"NS"
0.208479801633179,0.0076920463373602,0.974,0.944,1,"MAVS",0,"NS"
0.208555910870152,-0.163909909329636,0.3,0.238,1,"CLIP1",0,"NS"
0.208617511908345,-0.195829525308145,0.176,0.133,1,"WBP4",0,"NS"
0.208659980475839,-0.0252001296540245,0.979,0.929,1,"SPC25",0,"NS"
0.208695485872407,-0.234665485701458,0.458,0.463,1,"REEP5",0,"NS"
0.20884152401272,0.19416277078473,0.216,0.176,1,"FBXO38",0,"NS"
0.20928525678028,-0.299034791097649,0.305,0.244,1,"HTT",0,"NS"
0.209404804636404,0.0738243849501222,0.15,0.111,1,"EEF1E1",0,"NS"
0.209640414781814,0.0287197280780254,0.317,0.259,1,"ACAA1",0,"NS"
0.209810720513175,0.0557524535302419,0.225,0.179,1,"INPP5K",0,"NS"
0.210004301566845,-0.253471020380768,0.408,0.417,1,"C19orf53",0,"NS"
0.210189332616638,-0.00653890277164748,0.19,0.148,1,"WRAP73",0,"NS"
0.210540997300596,0.134591365111418,0.385,0.33,1,"ZEB2",0,"NS"
0.210611678157442,0.0396977094239076,0.174,0.133,1,"DTD1",0,"NS"
0.210616150437068,-0.253823905458824,0.58,0.546,1,"SKAP1",0,"NS"
0.210739692081469,0.210116070657634,0.183,0.145,1,"THOC3",0,"NS"
0.21077435566355,0.0873779126924985,0.202,0.16,1,"PIAS3",0,"NS"
0.210799272431243,-0.12317092075941,0.11,0.08,1,"ZNF224",0,"NS"
0.21106189769882,0.0855040164502286,0.523,0.435,1,"ANP32B",0,"NS"
0.211303484976957,0.451883550418489,0.11,0.083,1,"BCL2A1",0,"NS"
0.211341101916214,0.050542816979332,0.178,0.139,1,"ASNSD1",0,"NS"
0.211442310680936,-0.126797481255298,0.535,0.438,1,"MLL3",0,"NS"
0.211449223109942,-0.0451487995210176,0.164,0.127,1,"KAT2B",0,"NS"
0.21156736594169,-0.00832629002009777,0.157,0.12,1,"ZNF720",0,"NS"
0.211658278587758,-0.0571890750620234,0.131,0.099,1,"LCORL",0,"NS"
0.212313045992415,-0.0892516567130025,0.207,0.16,1,"ALG6",0,"NS"
0.212487516356405,-0.102643833222273,0.261,0.204,1,"CTDSP1",0,"NS"
0.212638468971136,-0.0313739153907773,0.103,0.074,1,"ALCAM",0,"NS"
0.212778066623959,0.129092722563401,0.284,0.235,1,"PPT1",0,"NS"
0.213669229418625,0.122263020813382,0.124,0.093,1,"VAMP3",0,"NS"
0.213866485557795,-0.0145228312770538,0.831,0.617,1,"C9orf85",0,"NS"
0.21402519487737,-0.0440205821273717,0.284,0.216,1,"NT5C",0,"NS"
0.214453666101844,-0.00803552605805768,0.254,0.204,1,"SMG7",0,"NS"
0.21475055156728,-0.0443530932086987,0.946,0.778,1,"MTPAP",0,"NS"
0.214822483979388,-0.0177841475839187,0.136,0.102,1,"FTSJD1",0,"NS"
0.215033637560627,0.0668081852795386,0.383,0.315,1,"COPS6",0,"NS"
0.215167502961036,0.0537607571733287,0.969,0.901,1,"PDLIM5",0,"NS"
0.21541974406058,-0.0469536146088029,0.437,0.364,1,"NSD1",0,"NS"
0.215774804785175,-0.414366015900949,0.239,0.262,1,"SUMO3",0,"NS"
0.216332592479381,-0.0677259916136407,0.556,0.454,1,"PDE4D",0,"NS"
0.216393703641497,-0.115036842507449,0.277,0.219,1,"LOC143666",0,"NS"
0.21658300855809,0.132386508565773,0.197,0.157,1,"ERCC6L2",0,"NS"
0.216611839455462,-0.0399802447789226,0.122,0.09,1,"SNAPC5",0,"NS"
0.216720258002112,-0.498349869707252,0.138,0.167,1,"ITM2C",0,"NS"
0.21695508295321,0.12517314340584,0.134,0.102,1,"SLC9A1",0,"NS"
0.217240593386248,-0.310286765318471,0.366,0.38,1,"ERH",0,"NS"
0.217829123635533,-0.0682615445739894,0.256,0.204,1,"MAZ",0,"NS"
0.218017855103034,-0.102202244479866,0.502,0.398,1,"STAT4",0,"NS"
0.218034687553822,-0.017977274613533,0.96,0.849,1,"GNL3L",0,"NS"
0.2181691377658,-0.0976322792196187,0.174,0.133,1,"RPUSD3",0,"NS"
0.219395388433354,-0.0480832602207294,0.516,0.417,1,"TAP2",0,"NS"
0.219713681717975,-0.0662402917403537,0.39,0.315,1,"STT3A",0,"NS"
0.219718683947372,0.0539677717125896,0.279,0.228,1,"DECR1",0,"NS"
0.220494757836727,-0.302918652417631,0.085,0.111,1,"IFNGR1",0,"NS"
0.220712368087745,-0.233590511330986,0.155,0.117,1,"MLH3",0,"NS"
0.220754113117479,-0.303758523444399,0.514,0.481,1,"PSMA5",0,"NS"
0.220778855944059,0.0710874252388554,0.141,0.108,1,"PDP1",0,"NS"
0.220980519696466,-0.080196832256808,0.394,0.327,1,"FXR1",0,"NS"
0.221044231717041,-0.133306752693278,0.265,0.21,1,"MBD6",0,"NS"
0.221171837264646,-0.158530635730202,0.383,0.29,1,"CDK11A",0,"NS"
0.221269983330999,0.0331411933270983,0.974,0.849,1,"FAM227A",0,"NS"
0.221566825819982,0.413473677354759,0.11,0.083,1,"DDI2",0,"NS"
0.221889196624303,-0.223366536340234,0.223,0.173,1,"ANAPC4",0,"NS"
0.222065285616869,0.0555926002545535,0.577,0.466,1,"TRAT1",0,"NS"
0.222072332565117,-0.0905594562383262,0.225,0.176,1,"TOLLIP",0,"NS"
0.222156336104898,-0.0490772658680136,0.671,0.509,1,"C11orf31",0,"NS"
0.222360034410587,-0.0562958187624929,0.11,0.08,1,"PSMD6-AS2",0,"NS"
0.222364985821639,-0.413409902457108,0.249,0.265,1,"ATP5G1",0,"NS"
0.222408325356814,0.0566484251234232,0.16,0.123,1,"NFKBID",0,"NS"
0.222459348797165,0.0682814009454203,0.298,0.247,1,"CLK3",0,"NS"
0.222588449366676,0.197009641460747,0.101,0.074,1,"EXOSC5",0,"NS"
0.222672984106564,-0.151849788024745,0.15,0.114,1,"GIT1",0,"NS"
0.223041583616027,0.142731789915389,0.171,0.136,1,"TOP3B",0,"NS"
0.223213674712454,0.0494397726198486,0.688,0.556,1,"PCED1B",0,"NS"
0.223219504146234,-0.159521008039952,0.373,0.293,1,"PCMTD1",0,"NS"
0.223291067791891,-0.109150401245097,0.284,0.219,1,"MRPL38",0,"NS"
0.223732196926315,-0.0513465980803506,0.298,0.235,1,"SUPT4H1",0,"NS"
0.223876742124444,-0.276475302086333,0.946,0.843,1,"APOL6",0,"NS"
0.22412162809307,0.0729262914865265,0.146,0.111,1,"FASTKD1",0,"NS"
0.224666840195034,-0.154291457165212,0.174,0.13,1,"ANKRD39",0,"NS"
0.224771201451691,0.0331180136889229,0.394,0.33,1,"DHX9",0,"NS"
0.224803215481416,0.0125508911881751,0.765,0.636,1,"SERBP1",0,"NS"
0.225036348286397,-0.110621350823765,0.202,0.154,1,"NME3",0,"NS"
0.225088572747366,-0.323154220727147,0.521,0.488,1,"CDC42SE1",0,"NS"
0.225257108143933,9.41521402779144e-05,0.39,0.321,1,"ACLY",0,"NS"
0.225499691635194,0.19364825816806,0.174,0.139,1,"MCCC1",0,"NS"
0.225597161233496,0.000636283914150271,0.171,0.133,1,"KHNYN",0,"NS"
0.226127170419738,0.0573936144460645,0.969,0.898,1,"PNPT1",0,"NS"
0.226138307343114,-0.0334393493016835,0.38,0.312,1,"PIAS1",0,"NS"
0.226159507058269,-0.340564220180334,0.331,0.336,1,"MT2A",0,"NS"
0.226517375386938,-0.0173262800556195,0.164,0.127,1,"USF2",0,"NS"
0.226638447685834,-0.257059887493306,0.122,0.09,1,"STX5",0,"NS"
0.22686430219424,0.075946431009605,0.265,0.219,1,"CPNE3",0,"NS"
0.227089815392672,-0.0206915421068893,0.249,0.201,1,"RNF115",0,"NS"
0.227879824032035,-0.00331304313668074,0.319,0.256,1,"IDH3B",0,"NS"
0.227954094312713,-0.264311750593987,0.587,0.435,1,"RABL2A",0,"NS"
0.227971435662381,0.467087615072236,0.167,0.136,1,"LEMD3",0,"NS"
0.228151497212926,-0.129658212097107,0.707,0.685,1,"CD97",0,"NS"
0.228332700026964,-0.209704694545272,0.141,0.105,1,"NCK2",0,"NS"
0.228385391337295,-0.370522658071772,0.23,0.259,1,"SNHG8",0,"NS"
0.228449877916845,-0.361239906838533,0.291,0.306,1,"ANAPC11",0,"NS"
0.228518558793841,-0.122112412415876,0.322,0.256,1,"FCHSD1",0,"NS"
0.22854511948042,0.0636395928484644,0.308,0.253,1,"B3GNT2",0,"NS"
0.228749258181553,-0.107563658221984,0.167,0.13,1,"VAV3",0,"NS"
0.229013699328387,-0.242993550932547,0.277,0.213,1,"MRPL4",0,"NS"
0.229113155037691,-0.215696754537729,0.2,0.154,1,"ANKRD49",0,"NS"
0.229241040818818,-0.0437204848049509,0.838,0.605,1,"ZNF619",0,"NS"
0.229396763770359,0.255500781349687,0.108,0.08,1,"TMEM115",0,"NS"
0.229520630455729,-0.0327641854199977,0.915,0.762,1,"RBBP4",0,"NS"
0.229559023440203,0.0569015607181997,0.141,0.108,1,"SLC39A13",0,"NS"
0.229689728343006,0.135669157731789,0.251,0.207,1,"C18orf32",0,"NS"
0.229838477626362,-0.114214501347514,0.138,0.105,1,"FBXO8",0,"NS"
0.229895311680775,0.0172132285395762,0.244,0.198,1,"CDC14A",0,"NS"
0.229916721793843,-0.0991404074768254,0.202,0.157,1,"MPHOSPH10",0,"NS"
0.230138648996545,0.230848939532414,0.153,0.12,1,"DNAJB12",0,"NS"
0.230296994062533,-0.417694579445623,0.094,0.12,1,"NAALADL1",0,"NS"
0.230388638925196,0.130134859409796,0.122,0.093,1,"C3orf58",0,"NS"
0.231046682448644,0.13079282792547,0.101,0.074,1,"HOXB2",0,"NS"
0.232111096067663,0.0316740681824253,0.223,0.179,1,"GTF2B",0,"NS"
0.232160790638975,-0.179693820190473,0.655,0.583,1,"HSPE1",0,"NS"
0.232390156307408,-0.1887107416153,0.117,0.086,1,"PES1",0,"NS"
0.23262283280536,-0.0643699262463906,0.209,0.164,1,"NUP107",0,"NS"
0.232719315573439,-0.0426388958514494,0.263,0.213,1,"RAD50",0,"NS"
0.232828195998685,0.106335372212745,0.223,0.182,1,"TARS",0,"NS"
0.232968331905826,0.103985359641819,0.282,0.235,1,"C5orf15",0,"NS"
0.232997116577403,-0.489580252413222,0.16,0.185,1,"MRPS24",0,"NS"
0.23310553174331,-0.0546057214700191,0.131,0.099,1,"SETD3",0,"NS"
0.233215990204162,0.170647724013606,0.136,0.105,1,"ZNF26",0,"NS"
0.233465032632391,0.0961927595177312,0.871,0.704,1,"SPTLC1",0,"NS"
0.233477119997247,-0.299591089520717,0.162,0.12,1,"NRBF2",0,"NS"
0.233589582296683,0.117687400814227,0.538,0.457,1,"RPN2",0,"NS"
0.233714074119227,-0.137446233602659,0.251,0.194,1,"ACO2",0,"NS"
0.233815371659724,-0.0835739970244833,0.317,0.259,1,"IQGAP2",0,"NS"
0.234103336048759,-0.173716650944514,0.284,0.225,1,"NAMPT",0,"NS"
0.234250700795335,-0.405278543715998,0.317,0.327,1,"TINF2",0,"NS"
0.235050116814592,0.0598584096090261,0.385,0.324,1,"SZRD1",0,"NS"
0.235104261902541,-0.0591504985312785,0.124,0.093,1,"MED30",0,"NS"
0.235330266198583,0.513793797449195,0.106,0.08,1,"CREBL2",0,"NS"
0.235539119815746,-0.0172768440897216,0.88,0.685,1,"LOC284260",0,"NS"
0.235643145513968,0.078531050589913,0.218,0.173,1,"FUNDC2",0,"NS"
0.235686715144608,-0.0716206489008775,0.303,0.244,1,"CSNK1G3",0,"NS"
0.236601591488628,-0.563962670831411,0.244,0.262,1,"EED",0,"NS"
0.236848904578241,-0.189700935736462,0.317,0.256,1,"MTOR",0,"NS"
0.237085401437954,0.0185659069771054,0.127,0.096,1,"POLG2",0,"NS"
0.237441849302143,-0.0863764478009459,0.735,0.667,1,"SRSF2",0,"NS"
0.237468865301156,0.15109596086667,0.197,0.16,1,"ZBTB17",0,"NS"
0.237474669408167,0.0403723156712761,0.526,0.41,1,"C6orf48",0,"NS"
0.237497272921323,-0.124015417286447,0.232,0.182,1,"SPPL2B",0,"NS"
0.23756268875742,0.0609704896371192,0.322,0.262,1,"ERGIC3",0,"NS"
0.237650612745211,-0.00323683838780364,0.202,0.157,1,"SHARPIN",0,"NS"
0.23769997940156,-0.169689007820013,0.859,0.747,1,"POLD4",0,"NS"
0.23776813134821,-0.187971588690313,0.322,0.259,1,"RB1CC1",0,"NS"
0.23776969011584,-0.440460354856094,0.239,0.259,1,"SARNP",0,"NS"
0.237772984165472,0.0426074304295123,0.223,0.182,1,"GATAD2A",0,"NS"
0.237980274980642,0.00787842530446703,0.627,0.515,1,"FNBP4",0,"NS"
0.2381122763496,0.0897531210671567,0.183,0.145,1,"RNF20",0,"NS"
0.238218942845712,-0.0600176456482436,0.519,0.426,1,"NUP98",0,"NS"
0.23849714230932,0.173962630975361,0.16,0.127,1,"RANBP6",0,"NS"
0.238569394159199,0.0390729791715501,0.958,0.917,1,"LYRM7",0,"NS"
0.238731838624207,0.305925955610861,0.148,0.117,1,"RHBDD1",0,"NS"
0.239038578980952,0.00692867414481735,0.134,0.102,1,"SLC25A22",0,"NS"
0.239259504003059,-0.0942631414443289,0.202,0.157,1,"YY1",0,"NS"
0.239296616365521,-0.593265005186276,0.099,0.123,1,"AEN",0,"NS"
0.239476927619904,-0.721871110535938,0.143,0.167,1,"PHF1",0,"NS"
0.239588714592529,0.118340884575054,0.228,0.188,1,"METTL9",0,"NS"
0.239705473877923,-0.126597171947603,0.446,0.355,1,"ASCC3",0,"NS"
0.239917324215004,0.0729022183622645,0.195,0.154,1,"CSTF2T",0,"NS"
0.239933747669448,-0.217455159601234,0.211,0.164,1,"PSMD3",0,"NS"
0.239990684846393,-0.0138812979120017,0.16,0.123,1,"RABGGTA",0,"NS"
0.240005604621397,0.031988367364931,0.709,0.559,1,"PTGES3",0,"NS"
0.240196214563822,-0.0530599896396131,0.141,0.105,1,"MGMT",0,"NS"
0.240517115596793,-0.653285827541584,0.249,0.269,1,"IKZF2",0,"NS"
0.241007542153339,-0.0388508993552109,0.164,0.127,1,"CRYZ",0,"NS"
0.241533702957758,-0.014188188859693,0.308,0.25,1,"UCHL5",0,"NS"
0.241599921327225,0.0807444993223039,0.702,0.617,1,"N4BP2L2",0,"NS"
0.241857483261888,-0.0717082713131681,0.286,0.231,1,"SCAF8",0,"NS"
0.242000727889589,0.26850733359876,0.15,0.12,1,"C3orf37",0,"NS"
0.242005980524109,0.0353523503696961,0.533,0.448,1,"ARRDC3",0,"NS"
0.242052625906087,-0.0730060528966716,0.138,0.105,1,"GMPPA",0,"NS"
0.242178015461822,-0.237539123690901,0.582,0.565,1,"FLNA",0,"NS"
0.242279152229861,0.0541811026444421,0.27,0.222,1,"MAN2B1",0,"NS"
0.24252335857643,-0.188816271748048,0.127,0.096,1,"AKT3",0,"NS"
0.242690784331714,-0.152902891631945,0.587,0.463,1,"USP34",0,"NS"
0.242830735986251,-0.0556522379987896,0.972,0.938,1,"LYST",0,"NS"
0.243090899404669,0.074277836830233,0.195,0.157,1,"CDC25B",0,"NS"
0.243263260456389,0.109364480116642,0.638,0.565,1,"SH2D1A",0,"NS"
0.243747848902301,0.0993179718755881,0.272,0.228,1,"PLEKHM1P",0,"NS"
0.243906275417531,-0.0113772453233698,0.228,0.185,1,"ELAC2",0,"NS"
0.244029384325931,0.290813821867346,0.218,0.185,1,"TFIP11",0,"NS"
0.244359159293007,0.204430734113234,0.103,0.077,1,"PLBD2",0,"NS"
0.244478881114013,0.0489553817549381,0.16,0.123,1,"TCEAL8",0,"NS"
0.244550286474682,-0.104871289501109,0.106,0.077,1,"PLEKHO1",0,"NS"
0.244660718876143,0.0206578770826035,0.92,0.738,1,"MRPS16",0,"NS"
0.244862252298091,0.034847056395766,0.329,0.265,1,"CNPY2",0,"NS"
0.244982426322613,0.33016786769164,0.106,0.08,1,"CYSTM1",0,"NS"
0.245457387725692,-0.0152871870612635,0.31,0.256,1,"RAB2A",0,"NS"
0.245464492041055,-0.397654181917607,0.333,0.333,1,"COX7B",0,"NS"
0.245470016591329,-0.00903179152796674,0.399,0.33,1,"FGFR1OP2",0,"NS"
0.245950640936026,-0.11593275828638,0.589,0.565,1,"XRCC6",0,"NS"
0.246105626446536,0.0400435536951056,0.232,0.188,1,"TMEM183B",0,"NS"
0.24621133572056,0.284440524137899,0.124,0.096,1,"ADCY3",0,"NS"
0.246391015789985,0.12224493907991,0.122,0.093,1,"UPF1",0,"NS"
0.246730075694788,-0.0625697141352034,0.195,0.154,1,"TRAP1",0,"NS"
0.246799998777679,0.143805929097734,0.261,0.219,1,"SLC39A9",0,"NS"
0.247023602725282,-0.371262756355046,0.254,0.275,1,"FARSA",0,"NS"
0.247155217690591,-0.165578994437783,0.923,0.753,1,"SNTB2",0,"NS"
0.247403967287433,-0.170374181878732,0.228,0.179,1,"TYW1",0,"NS"
0.247524846079469,0.132721917006913,0.268,0.219,1,"FAM195B",0,"NS"
0.247581264707792,-0.0888099630718757,0.775,0.528,1,"ZNF69",0,"NS"
0.247645742708714,0.0426396202914595,0.195,0.157,1,"TAF3",0,"NS"
0.247780524122257,-0.20216309049101,0.265,0.21,1,"NSRP1",0,"NS"
0.247858080378835,0.00806389632854754,0.129,0.099,1,"NCAPD3",0,"NS"
0.247997875256847,-0.0623595976324627,0.791,0.738,1,"LIMD2",0,"NS"
0.248187415201768,0.0883502098353419,0.122,0.093,1,"GTPBP6",0,"NS"
0.248242220585089,0.131982181275485,0.124,0.096,1,"TOMM34",0,"NS"
0.248349601977133,-0.0908694175122643,0.303,0.247,1,"SHOC2",0,"NS"
0.248523996625173,-0.0251113399860683,0.195,0.151,1,"CYB561D2",0,"NS"
0.24855287588272,-0.487216644816121,0.34,0.349,1,"PTEN",0,"NS"
0.248774397779547,-0.00900466208716288,0.62,0.503,1,"RBM5",0,"NS"
0.24889069984765,-0.106235768333561,0.258,0.207,1,"STARD3",0,"NS"
0.249041678001524,0.0500078375162525,0.115,0.086,1,"MVB12A",0,"NS"
0.249304357288153,-0.429535297132144,0.876,0.691,1,"PHLDA1",0,"NS"
0.249595156002123,-0.184682464953367,0.207,0.164,1,"ZHX2",0,"NS"
0.250114495382171,0.0690881000441196,0.214,0.173,1,"DRG1",0,"NS"
0.250209330568956,0.0663104251407298,0.167,0.133,1,"TCEB3",0,"NS"
0.250298740705702,0.02753808832819,0.366,0.296,1,"PCMT1",0,"NS"
0.250333472133815,-0.142586068342308,0.192,0.148,1,"KRCC1",0,"NS"
0.250521313691625,-0.119887555462992,0.401,0.324,1,"SUPT16H",0,"NS"
0.250535350037861,-0.0368854512011903,0.479,0.401,1,"KANSL1",0,"NS"
0.250599035292381,-0.114386528693799,0.585,0.519,1,"SIT1",0,"NS"
0.250622469303544,-0.201860808889907,0.101,0.074,1,"AMZ2P1",0,"NS"
0.251337305549861,0.0739557897088314,0.239,0.198,1,"SAMHD1",0,"NS"
0.251610289485219,-0.58398490726433,0.143,0.167,1,"DDIT3",0,"NS"
0.251699193186437,-0.0993716070234594,0.387,0.309,1,"CEP57",0,"NS"
0.25180765680586,0.0121049121370955,0.122,0.093,1,"CD226",0,"NS"
0.252198507868165,0.0445250810635567,0.467,0.395,1,"NEMF",0,"NS"
0.252289678392629,-0.204088684122997,0.425,0.432,1,"ATP5D",0,"NS"
0.252357038603021,0.00740476402871271,0.176,0.139,1,"TMEM170A",0,"NS"
0.252687522517132,-0.259480113878671,0.404,0.407,1,"SCAMP2",0,"NS"
0.253003632583418,-0.0967835092712635,0.291,0.235,1,"ATAD1",0,"NS"
0.253075412411462,0.0248005915449938,0.371,0.315,1,"TNPO1",0,"NS"
0.253115418111616,-0.0038899498199978,0.57,0.463,1,"PRKACB",0,"NS"
0.253155806196375,0.154193692864783,0.129,0.099,1,"C17orf59",0,"NS"
0.253161241009373,0.0737709364961922,0.197,0.157,1,"DPM1",0,"NS"
0.253176553618584,-0.301624085081168,0.369,0.392,1,"ERP44",0,"NS"
0.253201261448882,-0.364590818985989,0.15,0.114,1,"KIAA0232",0,"NS"
0.2537416241798,-0.38765212006011,0.286,0.306,1,"DNAJC7",0,"NS"
0.253875504317407,-0.19205241615159,0.202,0.157,1,"SUPT3H",0,"NS"
0.25391901490491,-0.041765789718299,0.129,0.099,1,"MAP3K5",0,"NS"
0.254271342197551,-0.223651160046139,0.378,0.392,1,"ARL6IP4",0,"NS"
0.254559228917887,0.0345840434122923,0.955,0.858,1,"NF2",0,"NS"
0.254627138419835,-0.053231081357836,0.357,0.296,1,"PDE3B",0,"NS"
0.254682197483396,-0.42373565538529,0.272,0.284,1,"PHPT1",0,"NS"
0.254757798181216,-0.284036246155561,0.465,0.457,1,"CDKN1B",0,"NS"
0.254907803970005,0.165393893092149,0.169,0.136,1,"LRRC41",0,"NS"
0.254916900951719,-0.163402143099653,0.559,0.546,1,"COMMD6",0,"NS"
0.254964363244678,-0.551662280295437,0.138,0.105,1,"DOT1L",0,"NS"
0.255019777028366,-0.448157729686937,0.087,0.111,1,"CLECL1",0,"NS"
0.255255058550227,0.0245512193511146,0.214,0.17,1,"SCNM1",0,"NS"
0.255720588749755,0.0256177288274457,0.16,0.127,1,"GNL2",0,"NS"
0.255762428690059,-0.115287404237438,0.308,0.25,1,"DCUN1D1",0,"NS"
0.255912280516086,-0.589854054684441,0.16,0.182,1,"PGD",0,"NS"
0.256132480132313,-0.0287346614664983,0.176,0.139,1,"HAUS6",0,"NS"
0.256211208802924,-0.33979307116364,0.209,0.164,1,"HMGXB3",0,"NS"
0.256566665847714,0.04298835868558,0.251,0.21,1,"CEP250",0,"NS"
0.256726704858617,-0.0329023765417844,0.174,0.136,1,"POLR3C",0,"NS"
0.256952478271102,0.138033398156691,0.232,0.191,1,"GOSR2",0,"NS"
0.256999273616271,0.0740982357441962,0.143,0.111,1,"AKTIP",0,"NS"
0.257236692022706,-0.0176381916347812,0.11,0.083,1,"PRDM10",0,"NS"
0.257382944269305,-0.464240198288328,0.192,0.216,1,"SMIM7",0,"NS"
0.257755259767039,0.129448420513602,0.148,0.117,1,"NOC3L",0,"NS"
0.257965415759684,0.0201467746908655,0.263,0.219,1,"NPTN",0,"NS"
0.258804959657484,0.0680207682085989,0.15,0.117,1,"TNFRSF1A",0,"NS"
0.258887450765634,-0.466521776405586,0.155,0.176,1,"MPLKIP",0,"NS"
0.258997834423065,-0.156249416129029,0.847,0.63,1,"RPP30",0,"NS"
0.25963733466755,-0.0325358585607536,0.385,0.321,1,"SMEK2",0,"NS"
0.25969254697277,0.331258787291498,0.106,0.08,1,"CACNB1",0,"NS"
0.259702611422037,0.0294762539753022,0.181,0.145,1,"CDK16",0,"NS"
0.26011958320615,-0.196779997423844,0.174,0.136,1,"LOC100294145",0,"NS"
0.260203133313413,-0.130753843901661,0.148,0.114,1,"IP6K1",0,"NS"
0.260261045046672,-0.229694094516579,0.465,0.481,1,"TSPYL2",0,"NS"
0.260618663174076,0.0558676170773934,0.282,0.235,1,"VAMP1",0,"NS"
0.261717844251463,-0.655031418218306,0.124,0.093,1,"PHF2",0,"NS"
0.261825851199627,0.00368927812863218,0.103,0.077,1,"RNPEP",0,"NS"
0.261899334877834,0.0422969718176291,0.129,0.099,1,"GALK1",0,"NS"
0.261965964846347,-0.038080057667739,0.157,0.12,1,"AGTRAP",0,"NS"
0.26234271650918,0.246617096746196,0.127,0.099,1,"FAM76B",0,"NS"
0.262346848919933,0.00825386613626583,0.197,0.157,1,"PFDN2",0,"NS"
0.262736679320528,-0.778084071947595,0.108,0.13,1,"BLMH",0,"NS"
0.262771406908742,-0.392101917107474,0.106,0.077,1,"MSH5",0,"NS"
0.263187425229647,-0.0992601148130403,0.279,0.225,1,"ANO9",0,"NS"
0.263702626492523,-0.372422015997001,0.279,0.299,1,"KDELR2",0,"NS"
0.264088456781483,-0.236598037868749,0.204,0.16,1,"NDEL1",0,"NS"
0.264236279737473,-0.111332512377362,0.913,0.71,1,"HIP1",0,"NS"
0.264478715034566,-0.0470152662273641,0.394,0.327,1,"MBTPS1",0,"NS"
0.264618081554144,-0.217344755680906,0.425,0.407,1,"UQCRH",0,"NS"
0.264723273092337,-0.810486331296509,0.131,0.154,1,"CHPF2",0,"NS"
0.264767764433032,-0.0316838837404139,0.11,0.083,1,"C19orf55",0,"NS"
0.265181080035431,-0.180501384624866,0.223,0.179,1,"GNL1",0,"NS"
0.265331604954755,0.103270830996188,0.11,0.083,1,"PCYT1A",0,"NS"
0.265671557400205,-0.191768955247432,0.157,0.123,1,"ORAI1",0,"NS"
0.266152383905141,-0.0641729840294751,0.157,0.123,1,"PRMT3",0,"NS"
0.266315060163545,0.120894119593537,0.183,0.148,1,"LTA4H",0,"NS"
0.26637852072939,-0.126369014138225,0.162,0.127,1,"EDARADD",0,"NS"
0.266383560427042,-0.107206061892199,0.585,0.481,1,"ASH1L",0,"NS"
0.26688881102804,0.164442603357561,0.174,0.142,1,"UNC45A",0,"NS"
0.266993975965398,0.033939819446501,0.962,0.861,1,"CTSB",0,"NS"
0.267284081856706,-0.209837943446162,0.364,0.296,1,"ANKRD17",0,"NS"
0.267463966570949,0.249584716912884,0.146,0.117,1,"PURA",0,"NS"
0.267505009189388,-0.636270024136559,0.129,0.151,1,"MRPL47",0,"NS"
0.26776474756635,-0.487038661623907,0.181,0.139,1,"ST3GAL5",0,"NS"
0.267908257517354,0.0633259360686518,0.272,0.231,1,"CHD9",0,"NS"
0.26796328398187,-0.145974832966186,0.596,0.593,1,"BUB3",0,"NS"
0.268004362833565,-0.257463961232048,0.185,0.145,1,"INTS6",0,"NS"
0.268730536943672,0.187632848107998,0.174,0.142,1,"CEP164",0,"NS"
0.268845357502514,0.162716574092267,0.164,0.133,1,"TMEM194B",0,"NS"
0.268851250334347,0.129307872563548,0.286,0.244,1,"METAP2",0,"NS"
0.269015067162687,0.0158349121601029,0.171,0.136,1,"NPC2",0,"NS"
0.269123790811903,-0.132475660822437,0.117,0.09,1,"APPL2",0,"NS"
0.269323332723969,-0.154969817357738,0.228,0.182,1,"FLI1",0,"NS"
0.269385728204756,-0.532793523266302,0.122,0.145,1,"TMEM101",0,"NS"
0.269520737242807,-0.046779046144681,0.218,0.176,1,"KLHDC2",0,"NS"
0.270041701639927,0.154079188299735,0.12,0.093,1,"SLC25A1",0,"NS"
0.270058230106756,-0.252756717545899,0.218,0.173,1,"PDPK1",0,"NS"
0.270425632041381,-0.580535497883971,0.192,0.148,1,"CRTC1",0,"NS"
0.270629681691706,0.19043992022006,0.113,0.086,1,"CAMK4",0,"NS"
0.271082673549182,-0.0651053847164798,0.523,0.426,1,"NAB1",0,"NS"
0.271115708507001,-0.0597533518398456,0.129,0.099,1,"TM9SF1",0,"NS"
0.271320401140423,-0.00820405206105393,0.221,0.173,1,"NSMCE1",0,"NS"
0.271614018301865,-0.419275386255502,0.793,0.559,1,"EIF2AK2",0,"NS"
0.271629218196432,-0.244416899767625,0.444,0.441,1,"NHP2L1",0,"NS"
0.271835008989931,0.327271475051124,0.124,0.099,1,"LIG1",0,"NS"
0.271860663539407,-0.139877886169751,0.185,0.145,1,"NMRK1",0,"NS"
0.271904033678778,0.0399039950423242,0.254,0.21,1,"ARHGEF2",0,"NS"
0.27203562196632,-0.216793409332356,0.228,0.182,1,"NAA25",0,"NS"
0.272037599289131,0.0583613031340598,0.932,0.815,1,"SPIB",0,"NS"
0.273296004795088,-0.673381172872112,0.096,0.117,1,"TASP1",0,"NS"
0.273693635962429,0.0404284180069583,0.453,0.358,1,"GTF3A",0,"NS"
0.273822128048199,-0.244523037661651,0.237,0.191,1,"GPR114",0,"NS"
0.274090864468659,0.0957261670761378,0.967,0.852,1,"TIGD1",0,"NS"
0.274093245549168,-0.0357205816640871,0.23,0.185,1,"SMNDC1",0,"NS"
0.274168454042568,-0.0855335409403104,0.624,0.577,1,"GIMAP7",0,"NS"
0.274214358809308,-0.0927957983164867,0.244,0.198,1,"ATP13A1",0,"NS"
0.274312591288963,0.0588396710719657,0.918,0.741,1,"ZNF626",0,"NS"
0.274435199691389,-0.248535453094989,0.103,0.077,1,"AMT",0,"NS"
0.274791200079468,-0.224789522064095,0.153,0.117,1,"ZNF226",0,"NS"
0.27485370905112,-0.315827134034453,0.122,0.093,1,"TCEAL4",0,"NS"
0.274904580699927,0.00471527879482536,0.153,0.12,1,"XBP1",0,"NS"
0.274904971942694,-0.296608337418711,0.305,0.327,1,"DNTTIP2",0,"NS"
0.275116008028334,-0.159547743848023,0.357,0.287,1,"FAM133DP",0,"NS"
0.27556834493407,-0.100555616611588,0.749,0.713,1,"HNRPDL",0,"NS"
0.276265957778557,-0.102291933928923,0.108,0.08,1,"DNAJC17",0,"NS"
0.276386723019337,-0.0274597322325072,0.164,0.13,1,"GLO1",0,"NS"
0.27654399313939,0.0271192735824042,0.448,0.364,1,"SLC3A2",0,"NS"
0.277360354908204,-0.035201239098879,0.192,0.157,1,"WWP1",0,"NS"
0.277401870003755,-0.00980527342974558,0.153,0.12,1,"DIP2B",0,"NS"
0.277475029993176,0.192623605460691,0.115,0.09,1,"SLC39A10",0,"NS"
0.277597778666192,0.204447405325897,0.174,0.142,1,"CWC27",0,"NS"
0.277795564041655,-0.0171930445944105,0.775,0.648,1,"HNRNPU",0,"NS"
0.277910870355213,0.0644530906335756,0.134,0.105,1,"PCCB",0,"NS"
0.278334521711099,-0.0388829756279073,0.326,0.275,1,"RBM27",0,"NS"
0.278387256832446,-0.623308441092545,0.11,0.133,1,"VPS26B",0,"NS"
0.278668886129246,0.0439063037244357,0.293,0.247,1,"PKN1",0,"NS"
0.278726793040694,-0.146172534244062,0.242,0.194,1,"PIGS",0,"NS"
0.279083592357358,-0.160624896533629,0.207,0.167,1,"SMC6",0,"NS"
0.279407440492493,-0.1340687103099,0.136,0.105,1,"CAPRIN2",0,"NS"
0.279433189895245,0.0827566961063129,0.155,0.123,1,"GGCT",0,"NS"
0.279830174733919,-0.133600986943997,0.941,0.818,1,"PSMB2",0,"NS"
0.279989920227307,-0.207094430670928,0.469,0.451,1,"AIP",0,"NS"
0.280028743291033,-0.062834591219393,0.317,0.262,1,"PHF21A",0,"NS"
0.280084102747678,0.065867441208795,0.19,0.154,1,"PHF6",0,"NS"
0.280113196147846,0.363500666877229,0.11,0.086,1,"RCBTB1",0,"NS"
0.280127887152947,-0.201891700706454,0.484,0.478,1,"MRFAP1",0,"NS"
0.28030932561053,0.092751625477701,0.134,0.105,1,"COX11",0,"NS"
0.280370293306959,0.0176053518559376,0.216,0.176,1,"CLK4",0,"NS"
0.280389438335894,0.0467405383128204,0.401,0.34,1,"PSPC1",0,"NS"
0.280470886739407,-1.00650296374717,0.124,0.145,1,"VAPB",0,"NS"
0.280991471599656,-0.228427123330681,0.108,0.08,1,"ZNF496",0,"NS"
0.281116077607526,-0.0681583747043578,0.192,0.154,1,"NT5DC1",0,"NS"
0.281276482749377,-0.0913686289650167,0.207,0.164,1,"NAE1",0,"NS"
0.281713692358747,-0.0345851043236511,0.977,0.895,1,"MCTS1",0,"NS"
0.281741310997738,-0.431988213828475,0.362,0.367,1,"NEDD9",0,"NS"
0.281749353721456,-0.2940858022479,0.11,0.083,1,"ANKRD13A",0,"NS"
0.281759544734317,-0.193132797692931,0.209,0.167,1,"ABR",0,"NS"
0.281910299690497,0.0644903384449019,0.979,0.867,1,"PXMP4",0,"NS"
0.282576929414682,-0.161599657976858,0.521,0.531,1,"ARHGAP30",0,"NS"
0.282582656951843,0.215917433286076,0.174,0.142,1,"CENPM",0,"NS"
0.2830139411838,-0.210812858931625,0.129,0.099,1,"THOC5",0,"NS"
0.283017284465387,-0.0134563493838198,0.155,0.12,1,"C17orf89",0,"NS"
0.283044234733391,-0.203685450562299,0.305,0.241,1,"IMPDH1",0,"NS"
0.283348979818803,-0.0385907860770804,0.948,0.901,1,"CBLB",0,"NS"
0.283592184342803,0.0328555587349957,0.127,0.099,1,"NUDT16",0,"NS"
0.283793419391756,0.0270362050645901,0.35,0.302,1,"ABCA2",0,"NS"
0.283907901178131,-0.108411616183209,0.824,0.753,1,"AKAP13",0,"NS"
0.283994737167892,-0.169162893823712,0.192,0.151,1,"TTC31",0,"NS"
0.284286255752677,0.00904414977132001,0.951,0.796,1,"TMEM120B",0,"NS"
0.284779314719208,0.00874155111456373,0.225,0.182,1,"OVCA2",0,"NS"
0.284800799937034,0.121872786390247,0.725,0.608,1,"ATP5B",0,"NS"
0.284830069325832,0.139833608593138,0.143,0.114,1,"KLHL12",0,"NS"
0.28512696572699,-0.135039210061586,0.43,0.343,1,"GPBP1L1",0,"NS"
0.286049749606967,-0.400490112321371,0.223,0.244,1,"GLOD4",0,"NS"
0.286280373991956,-0.0605547448785643,0.373,0.306,1,"CCT4",0,"NS"
0.286556438868811,-0.116434969866537,0.12,0.093,1,"ZFY",0,"NS"
0.287003083948071,0.050588286040458,0.958,0.815,1,"LOC100289019",0,"NS"
0.287036764308219,0.00189793465700877,0.404,0.34,1,"SMC3",0,"NS"
0.287180107374893,-0.0204255143804709,0.284,0.225,1,"CCDC12",0,"NS"
0.287398411951883,-0.0586244795139896,0.16,0.127,1,"RIOK1",0,"NS"
0.287620907227888,-0.267458000069751,0.425,0.42,1,"ANXA11",0,"NS"
0.287715164267794,-0.147810815353682,0.608,0.59,1,"CCND3",0,"NS"
0.287758426864619,0.0234918302807816,0.974,0.892,1,"TRPM7",0,"NS"
0.289031736120915,0.0559986851757895,0.155,0.123,1,"NSMCE4A",0,"NS"
0.289049378054394,-0.254637541105811,0.305,0.33,1,"NDUFA6",0,"NS"
0.28905330395842,-0.211360064700447,0.312,0.25,1,"ADD1",0,"NS"
0.289314025481346,-0.00724909548242814,0.371,0.312,1,"NELL2",0,"NS"
0.289367048634599,0.206736069373932,0.101,0.077,1,"RCL1",0,"NS"
0.289769245166349,-0.0388720281064653,0.366,0.309,1,"RIF1",0,"NS"
0.289799317496487,-0.293707592537283,0.249,0.269,1,"TMEM9B",0,"NS"
0.289847010797581,-0.288338734474507,0.826,0.586,1,"THAP5",0,"NS"
0.289924811524118,0.04022878166635,0.305,0.253,1,"OSTF1",0,"NS"
0.289977176392519,-0.115705288933301,0.282,0.231,1,"FAM160B1",0,"NS"
0.290018124492851,0.113320033948497,0.113,0.086,1,"RNF146",0,"NS"
0.290024706078333,0.0907574310776034,0.953,0.849,1,"DDX17",0,"NS"
0.290055134122588,-0.0626459240651482,0.216,0.176,1,"IFFO1",0,"NS"
0.290180939549202,0.293883612562959,0.131,0.105,1,"LYSMD3",0,"NS"
0.290307262063643,-0.161932477808908,0.106,0.08,1,"CTNNAL1",0,"NS"
0.290313190276318,0.157640536016591,0.209,0.176,1,"COPS8",0,"NS"
0.290908338388525,-0.0834960424369885,0.413,0.33,1,"USP10",0,"NS"
0.291288237736784,-0.21212784182403,0.322,0.256,1,"GGA3",0,"NS"
0.29138634332769,0.162803243951738,0.286,0.244,1,"EMC4",0,"NS"
0.291886278469795,-0.344060436541096,0.129,0.099,1,"THUMPD2",0,"NS"
0.292175518577283,-0.587494889401729,0.148,0.17,1,"JMJD4",0,"NS"
0.292504788456547,0.00861965571923096,0.42,0.355,1,"HGS",0,"NS"
0.292621527132153,-0.104353573526013,0.162,0.13,1,"TMEM63A",0,"NS"
0.293158270385729,0.010237796111667,0.272,0.228,1,"BNIP3L",0,"NS"
0.293188591163198,-0.371203435387181,0.153,0.117,1,"GUSBP9",0,"NS"
0.293207159804967,-0.375304843559567,0.282,0.299,1,"JAKMIP1",0,"NS"
0.293258451568798,-0.0444796283313912,0.207,0.164,1,"KLHDC3",0,"NS"
0.293848700993042,-0.460812238480922,0.185,0.142,1,"EML2",0,"NS"
0.293949546166258,0.0584471893926967,0.336,0.284,1,"C1orf43",0,"NS"
0.294083082563981,-0.484456240215518,0.322,0.327,1,"RGPD2",0,"NS"
0.294147713342287,0.0365361208881336,0.171,0.139,1,"PIGU",0,"NS"
0.294184714746919,-0.0530053542998983,0.113,0.086,1,"DUSP5",0,"NS"
0.294239291553573,-0.0834091496090743,0.343,0.284,1,"USO1",0,"NS"
0.294243704548101,0.0716216654450179,0.695,0.602,1,"PNISR",0,"NS"
0.294296160998881,0.0445161136277962,0.225,0.185,1,"SLC25A11",0,"NS"
0.294911790464635,0.0420068176534234,0.291,0.247,1,"SPG7",0,"NS"
0.29525248040428,0.0155637712107145,0.38,0.312,1,"PRDX2",0,"NS"
0.295430949790569,-0.376545647216261,0.218,0.241,1,"SAE1",0,"NS"
0.295984421329586,-0.342574020230619,0.242,0.191,1,"CEP95",0,"NS"
0.296217385560969,-0.10433499664611,0.174,0.139,1,"DCAF12",0,"NS"
0.296277242223648,-0.184782285342291,0.171,0.136,1,"TXNRD1",0,"NS"
0.296661508934058,0.000476957606059369,0.918,0.796,1,"DENND6A",0,"NS"
0.297104507080325,-0.029482502452563,0.38,0.318,1,"ETF1",0,"NS"
0.297185842659357,0.0259809711141419,0.298,0.247,1,"LAPTM4A",0,"NS"
0.298031857427692,-0.151090476710132,0.425,0.349,1,"NOTCH1",0,"NS"
0.29871337379106,-0.118819020001778,0.577,0.54,1,"CD48",0,"NS"
0.298926059646052,-0.544822099640521,0.169,0.188,1,"LGALS3",0,"NS"
0.298940675000498,-0.287506775116622,0.183,0.145,1,"GPR107",0,"NS"
0.299101203749392,-0.456010904348439,0.108,0.13,1,"CCDC167",0,"NS"
0.299242896792853,0.0858655848138004,0.129,0.102,1,"EMC2",0,"NS"
0.299517313753024,-0.182216147742757,0.131,0.102,1,"ATE1",0,"NS"
0.29955377000818,-0.0706012862482475,0.685,0.614,1,"PRR13",0,"NS"
0.29958044847657,-0.281702011223922,0.3,0.241,1,"C3orf17",0,"NS"
0.299717432210674,-0.401803105217348,0.296,0.306,1,"SNW1",0,"NS"
0.299943526181753,-0.143547826290877,0.174,0.139,1,"PYROXD1",0,"NS"
0.300049353055945,-0.0320118708682264,0.354,0.293,1,"SUCLG2",0,"NS"
0.30009489376536,-0.196914309698765,0.204,0.164,1,"SLC39A1",0,"NS"
0.300283401258431,-0.155993962250874,0.481,0.401,1,"GSPT1",0,"NS"
0.300417953883618,-0.133387853935276,0.812,0.63,1,"TMPO",0,"NS"
0.300754877512304,0.153691752835625,0.131,0.105,1,"PACSIN2",0,"NS"
0.300895104332486,0.0653915954359806,0.268,0.219,1,"MRPL34",0,"NS"
0.301069915650497,-0.0183050589752495,0.937,0.781,1,"TXNDC15",0,"NS"
0.301363323223401,0.0479949257735086,0.305,0.259,1,"ACTR1A",0,"NS"
0.301429200205078,-0.222572517125053,0.336,0.275,1,"RMND5A",0,"NS"
0.30185384741664,0.00999637321804492,0.164,0.133,1,"CCDC82",0,"NS"
0.301998128444933,-0.339860654301931,0.462,0.457,1,"GPATCH8",0,"NS"
0.30241136306179,0.123440954809253,0.291,0.253,1,"MTCH1",0,"NS"
0.302414692449576,-0.176717417509857,0.972,0.883,1,"DTX3L",0,"NS"
0.302610228973232,-0.217535449916177,0.164,0.13,1,"NPHP3-ACAD11",0,"NS"
0.302876050615898,0.0566234618009329,0.174,0.142,1,"TBC1D10A",0,"NS"
0.302910455824382,0.0830224771154606,0.136,0.108,1,"SRBD1",0,"NS"
0.303050493961387,-0.230680531092602,0.606,0.596,1,"MLL",0,"NS"
0.303676263260539,-0.609385247147655,0.124,0.145,1,"KRT10",0,"NS"
0.303879159033733,-0.233686176428171,0.552,0.429,1,"STAU1",0,"NS"
0.304017687608977,0.0940789765267094,0.387,0.333,1,"VDAC2",0,"NS"
0.304160089147201,-0.0846606257841228,0.596,0.488,1,"WTAP",0,"NS"
0.304189890643015,-0.146754027627995,0.486,0.478,1,"BRK1",0,"NS"
0.304285469004252,0.0578608816578847,0.188,0.154,1,"POP4",0,"NS"
0.305107521562977,-0.0463236214840752,0.979,0.929,1,"RNF125",0,"NS"
0.305134293431102,-0.239299373018276,0.681,0.617,1,"RUNX3",0,"NS"
0.305245656158635,0.169033549067843,0.204,0.173,1,"MCM3",0,"NS"
0.305551804240795,-0.0340167576716069,0.552,0.466,1,"IKZF1",0,"NS"
0.305568390979211,0.119845440709797,0.176,0.145,1,"AP1S2",0,"NS"
0.305650443080523,-0.0160188275142347,0.519,0.441,1,"NFATC2",0,"NS"
0.305904104410983,-0.0925780771857245,0.739,0.682,1,"CAPZB",0,"NS"
0.30612609756189,-0.0458383234173658,0.958,0.836,1,"ATXN3",0,"NS"
0.306203506041307,0.156038865120541,0.178,0.148,1,"PDCD2",0,"NS"
0.306389291022397,-0.187299506340674,0.218,0.176,1,"CTNNBL1",0,"NS"
0.306665240674537,-0.182669596905948,0.364,0.296,1,"MAP3K2",0,"NS"
0.30686786294856,-0.202832495134197,0.735,0.667,1,"NUCKS1",0,"NS"
0.307099384848228,-0.0450158677141217,0.232,0.191,1,"IL7R",0,"NS"
0.307449686348215,0.150898586118791,0.11,0.086,1,"EXOC6",0,"NS"
0.307672817787844,-0.0912476897927235,0.225,0.182,1,"KPNA2",0,"NS"
0.307752084780123,0.00364326089897982,0.948,0.806,1,"STAT2",0,"NS"
0.307904488522022,0.38963973640302,0.131,0.108,1,"UNG",0,"NS"
0.307916016005966,-0.0808985077286566,0.12,0.093,1,"CCDC43",0,"NS"
0.308187354493616,-0.070309420668191,0.141,0.111,1,"ALG2",0,"NS"
0.308331478613513,-0.0920841171821777,0.535,0.448,1,"STAG2",0,"NS"
0.308446932912284,0.0507671376179471,0.359,0.309,1,"RAB1A",0,"NS"
0.308466039524603,-0.126993626792311,0.261,0.213,1,"NT5C3",0,"NS"
0.308481027335444,-0.0634251720722652,0.319,0.262,1,"IWS1",0,"NS"
0.308806361698491,-0.371395855150349,0.333,0.34,1,"CHIC2",0,"NS"
0.308969806629653,-0.449637410709233,0.289,0.228,1,"USP7",0,"NS"
0.308971454299746,0.00955357054594397,0.509,0.42,1,"YPEL5",0,"NS"
0.309155517429614,-0.125359483940793,0.155,0.123,1,"ASB1",0,"NS"
0.309646239774171,-0.629676460269931,0.117,0.136,1,"TBPL1",0,"NS"
0.30974689213796,-0.44200581007638,0.174,0.194,1,"EIF1AY",0,"NS"
0.310105046719836,0.0431271957505655,0.404,0.349,1,"UBE2N",0,"NS"
0.310113938489071,-0.189896880726071,0.225,0.179,1,"GALT",0,"NS"
0.31017006237009,-0.895703070278663,0.085,0.102,1,"SNUPN",0,"NS"
0.310281729574535,-0.238556425477493,0.279,0.225,1,"STAM2",0,"NS"
0.310468296383711,0.0444020078120378,0.491,0.407,1,"U2AF1",0,"NS"
0.310516739311808,0.111126421152207,0.934,0.738,1,"LOH12CR2",0,"NS"
0.310686615155461,0.00248615165465638,0.153,0.123,1,"GFM2",0,"NS"
0.311014777931927,0.0547746116589291,0.171,0.139,1,"PSMB5",0,"NS"
0.311047971621311,0.0801021783856589,0.399,0.346,1,"VPS13A",0,"NS"
0.311087543294191,0.0370260450878428,0.204,0.17,1,"CEP290",0,"NS"
0.311417851643299,0.0562373831695391,0.296,0.25,1,"BTLA",0,"NS"
0.311635734464987,-0.0655309047788706,0.822,0.781,1,"SLC38A1",0,"NS"
0.311954240002,-0.0985088772008744,0.214,0.173,1,"ABTB1",0,"NS"
0.312228470995245,-0.0457571163508201,0.108,0.083,1,"SLC16A3",0,"NS"
0.312247635257219,-0.198429671488272,0.514,0.5,1,"CD2BP2",0,"NS"
0.312281330188866,-0.440763001831942,0.235,0.253,1,"COG2",0,"NS"
0.312375427774711,-0.375001183133195,0.162,0.127,1,"SYNJ1",0,"NS"
0.312428086942464,0.000701145248235058,0.148,0.117,1,"DVL2",0,"NS"
0.312762390601962,0.166178698731945,0.181,0.151,1,"OAT",0,"NS"
0.312787644610755,0.0427108309612155,0.303,0.253,1,"PSMC3",0,"NS"
0.31285701058842,-0.498966194346766,0.106,0.127,1,"DUSP6",0,"NS"
0.313016769306794,0.0112596860436101,0.27,0.219,1,"CDC26",0,"NS"
0.313232806836946,-0.200534570503667,0.146,0.114,1,"NEIL2",0,"NS"
0.313300916480697,-0.231161768299633,0.415,0.417,1,"DOK2",0,"NS"
0.313761827403334,-0.229699928223599,0.502,0.472,1,"PRDX1",0,"NS"
0.314139408462598,-0.563835915203972,0.181,0.198,1,"BAX",0,"NS"
0.314154876838864,0.309002039952713,0.19,0.16,1,"ITPRIP",0,"NS"
0.314671066098853,-0.321925224209565,0.472,0.444,1,"CSK",0,"NS"
0.31518888046616,-0.410405999233742,0.279,0.281,1,"ATP6V0D1",0,"NS"
0.315195979900027,-0.323273558028714,0.117,0.142,1,"SH3BGRL2",0,"NS"
0.315430399044092,-0.0679361198016248,0.261,0.216,1,"ECD",0,"NS"
0.315621730075791,-0.124227966825894,0.101,0.077,1,"MAP2K7",0,"NS"
0.316607312422994,0.082955241506951,0.54,0.466,1,"DPP7",0,"NS"
0.3166243916114,0.0127706145647426,0.251,0.21,1,"RALA",0,"NS"
0.316654475520247,0.00253026909033505,0.411,0.34,1,"HDAC1",0,"NS"
0.316814793700731,-0.219574966350155,0.289,0.235,1,"CERKL",0,"NS"
0.317484860865687,-0.0991173780209883,0.174,0.139,1,"PMVK",0,"NS"
0.317654068419893,-0.266375592631258,0.181,0.145,1,"FAM21B",0,"NS"
0.317981523622431,-0.0629318844412843,0.239,0.194,1,"RABGGTB",0,"NS"
0.318315147645344,-0.521613838437503,0.141,0.16,1,"BPGM",0,"NS"
0.318462780865129,-0.122070079448882,0.211,0.173,1,"RANGAP1",0,"NS"
0.318881610183388,0.0042601508667362,0.927,0.772,1,"LETM1",0,"NS"
0.318906850414909,-0.157073515151285,0.185,0.151,1,"KDM3A",0,"NS"
0.318930654756869,0.10368711356404,0.129,0.102,1,"MPST",0,"NS"
0.319198781681408,-0.131409536983797,0.357,0.293,1,"IKBKB",0,"NS"
0.319306658306492,0.116123106914156,0.148,0.12,1,"INPP1",0,"NS"
0.319805707834069,-0.00508420306417934,0.439,0.367,1,"UBE2L3",0,"NS"
0.320038804345272,-0.0405852852785664,0.298,0.25,1,"ARF3",0,"NS"
0.320102174685335,-0.016687057940298,0.35,0.287,1,"NDUFAF3",0,"NS"
0.320202173547245,0.068018731479104,0.153,0.123,1,"DPAGT1",0,"NS"
0.320324822562236,0.0847369113706757,0.11,0.086,1,"MRPS9",0,"NS"
0.320453960354099,-0.262760541958077,0.38,0.309,1,"DOCK11",0,"NS"
0.321004415671886,-0.0896887137207376,0.129,0.102,1,"KLHL18",0,"NS"
0.321053987381754,0.202878819125222,0.183,0.154,1,"EGR2",0,"NS"
0.321126369757719,-0.0236151702920884,0.531,0.454,1,"CELF1",0,"NS"
0.321152296669129,-0.249866946260943,0.401,0.392,1,"SNHG6",0,"NS"
0.321301024820068,-0.297375810766903,0.178,0.204,1,"MS4A6A",0,"NS"
0.32135151721546,-0.0914140748735102,0.143,0.114,1,"RIPK3",0,"NS"
0.321702880410158,-0.353682070091977,0.495,0.478,1,"RASAL3",0,"NS"
0.321751137072972,-0.0905691743127727,0.425,0.355,1,"SCAPER",0,"NS"
0.321907029943419,-0.493717909109896,0.12,0.142,1,"SEC24D",0,"NS"
0.322150550163635,-0.149200668349204,0.108,0.083,1,"KLF9",0,"NS"
0.322173544651518,-0.041508751971476,0.251,0.207,1,"TRAPPC4",0,"NS"
0.322197296459578,-0.0147952096542736,0.333,0.278,1,"DDX39A",0,"NS"
0.322564320035182,0.0351684584715521,0.904,0.759,1,"CHRNB1",0,"NS"
0.323227555233546,-0.120771254490167,0.568,0.46,1,"SEPT9",0,"NS"
0.323268791761332,-0.141318100988627,0.822,0.59,1,"CCDC30",0,"NS"
0.323469035460847,-0.124242499555987,0.688,0.611,1,"CD69",0,"NS"
0.323518063943509,-0.104893843959436,0.235,0.194,1,"HMG20A",0,"NS"
0.323589892532603,-0.571822013122465,0.106,0.08,1,"SECTM1",0,"NS"
0.323655482700076,0.110898220074444,0.228,0.194,1,"SESN3",0,"NS"
0.323765757489317,-0.0296589214663094,0.305,0.253,1,"AP1M1",0,"NS"
0.324479726269137,-0.0201452010398796,0.143,0.114,1,"MRPL12",0,"NS"
0.324934347365863,-0.145307523111563,0.101,0.077,1,"APEX2",0,"NS"
0.324934347365863,-0.245905986524566,0.101,0.077,1,"RECK",0,"NS"
0.325283976223639,-0.183695023569062,0.554,0.509,1,"SRP9",0,"NS"
0.325866268944768,0.062183499062906,0.965,0.88,1,"GK5",0,"NS"
0.326035494710284,-0.0264746441286791,0.96,0.846,1,"PHC3",0,"NS"
0.326095097885733,0.0598414491211695,0.969,0.824,1,"TVP23C",0,"NS"
0.326356181732674,0.0096856532316627,0.136,0.108,1,"LYSMD2",0,"NS"
0.326400967351566,0.0689819698011156,0.124,0.099,1,"BICD1",0,"NS"
0.326476007653579,0.0909709350281365,0.669,0.593,1,"LITAF",0,"NS"
0.327120885855649,-0.339660925948788,0.157,0.123,1,"TRIM11",0,"NS"
0.327242062569887,-0.0817585743242153,0.178,0.145,1,"RPRD1B",0,"NS"
0.327435063326602,0.104124989416652,0.692,0.608,1,"HSPA1B",0,"NS"
0.327701743278943,-0.060898750825102,0.167,0.136,1,"ERO1LB",0,"NS"
0.327790037987374,-0.0876746027941439,0.162,0.13,1,"DSTN",0,"NS"
0.327955660553035,-1.01351578086165,0.153,0.167,1,"SIK1",0,"NS"
0.328180513679463,-0.331626706929145,0.16,0.182,1,"SCPEP1",0,"NS"
0.328346055299238,0.0456456152349902,0.11,0.086,1,"ANGEL1",0,"NS"
0.328370597379536,0.0381713471776302,0.122,0.096,1,"MALSU1",0,"NS"
0.328693329001963,-0.396424025423315,0.244,0.194,1,"OSBPL9",0,"NS"
0.328726570360893,-0.0872533188691971,0.38,0.306,1,"PSMD7",0,"NS"
0.328915172549804,-0.0256379760484323,0.385,0.33,1,"TRPS1",0,"NS"
0.329261542292107,-0.163051489945275,0.401,0.321,1,"CDK11B",0,"NS"
0.329368271341802,0.04696736944377,0.138,0.111,1,"PPIH",0,"NS"
0.329455328493734,-0.247237781213502,0.399,0.398,1,"C14orf2",0,"NS"
0.329486571963637,0.116054665798648,0.136,0.111,1,"TTC38",0,"NS"
0.32968808407795,0.0336484739812621,0.479,0.417,1,"PRPF8",0,"NS"
0.329925697420122,0.0296161041416335,0.176,0.145,1,"ARL6IP6",0,"NS"
0.329971938523193,-0.146199961475603,0.108,0.083,1,"ARMC6",0,"NS"
0.33021799769258,-0.0831465650107232,0.143,0.114,1,"BID",0,"NS"
0.330319209531727,0.125740721741196,0.228,0.198,1,"ODC1",0,"NS"
0.330451640554533,0.100538698899042,0.176,0.145,1,"UNC50",0,"NS"
0.330465271631864,-0.04318867707708,0.117,0.093,1,"FCHO1",0,"NS"
0.330479337656134,-0.145832358407181,0.547,0.494,1,"DDIT4",0,"NS"
0.330615146000035,0.0490526813679508,0.11,0.086,1,"OGFR",0,"NS"
0.330769356470791,0.0277148169560785,0.136,0.108,1,"MRPS33",0,"NS"
0.330777202503703,-0.104371490456932,0.103,0.08,1,"SLC36A1",0,"NS"
0.3308924823039,-0.390531111445878,0.113,0.086,1,"AMACR",0,"NS"
0.330995900655837,-0.52674400852312,0.129,0.148,1,"MPC1",0,"NS"
0.331129427326919,-0.0434760855097418,0.418,0.355,1,"CREB3L2",0,"NS"
0.331165270997084,0.0105435197714464,0.235,0.198,1,"MTA2",0,"NS"
0.331731052045105,0.0441467018480292,0.204,0.17,1,"HIBCH",0,"NS"
0.331783890455705,-0.0075476026304302,0.103,0.08,1,"ANKS3",0,"NS"
0.332132085876369,-0.379552745741318,0.279,0.287,1,"COX14",0,"NS"
0.332382773672024,-0.050742905278493,0.251,0.204,1,"TSG101",0,"NS"
0.332382773672024,-0.0780003596758987,0.249,0.207,1,"AP1B1",0,"NS"
0.332567202228305,-0.597863369459712,0.143,0.111,1,"CCT6P3",0,"NS"
0.333030446289933,-0.00273006422905336,0.214,0.176,1,"HDDC2",0,"NS"
0.333091802090022,-0.151739500191509,0.183,0.148,1,"TMEM107",0,"NS"
0.333260906727415,-0.114491707601668,0.195,0.157,1,"SNAPIN",0,"NS"
0.333265126293656,-0.237839793582951,0.162,0.13,1,"RTEL1",0,"NS"
0.333340468435695,0.0165246108289003,0.164,0.133,1,"TXNDC9",0,"NS"
0.333618686915676,-0.00972480397689246,0.176,0.145,1,"PCMTD2",0,"NS"
0.333663449200822,-0.374836700137587,0.216,0.238,1,"PON2",0,"NS"
0.333687155827286,-0.247966697649537,0.34,0.349,1,"SEC61B",0,"NS"
0.333691619478468,-0.0132138422442469,0.319,0.272,1,"TYK2",0,"NS"
0.33425832184756,-0.201760514373516,0.39,0.312,1,"AFTPH",0,"NS"
0.334298526075203,-0.346451545552356,0.392,0.361,1,"NDUFA3",0,"NS"
0.33447023147515,-0.0181852603928345,0.927,0.812,1,"IL12RB1",0,"NS"
0.334552655881473,-0.11197624316455,0.512,0.426,1,"RASGRP1",0,"NS"
0.334727775218916,-0.0502303655143566,0.192,0.157,1,"EAPP",0,"NS"
0.334785115293744,-0.396147726083897,0.141,0.111,1,"TRAK1",0,"NS"
0.335119639130884,-0.348915645492669,0.181,0.142,1,"PSMD10",0,"NS"
0.335175767986881,-0.164146149640446,0.197,0.164,1,"TENM1",0,"NS"
0.335484014179203,0.048107694467997,0.134,0.108,1,"TMEM106C",0,"NS"
0.335667038926652,-0.259266785496936,0.141,0.111,1,"INSIG2",0,"NS"
0.33582723462089,-0.165327809372229,0.15,0.12,1,"CTDNEP1",0,"NS"
0.335830420593962,-0.0971034595383469,0.103,0.08,1,"ATPAF2",0,"NS"
0.336151198689975,-0.264951235929167,0.211,0.238,1,"DHX38",0,"NS"
0.336176210301017,-0.0251771762736455,0.369,0.315,1,"REST",0,"NS"
0.337122179435653,-0.143216144770445,0.268,0.219,1,"AP4B1",0,"NS"
0.337280717610062,0.0430285616969283,0.237,0.201,1,"PRPF38A",0,"NS"
0.33754205293837,-0.054928347763605,0.134,0.105,1,"OXLD1",0,"NS"
0.337552096133408,-0.361263076978542,0.235,0.25,1,"PSMG2",0,"NS"
0.337745840449681,-0.512158029690586,0.315,0.321,1,"RAB14",0,"NS"
0.337822787698479,0.147935526557796,0.228,0.194,1,"DCTD",0,"NS"
0.338019062022074,-0.0336174834766796,0.322,0.269,1,"METTL17",0,"NS"
0.338239913551261,0.0270404231648441,0.308,0.262,1,"PMPCB",0,"NS"
0.338270339607697,-0.0137943785282313,0.167,0.136,1,"LMBR1",0,"NS"
0.338543789090272,-0.644534389920913,0.113,0.13,1,"COPS4",0,"NS"
0.338732486842562,-0.212688112458871,0.331,0.272,1,"DCAF5",0,"NS"
0.338752272970535,-0.309974873984238,0.214,0.173,1,"MRE11A",0,"NS"
0.338993227986217,-0.0666861080864092,0.338,0.29,1,"BOD1L1",0,"NS"
0.339263109060518,-0.0424836860688682,0.974,0.932,1,"STK17B",0,"NS"
0.339912234457282,-0.206624806055612,0.599,0.565,1,"EIF3A",0,"NS"
0.339938957732403,-0.159180363984886,0.122,0.096,1,"TRNAU1AP",0,"NS"
0.340304865560379,-0.521516027198911,0.195,0.213,1,"ZC3H12A",0,"NS"
0.340611535944592,-0.0514985703521246,0.209,0.173,1,"SRP68",0,"NS"
0.340830786807233,-0.335940585579201,0.11,0.133,1,"SGK1",0,"NS"
0.340849296893371,-0.178825392593553,0.627,0.577,1,"LAG3",0,"NS"
0.340887362826417,-0.0641059939213178,0.197,0.16,1,"RGS14",0,"NS"
0.340981572041488,0.155088785089406,0.167,0.139,1,"MMGT1",0,"NS"
0.34098618254077,0.047484016433843,0.178,0.148,1,"CCDC57",0,"NS"
0.341109801438776,-0.0235996445024224,0.188,0.154,1,"SHMT2",0,"NS"
0.341228317570778,-0.345765636501302,0.127,0.099,1,"SPHK2",0,"NS"
0.341402421320928,-0.00628081466535397,0.277,0.235,1,"PPP1R11",0,"NS"
0.341868882192089,-0.145103082989576,0.124,0.099,1,"SLC7A1",0,"NS"
0.341959518478497,-0.0312217169643871,0.103,0.08,1,"GMNN",0,"NS"
0.341978909002879,-0.598259184485676,0.204,0.219,1,"SAMD3",0,"NS"
0.3420528258865,-0.0444756526133455,0.239,0.201,1,"RNGTT",0,"NS"
0.34226867316887,-0.276642106539076,0.256,0.272,1,"NDUFA12",0,"NS"
0.342535446037434,-0.00475907300987133,0.918,0.762,1,"MRP63",0,"NS"
0.342555334679101,-0.168566517127691,0.153,0.12,1,"EXOSC7",0,"NS"
0.34286319352677,-0.0525166704907458,0.293,0.247,1,"HERC2P2",0,"NS"
0.342990019585107,-0.319664317040061,0.181,0.145,1,"XRCC1",0,"NS"
0.343054696605147,0.104283481152187,0.209,0.176,1,"TMUB2",0,"NS"
0.343061851137768,-0.0743504558378636,0.782,0.698,1,"ARPC4",0,"NS"
0.343171801446415,-0.114777898267456,0.148,0.12,1,"SENP2",0,"NS"
0.343315516963228,-0.170502061442383,0.216,0.176,1,"TYMP",0,"NS"
0.343674666322138,-0.310455520594796,0.103,0.08,1,"GALNT7",0,"NS"
0.343832558045802,0.0964503892181243,0.106,0.083,1,"TMEM223",0,"NS"
0.344139884514651,-0.035618309855929,0.183,0.151,1,"HDHD2",0,"NS"
0.344245206330351,-0.0497573145608394,0.134,0.108,1,"OXSR1",0,"NS"
0.344723175175116,-0.165846824055491,0.528,0.407,1,"ARHGDIA",0,"NS"
0.344777969639572,0.0993358230077841,0.498,0.414,1,"PRDX5",0,"NS"
0.345420843152283,-0.0422487970731108,0.268,0.228,1,"WDFY1",0,"NS"
0.345617487331853,-0.14473307881919,0.913,0.802,1,"LRRFIP1",0,"NS"
0.346876531912619,0.0224745806475476,0.455,0.383,1,"NUCB1",0,"NS"
0.347125845275289,-0.179966324060912,0.148,0.117,1,"MAP1S",0,"NS"
0.347188983145648,-0.514353870395365,0.127,0.099,1,"DBH",0,"NS"
0.347226920187058,-0.278944083771722,0.303,0.247,1,"CD55",0,"NS"
0.347406957731984,-0.133182346774819,0.268,0.219,1,"RSBN1L-AS1",0,"NS"
0.347406992420905,-0.205097179026439,0.146,0.114,1,"ZNF259",0,"NS"
0.347584416068248,-0.0303085559222353,0.228,0.188,1,"CCDC28A",0,"NS"
0.347606020247927,-0.0430847328817492,0.925,0.744,1,"SRSF10",0,"NS"
0.347760795267068,-0.0219021675839848,0.509,0.435,1,"ITSN2",0,"NS"
0.347939216120216,-0.11937251666028,0.167,0.136,1,"CHMP2B",0,"NS"
0.347992006090735,0.0472875136968221,0.932,0.781,1,"FUT1",0,"NS"
0.348092185767881,-0.15934255028042,0.876,0.685,1,"CASP2",0,"NS"
0.348615539987941,-0.26283784266232,0.345,0.346,1,"LAMTOR5",0,"NS"
0.348833943508943,-0.156924133465518,0.15,0.12,1,"ZNF664",0,"NS"
0.349116495969999,0.0629787929170778,0.293,0.25,1,"MRPL51",0,"NS"
0.349194560226781,0.0973288451726534,0.228,0.194,1,"MRPL1",0,"NS"
0.349475017412772,0.0235181099942312,0.967,0.904,1,"GOSR1",0,"NS"
0.349547174747107,-0.208571829160821,0.103,0.08,1,"ACAT1",0,"NS"
0.349566653380065,-0.31166325592357,0.279,0.222,1,"TTC24",0,"NS"
0.349740481545384,-0.0119024776648485,0.162,0.133,1,"ST6GALNAC4",0,"NS"
0.349744403333272,-0.535062530734594,0.096,0.114,1,"BOLA3",0,"NS"
0.349798791528546,-0.609083385858384,0.12,0.093,1,"ZFAND3",0,"NS"
0.350232611007613,-0.0550040157399934,0.329,0.275,1,"NDUFA10",0,"NS"
0.350333064282581,-0.472390928516103,0.16,0.179,1,"EXOSC1",0,"NS"
0.350679843231834,-0.0298495078315479,0.134,0.108,1,"DGKQ",0,"NS"
0.351184301261875,0.113602567021289,0.178,0.151,1,"PYGB",0,"NS"
0.351489064949103,-0.134186099230102,0.871,0.676,1,"TRIM59",0,"NS"
0.351881217369635,-0.165869184578583,0.289,0.235,1,"ARF4",0,"NS"
0.352076014072172,0.0760169093587751,0.211,0.179,1,"ATIC",0,"NS"
0.352076014072172,0.0824078942430225,0.211,0.179,1,"TVP23B",0,"NS"
0.352136285619357,0.0148508754767079,0.167,0.136,1,"HINT2",0,"NS"
0.3525322285811,-0.112442833201088,0.134,0.108,1,"TMEM64",0,"NS"
0.352538561741785,-0.465083954070158,0.223,0.241,1,"SUDS3",0,"NS"
0.3526817838774,-0.154988720376119,0.103,0.08,1,"LPCAT4",0,"NS"
0.352681920543844,0.0547928574633532,0.991,0.935,1,"TRAF3IP2",0,"NS"
0.352708460133108,0.00908804598406632,0.207,0.173,1,"TMEM175",0,"NS"
0.353281162861982,-0.389905936194847,0.155,0.123,1,"NUP133",0,"NS"
0.353336887109878,-0.15975813716514,0.148,0.117,1,"HEIH",0,"NS"
0.353568496397152,-0.609596631243256,0.218,0.228,1,"FAM78A",0,"NS"
0.353810672853731,-0.0259840664283632,0.509,0.432,1,"PTK2B",0,"NS"
0.353862181587272,-0.231250165177318,0.11,0.086,1,"LLGL2",0,"NS"
0.35403171414798,-0.599993680960305,0.103,0.12,1,"PRKAB1",0,"NS"
0.354069526529401,0.0528116507970275,0.434,0.38,1,"CNOT7",0,"NS"
0.354242228516677,-0.0939191821424401,0.65,0.608,1,"PSMA7",0,"NS"
0.35424745371308,0.0934537547747452,0.951,0.775,1,"AKIP1",0,"NS"
0.354336704888927,-0.988695007468904,0.117,0.133,1,"FAF1",0,"NS"
0.354678697607887,-0.247675715771554,0.265,0.284,1,"RPA2",0,"NS"
0.354688838592732,-0.0427463012298471,0.859,0.725,1,"VPS13C",0,"NS"
0.354716774269297,-0.167118204125988,0.207,0.17,1,"WDR74",0,"NS"
0.354784612379477,-0.149065857375555,0.19,0.154,1,"ABCD4",0,"NS"
0.354848097376777,-0.144726135943094,0.629,0.571,1,"TBC1D10C",0,"NS"
0.355813673430522,-0.0142143624035409,0.113,0.09,1,"UBE2E1",0,"NS"
0.356253394646549,-0.308415818427219,0.106,0.127,1,"CORO1C",0,"NS"
0.356718773949176,-0.109635060035421,0.237,0.198,1,"LOC441155",0,"NS"
0.357167611576297,-0.129123374697031,0.216,0.176,1,"GNPTG",0,"NS"
0.357409024925662,-0.0381940542829167,0.197,0.164,1,"SNX29",0,"NS"
0.357533492563728,-0.0492998649148328,0.789,0.744,1,"NCL",0,"NS"
0.357803356098191,-0.227305222509765,0.289,0.235,1,"YTHDC2",0,"NS"
0.357903326048395,-0.178598791348158,0.272,0.222,1,"AIMP1",0,"NS"
0.358005129162576,-0.0590014751292551,0.603,0.543,1,"PPP1CA",0,"NS"
0.358120278042083,-0.350574331285116,0.319,0.25,1,"FRG1",0,"NS"
0.358203292518589,-0.0851725801051457,0.148,0.12,1,"LOC100507577",0,"NS"
0.358416407712898,-0.18239398581642,0.218,0.179,1,"SEC14L1",0,"NS"
0.358440055175075,-0.459766216279773,0.207,0.222,1,"GLIPR1",0,"NS"
0.358598069795329,0.0683725141249889,0.268,0.231,1,"MAPK6",0,"NS"
0.358893549747189,-0.0369876280490209,1,0.966,1,"CHP1",0,"NS"
0.359100211397654,-0.050649710331804,0.148,0.12,1,"ASB7",0,"NS"
0.359610918884977,-0.29342974558585,0.246,0.201,1,"CCDC14",0,"NS"
0.359796418214622,-0.0718708364404519,0.864,0.799,1,"WIPF1",0,"NS"
0.360024523265537,-0.0223477901555621,0.455,0.383,1,"GGNBP2",0,"NS"
0.360072022245066,-0.136282036745249,0.162,0.13,1,"WIBG",0,"NS"
0.360098499539121,-0.481722522823589,0.289,0.293,1,"AMZ2",0,"NS"
0.360229725618634,-0.151399190753766,0.122,0.096,1,"FLYWCH2",0,"NS"
0.360258454743395,0.037340644986595,0.181,0.151,1,"RAB35",0,"NS"
0.360272473075792,-0.137007626176669,0.131,0.105,1,"POMT1",0,"NS"
0.360328180028468,0.0277355742235048,0.683,0.599,1,"DTHD1",0,"NS"
0.360728726696201,-0.389303793440387,0.303,0.306,1,"ORMDL3",0,"NS"
0.360766435603206,-0.347202573414792,0.256,0.265,1,"RHOG",0,"NS"
0.361012520523747,0.0835356733468151,0.988,0.907,1,"PNPO",0,"NS"
0.361756161770459,-0.0763518506490342,0.207,0.173,1,"PTTG1IP",0,"NS"
0.362086865363074,-0.273335015327595,0.603,0.549,1,"FUBP1",0,"NS"
0.362145695815753,-0.0463256214278959,0.465,0.389,1,"EPC1",0,"NS"
0.362443513187033,-0.310389438455586,0.2,0.16,1,"METAP1",0,"NS"
0.362448116918662,-0.0203830812525656,0.143,0.117,1,"TUT1",0,"NS"
0.362600877468127,-0.22421165717911,0.523,0.485,1,"SELPLG",0,"NS"
0.362852291207296,0.243658395061074,0.143,0.12,1,"CHI3L2",0,"NS"
0.362929904120683,-0.00181213056321128,0.218,0.185,1,"YWHAG",0,"NS"
0.362935525011113,-0.430299661633106,0.127,0.145,1,"GSS",0,"NS"
0.363958479975797,-0.276505932817659,0.343,0.355,1,"P2RY10",0,"NS"
0.364172103686285,-0.198694526948773,0.195,0.157,1,"DANCR",0,"NS"
0.364335001878637,-0.473819726669789,0.209,0.222,1,"ORMDL2",0,"NS"
0.364447746893172,-0.136920911988248,0.345,0.287,1,"LRCH3",0,"NS"
0.364610353754069,-0.00335422949236309,0.237,0.198,1,"NDUFA9",0,"NS"
0.36489144375581,-0.217517350847402,0.631,0.494,1,"USP15",0,"NS"
0.364909810463517,0.0606016435553589,0.223,0.188,1,"TIMM17B",0,"NS"
0.364969680603026,0.0341408922333003,0.923,0.765,1,"TRAF3IP2-AS1",0,"NS"
0.365003474601077,-0.133079031226577,0.277,0.235,1,"CNST",0,"NS"
0.365308106917311,-0.229541070081557,0.225,0.25,1,"LYPLA1",0,"NS"
0.365622075818461,0.0576058649364675,0.451,0.373,1,"PSMD8",0,"NS"
0.365998991766984,-0.024384461338391,0.113,0.09,1,"NSUN3",0,"NS"
0.366016973547784,-0.320555389642601,0.117,0.093,1,"AGPAT3",0,"NS"
0.366145304138216,0.0161148373971992,0.455,0.398,1,"RBCK1",0,"NS"
0.366265396925531,-0.0415954590841187,0.333,0.281,1,"SLMO2",0,"NS"
0.366457810298786,-0.02982404661119,0.385,0.324,1,"RHBDD2",0,"NS"
0.36697733216296,0.0128040004272474,0.204,0.173,1,"DKC1",0,"NS"
0.367156915050877,0.00471554401261534,0.239,0.204,1,"SLC35A4",0,"NS"
0.367221948697937,-0.561880329106273,0.096,0.114,1,"PRIM1",0,"NS"
0.367302903045187,-0.49554669840013,0.085,0.102,1,"ISOC2",0,"NS"
0.367302903045187,-0.567824454206524,0.085,0.102,1,"PTPN9",0,"NS"
0.36775336456036,0.298888482560091,0.103,0.083,1,"GPD1L",0,"NS"
0.367761517435897,-0.0620101756687713,0.545,0.46,1,"TLK1",0,"NS"
0.368036167201,-0.255136165030075,0.268,0.29,1,"PLEKHO2",0,"NS"
0.368360973832607,-0.0559411562091258,0.3,0.256,1,"PPP6R1",0,"NS"
0.368378562857228,-0.0604483291819589,0.169,0.139,1,"TMEM87B",0,"NS"
0.368561289122282,-0.256562666293767,0.131,0.105,1,"ANKRD54",0,"NS"
0.368561289122282,-0.160094872025921,0.131,0.105,1,"NLRP6",0,"NS"
0.368607437287616,-0.0250163251821548,0.3,0.25,1,"CTSA",0,"NS"
0.369272241527457,-0.40882626557948,0.113,0.133,1,"C3orf38",0,"NS"
0.369279745004823,-0.0275294020703956,0.214,0.179,1,"MAP2K5",0,"NS"
0.36928135218648,-0.318176141541863,0.371,0.364,1,"ZC3H15",0,"NS"
0.36982812503085,0.0526935903755361,0.57,0.506,1,"YWHAQ",0,"NS"
0.370769953150238,-0.0497187426569872,0.808,0.744,1,"SEPT7",0,"NS"
0.371159192539282,-0.101266105413226,0.113,0.09,1,"METTL21D",0,"NS"
0.371244585580109,0.182666823819705,0.155,0.13,1,"MGAT2",0,"NS"
0.371501569266122,-0.0937439838839018,0.897,0.83,1,"ITGAL",0,"NS"
0.371609272912334,-0.315997459386732,0.481,0.435,1,"NDUFV2",0,"NS"
0.372245121028263,-0.425930797527617,0.317,0.315,1,"ANKRD32",0,"NS"
0.372886326037453,-0.108265958550247,0.228,0.188,1,"SEC23B",0,"NS"
0.373295672486542,-0.14990091558831,0.822,0.623,1,"METTL6",0,"NS"
0.37364515208752,-0.187921945218462,0.462,0.432,1,"KRTCAP2",0,"NS"
0.373850188397963,-0.702127955692066,0.087,0.102,1,"NUDT2",0,"NS"
0.374366782299145,-0.289643414592734,0.16,0.13,1,"YKT6",0,"NS"
0.374469669370824,-0.0312130347364095,0.906,0.744,1,"RNF7",0,"NS"
0.374646327593694,-0.0842869740651339,0.202,0.167,1,"TIMM17A",0,"NS"
0.374698192974953,0.00702365174280906,0.376,0.324,1,"PPM1G",0,"NS"
0.375180062067525,0.129317387840771,0.148,0.123,1,"SGSM2",0,"NS"
0.375303081795551,-0.00861992237442255,0.169,0.139,1,"OAZ2",0,"NS"
0.375359215670123,-0.0225609805219555,0.122,0.099,1,"POGK",0,"NS"
0.37565233138123,-0.0508172129730697,0.211,0.176,1,"QKI",0,"NS"
0.375704701240965,-0.447031344353263,0.134,0.105,1,"RPL23AP7",0,"NS"
0.375741735849558,-0.0315235779666558,0.817,0.787,1,"EIF4A2",0,"NS"
0.376535038912138,-0.320348806138746,0.214,0.176,1,"WDR7",0,"NS"
0.376580567831546,-0.0449361040598905,0.258,0.219,1,"SUCLG1",0,"NS"
0.37681908113419,-0.0386271675296458,0.282,0.228,1,"DGUOK",0,"NS"
0.377258555697269,-0.139538352825065,0.336,0.275,1,"SRP19",0,"NS"
0.377293831934242,-0.255426617050112,0.333,0.336,1,"CLTA",0,"NS"
0.37732631464499,0.00529956806252097,0.146,0.12,1,"MFN1",0,"NS"
0.377610943319637,-0.0141996425999337,0.317,0.262,1,"MAF1",0,"NS"
0.378638920445476,0.0163567468756201,0.138,0.114,1,"FARSB",0,"NS"
0.378973421203051,-0.0342451474429448,0.847,0.772,1,"DAZAP2",0,"NS"
0.379194827435893,0.0145803270509852,0.991,0.938,1,"PPM1K",0,"NS"
0.379211470993133,-0.215194193945482,0.181,0.148,1,"HECTD3",0,"NS"
0.379471584210072,-0.366218236830869,0.444,0.432,1,"AFF4",0,"NS"
0.379540173996053,-0.0707946795789935,0.129,0.105,1,"MYCBP",0,"NS"
0.3795605184005,-0.190001893479083,0.235,0.188,1,"TMEM134",0,"NS"
0.379774097839841,-0.293691409285904,0.202,0.164,1,"KDM4A",0,"NS"
0.380276256532224,-0.403026348922155,0.106,0.083,1,"RYK",0,"NS"
0.3807378769133,-0.166308693672563,0.148,0.12,1,"NAT10",0,"NS"
0.380850974325018,-0.109954818165285,0.185,0.154,1,"R3HDM4",0,"NS"
0.381027093524886,-0.0482590796045117,0.143,0.117,1,"ACAD8",0,"NS"
0.381082175641421,0.0429362816440479,0.545,0.454,1,"PSMA1",0,"NS"
0.381262526798516,-0.336186692963724,0.12,0.096,1,"CARM1",0,"NS"
0.381332496723635,-0.619620078873192,0.148,0.164,1,"MPDU1",0,"NS"
0.381358370570839,0.0370608723043302,0.664,0.577,1,"PRPF38B",0,"NS"
0.381696897360148,0.119257221031912,0.96,0.809,1,"AGMAT",0,"NS"
0.381912689922298,-0.120042777142326,0.228,0.185,1,"VRK3",0,"NS"
0.38214201089822,-0.0566389423565101,0.477,0.38,1,"CYBA",0,"NS"
0.38225215827607,-0.139999593148751,0.913,0.75,1,"KIAA0226",0,"NS"
0.382274123418368,-0.0383211866035702,0.101,0.08,1,"PPM1F",0,"NS"
0.382317581058539,-0.168799991592848,0.113,0.09,1,"UQCC",0,"NS"
0.382899715776342,-0.267012080309785,0.249,0.204,1,"PSMD12",0,"NS"
0.382975068444451,-0.351008075270737,0.263,0.213,1,"IL4R",0,"NS"
0.38304113487252,-0.000461628997181385,0.197,0.167,1,"CHCHD3",0,"NS"
0.383304113516635,-0.139733095372152,0.573,0.528,1,"PSMB4",0,"NS"
0.383387559088661,0.0970364932894558,0.918,0.759,1,"EMC1",0,"NS"
0.38389410436798,-0.186857284062738,0.085,0.105,1,"PCBD1",0,"NS"
0.383988379588113,-0.729294970185718,0.103,0.12,1,"CLOCK",0,"NS"
0.384160115178811,-0.0174974376051328,0.519,0.441,1,"DGKA",0,"NS"
0.384671235136375,-0.427983724997832,0.122,0.096,1,"INO80C",0,"NS"
0.384703043713296,0.0642322649823799,0.136,0.111,1,"ANXA2R",0,"NS"
0.384714336457978,-0.383548590266916,0.214,0.173,1,"FTSJ3",0,"NS"
0.384823953661924,-0.019780197114067,0.749,0.63,1,"UBE2V1",0,"NS"
0.384848691610466,-0.0443596436759934,0.993,0.948,1,"GPI",0,"NS"
0.385004604662639,-0.0816747865746547,0.324,0.269,1,"RSL24D1",0,"NS"
0.385102010505356,0.140656425103982,0.103,0.083,1,"CHIC1",0,"NS"
0.385159091175097,-0.099789998879162,0.15,0.123,1,"OSGEP",0,"NS"
0.385974291016747,0.130778284601289,0.244,0.216,1,"VPS35",0,"NS"
0.386004956628357,-0.0921946021305273,0.415,0.355,1,"RAP2B",0,"NS"
0.386039172322282,-0.700258016759902,0.122,0.096,1,"LOC146880",0,"NS"
0.386278012795582,0.08394494140765,0.228,0.198,1,"ZNF22",0,"NS"
0.386370935947029,-0.416051327997488,0.221,0.235,1,"ADH5",0,"NS"
0.386646422012269,-0.016333603719321,0.329,0.284,1,"RFX5",0,"NS"
0.386994307638945,0.0537297579061486,0.556,0.457,1,"PSMB1",0,"NS"
0.387127326609303,-0.604031207944081,0.174,0.188,1,"TIPARP",0,"NS"
0.387756737214976,-0.275721722899843,0.127,0.102,1,"ERF",0,"NS"
0.387909311202053,-0.528226217773337,0.239,0.247,1,"TRIM26",0,"NS"
0.388611028599335,-0.115082299970054,0.521,0.423,1,"RPN1",0,"NS"
0.388960790971308,0.126286374050321,0.15,0.127,1,"CRY1",0,"NS"
0.389224589724675,-0.0292177581155852,0.538,0.463,1,"ZNF638",0,"NS"
0.389750843339206,-0.67055630243748,0.096,0.111,1,"MNF1",0,"NS"
0.390085150890959,-0.109244950563093,0.101,0.08,1,"LOC100132707",0,"NS"
0.390508271338945,0.00470094371434793,0.838,0.713,1,"HLA-DPB1",0,"NS"
0.390580801093153,0.0607955935322457,0.117,0.096,1,"REEP4",0,"NS"
0.390712142629663,-0.0806243371159375,0.441,0.383,1,"TTC17",0,"NS"
0.391121694946629,-0.0012186095039739,0.723,0.599,1,"ATF7IP",0,"NS"
0.39127407437856,-0.270881275609105,0.115,0.093,1,"UBR3",0,"NS"
0.391314411176188,-0.190086883628455,0.472,0.441,1,"SNURF",0,"NS"
0.391479383785777,-0.101619201249069,0.986,0.926,1,"XAF1",0,"NS"
0.391734662430966,0.028996412822254,0.103,0.083,1,"DNAJC5",0,"NS"
0.392195251175945,-0.289262701623711,0.437,0.429,1,"SUN2",0,"NS"
0.393412960185607,-0.458551050538692,0.319,0.253,1,"BTG3",0,"NS"
0.393509155836162,-0.153973430365445,0.242,0.204,1,"ZBTB4",0,"NS"
0.393853139650923,-0.148333640906665,0.277,0.231,1,"PCNX",0,"NS"
0.394829203816339,-0.0482669392578395,0.46,0.389,1,"DNAJB14",0,"NS"
0.394996500140535,-0.885650005819631,0.153,0.12,1,"FASN",0,"NS"
0.395493827321232,-0.458769321326193,0.178,0.194,1,"ENOPH1",0,"NS"
0.395701489481507,0.0533153311830727,0.634,0.546,1,"IRF9",0,"NS"
0.395847486489201,-0.336118329397586,0.122,0.142,1,"RNF214",0,"NS"
0.396001728712453,-0.148821047528269,0.486,0.395,1,"DGKZ",0,"NS"
0.396309639547128,-0.579840768404281,0.092,0.108,1,"AMPD2",0,"NS"
0.397073373241912,-0.00521808355403511,0.228,0.194,1,"GTF2F2",0,"NS"
0.397477434011163,0.455496123424332,0.101,0.083,1,"SLC10A7",0,"NS"
0.398298740188653,0.0370662141661517,0.993,0.969,1,"MDM4",0,"NS"
0.398354781152593,-0.0517780706035327,0.268,0.225,1,"FKBP3",0,"NS"
0.398588168452164,0.120986850695599,0.127,0.105,1,"TMEM14A",0,"NS"
0.398868716901132,0.179496672506016,0.225,0.201,1,"C22orf28",0,"NS"
0.399180642574338,-0.346658702615694,0.157,0.176,1,"MRPS36",0,"NS"
0.399360978975023,-0.10901792412919,0.195,0.164,1,"SNRK",0,"NS"
0.399518850064198,-0.0211312217645856,0.176,0.148,1,"FBRS",0,"NS"
0.39953203328741,-0.212653798342087,0.15,0.12,1,"ZFAND2A",0,"NS"
0.399659183192904,0.0459658945629751,0.413,0.364,1,"ATP6AP2",0,"NS"
0.399950678733405,-0.366244892815346,0.23,0.241,1,"ZMAT2",0,"NS"
0.399969693650108,-0.0537375724476964,0.239,0.204,1,"BET1L",0,"NS"
0.400213545868028,-0.210250133178987,0.207,0.173,1,"HIVEP1",0,"NS"
0.400732897719127,-0.309319871282605,0.16,0.133,1,"C5orf42",0,"NS"
0.402464582103989,-0.328757660681061,0.535,0.485,1,"CTBP1",0,"NS"
0.403176793561554,0.0129497596989573,0.319,0.272,1,"METTL23",0,"NS"
0.403370029012842,-0.021108746497421,0.272,0.235,1,"NSUN2",0,"NS"
0.403374126031049,-0.14951739030616,0.383,0.321,1,"HDLBP",0,"NS"
0.40338165716026,-0.160518216770253,0.115,0.093,1,"NFIL3",0,"NS"
0.403661894614716,-0.0154287858813601,0.434,0.373,1,"YARS",0,"NS"
0.40385801931536,-0.221901157789524,0.108,0.086,1,"LOC100132273",0,"NS"
0.40432984441813,-0.0543859633920702,0.894,0.759,1,"SYNRG",0,"NS"
0.404363508058237,-0.165398549577977,0.167,0.136,1,"WDR54",0,"NS"
0.404497805327546,-0.102502022103178,0.39,0.33,1,"FAM102A",0,"NS"
0.404749097481201,-0.315974196920947,0.258,0.262,1,"PYCARD",0,"NS"
0.404834406142822,0.0825577385064818,0.315,0.278,1,"SF3B14",0,"NS"
0.404886926370946,-0.249275173012342,0.136,0.157,1,"MT1F",0,"NS"
0.40569699300045,0.0941161414072842,0.129,0.105,1,"MYH11",0,"NS"
0.406201114325999,-0.436232098830849,0.167,0.136,1,"BCL2L13",0,"NS"
0.407751730233458,-0.108539179360991,0.561,0.528,1,"HLA-DMA",0,"NS"
0.40779750598519,-0.237372067897659,0.204,0.17,1,"RHBDF2",0,"NS"
0.407826339926092,-0.348227166028649,0.239,0.198,1,"HELB",0,"NS"
0.407885963947893,-0.0366751371128458,0.117,0.096,1,"HAUS4",0,"NS"
0.407936976760635,-0.543298437101474,0.296,0.296,1,"CHST11",0,"NS"
0.408422269632372,-0.0327529010308069,0.462,0.41,1,"GATAD2B",0,"NS"
0.409143029638894,-0.429282009803478,0.223,0.235,1,"DUT",0,"NS"
0.409490057040545,-0.113100208539988,0.162,0.133,1,"PDCL3",0,"NS"
0.409843718285465,-0.0372260328756333,0.162,0.136,1,"MED24",0,"NS"
0.410308263975502,0.0369483579516604,0.477,0.41,1,"SEPT15",0,"NS"
0.410432776668574,-0.246532000068133,0.209,0.173,1,"METTL14",0,"NS"
0.410491067247797,-0.0521846848973484,0.239,0.201,1,"C19orf10",0,"NS"
0.410503277776642,-0.26709368882231,0.129,0.105,1,"OTUD6B",0,"NS"
0.410624364970362,0.0362338217545136,0.399,0.336,1,"GABARAPL2",0,"NS"
0.411281007944568,-0.293971951904823,0.19,0.21,1,"MAEA",0,"NS"
0.411416017313307,-0.0874560810298077,0.256,0.216,1,"OTUD5",0,"NS"
0.411529450008376,-0.120016711893462,0.138,0.114,1,"RFXANK",0,"NS"
0.412314139222309,-0.17003167521397,0.42,0.352,1,"RICTOR",0,"NS"
0.413080819893524,-0.144047188436463,0.324,0.278,1,"UBE3A",0,"NS"
0.413130529085257,-0.215971609335089,0.643,0.565,1,"RBM6",0,"NS"
0.413386039380065,0.0911773869396815,0.93,0.762,1,"UTP11L",0,"NS"
0.41344586039317,-0.228581183175791,0.378,0.312,1,"SBF1",0,"NS"
0.413498060645626,-0.298740796579435,0.265,0.275,1,"MEA1",0,"NS"
0.413510195578182,0.160953560117593,0.131,0.111,1,"CNOT6",0,"NS"
0.413593893999061,-0.0713001119113176,0.167,0.139,1,"GMFB",0,"NS"
0.413624771262592,-0.11571318892161,0.533,0.512,1,"SNAP47",0,"NS"
0.414479285546514,-0.120945736758388,0.343,0.293,1,"PLCB2",0,"NS"
0.414487965023211,-0.126896025788203,0.239,0.201,1,"CLPTM1",0,"NS"
0.415258644191658,-0.251617915721792,0.101,0.08,1,"FLJ12334",0,"NS"
0.416161494897334,0.260470752930648,0.101,0.083,1,"ZNF3",0,"NS"
0.416527268380723,-0.100028022142192,0.141,0.117,1,"ELF4",0,"NS"
0.416531929578844,-0.283859082726794,0.359,0.293,1,"PPWD1",0,"NS"
0.416842766619294,-0.327875087571568,0.272,0.278,1,"CASP1",0,"NS"
0.417642752738317,-0.237631714112559,0.164,0.139,1,"ZNF827",0,"NS"
0.417861442065835,-0.157224308599645,0.141,0.117,1,"RETSAT",0,"NS"
0.417985508531123,-0.146039446204723,0.214,0.179,1,"PPP5C",0,"NS"
0.418157552526725,-0.545664525837162,0.12,0.096,1,"SLC46A1",0,"NS"
0.418182272303091,-0.258794609895114,0.235,0.253,1,"TNFSF8",0,"NS"
0.418475923858534,-0.0132594901536719,0.458,0.398,1,"PFKP",0,"NS"
0.418565533802833,-0.177992236242215,0.103,0.083,1,"PCCA",0,"NS"
0.418702853017498,-0.118355739984939,0.117,0.096,1,"MRPL2",0,"NS"
0.418874801259131,-0.103353542469309,0.174,0.145,1,"ZBTB25",0,"NS"
0.418881589041714,-0.266314242913097,0.204,0.17,1,"HYOU1",0,"NS"
0.418979116889968,-0.17696862237219,0.329,0.278,1,"GLYR1",0,"NS"
0.419056882729917,-0.396812203370233,0.16,0.176,1,"ACSF3",0,"NS"
0.41968616820749,0.0368265346832571,0.181,0.154,1,"ACTL6A",0,"NS"
0.419732517602936,-0.112379246274708,0.237,0.201,1,"POGLUT1",0,"NS"
0.420207316686988,0.0235330943767316,0.538,0.444,1,"CCL3L3",0,"NS"
0.420536331153187,-0.190153370981789,0.246,0.204,1,"SNRNP40",0,"NS"
0.420714337137542,-0.205045601626172,0.19,0.16,1,"BTBD9",0,"NS"
0.421260854008013,-0.244272483499642,0.174,0.142,1,"RNASEH1",0,"NS"
0.421269649866504,0.0892834356983195,0.129,0.108,1,"BCKDK",0,"NS"
0.421996256383141,-0.128722572403509,0.425,0.37,1,"AFF1",0,"NS"
0.422077472620997,0.0691124885578882,0.106,0.086,1,"PAPSS1",0,"NS"
0.422246107652304,-0.160647160659925,0.174,0.145,1,"EIF4E3",0,"NS"
0.423362930662428,-0.0434486061043526,0.12,0.099,1,"LOC202181",0,"NS"
0.423457377505808,-0.567877454455628,0.298,0.299,1,"PTPN4",0,"NS"
0.423979794010075,-0.517776300024669,0.284,0.284,1,"DCTN2",0,"NS"
0.424030733358505,-0.362938585741277,0.148,0.12,1,"FANCL",0,"NS"
0.424149231759771,-0.281365664246976,0.108,0.086,1,"CMIP",0,"NS"
0.424772095838267,-0.614109497690131,0.106,0.083,1,"GPR75-ASB3",0,"NS"
0.42493601385271,0.0435708490293893,0.484,0.423,1,"MVP",0,"NS"
0.425277994905708,-0.161430095771768,0.277,0.231,1,"CRTC3",0,"NS"
0.425669045554938,-0.230179571931883,0.192,0.16,1,"CTNNA1",0,"NS"
0.425808405921863,-0.0405980957587058,0.439,0.361,1,"BANF1",0,"NS"
0.426082534712056,0.0651091072053626,0.962,0.852,1,"METTL2A",0,"NS"
0.426133721704803,-0.67899907601738,0.157,0.17,1,"IKZF4",0,"NS"
0.426318537741643,-0.142644453715866,0.155,0.13,1,"HSPA13",0,"NS"
0.426873585545469,0.0796459551498774,0.474,0.429,1,"SERINC3",0,"NS"
0.426885654435013,-0.0525898787361949,0.873,0.799,1,"CDC42SE2",0,"NS"
0.426935467360449,0.00678218860097579,0.296,0.259,1,"FYCO1",0,"NS"
0.427054614710646,-0.257862713937059,0.12,0.139,1,"ZBTB2",0,"NS"
0.427476668487607,-0.262620413291945,0.117,0.096,1,"SURF6",0,"NS"
0.42773919434562,-0.560256624432095,0.108,0.123,1,"HARS2",0,"NS"
0.428139168202943,-0.0375585512099692,0.594,0.512,1,"INPP5D",0,"NS"
0.428878487834987,0.0500997157310269,0.965,0.818,1,"PGPEP1",0,"NS"
0.42890926109684,0.0511591461144479,0.359,0.315,1,"RHOC",0,"NS"
0.429104387677508,-0.0741346694443916,0.756,0.71,1,"TRIM22",0,"NS"
0.429508611130138,-0.0120979459189123,0.216,0.185,1,"SNX2",0,"NS"
0.430296454870823,-0.0179850263770304,0.225,0.194,1,"MXD4",0,"NS"
0.43068809532759,0.049429184282784,0.333,0.278,1,"ATP6V1F",0,"NS"
0.430982000481682,-0.11493002659237,0.458,0.37,1,"EIF1B",0,"NS"
0.431617433477329,-0.265087667599428,0.296,0.244,1,"NISCH",0,"NS"
0.43179120547462,-0.585009238987488,0.087,0.102,1,"PUS7L",0,"NS"
0.432352691855901,-0.475347331854057,0.148,0.12,1,"MAP3K3",0,"NS"
0.432449105184474,0.0546407627487842,0.984,0.898,1,"ZNF850",0,"NS"
0.432830433945882,-0.0607359374180749,0.12,0.099,1,"ZDHHC7",0,"NS"
0.432938281944123,-0.0266585692051999,0.134,0.111,1,"ELP4",0,"NS"
0.43315602105665,-0.215659610326712,0.467,0.451,1,"MAP1LC3B",0,"NS"
0.433364427755044,0.0378962383949479,0.955,0.873,1,"LIMS1",0,"NS"
0.433818696832909,-0.0544678175807817,0.401,0.346,1,"GAK",0,"NS"
0.434101986730843,-0.0267392438939786,0.359,0.315,1,"DERL1",0,"NS"
0.434164653078066,0.13912620173633,0.101,0.083,1,"MZT2A",0,"NS"
0.434274136282004,-0.247948304979791,0.674,0.602,1,"ZBTB38",0,"NS"
0.434622058402593,-0.0207939539753263,0.261,0.222,1,"RAB4B",0,"NS"
0.434626689621536,0.042592528465372,0.523,0.463,1,"BRWD1",0,"NS"
0.434958624698974,-0.266084589875972,0.178,0.142,1,"ALKBH7",0,"NS"
0.435407121139533,-0.0537040323034883,0.176,0.151,1,"RPTOR",0,"NS"
0.43549915802981,-0.335465899556126,0.115,0.133,1,"TFPT",0,"NS"
0.435686952626883,-0.0336995924526531,0.92,0.806,1,"KIF1C",0,"NS"
0.436082874888611,-0.554269091047323,0.117,0.133,1,"BBS4",0,"NS"
0.436295842497547,0.00641797340829153,0.958,0.806,1,"LOC100507173",0,"NS"
0.436323842346712,-0.220568544744379,0.197,0.164,1,"AAGAB",0,"NS"
0.436463504404399,-0.404094196592015,0.16,0.176,1,"DCTN6",0,"NS"
0.436509117530187,0.0663918746780195,0.927,0.781,1,"SMIM12",0,"NS"
0.436677978066062,-0.418093222532351,0.19,0.201,1,"DPY30",0,"NS"
0.436760963164815,-0.164282268612773,0.155,0.13,1,"C1orf131",0,"NS"
0.436802673843097,-0.0937435846174568,0.141,0.117,1,"EFTUD1",0,"NS"
0.436987990497827,-0.355172117547928,0.202,0.213,1,"GTF3C6",0,"NS"
0.437271672970272,-0.274459527125465,0.223,0.185,1,"P2RY8",0,"NS"
0.437292947037978,-0.310400323891853,0.225,0.188,1,"IPO7",0,"NS"
0.437508177684606,-0.174423468974625,0.218,0.185,1,"ZC3H7B",0,"NS"
0.437900588495064,-0.342354126972956,0.216,0.228,1,"GPAA1",0,"NS"
0.438212524659811,-0.0247803007710794,0.486,0.407,1,"ARPC5L",0,"NS"
0.438623977968158,-0.0545165353576683,0.256,0.216,1,"NDUFA7",0,"NS"
0.438992074129291,0.0222738928503627,0.988,0.957,1,"IRF1",0,"NS"
0.43920011335651,0.0542825069795276,0.721,0.614,1,"EWSR1",0,"NS"
0.439573721182569,-0.214546371695338,0.446,0.355,1,"GBP1",0,"NS"
0.439900754895319,-0.0179071566955935,0.455,0.401,1,"STIP1",0,"NS"
0.440133400257756,-0.110526350748337,0.138,0.114,1,"COMMD5",0,"NS"
0.440223762421885,-0.499402943743034,0.209,0.219,1,"PSMD14",0,"NS"
0.440625085298868,-0.314733355488045,0.523,0.494,1,"SLTM",0,"NS"
0.44067352317343,-0.000410618511095251,0.962,0.855,1,"SMU1",0,"NS"
0.441342875220348,-0.41383471315034,0.11,0.09,1,"INO80",0,"NS"
0.441550173697953,-0.03519357988339,0.209,0.179,1,"RNF40",0,"NS"
0.441663066463756,-0.309851421501287,0.103,0.083,1,"STK11IP",0,"NS"
0.441834443612273,-0.0665467442448177,0.181,0.151,1,"ALKBH6",0,"NS"
0.442295792665577,-0.285531818387009,0.195,0.16,1,"CLUHP3",0,"NS"
0.442548030864154,0.0659627740481041,0.599,0.528,1,"RASSF5",0,"NS"
0.442558245272571,0.200857428518938,0.103,0.086,1,"ICA1",0,"NS"
0.442602594197443,-0.11323925937877,0.195,0.164,1,"DNAJC2",0,"NS"
0.442931522465457,0.0763273474234858,0.101,0.083,1,"KCTD5",0,"NS"
0.443108047139985,-0.165978396728321,0.509,0.414,1,"GDI1",0,"NS"
0.443929599510214,-0.189316750158462,0.5,0.398,1,"GPSM3",0,"NS"
0.444082929962565,-0.700566851198391,0.155,0.167,1,"REV1",0,"NS"
0.444239918489868,0.0087148946151562,0.258,0.225,1,"SLBP",0,"NS"
0.444288161925387,-0.034339370660932,0.275,0.235,1,"U2AF1L4",0,"NS"
0.444494447624818,-0.28981654732485,0.239,0.201,1,"N4BP1",0,"NS"
0.444564268193638,-0.213160334667196,0.256,0.21,1,"B4GALT3",0,"NS"
0.444634672575558,-0.675981668878056,0.282,0.281,1,"BRD4",0,"NS"
0.444676321269426,-0.0863748516328624,0.965,0.886,1,"IDS",0,"NS"
0.444985620800579,-0.255821255199768,0.265,0.222,1,"VAV1",0,"NS"
0.444996362735344,-0.295266026601886,0.106,0.123,1,"RPUSD4",0,"NS"
0.445017752859517,-0.0683681092196378,0.401,0.355,1,"PDS5A",0,"NS"
0.445213170607558,-0.228451478310068,0.216,0.182,1,"KIF21B",0,"NS"
0.445237506163593,-0.254872470935928,0.254,0.21,1,"DCK",0,"NS"
0.445251785227066,-0.0142041188487008,0.415,0.358,1,"SCP2",0,"NS"
0.445299258682792,-0.124673382686541,0.192,0.157,1,"MRPL55",0,"NS"
0.445365269857656,-0.333340464989686,0.261,0.262,1,"TALDO1",0,"NS"
0.445628836326532,-0.00645492198981992,0.256,0.222,1,"ALDH9A1",0,"NS"
0.446048061412172,-0.0215017724923108,0.129,0.108,1,"GFI1",0,"NS"
0.446308207494232,-0.122602868997877,0.35,0.302,1,"POGZ",0,"NS"
0.446328677655136,-0.287131444681062,0.331,0.324,1,"POLR1D",0,"NS"
0.44635817377826,-0.170144211130817,0.512,0.426,1,"GNG2",0,"NS"
0.446420244198247,-0.0418263858988289,0.263,0.228,1,"CCDC47",0,"NS"
0.446448350225771,-0.196057692046883,0.167,0.139,1,"ZNF672",0,"NS"
0.447283122025818,-0.0763758525180387,0.232,0.198,1,"RCN2",0,"NS"
0.448006207708758,0.00366119915290197,0.12,0.099,1,"R3HCC1",0,"NS"
0.448284236383867,-0.186383003638179,0.439,0.42,1,"SNRPN",0,"NS"
0.448624254589038,-0.417409521308354,0.554,0.488,1,"UBE2B",0,"NS"
0.448703073090227,0.0505075768865868,0.533,0.426,1,"ECH1",0,"NS"
0.448966511180191,0.0750289787405878,0.101,0.083,1,"ETAA1",0,"NS"
0.449011079027222,-0.0814398326675445,0.282,0.244,1,"NUP153",0,"NS"
0.44941484375986,0.0494986108189599,0.528,0.441,1,"C9orf16",0,"NS"
0.450017719472057,-0.0740739372439694,0.608,0.509,1,"TP53INP1",0,"NS"
0.450118496679677,-0.210046428309099,0.387,0.321,1,"RFC1",0,"NS"
0.450868920671501,-0.231963477991709,0.237,0.201,1,"PITRM1",0,"NS"
0.450979759111059,-0.555953748894343,0.235,0.241,1,"CORO7",0,"NS"
0.452055661709153,-0.0941605841872576,0.277,0.238,1,"CUL4A",0,"NS"
0.45245128303771,-0.518451132402732,0.162,0.176,1,"MTMR6",0,"NS"
0.452814318899585,-0.195548371897852,0.277,0.235,1,"SYMPK",0,"NS"
0.453383615414869,-0.310735179930146,0.11,0.09,1,"DTYMK",0,"NS"
0.453458458528167,0.016124138253309,0.932,0.756,1,"CYP51A1",0,"NS"
0.45380146546647,-0.221267794412826,0.124,0.102,1,"CAPS",0,"NS"
0.454225202678433,-0.10870261575398,0.211,0.182,1,"SEC24A",0,"NS"
0.454648864912225,-0.143128800975915,0.343,0.29,1,"BCL2L2-PABPN1",0,"NS"
0.454802690944845,0.0266515751868592,0.124,0.105,1,"HMGCR",0,"NS"
0.455024530040196,0.10778924065271,0.927,0.75,1,"NDUFV3",0,"NS"
0.455064034426025,0.0806987200635454,0.906,0.741,1,"LOC91948",0,"NS"
0.455224803297064,-0.869615568963311,0.12,0.13,1,"PNP",0,"NS"
0.455977821066603,0.0804191196115274,0.667,0.58,1,"PDIA3",0,"NS"
0.456107426394841,-0.308979107102036,0.249,0.259,1,"IRF7",0,"NS"
0.456138333401271,-0.199642647452309,0.162,0.133,1,"MRPS12",0,"NS"
0.456252925989449,0.0452593778686848,0.244,0.216,1,"CBLL1",0,"NS"
0.456423443471624,-0.164053983188214,0.568,0.469,1,"KTN1",0,"NS"
0.457329310390297,-0.468026107115457,0.434,0.395,1,"JUND",0,"NS"
0.457606102614672,-0.356097655286848,0.394,0.327,1,"CREBBP",0,"NS"
0.45762530853956,-0.128844531979624,0.2,0.167,1,"ZBTB8OS",0,"NS"
0.458125865997208,-0.0253368267109361,0.15,0.127,1,"MYL6B",0,"NS"
0.458245452181685,-0.105910876504699,0.824,0.71,1,"THRAP3",0,"NS"
0.458903863479997,0.0406215015385647,0.242,0.213,1,"SNX19",0,"NS"
0.459558951249426,0.00746657041282062,0.986,0.901,1,"TFDP2",0,"NS"
0.459724296975083,-0.142243176320921,0.249,0.213,1,"CLINT1",0,"NS"
0.460236125276887,-0.164459578499231,0.359,0.309,1,"KIAA2026",0,"NS"
0.460363958045265,-0.088605010759434,0.465,0.398,1,"TCERG1",0,"NS"
0.461169393045107,-0.168619180215714,0.685,0.543,1,"RBM4",0,"NS"
0.461458316652222,-0.155802627926588,0.577,0.481,1,"EML4",0,"NS"
0.461672266945441,-0.251083281113655,0.185,0.154,1,"SIRT2",0,"NS"
0.462333625075779,-0.313016975835573,0.204,0.219,1,"DNAJB11",0,"NS"
0.462415206638737,0.00881460127843681,0.413,0.367,1,"SMARCE1",0,"NS"
0.46290661385906,-0.433651993766813,0.218,0.182,1,"USP42",0,"NS"
0.463207928228643,-0.384363543775506,0.239,0.247,1,"TUBB4B",0,"NS"
0.464050580758137,-0.310841786726173,0.087,0.102,1,"ZNF32",0,"NS"
0.464172965798257,-0.189616967475848,0.364,0.302,1,"NSA2",0,"NS"
0.464290345044239,0.0298292585933088,0.369,0.33,1,"ZCCHC6",0,"NS"
0.464352049892868,0.161830276972561,0.153,0.133,1,"AGO1",0,"NS"
0.46556075482807,0.102897751645844,0.143,0.123,1,"CSTF3",0,"NS"
0.465932488804719,-0.50054798754865,0.148,0.16,1,"RXRB",0,"NS"
0.466047923116462,-0.120825612718972,0.458,0.389,1,"PHF3",0,"NS"
0.466232243060831,-0.0171327229512516,0.542,0.466,1,"SERP1",0,"NS"
0.466279375714965,-0.594771620690972,0.108,0.12,1,"FN3KRP",0,"NS"
0.466327861289139,-0.3067877087805,0.272,0.281,1,"TGIF1",0,"NS"
0.466650261058566,-0.0292257374836583,0.251,0.216,1,"STOML2",0,"NS"
0.466987843199791,-0.29674024547577,0.265,0.278,1,"TBCC",0,"NS"
0.467192676667099,-0.398697519637944,0.286,0.287,1,"C22orf32",0,"NS"
0.467295886797171,-0.166315807738176,0.8,0.645,1,"CD7",0,"NS"
0.46769828021989,0.0297098933598263,0.474,0.42,1,"AUP1",0,"NS"
0.467910035653343,-0.093042445733385,0.408,0.352,1,"RSBN1",0,"NS"
0.468378983702583,-0.263348911296757,0.38,0.361,1,"NDUFS7",0,"NS"
0.468427613172463,0.10059928322353,0.141,0.12,1,"DPM3",0,"NS"
0.46864255100559,-0.040455568977487,0.197,0.17,1,"KIF21A",0,"NS"
0.469466407551699,-0.217796951784059,0.143,0.12,1,"PEA15",0,"NS"
0.469655530261822,-0.525581829033021,0.293,0.241,1,"RGPD6",0,"NS"
0.469665271631664,-0.401037079598387,0.246,0.25,1,"CDC123",0,"NS"
0.469933624210411,-0.297662270496825,0.303,0.302,1,"SNRPD1",0,"NS"
0.470188366211163,-0.381168355832003,0.143,0.157,1,"MED16",0,"NS"
0.470431594048047,-0.0610858722134503,0.359,0.306,1,"TRABD",0,"NS"
0.470749072475345,-0.0165477937981301,0.254,0.219,1,"FDPS",0,"NS"
0.470845424182042,-0.274439269630199,0.293,0.296,1,"TMED9",0,"NS"
0.471140157714999,-0.0737217948670634,0.162,0.139,1,"ZNF609",0,"NS"
0.471167434635918,0.0234437856346528,0.392,0.343,1,"SNRPD3",0,"NS"
0.471189407815436,-0.0873444954644362,0.446,0.373,1,"WBP2",0,"NS"
0.471202041853271,0.00252279154470081,0.296,0.259,1,"LAMTOR1",0,"NS"
0.471211351197272,-0.087049334073994,0.122,0.102,1,"CIAPIN1",0,"NS"
0.471645382710149,-0.103403823082624,0.35,0.293,1,"STXBP2",0,"NS"
0.472255563249125,-0.0823885114818731,0.643,0.537,1,"NKTR",0,"NS"
0.472276249921352,0.0456276567559575,0.885,0.716,1,"HERC2P4",0,"NS"
0.47230259458402,0.0474619540764041,0.831,0.704,1,"NONO",0,"NS"
0.472500069203008,-0.033035551962459,0.836,0.633,1,"LOC283693",0,"NS"
0.472604244317336,0.00160659919181061,0.263,0.231,1,"ARHGAP35",0,"NS"
0.472612954119417,-0.0650429204608796,0.589,0.497,1,"SQSTM1",0,"NS"
0.472940112444834,-0.12406409060254,0.432,0.37,1,"CHD4",0,"NS"
0.474104561795375,0.0054325533243571,0.486,0.389,1,"NDUFS5",0,"NS"
0.474260658592939,-0.655720737521197,0.108,0.12,1,"TTC33",0,"NS"
0.474904242012496,-0.149787182735676,0.425,0.361,1,"CPSF6",0,"NS"
0.475041311592737,-0.140713644391215,0.15,0.127,1,"POLR2I",0,"NS"
0.475099258087189,-0.00232591837242113,0.526,0.444,1,"TRAM1",0,"NS"
0.475212169968081,-0.0610907516740379,0.523,0.448,1,"PRPF40A",0,"NS"
0.475258581223025,-0.302411863973774,0.12,0.136,1,"GSTM4",0,"NS"
0.475436581852652,-0.0661584091487586,0.918,0.747,1,"MOB3A",0,"NS"
0.475716823338958,-0.425241036266864,0.103,0.117,1,"SCOC",0,"NS"
0.476618787242597,-0.182684660075812,0.376,0.312,1,"LSM12",0,"NS"
0.476917909668894,-0.616780549648829,0.099,0.111,1,"METRNL",0,"NS"
0.477350682841605,-0.507187076150487,0.232,0.241,1,"KDM6B",0,"NS"
0.477729227308417,-0.143840032618272,0.239,0.201,1,"CCDC130",0,"NS"
0.477818391145721,-0.20281575388681,0.486,0.448,1,"M6PR",0,"NS"
0.478112428673795,-0.135069904401089,0.113,0.093,1,"TNFRSF18",0,"NS"
0.478308916910158,-0.119975496407423,0.237,0.204,1,"ZNF79",0,"NS"
0.478448654123362,-0.214454709351135,0.46,0.454,1,"HNRNPH3",0,"NS"
0.478541823274006,-0.190162069791095,0.136,0.114,1,"SLC43A3",0,"NS"
0.478795759262644,-0.0357817272146526,0.383,0.318,1,"POLR2G",0,"NS"
0.47882216239643,-0.0873862904123806,0.411,0.349,1,"NDUFV1",0,"NS"
0.478935744164566,-0.421116539975085,0.155,0.13,1,"CNOT3",0,"NS"
0.479758820844685,-0.450546639453197,0.244,0.25,1,"MTHFD2",0,"NS"
0.480922878641826,-0.166910532332985,0.451,0.417,1,"BST2",0,"NS"
0.481003340700452,-0.213653707780784,0.934,0.818,1,"TMEM33",0,"NS"
0.481100548013195,0.0227691678325417,0.692,0.59,1,"IL10RA",0,"NS"
0.481333338151043,-0.140476943166081,0.547,0.54,1,"HNRNPM",0,"NS"
0.481685930215853,-0.318465821203242,0.333,0.33,1,"NUDT21",0,"NS"
0.481747342223302,-0.180507265607445,0.249,0.213,1,"MAPKAPK3",0,"NS"
0.481765168133004,-0.330666451217035,0.106,0.12,1,"ADPRHL2",0,"NS"
0.481850036646958,-0.00377845562432527,0.58,0.515,1,"HERC1",0,"NS"
0.481876750965828,-0.0907927707189492,0.451,0.386,1,"RAB6A",0,"NS"
0.482076876978407,-0.314901962344487,0.124,0.102,1,"RRP1",0,"NS"
0.482193929039399,-0.0198850545291549,0.289,0.253,1,"ADIPOR1",0,"NS"
0.482269145482849,-0.100740622909119,0.146,0.123,1,"TNIP2",0,"NS"
0.482353238715377,-0.429035534471887,0.242,0.201,1,"CHERP",0,"NS"
0.482402395634329,-0.100866828153802,0.23,0.194,1,"DIABLO",0,"NS"
0.482409837823272,-0.549620537144004,0.136,0.148,1,"SELL",0,"NS"
0.482425546581685,0.0245271696429191,0.169,0.148,1,"TRMU",0,"NS"
0.482471138251783,-0.201932632083145,0.2,0.17,1,"SPG21",0,"NS"
0.482502952264003,-0.0906432462655488,0.256,0.219,1,"APH1A",0,"NS"
0.482662810228363,-0.200598065534325,0.305,0.256,1,"RAP1A",0,"NS"
0.483204147682977,-0.267546766342798,0.162,0.136,1,"CCDC66",0,"NS"
0.484189597411346,-0.0748052221485048,0.345,0.293,1,"MAPRE1",0,"NS"
0.48471472378267,-0.0866904983372805,0.866,0.735,1,"LCP2",0,"NS"
0.484955645635101,0.0169304995793292,0.164,0.142,1,"GRN",0,"NS"
0.484993799443313,-0.446021962901272,0.092,0.105,1,"CTSO",0,"NS"
0.485215766168341,-0.0901756548189716,0.11,0.093,1,"CBR1",0,"NS"
0.485407547577726,-0.412035264940781,0.106,0.086,1,"SMC2",0,"NS"
0.485564549499234,-0.123083809769315,0.15,0.127,1,"PDZD11",0,"NS"
0.485752771869417,-0.309709673703383,0.209,0.176,1,"ENY2",0,"NS"
0.486100262056955,0.0572153832722841,0.568,0.475,1,"SNRPB",0,"NS"
0.486235616764985,-0.513951176828575,0.092,0.105,1,"MTX1",0,"NS"
0.486381446528726,-0.127069941694305,0.911,0.744,1,"PAFAH1B2",0,"NS"
0.486523265960886,-0.153434376993121,0.207,0.179,1,"TMEM39A",0,"NS"
0.486565619298513,-0.155040661320079,0.122,0.102,1,"ACP2",0,"NS"
0.487802069381404,-0.134908285383393,0.366,0.315,1,"ARL8B",0,"NS"
0.487808287634101,-0.228033706114884,0.185,0.157,1,"SGMS1",0,"NS"
0.487846998234391,-0.397439005101885,0.103,0.117,1,"YEATS4",0,"NS"
0.487899441369588,-0.267147463217442,0.291,0.299,1,"VPS26A",0,"NS"
0.488012920671468,-0.232587749629711,0.282,0.287,1,"LSM7",0,"NS"
0.488387802882786,-0.112410352581523,0.486,0.46,1,"DAD1",0,"NS"
0.488734709308849,0.314366484995006,0.11,0.096,1,"MPP1",0,"NS"
0.490202393782157,-0.121097354347719,0.925,0.79,1,"SMG1",0,"NS"
0.490323273413583,0.0201809219671338,0.12,0.102,1,"COQ9",0,"NS"
0.491245505038632,-0.529960777054502,0.089,0.102,1,"CASK",0,"NS"
0.491412196286045,0.0143372187103237,0.782,0.654,1,"CNN2",0,"NS"
0.491438143704462,-3.61444687333456e-05,0.387,0.34,1,"IP6K2",0,"NS"
0.491861551426807,-0.382417622785094,0.169,0.179,1,"RAB24",0,"NS"
0.492223036488242,-0.163654591829859,0.16,0.136,1,"JKAMP",0,"NS"
0.492580664069005,-0.167342526823966,0.582,0.472,1,"RQCD1",0,"NS"
0.492587069857505,-0.0193369815399163,0.272,0.241,1,"TTC19",0,"NS"
0.492613478681655,-0.136987970758585,0.413,0.355,1,"RNF10",0,"NS"
0.492663850453744,0.119779373141439,0.146,0.127,1,"ADK",0,"NS"
0.492713246196306,-0.0562294827906367,0.103,0.086,1,"ELK3",0,"NS"
0.493175024289588,0.0331554595240927,0.925,0.784,1,"SLC35E1",0,"NS"
0.493293557896313,-0.176819642222429,0.171,0.145,1,"LCMT1",0,"NS"
0.493373495528754,-0.104089621976762,0.542,0.469,1,"PRRC2B",0,"NS"
0.493552432512674,-0.109154205467942,0.202,0.173,1,"TMEM126B",0,"NS"
0.494342979012502,-0.380324622135091,0.122,0.102,1,"DLG3",0,"NS"
0.49476991800143,-0.122438481897002,0.798,0.599,1,"OIP5-AS1",0,"NS"
0.494878521819402,-0.361964482549029,0.242,0.204,1,"C2orf69",0,"NS"
0.495088917315075,-0.117167055962718,0.141,0.12,1,"XYLT2",0,"NS"
0.49562527880897,-0.0214374912745299,0.495,0.423,1,"SH3BGRL",0,"NS"
0.495668225416919,-0.362584979058124,0.167,0.139,1,"CCDC84",0,"NS"
0.495761775074252,0.00026384603585361,0.998,0.978,1,"LPP",0,"NS"
0.495964340514926,-0.48151328079044,0.272,0.269,1,"ADORA2A",0,"NS"
0.496395714762791,-0.401660856306215,0.134,0.111,1,"APBB3",0,"NS"
0.496552810163114,-0.134605627944049,0.141,0.12,1,"GALNS",0,"NS"
0.496636810838095,-0.141627748549131,0.343,0.293,1,"ZBTB1",0,"NS"
0.496673753707412,-0.126526196875318,0.209,0.179,1,"PARL",0,"NS"
0.496676017179036,0.282811153044635,0.127,0.111,1,"RUVBL1",0,"NS"
0.496708676049812,0.139800092289151,0.216,0.194,1,"CCDC174",0,"NS"
0.496873687391833,-0.459208331305426,0.225,0.185,1,"PPDPF",0,"NS"
0.496953537298405,-0.0552643469058803,0.117,0.099,1,"NINJ1",0,"NS"
0.497193559781676,-0.124043883049502,0.65,0.608,1,"ARL6IP1",0,"NS"
0.497285621101448,-0.135276698920795,0.141,0.12,1,"LPCAT1",0,"NS"
0.497309567016488,0.0242647421342397,0.185,0.164,1,"PLD3",0,"NS"
0.497678483013863,-0.0208009226621148,0.296,0.262,1,"QARS",0,"NS"
0.497763258719697,-0.0938779980443705,0.174,0.148,1,"AP5M1",0,"NS"
0.497818093259219,0.104881579303931,0.106,0.09,1,"CALHM2",0,"NS"
0.497851584005901,-0.12753508371091,0.277,0.238,1,"CMTM3",0,"NS"
0.497922029057187,-0.142850908483545,0.376,0.321,1,"NUB1",0,"NS"
0.498240429487259,-0.350502266465772,0.298,0.299,1,"TMX4",0,"NS"
0.498340724537915,-0.0543319478708123,0.411,0.349,1,"VOPP1",0,"NS"
0.498600243851183,-0.284637551010084,0.235,0.241,1,"CYC1",0,"NS"
0.498625189545907,-0.185538585830052,0.533,0.506,1,"ARHGAP4",0,"NS"
0.498881449920257,-0.725678663395668,0.141,0.148,1,"BLVRA",0,"NS"
0.499543090598432,-0.299493993000192,0.216,0.225,1,"ITGB1BP1",0,"NS"
0.499687708285143,-0.0515516391751434,0.941,0.75,1,"GRIPAP1",0,"NS"
0.499726069841448,0.0128727121757613,0.185,0.16,1,"APOA1BP",0,"NS"
0.500117118283228,-0.0354170001874616,0.568,0.485,1,"SP110",0,"NS"
0.500583386322408,-0.136407944624937,0.887,0.775,1,"HMHA1",0,"NS"
0.500986636871105,-0.107370686204535,0.319,0.278,1,"CPSF7",0,"NS"
0.501608682365928,-0.189900845890294,0.16,0.136,1,"C16orf62",0,"NS"
0.50166180350293,-0.057711224520505,0.209,0.179,1,"CCDC53",0,"NS"
0.502033781874633,0.084310770515358,0.146,0.127,1,"ASMTL",0,"NS"
0.502103519640845,-0.205597592060278,0.296,0.253,1,"SFSWAP",0,"NS"
0.50247065175968,-0.183910668602162,0.338,0.29,1,"PRPF3",0,"NS"
0.502481838965059,-0.0816551442598523,0.239,0.204,1,"PTTG1",0,"NS"
0.502487014346294,-0.461260485049257,0.465,0.426,1,"DHX36",0,"NS"
0.502660864620278,-0.115399985452733,0.15,0.127,1,"COA3",0,"NS"
0.502733195883267,-0.120181801178333,0.491,0.414,1,"TRPC4AP",0,"NS"
0.502772798568921,-0.0373232656812426,0.817,0.756,1,"SF3B1",0,"NS"
0.503578160544844,-0.0950047870443957,0.455,0.386,1,"RCSD1",0,"NS"
0.504122718667419,0.0300377743267908,0.258,0.231,1,"IMP3",0,"NS"
0.504332024899636,-0.318243552892287,0.324,0.327,1,"ADCY7",0,"NS"
0.504498890928682,-0.0176945986352302,0.413,0.361,1,"SNRPG",0,"NS"
0.504887831653478,-0.113529616223442,0.681,0.58,1,"GNAS",0,"NS"
0.50496096119051,-0.182015592118622,0.739,0.562,1,"HNRNPL",0,"NS"
0.505434792076107,-0.0649977563634641,0.282,0.244,1,"SDF4",0,"NS"
0.505459452139376,-0.121517893075207,0.16,0.136,1,"TMEM120A",0,"NS"
0.505584349344093,0.0493406944026762,0.502,0.426,1,"C9orf142",0,"NS"
0.505749354064521,-0.20789148065971,0.131,0.111,1,"ZNF586",0,"NS"
0.50605345038226,-0.289301534724723,0.11,0.093,1,"C6orf106",0,"NS"
0.506251005981286,0.0609377418915028,0.998,0.92,1,"PDE4C",0,"NS"
0.50643058039517,-0.111742204370373,0.19,0.164,1,"SUGP1",0,"NS"
0.506829121427976,-0.494933811741251,0.12,0.099,1,"RNF122",0,"NS"
0.506990042141669,-0.268122997496685,0.258,0.269,1,"AZI2",0,"NS"
0.507425612394352,0.0379393831972693,0.866,0.716,1,"AS3MT",0,"NS"
0.507474743359612,-0.190546909115341,0.425,0.42,1,"TERF2IP",0,"NS"
0.507626042131055,0.0362569629669232,0.113,0.096,1,"HSPBP1",0,"NS"
0.507863298284781,-0.00694544094350613,0.864,0.719,1,"USP4",0,"NS"
0.508030791705731,-0.220787550266437,0.167,0.142,1,"CDC16",0,"NS"
0.508263587987333,-0.431028032722485,0.122,0.133,1,"ISCA2",0,"NS"
0.508274210185208,0.0903061556308689,0.115,0.099,1,"PLAGL2",0,"NS"
0.508684787691457,-0.65105662982612,0.113,0.123,1,"MAPKAPK5-AS1",0,"NS"
0.509308501985433,-0.703918080384885,0.11,0.12,1,"PRKRIP1",0,"NS"
0.509674671007598,-0.0185749980140504,0.12,0.102,1,"ERAL1",0,"NS"
0.509900535558431,-0.232029002631252,0.188,0.16,1,"GTF3C3",0,"NS"
0.509940541827789,-0.524976128786011,0.115,0.127,1,"BIN3",0,"NS"
0.51001939764948,-0.0406964741090751,0.451,0.404,1,"THOC2",0,"NS"
0.510186107698221,-0.0786319240897363,0.171,0.148,1,"WDSUB1",0,"NS"
0.510382782440874,-0.0929217380511814,0.181,0.157,1,"DNAJA3",0,"NS"
0.510501889604045,-0.0863391541614462,0.519,0.444,1,"KCNAB2",0,"NS"
0.510888979214307,0.0633097670026206,0.495,0.426,1,"CUTA",0,"NS"
0.511107636442405,-0.0605694892382312,0.613,0.525,1,"HNRPLL",0,"NS"
0.511587396194266,-0.251931511195426,0.35,0.299,1,"CDC27",0,"NS"
0.511866602116417,-0.252767594827465,0.258,0.265,1,"ZMYM6NB",0,"NS"
0.512544711020621,-0.0191009843485852,0.479,0.42,1,"SUPT5H",0,"NS"
0.513230156671689,-0.522715064585104,0.19,0.198,1,"CYB5R4",0,"NS"
0.513423570712375,-0.207551789923515,0.221,0.191,1,"MLEC",0,"NS"
0.513498234804811,-0.0248394791201683,0.195,0.173,1,"KDM3B",0,"NS"
0.514015648215673,-0.216333994212312,0.174,0.148,1,"PYGO2",0,"NS"
0.514053586738181,-0.323559449874642,0.162,0.139,1,"MBNL3",0,"NS"
0.514122890973243,-0.209351584903938,0.385,0.373,1,"TBCB",0,"NS"
0.514189395208082,-0.225844055107109,0.188,0.16,1,"COASY",0,"NS"
0.51419245235053,-0.676236409848589,0.164,0.173,1,"WDR44",0,"NS"
0.514236974761526,-0.307046520836553,0.272,0.278,1,"FAM104A",0,"NS"
0.514944171130407,-0.27901344540656,0.19,0.164,1,"STAM",0,"NS"
0.51543595531205,-0.0901829709913786,0.688,0.63,1,"ARHGAP15",0,"NS"
0.516322878640529,-0.173703936993126,0.758,0.577,1,"NDUFA11",0,"NS"
0.517083416388931,-0.592074374250991,0.108,0.117,1,"EBNA1BP2",0,"NS"
0.517382105833274,-0.0298692346119623,0.941,0.827,1,"HTATSF1P2",0,"NS"
0.517715660645673,0.00250095091504576,0.413,0.352,1,"ATP5H",0,"NS"
0.518376526701252,-0.396359641816638,0.209,0.216,1,"UBE2V2",0,"NS"
0.518431680243807,-0.000336615540484697,0.582,0.478,1,"FABP5",0,"NS"
0.518556424333158,-0.154280850116696,0.871,0.722,1,"PCED1B-AS1",0,"NS"
0.51988190495387,-0.300694099197943,0.394,0.38,1,"ADRBK1",0,"NS"
0.519953399978963,-0.0831826921127445,0.324,0.29,1,"TBK1",0,"NS"
0.520011848323149,-0.230276037097622,0.31,0.259,1,"FKBP8",0,"NS"
0.520557494238385,-0.0471226089720862,0.697,0.627,1,"GIMAP4",0,"NS"
0.520565768948843,-0.0549713932464101,0.127,0.108,1,"RASSF7",0,"NS"
0.520688775213201,-0.0629999833805226,0.608,0.562,1,"GUK1",0,"NS"
0.520840539318058,-0.100009951698313,0.305,0.265,1,"CKAP2",0,"NS"
0.522089563109215,-0.142295571947173,0.39,0.38,1,"C17orf49",0,"NS"
0.522152969407738,-0.0806131400215085,0.31,0.265,1,"MYD88",0,"NS"
0.522338485255783,-0.360513699710597,0.326,0.318,1,"YTHDF2",0,"NS"
0.522517954934653,-0.139073036711344,0.683,0.565,1,"ATXN1",0,"NS"
0.522787378060776,-0.114920400078161,0.434,0.38,1,"GBF1",0,"NS"
0.522945029436426,-0.20940827088052,0.183,0.157,1,"MTRR",0,"NS"
0.523430682060802,-0.150883228146571,0.27,0.235,1,"POLG",0,"NS"
0.523453350014029,-0.0828104734206575,0.136,0.117,1,"LEPRE1",0,"NS"
0.523590162566111,-0.267876268687837,0.514,0.475,1,"CBX3",0,"NS"
0.523603068110991,-0.217542615922147,0.275,0.238,1,"TUBGCP2",0,"NS"
0.524103219528704,0.0139536559455533,0.148,0.13,1,"FCHSD2",0,"NS"
0.524154810423151,-0.157256098780322,0.446,0.41,1,"DYNLL1",0,"NS"
0.524205584454432,-0.104667118707432,0.34,0.299,1,"UNC13D",0,"NS"
0.524290065350698,0.139488764405574,0.101,0.086,1,"GNPDA1",0,"NS"
0.524513768612568,-0.245667897894841,0.277,0.238,1,"MAP3K14",0,"NS"
0.52494435550738,-0.241203154109092,0.16,0.136,1,"TOR3A",0,"NS"
0.525025160671955,-0.0909331312064487,0.859,0.682,1,"WSB1",0,"NS"
0.525397899495116,-0.565632628580914,0.122,0.133,1,"ATG16L2",0,"NS"
0.525437604290536,0.0245842275130708,0.897,0.738,1,"DPY19L2P2",0,"NS"
0.525648354840882,-0.253865303558385,0.596,0.552,1,"BCL11B",0,"NS"
0.526692541670165,-0.124067607551805,0.237,0.207,1,"GARS",0,"NS"
0.526711278952733,-0.0567735843641775,0.894,0.796,1,"SET",0,"NS"
0.527316816955143,0.160878943239926,0.12,0.105,1,"C12orf44",0,"NS"
0.527488576413881,-0.494180228472791,0.15,0.16,1,"TMEM154",0,"NS"
0.527589193473241,-0.770297027095256,0.108,0.117,1,"GADD45B",0,"NS"
0.527646426269298,-0.18450048626625,0.207,0.176,1,"APOL3",0,"NS"
0.527700831280906,-0.120677267736935,0.354,0.306,1,"BECN1",0,"NS"
0.527730398691922,0.0115319800019859,0.211,0.185,1,"UBL7",0,"NS"
0.52788959649028,-0.15295197077471,0.214,0.182,1,"RGCC",0,"NS"
0.527947475608435,0.00714527881653701,0.258,0.231,1,"USB1",0,"NS"
0.529603693669602,-0.186584562464193,0.106,0.09,1,"CTPS1",0,"NS"
0.529963099326522,-0.495380270714087,0.277,0.278,1,"GBP3",0,"NS"
0.530043697661079,0.0124491016027972,0.603,0.543,1,"CANX",0,"NS"
0.530112662529457,0.0219535534029431,0.249,0.219,1,"NELFE",0,"NS"
0.530319398949916,-0.498932492170316,0.15,0.16,1,"PLRG1",0,"NS"
0.530428339780878,-0.0879338834728799,0.16,0.139,1,"NAGA",0,"NS"
0.530568142496123,-0.00602735714284619,0.362,0.321,1,"CAPZA2",0,"NS"
0.530684042376217,-0.413027961010118,0.16,0.136,1,"SMURF2",0,"NS"
0.53075800448277,-0.122560506420131,0.408,0.346,1,"NAPA",0,"NS"
0.530841629487709,-0.176557211079467,0.178,0.154,1,"POC1B",0,"NS"
0.530866138815846,-0.166199103190107,0.178,0.151,1,"YDJC",0,"NS"
0.531188792840807,-0.211924151922668,0.19,0.164,1,"RNF138",0,"NS"
0.531194311357277,0.205284135215356,0.183,0.167,1,"RPF1",0,"NS"
0.531497335229693,-0.10328528135699,0.136,0.117,1,"TTC7A",0,"NS"
0.531543122766102,-0.626547663937339,0.094,0.105,1,"SIK2",0,"NS"
0.531972645972043,-0.365655780226221,0.239,0.247,1,"DDB2",0,"NS"
0.532265627156963,-0.090697892247189,0.122,0.105,1,"NOL6",0,"NS"
0.532728358625536,0.0223566162980169,0.993,0.951,1,"TNFAIP8L1",0,"NS"
0.532798387020553,-0.275835583924017,0.317,0.309,1,"GPX1",0,"NS"
0.532843125811935,-0.16311600872792,0.387,0.33,1,"ARID2",0,"NS"
0.532876682465562,-0.14989219065618,0.188,0.16,1,"MRPS35",0,"NS"
0.533258256110567,-0.00909537502595989,0.279,0.247,1,"PCID2",0,"NS"
0.533328351193513,-0.230533521473374,0.15,0.127,1,"HDAC8",0,"NS"
0.533504661000121,-0.126096451593904,0.923,0.799,1,"SERPINB9",0,"NS"
0.533901402750502,-0.408132161072423,0.46,0.42,1,"SAMSN1",0,"NS"
0.533926423480482,-0.403581537313305,0.176,0.185,1,"COPS7A",0,"NS"
0.534260495047907,-0.384589405102586,0.192,0.164,1,"DENND1B",0,"NS"
0.534337981082349,-0.134115365323207,0.169,0.145,1,"MCRS1",0,"NS"
0.534733799408271,-0.0725438413151261,0.223,0.191,1,"ZNRD1",0,"NS"
0.53523509237993,-0.30426096512052,0.185,0.157,1,"RNF216P1",0,"NS"
0.535268603943463,-0.0927401566969446,0.265,0.235,1,"PREP",0,"NS"
0.53550951356796,-0.0498743319314583,0.143,0.123,1,"SPNS1",0,"NS"
0.535645912775195,-0.296903725210577,0.176,0.188,1,"DCTN3",0,"NS"
0.535938891530862,0.0559949264709263,0.775,0.664,1,"TPI1",0,"NS"
0.536068072680099,-0.151547370655611,0.261,0.222,1,"RPAIN",0,"NS"
0.536197689190789,-0.0031863151532121,0.153,0.133,1,"MAGEH1",0,"NS"
0.536506067881226,-0.196951279755838,0.35,0.346,1,"C14orf166",0,"NS"
0.536982748049729,-0.152343924013206,0.12,0.136,1,"IFIT5",0,"NS"
0.537555813854325,-0.392767747643568,0.188,0.198,1,"ATG9A",0,"NS"
0.537555947701752,-0.0886913215673392,0.235,0.207,1,"GTDC1",0,"NS"
0.537603635544042,-0.0656126508081518,0.669,0.574,1,"PSMB10",0,"NS"
0.537662839626371,-0.372641226894435,0.286,0.284,1,"DNAJA2",0,"NS"
0.53852827163243,-0.168383124561958,0.174,0.151,1,"FEM1A",0,"NS"
0.53871015334464,-0.0467362805143309,0.352,0.315,1,"E2F3",0,"NS"
0.539022455727695,-0.539365591090679,0.124,0.133,1,"COA6",0,"NS"
0.53902569017133,-0.311446947815984,0.265,0.262,1,"NHP2",0,"NS"
0.539105165937884,0.00728380819519581,0.718,0.657,1,"UTRN",0,"NS"
0.539382025392781,-0.238304342758526,0.324,0.33,1,"CCNH",0,"NS"
0.539397378179726,-0.317638153650183,0.279,0.281,1,"TOMM22",0,"NS"
0.539425194767342,-0.147431034539611,0.465,0.373,1,"CCT8",0,"NS"
0.539558399775112,0.0157397028490051,0.122,0.105,1,"CHCHD1",0,"NS"
0.539820319000062,-0.0389752297425929,0.27,0.241,1,"NBN",0,"NS"
0.539876515567329,-0.305181752925679,0.418,0.407,1,"ANKRD11",0,"NS"
0.540188330474752,-0.045798636941319,0.279,0.247,1,"ATXN10",0,"NS"
0.540259462295253,0.0401789527181622,0.822,0.747,1,"NEAT1",0,"NS"
0.54033750852425,-0.109439415425952,0.336,0.293,1,"ATP2A3",0,"NS"
0.54097698699745,-0.0851674624430266,0.563,0.485,1,"DEK",0,"NS"
0.541968059364705,-0.16496963906321,0.394,0.373,1,"ATP5O",0,"NS"
0.542125078090865,-0.0904329649329381,0.467,0.401,1,"RNF4",0,"NS"
0.542266352160406,-0.0966398405522378,0.446,0.392,1,"MYO1F",0,"NS"
0.542455311630492,-0.091918629275304,0.664,0.58,1,"WDR1",0,"NS"
0.542635181917823,0.00954242713561104,0.11,0.096,1,"MIER3",0,"NS"
0.543011735017234,0.0677011969526806,0.977,0.886,1,"LINC00670",0,"NS"
0.543481460867188,0.0421287508639749,0.117,0.102,1,"RINT1",0,"NS"
0.543677519364469,-0.120100365280922,0.308,0.272,1,"TUG1",0,"NS"
0.543704055669898,0.00885283734731579,0.648,0.552,1,"TRAF3IP3",0,"NS"
0.543740279280044,-0.250234326100436,0.263,0.222,1,"CERS5",0,"NS"
0.544118543222741,-0.424543312306604,0.16,0.17,1,"RNPEPL1",0,"NS"
0.544247345850614,-0.0831083639937283,0.275,0.241,1,"RPS6KA1",0,"NS"
0.544303706685836,-0.289341301741635,0.479,0.383,1,"ANKRD36BP1",0,"NS"
0.5445608004806,-0.0266801483026833,0.101,0.086,1,"CEP128",0,"NS"
0.544635376357296,0.0449922810624228,0.991,0.938,1,"MTRNR2L4",0,"NS"
0.545214250963811,-0.0634575317132817,0.667,0.559,1,"NOP58",0,"NS"
0.545568400080893,-0.0795800984581984,0.174,0.148,1,"RPP21",0,"NS"
0.546375298439423,-0.270187317117496,0.296,0.296,1,"TSEN54",0,"NS"
0.546798297175941,-0.00247224862912543,0.221,0.198,1,"TTC1",0,"NS"
0.546999080423014,0.0588326770929855,0.648,0.559,1,"HNRNPF",0,"NS"
0.547178515901357,-0.290382166735558,0.143,0.157,1,"DPP3",0,"NS"
0.547494494161704,-0.129764339599803,0.833,0.627,1,"UQCRQ",0,"NS"
0.547506586304501,-0.188069262179046,0.418,0.364,1,"INO80D",0,"NS"
0.548092105387822,-0.470640541162627,0.146,0.154,1,"DMAP1",0,"NS"
0.548355483661688,-0.0760203259782989,0.277,0.238,1,"AKR1B1",0,"NS"
0.548529602155735,-0.0469455766347453,0.789,0.728,1,"CLK1",0,"NS"
0.548543889580965,-0.266907596360914,0.333,0.324,1,"ATP6V1E1",0,"NS"
0.548562751808187,-0.19116631439164,0.324,0.278,1,"BIRC2",0,"NS"
0.548886743055125,-0.142091358144421,0.246,0.213,1,"ZCRB1",0,"NS"
0.549071931222082,-0.262052258639332,0.254,0.259,1,"SNHG1",0,"NS"
0.54923685453755,-0.138591458974111,0.258,0.225,1,"ELOVL1",0,"NS"
0.549386598772657,-0.218570163730166,0.113,0.096,1,"ZMAT5",0,"NS"
0.550500876202785,-0.529730280224753,0.117,0.099,1,"HERC5",0,"NS"
0.550552840487003,-0.0767567393325959,0.836,0.735,1,"OGT",0,"NS"
0.55064696149309,-0.228008307338539,0.284,0.244,1,"TBC1D9B",0,"NS"
0.550785702912607,-0.21187139097273,0.239,0.21,1,"PARP12",0,"NS"
0.55137826797737,-0.174196098975768,0.437,0.429,1,"NRBP1",0,"NS"
0.551394107720244,0.0027740663697573,0.38,0.336,1,"SUMO1",0,"NS"
0.551673649969112,-0.0969349613853977,0.31,0.275,1,"RHOB",0,"NS"
0.5518842736616,-0.123929841285881,0.484,0.417,1,"PREX1",0,"NS"
0.552181224493657,-0.281914904592729,0.242,0.207,1,"TSPAN5",0,"NS"
0.552559384960481,-0.124286503225396,0.411,0.346,1,"ANXA7",0,"NS"
0.552637702307729,-0.687375651060654,0.131,0.139,1,"AIDA",0,"NS"
0.552669768305519,-1.17965601165491,0.106,0.086,1,"GSG1L",0,"NS"
0.552717876056095,0.0164168617404377,0.528,0.444,1,"CSNK2B",0,"NS"
0.553047537877404,-0.0653712765155002,0.324,0.281,1,"MAP2K3",0,"NS"
0.553150593383275,-0.165990722740876,0.221,0.194,1,"KIDINS220",0,"NS"
0.553555217393355,0.0801845033909565,0.103,0.09,1,"THAP1",0,"NS"
0.554657482666324,-0.0436070055148574,0.69,0.617,1,"GABARAP",0,"NS"
0.554917128872076,-0.359771715212459,0.366,0.309,1,"FOXN3",0,"NS"
0.555022825896518,-0.362841889304062,0.216,0.225,1,"PTPRE",0,"NS"
0.555384945509937,-0.301269931417866,0.16,0.17,1,"MT1X",0,"NS"
0.555678404554249,0.0416784194522879,0.967,0.864,1,"MEFV",0,"NS"
0.555780515568791,-0.227153864943527,0.303,0.259,1,"LARP7",0,"NS"
0.556941782691194,-0.102512627554515,0.23,0.204,1,"TMEM106B",0,"NS"
0.557964714964059,-0.0670951556732306,0.225,0.198,1,"TRAF2",0,"NS"
0.558556371950502,-0.412778207522022,0.8,0.605,1,"GPR65",0,"NS"
0.559273854058631,-0.045885283671546,0.754,0.679,1,"EIF4B",0,"NS"
0.560274249765095,-0.220519864544759,0.965,0.883,1,"LRPAP1",0,"NS"
0.561652447759899,-0.237713087678124,0.27,0.272,1,"MPG",0,"NS"
0.561773361196106,-0.413227322059276,0.244,0.241,1,"HSPB11",0,"NS"
0.561946369989407,-0.384582085142454,0.106,0.09,1,"ZFYVE1",0,"NS"
0.562009320999817,-0.0633284875127957,0.129,0.111,1,"NFU1",0,"NS"
0.562419332092588,-0.263363129371402,0.296,0.29,1,"VPS29",0,"NS"
0.562517791125103,-0.00105802427517476,0.638,0.571,1,"MAPRE2",0,"NS"
0.562795198639042,-0.542445774626209,0.113,0.123,1,"ZBED4",0,"NS"
0.563184893190744,-0.569640269346056,0.11,0.12,1,"WDR13",0,"NS"
0.563309386710453,-0.198726256718897,0.108,0.093,1,"CHAMP1",0,"NS"
0.563422640051039,0.0135015969020461,0.251,0.228,1,"MUS81",0,"NS"
0.563571572767477,-0.268545924013051,0.141,0.12,1,"DPH1",0,"NS"
0.563698527960889,-0.30855831265298,0.326,0.312,1,"TMEM179B",0,"NS"
0.563769010601284,0.0111423566457534,0.984,0.92,1,"LRTOMT",0,"NS"
0.563912837824668,-0.189462752494188,0.336,0.29,1,"CHORDC1",0,"NS"
0.564570820622026,-0.0430521566695798,0.491,0.417,1,"SELT",0,"NS"
0.56464404132016,0.0173058247361464,0.972,0.88,1,"STK4",0,"NS"
0.56468840789309,-0.125883544781463,0.568,0.543,1,"EIF3C",0,"NS"
0.564735252763284,-0.347430679392007,0.188,0.201,1,"CCDC6",0,"NS"
0.564909010611777,-0.0771107743628388,0.69,0.648,1,"EVI2B",0,"NS"
0.565051211897618,-0.343549707665269,0.27,0.278,1,"DDX60L",0,"NS"
0.565250782575659,-0.269648549169298,0.129,0.111,1,"ELMOD2",0,"NS"
0.565394615736686,-0.17260131325078,0.876,0.707,1,"ST8SIA4",0,"NS"
0.565760052908739,-0.258947065024153,0.239,0.21,1,"MBNL2",0,"NS"
0.566030850500018,-0.0816154540280526,0.444,0.386,1,"DARS",0,"NS"
0.568147878299796,0.00379634575826171,0.986,0.926,1,"ATCAY",0,"NS"
0.568445213154875,-0.282320925211583,0.279,0.241,1,"TAB2",0,"NS"
0.568463506130864,-0.173265965651763,0.462,0.38,1,"PSMA3",0,"NS"
0.56922777370177,-0.297388850648227,0.202,0.173,1,"RGL4",0,"NS"
0.569604129382506,-0.452955240016442,0.366,0.336,1,"BOLA2B",0,"NS"
0.569604129382506,-0.452955240016442,0.366,0.336,1,"BOLA2",0,"NS"
0.569613666704643,0.00483033438598657,0.585,0.491,1,"PVRIG",0,"NS"
0.569626253978767,-0.61085281357219,0.162,0.167,1,"SVIP",0,"NS"
0.569713880939405,-0.238439507372636,0.249,0.259,1,"NUMB",0,"NS"
0.569995912394669,0.0490937345211833,0.991,0.923,1,"MAB21L3",0,"NS"
0.57025178034486,-0.286816151744854,0.415,0.386,1,"RAB11B",0,"NS"
0.571024441230482,-0.241470944171856,0.157,0.136,1,"GOLGA5",0,"NS"
0.571455492136207,-0.401794830511204,0.113,0.123,1,"SUCLA2",0,"NS"
0.57168232050178,-0.311545550380212,0.223,0.194,1,"MAPK8IP3",0,"NS"
0.57172742264816,-0.27051421609189,0.134,0.114,1,"STAG3L4",0,"NS"
0.572207461686642,-0.0303390382349329,0.561,0.481,1,"APMAP",0,"NS"
0.572626350081848,-0.209778742412833,0.423,0.364,1,"CNOT2",0,"NS"
0.572637160453998,-0.448968124036401,0.106,0.09,1,"NDUFAF4P1",0,"NS"
0.573118342671709,-0.121963910754753,0.2,0.176,1,"SLC9A9",0,"NS"
0.573274834126759,-0.0382472176330763,0.305,0.272,1,"UFC1",0,"NS"
0.57331948402579,-0.149702445935986,0.124,0.108,1,"HMGXB4",0,"NS"
0.573351794499914,-0.446381934389877,0.324,0.272,1,"MECP2",0,"NS"
0.573474314725892,-0.0801107230513408,0.138,0.12,1,"CHMP6",0,"NS"
0.573797032714523,0.0340451677658968,0.512,0.438,1,"PSMB3",0,"NS"
0.57382526926346,-0.154258259679259,0.188,0.164,1,"APBB1",0,"NS"
0.573940923068094,-0.02997885414075,1,0.985,1,"ORAI2",0,"NS"
0.574047808576615,-0.00969556333449173,0.81,0.756,1,"TMBIM6",0,"NS"
0.574082286013456,0.0440168978574984,0.624,0.559,1,"SASH3",0,"NS"
0.574827816636343,-0.240442668508265,0.486,0.457,1,"SMARCC2",0,"NS"
0.575939048741066,0.00760855134696992,0.606,0.525,1,"RAP1B",0,"NS"
0.576101335983945,0.00114431533854265,0.134,0.117,1,"NXT1",0,"NS"
0.576430105223963,-0.0580378861961722,0.563,0.475,1,"KIF5B",0,"NS"
0.577149270086407,0.0138979215538486,0.815,0.691,1,"MATR3",0,"NS"
0.577833811523661,-0.164713145345892,0.138,0.12,1,"PWP2",0,"NS"
0.578103105898805,-0.1108794040888,0.502,0.426,1,"ATXN2L",0,"NS"
0.578308679576787,-0.154721227406732,0.146,0.127,1,"D2HGDH",0,"NS"
0.5784883605666,-0.245327135177145,0.261,0.228,1,"AEBP2",0,"NS"
0.579021206119815,-0.0285419615964361,0.455,0.398,1,"ATF4",0,"NS"
0.579861774893031,-0.132441053322816,0.188,0.167,1,"TTC39B",0,"NS"
0.580160510138176,-0.137501671654945,0.354,0.309,1,"YY1AP1",0,"NS"
0.580232284975646,-0.00885241492760702,0.507,0.46,1,"LNPEP",0,"NS"
0.580487385911791,-0.587723315047988,0.129,0.136,1,"TREX1",0,"NS"
0.58064930185236,-0.409579996825554,0.352,0.333,1,"MAN2B2",0,"NS"
0.581428998117637,-0.529940974070061,0.136,0.142,1,"MRPL21",0,"NS"
0.581434578125347,-0.231183848019612,0.413,0.355,1,"RGPD5",0,"NS"
0.581635401931138,-0.313530406952792,0.362,0.355,1,"LPIN2",0,"NS"
0.58180534538086,0.063564790981951,0.751,0.664,1,"EID1",0,"NS"
0.581969818954753,-0.129782251936673,0.634,0.593,1,"CD47",0,"NS"
0.582479570462863,-0.331642317459735,0.153,0.164,1,"ARFGAP3",0,"NS"
0.583359957385006,-0.245609527500116,0.115,0.099,1,"AKAP8L",0,"NS"
0.583396395858733,-0.0173193894306785,0.608,0.528,1,"CSNK1A1",0,"NS"
0.584157760720298,-0.105172804341381,0.977,0.914,1,"AAK1",0,"NS"
0.584289288612886,-0.0888357182929065,0.502,0.46,1,"APRT",0,"NS"
0.58451765887554,-0.032715392876476,0.228,0.204,1,"KLHL9",0,"NS"
0.584678988599663,-0.423822227806614,0.282,0.272,1,"MFF",0,"NS"
0.584820289655501,-0.281274981466787,0.552,0.497,1,"ATP2B4",0,"NS"
0.585222844032485,-0.125160488106617,0.441,0.37,1,"SLX1B",0,"NS"
0.585222844032485,-0.125160488106617,0.441,0.37,1,"SLX1A",0,"NS"
0.585225065403212,-0.022521009883832,0.221,0.198,1,"G6PD",0,"NS"
0.58526970374053,-0.0880476309997794,0.411,0.37,1,"FOXN2",0,"NS"
0.585624143815043,-0.226772737984346,0.655,0.596,1,"HUWE1",0,"NS"
0.585965715608202,-0.177795029195523,0.178,0.154,1,"PEX16",0,"NS"
0.586163284070972,-0.126955370472943,0.303,0.262,1,"DAXX",0,"NS"
0.586209808607868,-0.511481875200085,0.211,0.21,1,"MRPL43",0,"NS"
0.586238011843685,-0.209442155434647,0.124,0.108,1,"C6orf120",0,"NS"
0.586333349095057,-0.469284959500774,0.207,0.21,1,"BCL2",0,"NS"
0.586383189359477,-0.0143377192933949,0.127,0.111,1,"THTPA",0,"NS"
0.586469839329408,-0.62483100532106,0.146,0.151,1,"GPATCH4",0,"NS"
0.586720889194372,-0.19875365670666,0.387,0.364,1,"CHMP2A",0,"NS"
0.586886712032901,-0.130358271918294,0.664,0.617,1,"BCLAF1",0,"NS"
0.587416158783946,-0.0572548489353749,0.117,0.102,1,"MRPS22",0,"NS"
0.587711583278897,-0.273596067212143,0.202,0.213,1,"NSFL1C",0,"NS"
0.587772364569035,-0.0317389453398942,0.96,0.917,1,"TNFRSF9",0,"NS"
0.587826051930858,-0.480293048515727,0.232,0.201,1,"TNRC6C",0,"NS"
0.588300552392439,0.0801668435915548,0.845,0.765,1,"DENND2D",0,"NS"
0.588434182376037,-0.402871276716478,0.12,0.13,1,"C16orf72",0,"NS"
0.5891604086041,0.0687605951912639,0.937,0.756,1,"MTRNR2L5",0,"NS"
0.589320281425961,-0.194203171670609,0.202,0.173,1,"SUSD3",0,"NS"
0.589371452514886,-0.0357021471601792,0.333,0.287,1,"UXT",0,"NS"
0.589428334538885,0.0238266781236984,0.331,0.302,1,"CAPN1",0,"NS"
0.590291793974134,-0.193941126630601,0.275,0.278,1,"TXN2",0,"NS"
0.590689059964277,-0.153128526121524,0.232,0.198,1,"HOPX",0,"NS"
0.590714913863965,-0.239843398099094,0.892,0.741,1,"SOAT1",0,"NS"
0.591050159638773,-0.0568671066966481,0.585,0.519,1,"WASF2",0,"NS"
0.591120953736843,-0.334613455783322,0.136,0.117,1,"MSL1",0,"NS"
0.591304623531177,-0.0904643070796229,0.131,0.114,1,"CDK9",0,"NS"
0.591804638373416,-0.103105848949391,0.507,0.417,1,"GYPC",0,"NS"
0.592568315455672,-0.238494196597387,0.46,0.377,1,"TMCO1",0,"NS"
0.5930180826185,-0.215376979666084,0.582,0.494,1,"RPSAP58",0,"NS"
0.59326867204655,0.0382759556224153,0.714,0.633,1,"CSDE1",0,"NS"
0.59332335482525,-0.377843483217171,0.148,0.127,1,"TSPAN32",0,"NS"
0.593939748846753,-0.377514462763326,0.153,0.16,1,"DDRGK1",0,"NS"
0.594115275281186,-0.0614297414241293,0.221,0.198,1,"DCAF13",0,"NS"
0.595314331991778,-0.170825009721368,0.437,0.367,1,"UBASH3A",0,"NS"
0.595540940683661,-0.156258566240882,0.362,0.315,1,"EPSTI1",0,"NS"
0.595852621020578,-0.0625242418801923,0.284,0.253,1,"PPCS",0,"NS"
0.596331233208756,-0.102293172115604,0.124,0.108,1,"BAD",0,"NS"
0.596419518880111,-0.0850026964580668,0.249,0.219,1,"CORO1B",0,"NS"
0.597014154286831,-0.116823838780275,0.319,0.275,1,"PET100",0,"NS"
0.597097447625728,-0.673497250986895,0.127,0.108,1,"CIC",0,"NS"
0.597166688797667,-0.177184261147586,0.216,0.188,1,"PLEK",0,"NS"
0.597898952799174,-0.22397906608139,0.146,0.127,1,"TAF1B",0,"NS"
0.597940258736105,-0.0322836121081085,0.894,0.824,1,"RBM39",0,"NS"
0.598021606370138,-0.420310777484137,0.136,0.117,1,"ABHD10",0,"NS"
0.598039632242845,-0.271752245459402,0.322,0.306,1,"BUD31",0,"NS"
0.598173132850826,-0.118822375530895,0.216,0.188,1,"PPP1R7",0,"NS"
0.598806052193583,-0.389013139272641,0.099,0.108,1,"BCL7B",0,"NS"
0.599010013028565,-0.192122342576919,0.3,0.262,1,"SDHAP2",0,"NS"
0.59932000864992,-0.256810493723758,0.183,0.16,1,"FMR1",0,"NS"
0.599408488482307,-0.159365825932045,0.282,0.25,1,"NPC1",0,"NS"
0.59966892819044,-0.243606988935658,0.263,0.228,1,"AKIRIN2",0,"NS"
0.600343161460134,0.0339549442986564,0.782,0.713,1,"IL2RB",0,"NS"
0.600444707125423,-0.0371723262933311,0.216,0.191,1,"ABT1",0,"NS"
0.600813659269933,-0.126109745100885,0.378,0.33,1,"ITGB7",0,"NS"
0.601235125268316,-0.043134555895476,0.153,0.136,1,"NOL11",0,"NS"
0.601742105972184,-0.136902638260275,0.585,0.485,1,"TMC6",0,"NS"
0.60197812579951,-0.146111252350594,0.486,0.457,1,"SAP18",0,"NS"
0.602484072196072,-0.585160010536009,0.11,0.117,1,"ZFAND2B",0,"NS"
0.602493226908209,-0.393112612368201,0.155,0.164,1,"IFIH1",0,"NS"
0.603096126314085,-0.357717278405037,0.146,0.154,1,"GCH1",0,"NS"
0.603269186651739,-0.165678102093603,0.458,0.386,1,"TCP1",0,"NS"
0.603406699291448,-0.265975019775596,0.491,0.42,1,"EP300",0,"NS"
0.60350639154285,-0.288664479836886,0.178,0.188,1,"ZDHHC5",0,"NS"
0.603793336571796,-0.523883996615186,0.204,0.173,1,"DCAF6",0,"NS"
0.604816391695426,-0.157128979509474,0.54,0.451,1,"SPCS2",0,"NS"
0.605214510646066,-0.286737793189487,0.146,0.157,1,"C15orf57",0,"NS"
0.605227080178761,-0.0844148500762361,0.646,0.608,1,"ACTR2",0,"NS"
0.605991892873915,-0.0978732790304347,0.383,0.34,1,"DHX15",0,"NS"
0.606103104054067,-0.507029442765054,0.115,0.099,1,"PRKAG2",0,"NS"
0.606208388015269,-0.418166829692384,0.101,0.086,1,"ATP1A3",0,"NS"
0.606276928580757,-0.029406016586236,0.739,0.657,1,"ARID4B",0,"NS"
0.606304699986279,-0.0785934572445409,0.164,0.145,1,"ECI2",0,"NS"
0.606411949427534,-0.50453609132876,0.216,0.219,1,"GLTSCR1L",0,"NS"
0.606474091108586,-0.172490777772266,0.453,0.383,1,"RSF1",0,"NS"
0.606949546154508,-0.423971474673419,0.127,0.136,1,"UFSP2",0,"NS"
0.607150036542183,-0.163710221695683,0.254,0.219,1,"COMMD3",0,"NS"
0.607437008259816,-0.0472074864104375,0.754,0.667,1,"CYTIP",0,"NS"
0.608102852986187,-0.0941379666071527,0.113,0.099,1,"NME7",0,"NS"
0.608668381270618,-0.0104317548566362,0.131,0.117,1,"LGALS3BP",0,"NS"
0.608852958490346,-0.379608153513135,0.286,0.281,1,"UGP2",0,"NS"
0.609800149194048,0.0456560393244276,0.718,0.633,1,"PTPN6",0,"NS"
0.609866223297817,-0.388112962215917,0.129,0.111,1,"ASB3",0,"NS"
0.610189755302117,-0.110206059600706,0.749,0.691,1,"ATRX",0,"NS"
0.610513750973452,-0.0972972089792733,0.183,0.164,1,"MED21",0,"NS"
0.610928529108733,-0.0316076453762459,0.862,0.713,1,"NCOR1",0,"NS"
0.611360061600986,-0.395562621015154,0.324,0.306,1,"GABARAPL1",0,"NS"
0.611694191254873,-0.181447709031812,0.23,0.201,1,"TXNL1",0,"NS"
0.611994542729608,-0.12699718508426,0.228,0.198,1,"SSNA1",0,"NS"
0.612117153844767,-0.209184463411455,0.563,0.494,1,"EIF5A",0,"NS"
0.612776235855383,-0.397360501604248,0.101,0.086,1,"FBXO22",0,"NS"
0.612860246926236,-0.741031801933645,0.11,0.117,1,"GPHN",0,"NS"
0.613297482710939,-0.155644073333172,0.404,0.386,1,"PRELID1",0,"NS"
0.61375480067825,0.00765814798914477,0.371,0.333,1,"LAMTOR4",0,"NS"
0.613890356525598,-0.224136500509008,0.113,0.099,1,"PPP4R1",0,"NS"
0.614656241163391,-0.0927783965704483,0.366,0.315,1,"SSBP1",0,"NS"
0.615059002629681,-0.252229531934985,0.209,0.182,1,"PIP5K1A",0,"NS"
0.615160142634053,-0.134264896070285,0.869,0.735,1,"DCAF16",0,"NS"
0.615339173414422,-0.558112212412428,0.094,0.102,1,"SIL1",0,"NS"
0.615568276308485,-0.898009295579432,0.176,0.173,1,"PIGQ",0,"NS"
0.615595889837909,-0.0269609909053709,0.235,0.213,1,"FAM32A",0,"NS"
0.615778004381812,-0.212847169765155,0.277,0.238,1,"ILK",0,"NS"
0.615945584242915,-0.0227578847606352,0.317,0.284,1,"ATP6AP1",0,"NS"
0.616054720468677,-0.0816530283324783,0.122,0.108,1,"POU2F2",0,"NS"
0.616111405617468,-0.541096326145797,0.225,0.222,1,"ANAPC7",0,"NS"
0.616247869911867,-0.0729543283377476,0.347,0.309,1,"STRAP",0,"NS"
0.616422795096072,-0.397722600513607,0.099,0.108,1,"NAT9",0,"NS"
0.616748162972525,-0.0697240315958876,0.798,0.657,1,"SLAMF6",0,"NS"
0.617056524744482,-0.129446558382252,0.333,0.287,1,"SF3B4",0,"NS"
0.617749378549156,-0.176206024452659,0.155,0.136,1,"MARCH5",0,"NS"
0.618042710363131,-0.339583410600561,0.171,0.148,1,"UBL3",0,"NS"
0.618821299699508,-0.0551408257209804,0.185,0.167,1,"HPCAL1",0,"NS"
0.619318564067117,-0.0573457707460183,0.589,0.537,1,"SNRPD2",0,"NS"
0.61953110560741,-0.133446490551461,0.603,0.512,1,"TPR",0,"NS"
0.619543503248024,-0.146139091271594,0.934,0.855,1,"ZNF587",0,"NS"
0.619710877875223,-0.237222120882687,0.324,0.324,1,"MSL2",0,"NS"
0.619758746679715,-0.0995647885987799,0.129,0.114,1,"LEO1",0,"NS"
0.620005269261854,-0.392833195682234,0.23,0.231,1,"SMN2",0,"NS"
0.620014986341947,-0.00753299763481995,0.265,0.241,1,"ZDHHC6",0,"NS"
0.620064413251568,0.135547382997948,0.108,0.096,1,"ZNF282",0,"NS"
0.62053940336881,-0.115734985542439,0.249,0.213,1,"TMEM219",0,"NS"
0.621510099437804,-0.435215274105261,0.254,0.25,1,"PTDSS1",0,"NS"
0.621687378853665,-0.124828696434178,0.408,0.395,1,"TMEM230",0,"NS"
0.621734092642382,-0.253237327928186,0.646,0.522,1,"GOLGA8B",0,"NS"
0.621966498302257,-0.388909328169419,0.357,0.34,1,"DIAPH1",0,"NS"
0.622658250061563,-0.209606273602287,0.254,0.225,1,"RFX7",0,"NS"
0.622667181949176,-0.370808864947867,0.239,0.231,1,"PPA1",0,"NS"
0.623270819893372,-0.116496265981723,0.103,0.09,1,"COQ5",0,"NS"
0.623319458694684,-0.307559128610215,0.216,0.219,1,"NEU1",0,"NS"
0.624132360209846,-0.116914807751673,0.291,0.253,1,"NDUFC1",0,"NS"
0.625087806647047,-0.187053149547606,0.113,0.099,1,"EPS8L2",0,"NS"
0.625529490936467,-0.288191881781408,0.185,0.164,1,"AGFG2",0,"NS"
0.6255584170121,-0.0271959618697808,0.122,0.108,1,"SERGEF",0,"NS"
0.626224945694079,-0.199740750385726,0.303,0.299,1,"PIN1",0,"NS"
0.626627164959652,-0.0643013627667797,0.11,0.12,1,"ZMIZ1",0,"NS"
0.62693614706407,-0.236509727059367,0.167,0.148,1,"KCTD7",0,"NS"
0.627089753249255,0.0113872452661894,0.685,0.645,1,"MCL1",0,"NS"
0.627925792200451,-0.327751538296028,0.131,0.114,1,"TCTN3",0,"NS"
0.6280427032217,-0.320579120135088,0.117,0.102,1,"LOC96610",0,"NS"
0.628403659016072,-0.0832092220187577,0.737,0.694,1,"TBL1XR1",0,"NS"
0.628589409532699,-0.190376776652579,0.378,0.358,1,"ANXA2",0,"NS"
0.62912780902436,-0.160445878702428,0.308,0.265,1,"RBBP7",0,"NS"
0.62972551243059,-0.298397562845648,0.239,0.244,1,"ITFG2",0,"NS"
0.630394264576529,0.0348172341569821,0.817,0.728,1,"LCK",0,"NS"
0.630743685608286,-0.0751890186700941,0.254,0.228,1,"HN1",0,"NS"
0.631074243810887,-0.0976796721224038,0.418,0.355,1,"ST6GALNAC6",0,"NS"
0.631172282184492,-0.0461423691813561,0.664,0.623,1,"FKBP1A",0,"NS"
0.631185020913036,-0.00602448998378791,0.962,0.855,1,"S1PR2",0,"NS"
0.631810282543475,-0.279660373514251,0.23,0.204,1,"PFKFB3",0,"NS"
0.632011497193529,-0.0480880149956555,0.991,0.975,1,"SPN",0,"NS"
0.632107215202143,-0.150449917390445,0.223,0.201,1,"ZNF267",0,"NS"
0.632524336715246,-1.09265205604889,0.113,0.117,1,"ARHGEF12",0,"NS"
0.632601185963511,-0.0971392370302635,0.596,0.556,1,"PNRC2",0,"NS"
0.632759601523227,-0.18689269541362,0.674,0.602,1,"PPP1CB",0,"NS"
0.633030595020565,-0.603175605088649,0.153,0.157,1,"UBAP2",0,"NS"
0.633157531227771,0.0401827362544829,0.251,0.231,1,"RIC8A",0,"NS"
0.633174576369921,-0.134767116366648,0.185,0.164,1,"DUSP11",0,"NS"
0.633268365643753,-0.201390706748841,0.35,0.336,1,"ACP5",0,"NS"
0.633733531545084,-0.450826426678272,0.115,0.123,1,"PGM2",0,"NS"
0.633816491693698,-0.439809678445286,0.117,0.102,1,"VASP",0,"NS"
0.63479939682071,-0.033771200326879,0.397,0.367,1,"EXOC7",0,"NS"
0.635111413604893,-0.209807873034279,0.192,0.173,1,"DENND4A",0,"NS"
0.63562147110276,-0.00523454447994931,0.357,0.318,1,"RTFDC1",0,"NS"
0.635854793018768,-0.570554303980535,0.12,0.127,1,"C4orf27",0,"NS"
0.636124867301837,-0.158601918174443,0.169,0.151,1,"FEM1C",0,"NS"
0.636449865673953,0.0195470591941074,0.927,0.864,1,"PRRC2C",0,"NS"
0.636503619593266,0.0174240803546588,0.953,0.858,1,"ZFP14",0,"NS"
0.636746956577752,-0.699484878127154,0.155,0.157,1,"RBM28",0,"NS"
0.636834521402604,-0.15566552417049,0.596,0.531,1,"CD247",0,"NS"
0.637818695641291,-0.0689053097227104,0.737,0.648,1,"SEPT1",0,"NS"
0.63799890251773,-0.258257154820541,0.178,0.154,1,"CASP7",0,"NS"
0.638248607590826,-0.226042115126792,0.282,0.241,1,"NUDT5",0,"NS"
0.638498872809212,-0.452732756569057,0.366,0.306,1,"EGR1",0,"NS"
0.638722508456705,-0.587516051162797,0.096,0.102,1,"C1orf35",0,"NS"
0.638794809342738,0.022854523837343,0.131,0.117,1,"MRPL27",0,"NS"
0.638910091652843,0.0333010918760546,0.509,0.469,1,"SURF4",0,"NS"
0.639088574920155,-0.148999601896916,0.615,0.58,1,"CTLA4",0,"NS"
0.639552476296007,-0.342654140409236,0.329,0.281,1,"CGGBP1",0,"NS"
0.639961065248477,-0.167808903562907,0.329,0.293,1,"RNF38",0,"NS"
0.639985577094144,0.036320572972667,0.969,0.901,1,"VHL",0,"NS"
0.640220042494752,-0.0360468733124509,0.124,0.111,1,"RBM7",0,"NS"
0.640246693401972,-0.209202593512356,0.141,0.123,1,"PRPSAP1",0,"NS"
0.640593032122805,-0.34484646215959,0.286,0.269,1,"MRPL33",0,"NS"
0.640963030368976,-0.119552392236373,0.146,0.13,1,"LARS2",0,"NS"
0.64143205017422,-0.478102453273178,0.192,0.167,1,"ZNF236",0,"NS"
0.64146833035859,0.0536817795314282,0.986,0.917,1,"PRICKLE2-AS3",0,"NS"
0.642235603488287,-0.0716189384171504,0.11,0.099,1,"MSTO2P",0,"NS"
0.642875675043628,-0.0673998725934768,0.453,0.414,1,"CNTRL",0,"NS"
0.642984985618994,-0.214865101045476,0.15,0.133,1,"MRPL24",0,"NS"
0.643719459728332,-0.195010200500749,0.606,0.543,1,"PTP4A2",0,"NS"
0.64381028793749,-0.30056194655572,0.505,0.386,1,"ATP6V0C",0,"NS"
0.643813687184059,-0.176217731038471,0.369,0.318,1,"SRP72",0,"NS"
0.644601377000981,-0.180078307644848,0.69,0.608,1,"HNRNPA3",0,"NS"
0.64550094196547,-0.14996984859485,0.58,0.525,1,"PARVG",0,"NS"
0.645614569682624,-0.381040961101697,0.16,0.167,1,"DRAM2",0,"NS"
0.645813102552337,-0.0926461642129833,0.329,0.281,1,"TWF2",0,"NS"
0.645861746260218,-0.457394795334509,0.338,0.324,1,"ZMYND8",0,"NS"
0.646026640129254,-0.241840455469352,0.209,0.185,1,"ARID3B",0,"NS"
0.646251252183109,-0.0382286582413565,0.723,0.633,1,"HCLS1",0,"NS"
0.646283710229936,-0.0971521417995809,0.117,0.105,1,"KLHL20",0,"NS"
0.647326302669239,-0.43851602985904,0.094,0.102,1,"MIOS",0,"NS"
0.647600748148154,-0.136745482184729,0.669,0.596,1,"PPP1R2",0,"NS"
0.647706767674322,0.0712833061791689,0.944,0.772,1,"PPIEL",0,"NS"
0.648042447930894,-0.0222918722519265,0.96,0.92,1,"C11orf58",0,"NS"
0.648045401587375,-0.238191661123087,0.286,0.29,1,"MED4",0,"NS"
0.648301105747244,0.10717058724712,0.138,0.127,1,"ELP5",0,"NS"
0.648336156507675,-0.182651591134092,0.251,0.225,1,"DYNC1LI2",0,"NS"
0.648464050688495,-0.0274503168240748,0.376,0.346,1,"FIP1L1",0,"NS"
0.648597170955607,-0.0750041456792034,0.585,0.525,1,"ANXA5",0,"NS"
0.648911586294986,-0.628745662797781,0.15,0.13,1,"GSG2",0,"NS"
0.649111788661132,-0.00395372910750003,0.11,0.099,1,"E4F1",0,"NS"
0.649118058591715,-0.292061521774583,0.509,0.469,1,"ZMYM2",0,"NS"
0.649595342988367,0.030450409905486,0.934,0.765,1,"MARVELD3",0,"NS"
0.65002935774087,-0.36346206171887,0.235,0.235,1,"PLSCR1",0,"NS"
0.650264906312258,-0.312131821850815,0.153,0.16,1,"BCL2L1",0,"NS"
0.651031080531529,0.0361838101231977,0.674,0.574,1,"PSAP",0,"NS"
0.65110015070163,-0.0939182037116697,0.418,0.364,1,"BTG2",0,"NS"
0.65120865838731,-0.401283653679353,0.185,0.185,1,"LSMD1",0,"NS"
0.651340106957234,-0.264944970356294,0.221,0.194,1,"VEZF1",0,"NS"
0.652478328935159,-0.032795995185898,0.5,0.423,1,"EIF3D",0,"NS"
0.653094751978773,-0.0490460814977219,0.458,0.414,1,"GIMAP6",0,"NS"
0.653269294734367,-0.264095166039394,0.512,0.457,1,"ELOVL5",0,"NS"
0.653365276236292,-0.158327612501187,0.115,0.102,1,"ACOX3",0,"NS"
0.653382132592272,-0.38327419172689,0.275,0.238,1,"NCOR2",0,"NS"
0.653999838126509,-0.302852058045144,0.324,0.278,1,"CCDC64",0,"NS"
0.654341297037177,-0.51985708334053,0.169,0.173,1,"GOLIM4",0,"NS"
0.654759996590083,-0.0593016527013505,0.519,0.463,1,"PPP6R3",0,"NS"
0.654928381349001,-0.149276571558653,0.185,0.167,1,"CHD1L",0,"NS"
0.65497367882786,-0.329275872191934,0.296,0.29,1,"C14orf159",0,"NS"
0.654994989605861,-0.0942228957230664,0.221,0.201,1,"ZSWIM8",0,"NS"
0.655365121793455,-0.285670333075631,0.251,0.222,1,"ZEB1",0,"NS"
0.655409640737255,-0.00589321249858776,0.972,0.923,1,"CARD8",0,"NS"
0.655970671124097,0.0672467860991028,0.746,0.639,1,"LDHA",0,"NS"
0.65683694398327,-0.148329599920666,0.303,0.272,1,"MSI2",0,"NS"
0.657213114134027,0.0129235724788108,0.106,0.096,1,"MPHOSPH6",0,"NS"
0.657799508779068,0.000411731847547392,0.772,0.667,1,"SH3KBP1",0,"NS"
0.658123394308334,-0.207478004982187,0.298,0.262,1,"BTN2A1",0,"NS"
0.658281960182391,-0.0455889190843262,0.491,0.423,1,"BZW1",0,"NS"
0.658363425068711,-0.108179582974426,0.131,0.117,1,"FKBP11",0,"NS"
0.658398728943003,-0.356697360333973,0.171,0.151,1,"NELFA",0,"NS"
0.658497743754512,-0.242430642638729,0.263,0.262,1,"SNRPC",0,"NS"
0.659220750470037,-0.842095023829161,0.136,0.139,1,"SF3A2",0,"NS"
0.65923599344384,0.0532774258618514,0.12,0.108,1,"NOA1",0,"NS"
0.659246779599725,-0.184978609037991,0.293,0.262,1,"ITPR1",0,"NS"
0.660505607637963,-0.229726609685094,0.261,0.269,1,"PLEC",0,"NS"
0.660872632432603,-0.304756481086173,0.23,0.228,1,"CCDC107",0,"NS"
0.661213728537707,-0.300816484097401,0.176,0.179,1,"RNF5P1",0,"NS"
0.66131890805494,0.0381503424983657,0.944,0.799,1,"HAUS2",0,"NS"
0.664940041255459,-0.281311846729477,0.108,0.096,1,"DUSP22",0,"NS"
0.665597182900803,-0.180119108133003,0.15,0.133,1,"LYRM1",0,"NS"
0.666615526284388,-0.257177575446833,0.563,0.512,1,"SYNE1",0,"NS"
0.666674996789906,-0.140970483661967,0.439,0.438,1,"ATP6V1G1",0,"NS"
0.666773922648532,-0.386978986188196,0.249,0.244,1,"FOXO1",0,"NS"
0.667131350007631,0.0425184517337502,0.167,0.154,1,"VNN2",0,"NS"
0.667235641424609,-0.0513023098522385,0.948,0.787,1,"PCBD2",0,"NS"
0.667841859636611,-0.0492784611370869,0.413,0.367,1,"MDH1",0,"NS"
0.668210928789889,-0.3422794631108,0.136,0.12,1,"SUMO1P3",0,"NS"
0.668220785257569,-0.274129874133731,0.34,0.318,1,"PLP2",0,"NS"
0.668397027046695,-0.160624536730725,0.157,0.142,1,"EEA1",0,"NS"
0.668691668723037,-0.219859038187688,0.43,0.401,1,"RFTN1",0,"NS"
0.66906762167016,-0.244814575482439,0.23,0.204,1,"GNPAT",0,"NS"
0.669335918023937,-0.134425368921584,0.587,0.525,1,"DEF6",0,"NS"
0.669367453823092,-0.402920211809683,0.221,0.213,1,"ECHS1",0,"NS"
0.669530269457607,-0.297316089320144,0.27,0.238,1,"ERCC3",0,"NS"
0.669708514299473,-0.197985771521532,0.251,0.225,1,"NR2C2",0,"NS"
0.670191758247113,-0.195208793956051,0.223,0.198,1,"C11orf73",0,"NS"
0.671090946269751,-0.563318945290555,0.322,0.293,1,"GMIP",0,"NS"
0.671814565328229,-0.510615604238322,0.134,0.117,1,"FBXL4",0,"NS"
0.672206420251552,-0.121047001419967,0.214,0.191,1,"EIF4E2",0,"NS"
0.672315068282345,0.0672145829958892,0.106,0.096,1,"ZNF248",0,"NS"
0.672331006068147,-0.0902056092645618,0.284,0.253,1,"BABAM1",0,"NS"
0.672709253911683,-0.580535690362054,0.131,0.136,1,"MX2",0,"NS"
0.674310185536399,-0.28403492895965,0.239,0.207,1,"VIMP",0,"NS"
0.674532915919197,0.0146627938740642,0.803,0.747,1,"ENO1",0,"NS"
0.675436409370282,-0.12517116058994,0.732,0.627,1,"SRSF11",0,"NS"
0.676012379954234,-0.140121797648427,0.239,0.213,1,"TM2D3",0,"NS"
0.677132637048974,-0.544370013308951,0.441,0.358,1,"GIGYF1",0,"NS"
0.677757944319585,-0.194718760803006,0.385,0.336,1,"XRN2",0,"NS"
0.678594167947614,-0.140324470487114,0.174,0.157,1,"L3MBTL2",0,"NS"
0.678995630526691,-0.264244188261535,0.235,0.231,1,"IAH1",0,"NS"
0.679504039238128,-0.0927159086051323,0.507,0.466,1,"CDK2AP2",0,"NS"
0.679640946926968,-0.923935493665385,0.11,0.096,1,"TMEM48",0,"NS"
0.679812732683883,-0.0988761244975738,0.289,0.259,1,"PTPLAD2",0,"NS"
0.680204921591287,-0.423731697077278,0.3,0.29,1,"NGLY1",0,"NS"
0.681270333041453,-0.48325991256998,0.836,0.654,1,"RAB11FIP1",0,"NS"
0.681349410438253,-0.540572648385673,0.181,0.157,1,"BRD1",0,"NS"
0.681837000246505,-0.218927682246147,0.286,0.259,1,"PPIP5K2",0,"NS"
0.682948239665905,-0.356948709747343,0.279,0.269,1,"ITFG1",0,"NS"
0.683065657264199,-0.0536414827989264,0.505,0.441,1,"MOB1A",0,"NS"
0.683857789162026,-0.13186745370714,0.836,0.738,1,"ADAR",0,"NS"
0.683995888629682,-0.183166907288195,0.176,0.157,1,"ZDHHC24",0,"NS"
0.684545308653402,-0.346997813514652,0.207,0.182,1,"DHRS4L2",0,"NS"
0.684762160344494,-0.183083917363288,0.108,0.096,1,"APOBEC3H",0,"NS"
0.685201699145131,-0.235326534804563,0.103,0.093,1,"ZNF275",0,"NS"
0.685548121633194,-0.213972505010225,0.19,0.194,1,"YIF1A",0,"NS"
0.685944044310681,-0.208171718838986,0.298,0.265,1,"EXOC1",0,"NS"
0.686044551441438,-0.153623363094245,0.401,0.392,1,"TMEM109",0,"NS"
0.686085732856763,-0.190204160580581,0.413,0.401,1,"SLC20A1",0,"NS"
0.686911372439032,0.013669458393232,0.131,0.12,1,"ORC5",0,"NS"
0.687312354171657,-0.107124295641171,0.254,0.231,1,"ELF2",0,"NS"
0.687776116527015,-0.236890326795647,0.303,0.29,1,"ADRM1",0,"NS"
0.687878824199144,-0.00979846505151305,0.763,0.66,1,"HMGN1",0,"NS"
0.687899426974152,-0.188799062794533,0.129,0.136,1,"GCHFR",0,"NS"
0.687909093757004,-0.122820276806922,0.408,0.364,1,"ERAP1",0,"NS"
0.688110626053579,0.0177938119097816,0.155,0.142,1,"MRPL50",0,"NS"
0.688669519334073,-0.368501260907123,0.136,0.142,1,"PRKRA",0,"NS"
0.689032850815434,-0.0320331285944877,0.397,0.364,1,"SAMD9",0,"NS"
0.689122358373608,-0.400472441747585,0.136,0.139,1,"NKAP",0,"NS"
0.689252489311569,-0.163850466690435,0.418,0.383,1,"ATP5I",0,"NS"
0.68931029159414,-0.260012002797346,0.869,0.685,1,"F2R",0,"NS"
0.689315603032032,-0.253250358809383,0.221,0.191,1,"CXXC1",0,"NS"
0.689647976643299,-0.216969059456684,0.453,0.417,1,"RNF167",0,"NS"
0.690318289564758,-0.097835369913226,0.178,0.16,1,"TMEM256",0,"NS"
0.690437461413045,-0.0212488398962851,0.984,0.963,1,"ZNF490",0,"NS"
0.690705745078423,-0.205984991142111,0.38,0.37,1,"MARCH7",0,"NS"
0.690877121611905,-0.284732344776347,0.352,0.34,1,"SRRT",0,"NS"
0.690949234695382,-0.630357709267794,0.115,0.12,1,"AKAP7",0,"NS"
0.690972138548754,-0.275708792093533,0.242,0.21,1,"MITD1",0,"NS"
0.69106216894877,-0.141863245952989,0.134,0.12,1,"SGTA",0,"NS"
0.691123101104044,-0.437595369545039,0.275,0.262,1,"LAP3",0,"NS"
0.691192074088262,-0.170484076249761,0.378,0.327,1,"RER1",0,"NS"
0.691245841326461,-0.191523910588538,0.308,0.275,1,"LMF2",0,"NS"
0.691514752832789,-0.114800667143108,0.69,0.593,1,"BPTF",0,"NS"
0.691594180045557,-0.0790371023399266,0.129,0.117,1,"LRRFIP2",0,"NS"
0.691735011023878,-0.226264558241937,0.138,0.123,1,"MRPL39",0,"NS"
0.691904106909451,-0.140686914507116,0.127,0.114,1,"LZIC",0,"NS"
0.692298137335808,-0.132475427887463,0.641,0.525,1,"RBL2",0,"NS"
0.692407871363856,-0.198030234419278,0.843,0.673,1,"GRB2",0,"NS"
0.692671052842248,-0.205904201448695,0.324,0.312,1,"FBL",0,"NS"
0.692789416483008,-0.168729710365956,0.127,0.114,1,"ABHD13",0,"NS"
0.693057151220969,-0.360911391245479,0.099,0.105,1,"NUDT1",0,"NS"
0.693569116275196,-0.0850503928280844,0.629,0.571,1,"PSTPIP1",0,"NS"
0.693869321088859,-0.337920999760367,0.138,0.123,1,"TRIM28",0,"NS"
0.69387940685092,-0.335105896795366,0.385,0.364,1,"SFPQ",0,"NS"
0.69396286512673,0.167234435520212,0.117,0.108,1,"UBE2R2",0,"NS"
0.695004171914715,-0.050817086958167,0.789,0.704,1,"CIRBP",0,"NS"
0.695953414643822,-0.30536361520992,0.157,0.164,1,"TMEM138",0,"NS"
0.6959823249096,-0.0102688926809757,0.129,0.117,1,"ALDOC",0,"NS"
0.697461578812248,-0.0949816997351598,0.577,0.485,1,"GDI2",0,"NS"
0.697809476559134,-0.174775378769038,0.103,0.093,1,"TJAP1",0,"NS"
0.697921130253493,-0.228685013415661,0.303,0.262,1,"CD58",0,"NS"
0.698782823572128,-0.151683718576623,0.103,0.093,1,"ATF1",0,"NS"
0.699503689610822,-0.491737902781584,0.378,0.309,1,"HMOX2",0,"NS"
0.699513200786498,-0.225306092011811,0.305,0.293,1,"NDUFA2",0,"NS"
0.699535464890304,-0.266981506876938,0.106,0.093,1,"MRPS28",0,"NS"
0.70070675025857,-0.304590012141711,0.293,0.284,1,"CCT5",0,"NS"
0.700878864103486,-0.441064351065532,0.148,0.151,1,"SCCPDH",0,"NS"
0.701024912761605,-0.0789348904946252,0.312,0.287,1,"RBBP6",0,"NS"
0.701515423992156,0.00202835420135627,0.195,0.182,1,"PRNP",0,"NS"
0.701757495665906,-0.0995416464776497,0.246,0.219,1,"RNF113A",0,"NS"
0.702025995299613,-0.207328802021574,0.505,0.485,1,"JMJD1C",0,"NS"
0.702129634049841,0.0262001269433607,0.108,0.099,1,"RALB",0,"NS"
0.702387393113382,-0.215394950032705,0.235,0.213,1,"XPOT",0,"NS"
0.702583629753456,-0.12855561740741,0.129,0.117,1,"DDX59",0,"NS"
0.703117530773687,-0.454218739936847,0.197,0.176,1,"STARD9",0,"NS"
0.703383601769797,-0.288798504772849,0.279,0.262,1,"NDUFB7",0,"NS"
0.70339578413931,-0.0836664808787524,0.106,0.096,1,"TMEM161A",0,"NS"
0.70434779760215,-0.176745043454242,0.129,0.117,1,"KIAA0947",0,"NS"
0.704654373662485,-0.383211061974138,0.27,0.265,1,"TDG",0,"NS"
0.705388535279537,-0.465769187979812,0.171,0.151,1,"TRAF3",0,"NS"
0.705442029109281,-0.31500461061987,0.2,0.179,1,"SLC23A2",0,"NS"
0.706153882695739,-0.575885567530907,0.2,0.194,1,"ALG12",0,"NS"
0.706255631968733,-0.114975591008705,0.162,0.145,1,"DUSP23",0,"NS"
0.706718923966323,-0.274972327266824,0.218,0.213,1,"LAMTOR2",0,"NS"
0.706762450619361,-0.250220932766488,0.477,0.432,1,"SF3B2",0,"NS"
0.706783615876159,-0.144618038932115,0.81,0.651,1,"SLA2",0,"NS"
0.707469461410145,-0.385692568668846,0.188,0.167,1,"GPR68",0,"NS"
0.707760113571646,-0.0990631454227993,0.185,0.167,1,"NUDT16L1",0,"NS"
0.708248973536593,-0.117765320443066,0.15,0.136,1,"COPS7B",0,"NS"
0.709807615981207,-0.257146627260446,0.209,0.188,1,"STK38",0,"NS"
0.710206897202348,-0.0482798645515921,0.197,0.179,1,"FAM96A",0,"NS"
0.710332581516052,-0.129135910900437,0.282,0.247,1,"NDUFS6",0,"NS"
0.710357461737997,-0.269836260935498,0.392,0.37,1,"DDX3Y",0,"NS"
0.710646514549973,-0.056258890467469,0.188,0.173,1,"BCL9L",0,"NS"
0.710777338779492,-0.194044610335545,0.27,0.247,1,"RRN3",0,"NS"
0.712402275028879,-0.242873398700615,0.596,0.543,1,"TLN1",0,"NS"
0.712541761090571,-0.517368090307444,0.134,0.136,1,"C8orf40",0,"NS"
0.712950317519334,-0.340088152972062,0.164,0.167,1,"SAT2",0,"NS"
0.71333959533607,-0.0158826232996128,0.242,0.225,1,"NBAS",0,"NS"
0.713458094587867,-0.206847282044601,0.235,0.213,1,"DYRK2",0,"NS"
0.713586683433984,0.0399244007669187,0.941,0.818,1,"OR7D2",0,"NS"
0.713668323474581,-0.298856560212585,0.134,0.12,1,"MEX3C",0,"NS"
0.714077274707068,-0.199974175776413,0.254,0.231,1,"PELI1",0,"NS"
0.71413909666377,0.0429701578027128,0.986,0.895,1,"LPIN3",0,"NS"
0.714780860328086,-0.142727915026446,0.477,0.417,1,"HNRNPUL1",0,"NS"
0.714801331999648,-0.18578413177886,0.23,0.207,1,"SETDB1",0,"NS"
0.715097773923036,-0.0950911897948725,0.453,0.398,1,"LBR",0,"NS"
0.715370056434191,-0.232884507173175,0.249,0.247,1,"ARRDC1",0,"NS"
0.715666368026774,-0.482871937107904,0.129,0.133,1,"CDKN2A",0,"NS"
0.715677233122517,0.0211759279080042,0.986,0.935,1,"CNBP",0,"NS"
0.716453953280455,-0.109365795491455,0.183,0.167,1,"HAT1",0,"NS"
0.71647209284774,-0.411128033817535,0.134,0.139,1,"LPAR5",0,"NS"
0.716557963728654,-0.0531282757967575,0.974,0.923,1,"OPA3",0,"NS"
0.716758852160145,-0.0953501656117662,0.246,0.219,1,"SS18L2",0,"NS"
0.716910574134549,-0.520134087295729,0.141,0.142,1,"STK25",0,"NS"
0.717213013255023,-0.0621506198866528,0.153,0.139,1,"MRPL11",0,"NS"
0.717340635748893,-0.136017884265377,0.467,0.432,1,"ZNF706",0,"NS"
0.718091697347621,-0.160801423207921,0.533,0.457,1,"RAD21",0,"NS"
0.718307590199599,-0.438493828166025,0.221,0.219,1,"PPP1R21",0,"NS"
0.718480951922048,-0.117629722387392,0.923,0.775,1,"WHAMM",0,"NS"
0.718667090261363,-0.173583583008318,0.143,0.13,1,"P2RY11",0,"NS"
0.718921899104912,-0.21552225330082,0.134,0.12,1,"LIPA",0,"NS"
0.718947950751516,-0.42039146501445,0.167,0.167,1,"COA4",0,"NS"
0.719614877971515,-0.506834054469587,0.289,0.275,1,"ZNF148",0,"NS"
0.721036229894716,-0.261297656766452,0.873,0.713,1,"TNRC6B",0,"NS"
0.721123037655722,-0.20789738288423,0.181,0.164,1,"ASF1A",0,"NS"
0.721902798666948,-0.21988063798617,0.437,0.383,1,"CLASP1",0,"NS"
0.722914369046026,-0.250667607977252,0.498,0.42,1,"FUT8",0,"NS"
0.72327375981379,-0.20806345250556,0.103,0.093,1,"SPRY1",0,"NS"
0.723937301104911,-0.189490043158691,0.491,0.457,1,"CREM",0,"NS"
0.724129430908276,-0.27679132519164,0.235,0.235,1,"MRPL37",0,"NS"
0.724340850506865,-0.236085918896898,0.188,0.191,1,"MRPL16",0,"NS"
0.724363210399381,-0.150598750995352,0.732,0.614,1,"OPTN",0,"NS"
0.724554798804841,-0.147119963570098,0.939,0.778,1,"YME1L1",0,"NS"
0.725033465101405,-0.296418923345474,0.216,0.194,1,"UBE2J1",0,"NS"
0.725933253065234,-0.209717268189219,0.357,0.312,1,"SYF2",0,"NS"
0.726214776870629,-0.0774981596845141,0.115,0.105,1,"P2RX4",0,"NS"
0.726803195143387,-0.314162731175429,0.164,0.17,1,"POLR1A",0,"NS"
0.72721310984077,-0.026787723475947,0.249,0.231,1,"DEDD",0,"NS"
0.728193547453074,-0.196286011925028,0.308,0.306,1,"MORF4L2",0,"NS"
0.728466092778805,-0.0312200475033846,0.589,0.519,1,"RHOH",0,"NS"
0.728877710381069,-0.287988076667038,0.34,0.321,1,"SARDH",0,"NS"
0.729024850962374,-0.0900513915337167,0.157,0.145,1,"DHRSX",0,"NS"
0.729125094509217,-0.0134489997389824,0.507,0.444,1,"LAT",0,"NS"
0.729198090445318,-0.366897268375955,0.197,0.179,1,"KLF13",0,"NS"
0.729495049632092,-0.444912476678097,0.103,0.108,1,"PET117",0,"NS"
0.729786181681291,-0.303866642695305,0.195,0.176,1,"VPS37B",0,"NS"
0.729828032996235,0.016334841891136,0.984,0.954,1,"OPHN1",0,"NS"
0.730310318167288,-0.165258895729305,0.472,0.435,1,"OTUB1",0,"NS"
0.730339964929046,-0.323711832665202,0.15,0.136,1,"GPR137B",0,"NS"
0.730652775376135,-0.141486134952053,0.336,0.306,1,"FAM3C",0,"NS"
0.730802377056713,-0.402449599167865,0.246,0.216,1,"FAM50A",0,"NS"
0.731193252951053,-0.204983537651723,0.411,0.367,1,"CCDC88C",0,"NS"
0.731488320328265,-0.192721098689192,0.549,0.503,1,"HSPA9",0,"NS"
0.731520724742868,-0.351872351853972,0.237,0.207,1,"BCCIP",0,"NS"
0.731805248627963,-0.630271683267494,0.214,0.185,1,"C2CD5",0,"NS"
0.732319062797942,-0.758758073067349,0.176,0.154,1,"NR4A3",0,"NS"
0.73237511126438,-0.207897057846269,0.371,0.321,1,"POLR2J",0,"NS"
0.733858197143793,-0.382156720425118,0.146,0.145,1,"PLGRKT",0,"NS"
0.73389438908844,-0.413065473164595,0.096,0.102,1,"LIMA1",0,"NS"
0.734146359392272,-0.291038894489117,0.117,0.105,1,"IDI2-AS1",0,"NS"
0.734299083242579,-0.754172524912585,0.12,0.12,1,"PARP16",0,"NS"
0.734564034523439,-0.115398594239966,0.319,0.287,1,"SPSB3",0,"NS"
0.734701077248984,-0.437039840419054,0.195,0.191,1,"SCYL1",0,"NS"
0.73569608011093,-0.0866832014735845,0.183,0.17,1,"RPAP2",0,"NS"
0.735748803878586,0.00431437280401181,0.411,0.373,1,"CXCR3",0,"NS"
0.735968075621481,-0.302434333644203,0.131,0.136,1,"PIN4",0,"NS"
0.736243846143106,-0.00810455521950537,0.831,0.741,1,"ARHGEF1",0,"NS"
0.736689410054073,-0.188992810468385,0.873,0.713,1,"FNBP1",0,"NS"
0.736747431318732,-0.0199952481084651,0.998,0.972,1,"ABCC9",0,"NS"
0.737021630940229,-0.271906697684784,0.12,0.108,1,"ZFP62",0,"NS"
0.737444443902467,-0.54857514568508,0.129,0.13,1,"MED27",0,"NS"
0.737453341316251,-0.0928563683315358,0.293,0.262,1,"SIVA1",0,"NS"
0.737882381212473,-0.497094479141342,0.34,0.318,1,"CRIM1",0,"NS"
0.738820774237504,-0.100547910447115,0.913,0.784,1,"SEC62",0,"NS"
0.738884412941577,-0.540373220217907,0.131,0.117,1,"PPP3CB",0,"NS"
0.738961023502425,-0.18218220232635,0.214,0.191,1,"PRPS1",0,"NS"
0.739702026651413,-0.114950789987484,0.92,0.812,1,"ANKRD36B",0,"NS"
0.739923883427675,-0.0856149098055787,0.113,0.12,1,"SLC2A8",0,"NS"
0.740278289181236,-0.451017630239637,0.404,0.364,1,"SETD2",0,"NS"
0.740984848524555,-0.431261762049236,0.155,0.157,1,"LTBP4",0,"NS"
0.74105012419085,-0.226647435780048,0.284,0.241,1,"DNPH1",0,"NS"
0.741230620833855,0.0273388522796987,0.716,0.648,1,"PTPN7",0,"NS"
0.741535340304602,-0.244648889607918,0.5,0.429,1,"KPNB1",0,"NS"
0.741836291972399,-0.206538410646609,0.138,0.127,1,"RWDD4",0,"NS"
0.743276008926119,-0.230724393366169,0.359,0.321,1,"USP47",0,"NS"
0.743296050557079,-0.318855786888101,0.298,0.256,1,"SBDS",0,"NS"
0.743328974968305,-0.262399009803323,0.113,0.102,1,"GLA",0,"NS"
0.74358777510797,-0.256044034409767,0.244,0.244,1,"PRPS2",0,"NS"
0.744804709943069,-0.0592698461086563,0.589,0.522,1,"COPE",0,"NS"
0.744897786906374,-0.110506018690022,0.514,0.475,1,"TMED2",0,"NS"
0.744921668995002,-0.443181732889052,0.289,0.269,1,"ERLEC1",0,"NS"
0.745196637895859,-0.294713242142981,0.153,0.157,1,"SLC7A6OS",0,"NS"
0.745911814025189,-0.0516360617215046,0.617,0.583,1,"CD164",0,"NS"
0.746018626679121,-0.295053699989574,0.277,0.241,1,"GTF2A2",0,"NS"
0.74640726003191,-0.108383895648111,0.157,0.142,1,"MRPL54",0,"NS"
0.746733025401406,-0.030155665015271,0.371,0.34,1,"ILF2",0,"NS"
0.747043386164921,-0.10403664150162,0.148,0.136,1,"CPSF3",0,"NS"
0.747084123496741,-0.123528825841955,0.286,0.25,1,"GSTO1",0,"NS"
0.747147701893632,-0.15438806299012,0.171,0.157,1,"YPEL2",0,"NS"
0.747250116357884,-0.291568316606502,0.178,0.179,1,"IMP4",0,"NS"
0.747380545656098,-0.313715011255704,0.202,0.182,1,"HPS3",0,"NS"
0.747398105370887,-0.284126434177245,0.115,0.12,1,"STK16",0,"NS"
0.748292056912879,-0.306136388750666,0.103,0.108,1,"C1GALT1C1",0,"NS"
0.748717687424189,-0.160166702596964,0.216,0.191,1,"DERL2",0,"NS"
0.748884550544231,-0.219610904833108,0.207,0.188,1,"SLC4A1AP",0,"NS"
0.749159133712738,-0.420552716789259,0.127,0.13,1,"LOC728554",0,"NS"
0.749609019153765,-0.0778843490732113,0.549,0.515,1,"EIF4H",0,"NS"
0.749630529557726,-0.307309413999406,0.789,0.608,1,"R3HDM2",0,"NS"
0.750112375771871,-0.0113036432587583,0.979,0.91,1,"PHAX",0,"NS"
0.750290978952059,-0.66011311484361,0.129,0.114,1,"PELP1",0,"NS"
0.750499670952598,-0.340972833923057,0.141,0.127,1,"RASGEF1B",0,"NS"
0.750805428870257,-0.133455951833136,0.183,0.167,1,"TMEM14C",0,"NS"
0.75146205331766,-0.313295286260429,0.113,0.102,1,"EI24",0,"NS"
0.751567538591861,-0.398586054963008,0.265,0.235,1,"DROSHA",0,"NS"
0.751970457640404,-0.0641480861315114,0.728,0.586,1,"MAP4K1",0,"NS"
0.751973846218065,-0.259343091974398,0.228,0.228,1,"TSEN15",0,"NS"
0.752170314373843,0.041676188475781,0.563,0.478,1,"CD63",0,"NS"
0.752525897979363,-0.145730072260532,0.202,0.185,1,"LETMD1",0,"NS"
0.752582050801759,0.00295652060363172,0.728,0.639,1,"MAT2B",0,"NS"
0.752611747842688,-0.133047663347979,0.312,0.287,1,"UBQLN1",0,"NS"
0.75261334450267,-0.276904916740646,0.207,0.207,1,"CSRP1",0,"NS"
0.753122056870379,-0.079940315892979,0.709,0.682,1,"MACF1",0,"NS"
0.753674549405652,-0.125189157457723,0.448,0.401,1,"EIF4G1",0,"NS"
0.754119393533013,-0.9160040004449,0.136,0.136,1,"MAP4K4",0,"NS"
0.754289376357124,-0.148868638467881,0.385,0.343,1,"PCSK7",0,"NS"
0.754317998971707,-0.177478552720795,0.167,0.151,1,"OAS1",0,"NS"
0.754801228641581,-0.26274611677495,0.275,0.247,1,"LGALS8",0,"NS"
0.754943036499613,-0.483761345699465,0.127,0.13,1,"ENDOD1",0,"NS"
0.757024924195587,-0.349338319730541,0.359,0.336,1,"RAP1GDS1",0,"NS"
0.757389792889273,-0.156506922784106,0.303,0.299,1,"PYURF",0,"NS"
0.757389792889273,-0.156506922784106,0.303,0.299,1,"PIGY",0,"NS"
0.757575356213999,-0.164233965794976,0.124,0.114,1,"TRMT10C",0,"NS"
0.757578067982637,-0.32722971050429,0.235,0.225,1,"SEC11C",0,"NS"
0.757976203886669,-0.0229443987308381,0.19,0.176,1,"PLEKHF1",0,"NS"
0.758385762854861,-0.460561004015545,0.277,0.265,1,"KDM5C",0,"NS"
0.758610091387418,-0.217657042960884,0.108,0.099,1,"METTL13",0,"NS"
0.758887687976054,-0.00140443750406294,0.42,0.377,1,"NME2",0,"NS"
0.759323921725457,-0.308217651452183,0.444,0.401,1,"ICOS",0,"NS"
0.759588022293137,-0.336907108886431,0.106,0.096,1,"PLAGL1",0,"NS"
0.759988905564666,-0.102412293394652,0.434,0.42,1,"CASP4",0,"NS"
0.760277938824524,-0.209242336873636,0.256,0.235,1,"FBXO32",0,"NS"
0.76103142093761,-0.326808720788573,0.113,0.117,1,"PTPRN2",0,"NS"
0.761808031494723,-0.114414427617277,0.167,0.154,1,"TMEM128",0,"NS"
0.762016527577323,-0.385796412169562,0.214,0.188,1,"DNAJC19",0,"NS"
0.762305400106004,-0.480309905531096,0.176,0.176,1,"TOM1",0,"NS"
0.762567541851424,-0.0485580934952401,0.204,0.188,1,"CCDC115",0,"NS"
0.762771651529287,0.0130046164973494,0.974,0.88,1,"JAK3",0,"NS"
0.763043890205851,-0.203549799190989,0.15,0.154,1,"COMMD4",0,"NS"
0.763233740321806,-0.245505113661485,0.291,0.278,1,"MED28",0,"NS"
0.764044220890167,-0.26552034407546,0.106,0.096,1,"NUDCD1",0,"NS"
0.764465153831061,-0.177076497840773,0.167,0.151,1,"NIT2",0,"NS"
0.765265554036357,-0.0947268654654307,0.615,0.565,1,"ACAP1",0,"NS"
0.765435494447263,-0.256520229957394,0.223,0.225,1,"HERC2P9",0,"NS"
0.765489143544951,-0.740852323783693,0.113,0.114,1,"SYNE3",0,"NS"
0.766336402572948,-0.184341516963559,0.303,0.278,1,"DPP8",0,"NS"
0.766780591803984,-0.145274350935713,0.343,0.309,1,"TIMMDC1",0,"NS"
0.766955182927773,-0.437451334607751,0.124,0.127,1,"DHRS4",0,"NS"
0.76740404132548,-0.484364907437341,0.277,0.253,1,"HLA-DQB2",0,"NS"
0.767511503664239,-0.248778365474014,0.369,0.355,1,"MYO1G",0,"NS"
0.767897777534969,-0.887524831651368,0.143,0.142,1,"TET3",0,"NS"
0.768404957808442,-0.2088868507624,0.108,0.099,1,"MUL1",0,"NS"
0.768555269071991,-0.42646662626223,0.108,0.111,1,"SURF2",0,"NS"
0.768804676165848,-0.321334804499046,0.115,0.105,1,"PLCH2",0,"NS"
0.768964256725481,0.00408433103064509,0.383,0.355,1,"ABRACL",0,"NS"
0.76935648153814,-0.160049348023636,0.406,0.377,1,"ERP29",0,"NS"
0.769602860630941,-0.211337866546477,0.488,0.46,1,"GON4L",0,"NS"
0.770690022152006,-0.586375439476037,0.183,0.179,1,"C2CD3",0,"NS"
0.771126622438089,-0.253235821275047,0.211,0.21,1,"MAGOH",0,"NS"
0.771267602513818,-0.356589607557191,0.122,0.111,1,"COX10",0,"NS"
0.771280243438826,-0.235738464273626,0.505,0.429,1,"NBPF16",0,"NS"
0.772222357239606,0.010917794779408,0.235,0.222,1,"HSBP1",0,"NS"
0.772453497182176,0.0596469543518872,0.958,0.833,1,"ILF3-AS1",0,"NS"
0.772577259977041,-0.60864193430328,0.141,0.142,1,"CASZ1",0,"NS"
0.772664317014058,-0.0899414840858593,0.458,0.42,1,"THEMIS",0,"NS"
0.773235466408043,-0.289914872113029,0.444,0.383,1,"PAN3",0,"NS"
0.773239053700022,0.0110829260073201,0.972,0.818,1,"SGTB",0,"NS"
0.773318555143272,-0.518237491988097,0.164,0.148,1,"TMEM168",0,"NS"
0.773386840638582,-0.022121325820222,0.502,0.426,1,"TAGLN2",0,"NS"
0.773408107453582,-0.372888143970363,0.138,0.142,1,"INSIG1",0,"NS"
0.774626973144188,-0.145171957565823,0.425,0.383,1,"KHDRBS1",0,"NS"
0.774755827855536,-0.394313075981802,0.15,0.136,1,"CBX1",0,"NS"
0.77576628129599,-0.5267134626096,0.777,0.583,1,"ERAP2",0,"NS"
0.776659875833932,-0.222394370699335,0.162,0.148,1,"DDHD2",0,"NS"
0.777942485116511,-0.35446576765264,0.211,0.188,1,"STRIP1",0,"NS"
0.778053434146612,-0.0827041652067906,0.575,0.506,1,"GPBP1",0,"NS"
0.778615495864309,-0.285674053215491,0.202,0.182,1,"ACADM",0,"NS"
0.778679693626106,-0.302557600771974,0.915,0.756,1,"RRP7A",0,"NS"
0.779068584458276,-0.00745351004095829,1,1,1,"LOC100131257",0,"NS"
0.779086292870502,-0.237527034362148,0.183,0.164,1,"PBDC1",0,"NS"
0.779807550487995,-0.316699952060346,0.115,0.105,1,"MAGOHB",0,"NS"
0.779934469240039,-0.0937447038126454,0.174,0.164,1,"TOPORS",0,"NS"
0.780075728346865,-0.222659664265465,0.134,0.123,1,"CRNKL1",0,"NS"
0.780765607326081,-0.041815577392814,0.385,0.343,1,"NDUFB11",0,"NS"
0.780847674063057,-0.0999902480931614,0.197,0.182,1,"PGLS",0,"NS"
0.780907379692933,-0.339173057565694,0.153,0.139,1,"CLASRP",0,"NS"
0.782119946522171,-0.388418925605828,0.117,0.12,1,"PCK2",0,"NS"
0.782222571560294,-0.116077594680016,0.617,0.549,1,"RBMX",0,"NS"
0.782426753942526,-0.148731447593916,0.157,0.145,1,"RAB9A",0,"NS"
0.782511583545037,-0.0989331012732759,0.89,0.731,1,"BCKDHB",0,"NS"
0.782577791061227,-0.0708014583424893,0.157,0.148,1,"TAZ",0,"NS"
0.783194362778025,-0.0509036760516868,0.312,0.284,1,"ATRAID",0,"NS"
0.78333833052642,-0.160776992688262,0.235,0.216,1,"CUL2",0,"NS"
0.783553239771101,-0.0495088953851345,0.202,0.188,1,"UPF3A",0,"NS"
0.783715553716926,-0.126482987985732,0.218,0.204,1,"RCAN3",0,"NS"
0.784507737963714,-0.46275304373879,0.319,0.262,1,"ATP5EP2",0,"NS"
0.784690232956903,-0.0493262731802941,0.113,0.12,1,"ATP5SL",0,"NS"
0.785063437356467,0.0223683891550273,0.986,0.898,1,"PLCXD1",0,"NS"
0.785512839461029,-0.179367119327747,0.183,0.17,1,"XPO5",0,"NS"
0.785724855216476,-0.33396610245091,0.228,0.204,1,"CD81",0,"NS"
0.78589117763434,-0.107711665087772,0.387,0.352,1,"MGAT1",0,"NS"
0.785982850093003,-0.125498580272748,0.138,0.13,1,"TMEM194A",0,"NS"
0.786273780338833,-0.144711641671697,0.345,0.296,1,"TMED4",0,"NS"
0.786303889436586,-0.347511826515678,0.15,0.136,1,"MFAP1",0,"NS"
0.786360364381078,-0.474639929619046,0.315,0.293,1,"SMC1A",0,"NS"
0.787129141679305,-0.367486059947809,0.162,0.164,1,"KLHL42",0,"NS"
0.78721411318741,-0.325360329111183,0.411,0.377,1,"PRRC2A",0,"NS"
0.787715482943623,-0.121755572408214,0.136,0.142,1,"AFG3L1P",0,"NS"
0.787835334115398,-0.13923537345601,0.289,0.256,1,"MRPS6",0,"NS"
0.787894909831788,-0.327578645766489,0.387,0.361,1,"PPP1R18",0,"NS"
0.788035801786149,-0.356628505962295,0.317,0.278,1,"LOC100506710",0,"NS"
0.788098174252713,-0.131500965403725,0.408,0.352,1,"PPP1CC",0,"NS"
0.788348157675262,-0.245616070605972,0.254,0.247,1,"MMADHC",0,"NS"
0.7902138740761,-0.327270611770758,0.167,0.167,1,"TM2D1",0,"NS"
0.790307418243833,-0.182598254343998,0.235,0.235,1,"POLR3GL",0,"NS"
0.790591657970298,-0.162536733892655,0.556,0.497,1,"CCL3",0,"NS"
0.790729579539643,-0.251421359265628,0.183,0.182,1,"HPRT1",0,"NS"
0.790817865307871,0.0617498089295858,0.981,0.889,1,"LEPREL4",0,"NS"
0.791313996584871,-0.218776238886095,0.362,0.34,1,"ABI3",0,"NS"
0.7915113622846,-0.244709527517048,0.258,0.225,1,"VDAC3",0,"NS"
0.791566354957349,-0.424121333230275,0.108,0.099,1,"PATZ1",0,"NS"
0.791629988144575,-0.449998581764076,0.333,0.312,1,"TLE3",0,"NS"
0.791758886490781,-0.148036998638439,0.948,0.818,1,"SLC35E2",0,"NS"
0.792604167549199,0.0117179554855669,0.15,0.142,1,"MCM9",0,"NS"
0.793115974919373,-0.288223759527777,0.164,0.148,1,"LSM10",0,"NS"
0.793261949208723,-0.1034148932711,0.563,0.525,1,"LASP1",0,"NS"
0.793910008555441,-0.119770845375131,0.157,0.164,1,"PRMT10",0,"NS"
0.794525908917565,-0.204936029653294,0.148,0.136,1,"ACOT9",0,"NS"
0.795927776772386,-0.355040246959924,0.303,0.278,1,"NOL7",0,"NS"
0.79607478748327,-0.177738277831739,0.5,0.46,1,"ARHGAP25",0,"NS"
0.79618023961496,-0.30905303110589,0.183,0.182,1,"C9orf123",0,"NS"
0.79756501497168,-0.136648038302415,0.387,0.346,1,"ATP1B3",0,"NS"
0.797646238947123,-0.205957290848514,0.103,0.108,1,"RNF139",0,"NS"
0.798412077133306,-0.261647574798518,0.141,0.145,1,"SRGAP3",0,"NS"
0.798494865871484,-0.157921874561682,0.134,0.123,1,"PMM1",0,"NS"
0.798506539011298,-0.145871862473574,0.11,0.102,1,"MRPS2",0,"NS"
0.79914219363681,-0.0409382762985104,0.775,0.735,1,"NLRC5",0,"NS"
0.799382176076224,-0.105738129567262,0.35,0.327,1,"TAOK3",0,"NS"
0.79973937925342,-0.221838801538683,0.477,0.414,1,"FOXP1",0,"NS"
0.800485494185843,-0.429742056200806,0.207,0.188,1,"MAP3K1",0,"NS"
0.80074901987429,-0.208368243890299,0.134,0.123,1,"MB21D1",0,"NS"
0.801016446695821,-0.431250517958287,0.178,0.16,1,"ITGAD",0,"NS"
0.801661874344868,-0.144591460909536,0.185,0.173,1,"ATG16L1",0,"NS"
0.801668908020379,-0.138593587244159,0.204,0.188,1,"CUL3",0,"NS"
0.802366830054344,-0.631185386098639,0.16,0.142,1,"BARD1",0,"NS"
0.802397015184288,-0.0426233366212299,0.603,0.525,1,"H2AFZ",0,"NS"
0.802808379706209,-0.00253106086061794,0.751,0.698,1,"ANKRD44",0,"NS"
0.80285349218186,-0.142129329734614,0.106,0.099,1,"SLC46A3",0,"NS"
0.803183469237497,-0.0790174049015035,0.204,0.188,1,"MRPL53",0,"NS"
0.803187663239081,-0.357565430721187,0.333,0.284,1,"MAP1LC3B2",0,"NS"
0.804043439309067,-0.314240380484472,0.345,0.321,1,"PPP3CC",0,"NS"
0.804398721201385,-0.169029941495845,0.392,0.349,1,"TANK",0,"NS"
0.804545160972639,-0.256515655189042,0.211,0.21,1,"DDX23",0,"NS"
0.804989715388631,-0.0208161215893763,0.674,0.62,1,"EIF3H",0,"NS"
0.805456695904482,-0.202700611167583,0.204,0.188,1,"KANSL2",0,"NS"
0.805594611603283,-0.0378774232784901,0.171,0.16,1,"MRPL18",0,"NS"
0.80615992919774,-0.597609766706273,0.16,0.142,1,"YIPF1",0,"NS"
0.806175747869984,-0.29848698070259,0.235,0.231,1,"RPA1",0,"NS"
0.807286458268828,-0.525167276761117,0.146,0.133,1,"STK24",0,"NS"
0.807731173720358,-0.127693527993208,0.317,0.293,1,"MTF2",0,"NS"
0.807776610589294,-0.00809541407073211,0.77,0.664,1,"PGK1",0,"NS"
0.808120639371957,-0.167814835537273,0.484,0.438,1,"UBE2D2",0,"NS"
0.808241932496067,-0.335321561642699,0.174,0.16,1,"COG3",0,"NS"
0.808614304527286,-0.277644916804225,0.279,0.25,1,"PPP6C",0,"NS"
0.808630316223361,-0.142214120728953,0.911,0.759,1,"GLG1",0,"NS"
0.808658762714914,-0.209989047479983,0.221,0.213,1,"RPS19BP1",0,"NS"
0.808975095336402,-0.622120159628655,0.12,0.12,1,"EFCAB4B",0,"NS"
0.809185882072013,-0.181984216571478,0.167,0.154,1,"POP5",0,"NS"
0.809408023364783,-0.0156430095168008,0.408,0.383,1,"NFKBIA",0,"NS"
0.809464141652613,-0.105672851389588,0.967,0.867,1,"MDM2",0,"NS"
0.80981305756643,-0.143887016185537,0.258,0.259,1,"CASP3",0,"NS"
0.810575790826241,-0.251159791059536,0.12,0.123,1,"VRK1",0,"NS"
0.811071359039124,-0.129997772929054,0.221,0.207,1,"GFM1",0,"NS"
0.811245220266201,-0.196725440121121,0.167,0.154,1,"RASGEF1A",0,"NS"
0.811397669724669,-0.0999766075142272,0.216,0.198,1,"C7orf50",0,"NS"
0.812110188992954,0.0310262242035764,0.117,0.111,1,"MRPS23",0,"NS"
0.812337158557805,-0.207407502643146,0.136,0.139,1,"CLIC3",0,"NS"
0.812768750738621,-0.131297564231907,0.195,0.179,1,"MYEOV2",0,"NS"
0.812919540993046,-0.20105785217315,0.108,0.099,1,"SSSCA1",0,"NS"
0.813088888948681,-0.0420025257399927,0.444,0.398,1,"PSMA6",0,"NS"
0.813384778052122,-0.347744521134175,0.27,0.256,1,"SRPK1",0,"NS"
0.813627513357504,-0.100181933774016,0.413,0.383,1,"RAB8B",0,"NS"
0.813833438361954,-0.418063788393378,0.209,0.194,1,"TRAPPC5",0,"NS"
0.814017060311932,-0.0119904283287837,0.732,0.67,1,"UBE2D3",0,"NS"
0.814486608998951,-0.00473345826326299,0.737,0.657,1,"ETNK1",0,"NS"
0.814573069573717,-0.320537032415686,0.183,0.167,1,"KCTD13",0,"NS"
0.814864830752091,-0.312562285856597,0.211,0.194,1,"SUCO",0,"NS"
0.814864830752091,-0.204943528107965,0.204,0.204,1,"SNX3",0,"NS"
0.815648717438989,-0.215346424699267,0.263,0.231,1,"NDUFB5",0,"NS"
0.816197827240199,-0.182754988134764,0.244,0.225,1,"SEMA4A",0,"NS"
0.81680617576896,-0.177553807560131,0.305,0.299,1,"CSF1",0,"NS"
0.817007103545041,-0.0842203753941565,0.408,0.38,1,"CREBZF",0,"NS"
0.817112744514525,-0.022027101369553,0.552,0.478,1,"C12orf57",0,"NS"
0.818185512914672,-0.161011217670943,0.11,0.102,1,"DUSP12",0,"NS"
0.818845260054488,-0.201719878258002,0.216,0.198,1,"RBM22",0,"NS"
0.818969672256831,0.0263320969507344,0.685,0.611,1,"FXYD5",0,"NS"
0.818988831875248,-0.127801840108388,0.185,0.173,1,"C21orf59",0,"NS"
0.819090154272202,-0.00982699787476216,0.157,0.164,1,"HSD17B11",0,"NS"
0.820830525646536,-0.340803503559596,0.244,0.228,1,"NDUFAB1",0,"NS"
0.821335247541037,-0.432936240106449,0.169,0.154,1,"GOLGA1",0,"NS"
0.821633449402628,-0.0710215700423461,0.383,0.352,1,"HK1",0,"NS"
0.822253530001267,-0.184488952880138,0.369,0.324,1,"SHKBP1",0,"NS"
0.822376048671171,-0.370298196161091,0.19,0.188,1,"IARS2",0,"NS"
0.822633403908729,-0.258848817096024,0.19,0.179,1,"MXD1",0,"NS"
0.822900452168606,-0.105298847260259,0.465,0.423,1,"RSRC2",0,"NS"
0.822962900437079,-0.556607243095517,0.298,0.278,1,"ZC3H4",0,"NS"
0.823073539263055,-0.0942302632102075,0.275,0.253,1,"RANBP1",0,"NS"
0.823497938138374,-0.380613938724439,0.169,0.164,1,"C6orf1",0,"NS"
0.82389060745189,-0.1911152114655,0.392,0.352,1,"PSD4",0,"NS"
0.824503997672436,-0.172559708758396,0.157,0.16,1,"GPN1",0,"NS"
0.824626156076231,-0.135195199036342,0.146,0.136,1,"MRPS26",0,"NS"
0.824645736614077,-0.148056873750296,0.235,0.219,1,"SQRDL",0,"NS"
0.825165805559169,-0.144111833779018,0.43,0.383,1,"CCT6A",0,"NS"
0.825265756883552,-0.208938654801785,0.113,0.105,1,"RNASEL",0,"NS"
0.825740535706186,-0.322614694034487,0.453,0.383,1,"C1orf56",0,"NS"
0.825750084569985,-0.521484021323047,0.143,0.142,1,"BCAP29",0,"NS"
0.826378157563922,-0.0910739113122724,0.493,0.454,1,"PDE4DIP",0,"NS"
0.826687230593202,-0.316353383151377,0.251,0.225,1,"HMBOX1",0,"NS"
0.82679008083022,-0.48832624331051,0.333,0.302,1,"CHFR",0,"NS"
0.82680928765363,-0.0899097639367807,0.549,0.472,1,"PNN",0,"NS"
0.82704082034361,-0.15290416389627,0.258,0.253,1,"YIPF4",0,"NS"
0.827139852637083,-0.0559328409623558,0.601,0.565,1,"LEPROTL1",0,"NS"
0.828279343225013,-0.363814727326298,0.174,0.173,1,"N4BP2L1",0,"NS"
0.828294909038715,-0.282532492702437,0.195,0.179,1,"RAB5A",0,"NS"
0.828840839925859,-0.213367526960775,0.329,0.293,1,"PSMD2",0,"NS"
0.829733033595649,0.0296138759517641,0.988,0.917,1,"C17orf75",0,"NS"
0.829767371828966,-0.172110888879218,0.908,0.741,1,"PDE7A",0,"NS"
0.830111309203531,-0.131231756976751,0.362,0.327,1,"FBXO7",0,"NS"
0.830118104766861,-0.174514281126497,0.148,0.139,1,"PISD",0,"NS"
0.830323772567999,-0.17488843531415,0.31,0.299,1,"PSMB7",0,"NS"
0.830896416406768,-0.156584110602568,0.122,0.114,1,"HMGCL",0,"NS"
0.831626168927754,-0.0245184941049703,0.542,0.463,1,"IGFLR1",0,"NS"
0.83165545314843,-0.40700773687527,0.178,0.16,1,"UBE2J2",0,"NS"
0.832140035697424,-0.37449014418978,0.181,0.176,1,"GTPBP8",0,"NS"
0.83258574511027,-0.115436339948079,0.228,0.228,1,"FIBP",0,"NS"
0.833076453802098,-0.134954717521755,0.155,0.145,1,"BZW2",0,"NS"
0.833112088232419,-0.396964881916151,0.101,0.093,1,"NOC4L",0,"NS"
0.83325073076378,-0.375065834482012,0.392,0.336,1,"RASA1",0,"NS"
0.83355285552865,-0.353236457871373,0.153,0.142,1,"TIMM44",0,"NS"
0.833757927582579,-0.180252416188765,0.312,0.278,1,"TNFAIP8",0,"NS"
0.833948671685818,-0.236009868070715,0.249,0.228,1,"KIAA0040",0,"NS"
0.834117770866498,-0.166349393683197,0.27,0.262,1,"KXD1",0,"NS"
0.834666398389003,-0.533257841471122,0.108,0.108,1,"H2AFX",0,"NS"
0.83484474138106,-0.319854112512919,0.207,0.204,1,"MAP4K5",0,"NS"
0.835693801492064,-0.088048792856206,0.192,0.182,1,"FAM103A1",0,"NS"
0.835786956055064,-1.17216484925932,0.138,0.133,1,"RPL13AP6",0,"NS"
0.835966809739617,-0.169793233105313,0.695,0.574,1,"HSPA5",0,"NS"
0.836058020649504,-0.0157647001293122,0.103,0.099,1,"KCNN4",0,"NS"
0.836306539770975,-0.210421140987572,0.131,0.123,1,"ACBD3",0,"NS"
0.836630965780119,-0.345755135267768,0.535,0.469,1,"CDK12",0,"NS"
0.837034007109226,-0.0536941821338529,0.284,0.269,1,"C10orf54",0,"NS"
0.837117634114363,-0.116832182884823,0.484,0.444,1,"TMEM50A",0,"NS"
0.838011017631267,-0.154101505224127,0.392,0.38,1,"SAMD9L",0,"NS"
0.83802127166273,-0.233967132320437,0.406,0.37,1,"AHSA1",0,"NS"
0.838063689791308,-0.421100610300976,0.124,0.114,1,"CORO7-PAM16",0,"NS"
0.838115489245169,-0.0966651289690037,0.533,0.46,1,"ICAM3",0,"NS"
0.838782628103091,-0.125670646408613,0.462,0.407,1,"ANP32E",0,"NS"
0.838829121288366,-0.220263800289264,0.16,0.16,1,"SDF2L1",0,"NS"
0.838926652484807,-0.0671268520897297,0.315,0.299,1,"SLC4A7",0,"NS"
0.838970845662775,-0.147178666976143,0.469,0.426,1,"UBE2I",0,"NS"
0.839205460147775,-0.203949237533996,0.263,0.244,1,"RBM10",0,"NS"
0.839450886305834,-0.115223538579999,0.298,0.275,1,"NUTF2",0,"NS"
0.839619711299541,-0.0925331380549661,0.495,0.448,1,"ATP5C1",0,"NS"
0.839650092397589,-0.392038293492101,0.115,0.114,1,"ANAPC15",0,"NS"
0.84014025486722,-0.16462281377524,0.129,0.12,1,"TMEM222",0,"NS"
0.84036704971264,0.0182088031586196,0.904,0.852,1,"PRKCH",0,"NS"
0.840633338837285,-0.528033894529121,0.127,0.127,1,"TMEM167B",0,"NS"
0.840780817888495,-0.13683631198431,0.453,0.426,1,"CCNL2",0,"NS"
0.840958443950655,-0.487104334693526,0.225,0.216,1,"SETD1B",0,"NS"
0.841000546890497,-0.139047878748663,0.725,0.611,1,"BRD2",0,"NS"
0.841495754509887,-0.089526045276783,0.122,0.127,1,"ZC3H12C",0,"NS"
0.842354994999701,-0.161972872087879,0.894,0.738,1,"TSPAN14",0,"NS"
0.84248208426508,-0.146832314342726,0.284,0.259,1,"EIF4A3",0,"NS"
0.842883114573345,-0.255035097226951,0.143,0.133,1,"C12orf10",0,"NS"
0.843246108572065,-0.169653397959716,0.329,0.315,1,"SNRPF",0,"NS"
0.843425907202806,0.00437057356233628,0.993,0.975,1,"PRR11",0,"NS"
0.843461641236434,-0.0795072195484531,0.16,0.151,1,"FAM45A",0,"NS"
0.843769328962532,-0.237573185996587,0.143,0.133,1,"POLR3K",0,"NS"
0.84396933258525,-0.612224268151072,0.101,0.093,1,"TMEM185A",0,"NS"
0.844017271393786,-0.121294433533422,0.418,0.38,1,"PTP4A1",0,"NS"
0.844761710763875,-0.435160943852005,0.305,0.272,1,"KLRC4-KLRK1",0,"NS"
0.845347775697713,-0.153554464246429,0.183,0.167,1,"TRAPPC2L",0,"NS"
0.84562558005944,-0.234380577130339,0.279,0.269,1,"DEDD2",0,"NS"
0.845783233081747,-0.107050615457715,0.613,0.522,1,"TMC8",0,"NS"
0.845864901416959,-0.255660819809703,0.113,0.105,1,"ZNF330",0,"NS"
0.846296535888615,-0.249600266334231,0.19,0.176,1,"VPS16",0,"NS"
0.846503905168858,-0.129710264689096,0.387,0.355,1,"C21orf33",0,"NS"
0.84655735509101,-0.241462010796591,0.141,0.142,1,"HTATSF1",0,"NS"
0.846734203186565,-0.227611856687692,0.185,0.173,1,"PRPF18",0,"NS"
0.846856293114244,-0.173596034756709,0.265,0.241,1,"MFSD10",0,"NS"
0.846983104107254,-0.522722168688031,0.101,0.102,1,"TRIB1",0,"NS"
0.847227110489742,-0.125648063990596,0.413,0.37,1,"RNF166",0,"NS"
0.847401963455854,-0.141337186929681,0.441,0.407,1,"SEPW1",0,"NS"
0.847445978936746,-0.218613806513707,0.249,0.228,1,"FAM127A",0,"NS"
0.848179872944943,-0.27662779420263,0.336,0.302,1,"UFM1",0,"NS"
0.848350834340883,-0.152320028629602,0.505,0.481,1,"FRYL",0,"NS"
0.849020079833809,-0.0221349359189612,0.991,0.96,1,"POLH",0,"NS"
0.849113042226413,-0.0941359681833331,0.39,0.352,1,"SRSF4",0,"NS"
0.849842672123685,-0.313127121456591,0.122,0.114,1,"NAA35",0,"NS"
0.85021944563086,-0.413787891896237,0.178,0.176,1,"PIP4K2C",0,"NS"
0.850288199381555,-0.547543743480189,0.214,0.204,1,"ARHGEF9",0,"NS"
0.85049408024914,-0.142172147553094,0.397,0.349,1,"GSDMD",0,"NS"
0.850502810685039,-0.0966983543817238,0.646,0.559,1,"IL6ST",0,"NS"
0.850959986927243,-0.300818694816557,0.326,0.306,1,"EXOC2",0,"NS"
0.851208063104782,-0.123811897239603,0.523,0.457,1,"EFCAB14",0,"NS"
0.851515903195626,-0.157080499062056,0.244,0.225,1,"MFNG",0,"NS"
0.852202528387758,-0.559924203929836,0.214,0.191,1,"TBP",0,"NS"
0.852488224584069,-0.0246727980866275,1,1,1,"KCNQ1OT1",0,"NS"
0.852585745318875,-0.339633734299883,0.207,0.185,1,"TMEM155",0,"NS"
0.852838289761207,-0.0930951692473598,0.638,0.605,1,"DDX3X",0,"NS"
0.85334688671661,-0.323624458266517,0.207,0.198,1,"COMT",0,"NS"
0.853683764963453,-0.30852862513461,0.192,0.185,1,"ADAM8",0,"NS"
0.853962454286624,-0.280458200421612,0.254,0.235,1,"RILPL2",0,"NS"
0.85406334080093,-0.391701850572853,0.336,0.312,1,"RNF44",0,"NS"
0.854174030239161,-0.189445793798672,0.315,0.284,1,"LMBRD1",0,"NS"
0.854464754018825,-0.238803933353298,0.197,0.179,1,"C19orf70",0,"NS"
0.854501868561761,-0.275554135402779,0.169,0.157,1,"LMBR1L",0,"NS"
0.854545882363115,-0.327126610866987,0.181,0.167,1,"KIAA1430",0,"NS"
0.854904931398075,-0.161030162757701,0.178,0.167,1,"PRKAG1",0,"NS"
0.854915915998787,-0.239566828556335,0.169,0.157,1,"TAF6",0,"NS"
0.855152881122366,-0.451405107027715,0.188,0.176,1,"SLIRP",0,"NS"
0.856678285367726,-0.019731094756724,0.866,0.738,1,"EVL",0,"NS"
0.856719846103884,-0.29852763843791,0.254,0.238,1,"DDT",0,"NS"
0.856759433704342,-0.0123881566809714,0.988,0.988,1,"ARHGEF26-AS1",0,"NS"
0.857531050610678,-0.446755289037188,0.185,0.179,1,"C12orf23",0,"NS"
0.858219702067337,-0.0880405215867835,0.674,0.593,1,"SNRNP200",0,"NS"
0.858274055039358,0.0249703564049442,0.941,0.827,1,"SLC35E3",0,"NS"
0.858396294976876,-0.160957119704813,0.65,0.546,1,"SRRM1",0,"NS"
0.860287660947283,-0.252787312910245,0.155,0.154,1,"SELM",0,"NS"
0.860350749321141,-0.103456963747371,0.169,0.16,1,"SDF2",0,"NS"
0.860476995080098,-0.748893088757123,0.178,0.157,1,"IFT20",0,"NS"
0.860577823076848,-0.0198554257545445,0.214,0.207,1,"DDX47",0,"NS"
0.860696383890648,-0.0342559761197369,0.12,0.123,1,"WDR18",0,"NS"
0.860700609158867,-0.204574721089893,0.423,0.377,1,"HMGN4",0,"NS"
0.861760760914343,0.601222140465397,0.254,0.259,1,"EIF3CL",0,"NS"
0.862972393323969,-0.399089804064522,0.216,0.207,1,"PRR5L",0,"NS"
0.863466054568369,-0.45237359216336,0.195,0.179,1,"FAR1",0,"NS"
0.863913178183804,-0.107118713659252,0.695,0.608,1,"CNOT1",0,"NS"
0.864017135692712,-0.113891105659669,0.378,0.37,1,"SNX6",0,"NS"
0.86420808615892,-0.173628406263416,0.197,0.185,1,"HEXB",0,"NS"
0.864263938643342,-0.20113070585258,0.279,0.25,1,"AP2S1",0,"NS"
0.864743255765873,-0.25615953902011,0.448,0.398,1,"PDCD6",0,"NS"
0.865077227047074,-0.352450883335995,0.249,0.222,1,"TKT",0,"NS"
0.865608985371761,-0.232748057129828,0.195,0.182,1,"UTP18",0,"NS"
0.865910841778467,-0.574297783058587,0.204,0.182,1,"PLSCR3",0,"NS"
0.865927380826042,-0.355769787438015,0.153,0.142,1,"TBC1D1",0,"NS"
0.866077532367471,-0.311185773466948,0.164,0.16,1,"MIF4GD",0,"NS"
0.866342047478112,-0.133397912246079,0.218,0.204,1,"TRAPPC3",0,"NS"
0.866430447288704,-0.304800046046462,0.176,0.164,1,"LUZP1",0,"NS"
0.866796276067032,-0.310969724037874,0.249,0.238,1,"SMARCB1",0,"NS"
0.866823764422572,-0.0727709125154326,0.519,0.469,1,"PSMA2",0,"NS"
0.86689207901182,-0.275598199687346,0.268,0.244,1,"APLP2",0,"NS"
0.867175281690056,-0.562296211951239,0.195,0.182,1,"UBA2",0,"NS"
0.867879088144749,-0.461780321533064,0.106,0.105,1,"GLT8D1",0,"NS"
0.868463675216685,-0.299306131413903,0.15,0.142,1,"KLF7",0,"NS"
0.869142263697981,-0.140459197372804,0.707,0.639,1,"CTNNB1",0,"NS"
0.869276999333794,-0.20020098306736,0.3,0.281,1,"CAND1",0,"NS"
0.869945604193362,-0.103857462068127,0.61,0.531,1,"PCBP1",0,"NS"
0.870294401759011,-0.145601696346925,0.939,0.806,1,"MTDH",0,"NS"
0.871522405554683,-0.45469738012762,0.216,0.21,1,"RAP2C",0,"NS"
0.871646078798091,-0.103860923160296,0.878,0.747,1,"RTCA",0,"NS"
0.872812706639419,0.00615242803343841,0.995,0.954,1,"DFFA",0,"NS"
0.873035375456275,-0.454352550757726,0.117,0.108,1,"TMEM126A",0,"NS"
0.873533271403587,-0.290541853348904,0.143,0.142,1,"SOD2",0,"NS"
0.873593605975113,-0.171302565996871,0.171,0.16,1,"MRPL28",0,"NS"
0.873856955409074,-0.272884251202231,0.214,0.191,1,"STX8",0,"NS"
0.875019118678622,-0.388168780689136,0.106,0.099,1,"CDIP1",0,"NS"
0.875124446451844,-0.151158350053309,0.101,0.096,1,"CDKN2AIP",0,"NS"
0.8751247133653,-0.140226029118762,0.204,0.207,1,"UTP6",0,"NS"
0.875255233364584,-0.416240567611587,0.7,0.562,1,"TACC1",0,"NS"
0.87580505521017,-0.149916725367199,0.225,0.219,1,"SDHB",0,"NS"
0.876390840020921,-0.404600192448316,0.246,0.225,1,"CNP",0,"NS"
0.876826901524227,-0.563606906725682,0.153,0.148,1,"RPS10-NUDT3",0,"NS"
0.876830535033171,-0.019306167611594,0.585,0.525,1,"CDC37",0,"NS"
0.877368652988116,-0.171749566335239,0.19,0.188,1,"PQLC3",0,"NS"
0.877426145856264,-0.0845874067691483,0.646,0.571,1,"SH2D2A",0,"NS"
0.877457849857168,-0.387507304254955,0.232,0.204,1,"B3GAT3",0,"NS"
0.87795000544555,-0.37718388216822,0.134,0.13,1,"THAP7",0,"NS"
0.878309348328021,-0.373968571472037,0.204,0.201,1,"TRIM33",0,"NS"
0.87907926887668,-0.0745631165746781,0.347,0.324,1,"NELFCD",0,"NS"
0.879388520202493,-0.062322095978053,0.873,0.731,1,"TRAF5",0,"NS"
0.879527842773276,-0.550826208622103,0.214,0.201,1,"GMPS",0,"NS"
0.879894536685608,0.016283578153931,0.143,0.139,1,"SEMA7A",0,"NS"
0.879898313475463,-0.272996037561638,0.399,0.37,1,"FAM53B",0,"NS"
0.880308355577098,-0.108403638620197,0.904,0.812,1,"PAG1",0,"NS"
0.8805340669035,-0.17046429887846,0.31,0.284,1,"SAP30BP",0,"NS"
0.880997474801375,-0.156455915678999,0.279,0.269,1,"POLR2K",0,"NS"
0.881091036148107,-0.328734629619559,0.566,0.488,1,"ARID1A",0,"NS"
0.881751494539623,-0.44069819431531,0.324,0.293,1,"LOC100507217",0,"NS"
0.882569642080131,-0.162899551573165,0.376,0.336,1,"DYNLRB1",0,"NS"
0.883650150407352,-0.0989674835753679,0.19,0.179,1,"NDUFS3",0,"NS"
0.88410375091324,-0.22388699994985,0.84,0.657,1,"SSR3",0,"NS"
0.884155183211502,-0.213125553313089,0.15,0.142,1,"FZD6",0,"NS"
0.884282267897509,-0.541337335978996,0.232,0.21,1,"TTC37",0,"NS"
0.884576958685824,-0.596885984777269,0.146,0.142,1,"CAD",0,"NS"
0.884800196801069,-0.274924061155605,0.183,0.17,1,"ABCF3",0,"NS"
0.884800808612557,-0.121203842151401,0.35,0.324,1,"BHLHE40",0,"NS"
0.885386458777857,-0.143516664053983,0.474,0.426,1,"PSMF1",0,"NS"
0.885686137313876,-0.150844133877506,0.559,0.485,1,"VAMP2",0,"NS"
0.886629416333203,-0.170504059725082,0.298,0.278,1,"ZNF146",0,"NS"
0.88667733667904,-0.0921939033167799,0.312,0.296,1,"SF3B5",0,"NS"
0.886677642747597,-0.120179076831721,0.7,0.577,1,"RBM8A",0,"NS"
0.887268897646079,-0.0102923867285081,0.962,0.846,1,"LINC00649",0,"NS"
0.887847494359718,-0.207362710531526,0.282,0.269,1,"NECAP2",0,"NS"
0.887985707532974,-0.712144795746774,0.12,0.117,1,"ZC3H8",0,"NS"
0.888642229720803,-0.235093224830036,0.223,0.219,1,"PCNXL4",0,"NS"
0.888753899922818,-0.234761238687062,0.258,0.244,1,"ITPA",0,"NS"
0.88897390235044,-0.48424662515228,0.129,0.12,1,"STX6",0,"NS"
0.890577399825785,-0.373152071813175,0.155,0.151,1,"DCPS",0,"NS"
0.890582967318062,-0.0306106221470721,0.545,0.491,1,"TAF7",0,"NS"
0.890610958408799,-0.00167837151832062,0.61,0.531,1,"GSTK1",0,"NS"
0.890686853513744,0.00677498600033899,0.688,0.58,1,"PGAM1",0,"NS"
0.890770469584861,-0.340741075096442,0.141,0.133,1,"TRIP4",0,"NS"
0.891848193777936,-0.0945642078117381,0.702,0.583,1,"CALM3",0,"NS"
0.892281919959255,-0.122432811275039,0.148,0.139,1,"DCTPP1",0,"NS"
0.893050857642575,-0.248037393495804,0.43,0.392,1,"MAX",0,"NS"
0.893734897262103,-0.163890398591195,0.148,0.148,1,"TK2",0,"NS"
0.893851401122079,-0.269819284745099,0.296,0.272,1,"ETFA",0,"NS"
0.894892132908305,-0.21878506316258,0.12,0.114,1,"HERC6",0,"NS"
0.895242205823524,-0.3635605376731,0.108,0.108,1,"LRRC28",0,"NS"
0.895372985689765,-0.336403688639781,0.101,0.096,1,"DDX11",0,"NS"
0.895929357140693,-0.42900408351971,0.185,0.173,1,"ATP2B1",0,"NS"
0.896347834059286,-0.234533145439776,0.277,0.256,1,"VPS39",0,"NS"
0.897440099267724,-0.406709446331003,0.176,0.16,1,"C1D",0,"NS"
0.898431207601985,-0.0430074712507114,0.169,0.164,1,"UBE2Z",0,"NS"
0.898462354494116,-0.100732936921281,0.197,0.188,1,"GLIPR2",0,"NS"
0.899026200642985,-0.645490771075851,0.131,0.12,1,"PHF19",0,"NS"
0.899069463407882,-0.184439415908368,0.352,0.315,1,"MRFAP1L1",0,"NS"
0.899374940342717,-0.270999184087812,0.298,0.284,1,"GALNT1",0,"NS"
0.899719885220741,-0.126450283738349,0.918,0.818,1,"MEAF6",0,"NS"
0.899813098138722,-0.344688263974473,0.211,0.194,1,"SAMM50",0,"NS"
0.900052420503482,-0.427106131734922,0.183,0.173,1,"MRPS18C",0,"NS"
0.900662171999717,-0.311321986512598,0.16,0.154,1,"TIMM8B",0,"NS"
0.90142134271821,-0.24577026452114,0.225,0.216,1,"TSTA3",0,"NS"
0.901448584660423,-0.0591638537680035,0.42,0.392,1,"PSMA4",0,"NS"
0.90158847974622,-0.287984375410766,0.195,0.191,1,"ABCC10",0,"NS"
0.901922386074177,0.00541834783109096,0.951,0.83,1,"ZBTB3",0,"NS"
0.902710631217349,-0.134513524362252,0.437,0.389,1,"PPP2CA",0,"NS"
0.90283979566665,-0.276345643284223,0.256,0.238,1,"DNAJC10",0,"NS"
0.904168677049093,-0.367236811130051,0.225,0.213,1,"AASDHPPT",0,"NS"
0.904232685671323,-0.140865604914162,0.122,0.123,1,"BICD2",0,"NS"
0.905493627927518,-0.15497116109479,0.296,0.275,1,"COPB2",0,"NS"
0.90578282757116,-0.0366282187411466,0.761,0.694,1,"ELF1",0,"NS"
0.906042006607759,-0.145646266115024,0.448,0.392,1,"TRAPPC1",0,"NS"
0.906126739154047,-0.0571080193045324,0.155,0.148,1,"COMMD8",0,"NS"
0.906494874940504,-0.249586600683091,0.214,0.204,1,"CNIH4",0,"NS"
0.906976141548043,-0.459489170135266,0.115,0.114,1,"RGPD1",0,"NS"
0.907063293373776,-0.407855852080029,0.545,0.451,1,"SF3A1",0,"NS"
0.907400823190118,-0.159491123732099,0.369,0.343,1,"DDX27",0,"NS"
0.90764248930399,-0.130706735499202,0.408,0.373,1,"MDH2",0,"NS"
0.907908692004143,-0.152045107696372,0.329,0.309,1,"SP3",0,"NS"
0.908724030220499,-0.202484753191941,0.836,0.651,1,"NDUFC2",0,"NS"
0.909034547376514,-0.202871369381631,0.362,0.33,1,"ZYX",0,"NS"
0.909938086941142,-0.129865160053322,0.244,0.231,1,"RNF34",0,"NS"
0.910433546652465,-0.561236538886387,0.162,0.157,1,"TNK2",0,"NS"
0.91130464359693,-0.242260119474497,0.171,0.16,1,"DRG2",0,"NS"
0.911363911737233,-0.543273287116717,0.115,0.114,1,"SSFA2",0,"NS"
0.911949861839086,-0.129700025085067,0.131,0.127,1,"MRPS11",0,"NS"
0.913381082240212,-0.0639586853912133,0.364,0.349,1,"DBNL",0,"NS"
0.913630568175668,-0.076421667174867,0.582,0.522,1,"XRCC5",0,"NS"
0.91367860280625,-0.159747089410258,0.214,0.201,1,"WDR61",0,"NS"
0.913873043507624,-0.151971661342328,0.383,0.361,1,"RAB10",0,"NS"
0.91418171987981,-0.776137850218995,0.202,0.188,1,"FMNL1",0,"NS"
0.914873369317172,-0.213696279110891,0.305,0.284,1,"DDX60",0,"NS"
0.914945285389864,-0.545520371691423,0.284,0.256,1,"RPL22L1",0,"NS"
0.916173016486872,-0.157380987810595,0.286,0.269,1,"NDUFB10",0,"NS"
0.916359768524806,-0.0345460498061473,0.251,0.244,1,"UBE2A",0,"NS"
0.91683095103231,-0.237649454718418,0.225,0.219,1,"DLD",0,"NS"
0.916986962643721,-0.0908854009928237,0.455,0.41,1,"ARF5",0,"NS"
0.917186835714184,-0.0836228884766202,0.354,0.312,1,"PSMD4",0,"NS"
0.917585875836721,-0.410870151264938,0.303,0.272,1,"ANKIB1",0,"NS"
0.917616138256408,-0.0414561769123187,0.993,0.929,1,"SSR1",0,"NS"
0.918048031352926,-0.368628803613176,0.124,0.117,1,"CLPTM1L",0,"NS"
0.918496816498007,-0.244745312720584,0.256,0.238,1,"PPP4C",0,"NS"
0.918531450127823,-0.23841769577697,0.12,0.114,1,"C6orf47",0,"NS"
0.919320306644258,-0.409607894997405,0.286,0.262,1,"SPTBN1",0,"NS"
0.919355018933083,-0.246933334220253,0.293,0.278,1,"HIAT1",0,"NS"
0.919390849906447,-0.236222545907942,0.303,0.287,1,"NOP56",0,"NS"
0.919932091480565,-0.468808204447272,0.141,0.136,1,"CDK5RAP1",0,"NS"
0.919947950158723,-0.0895035704351368,0.676,0.559,1,"RAB1B",0,"NS"
0.920282888447615,-0.137243629489545,0.876,0.707,1,"DDOST",0,"NS"
0.920495911267752,-0.376155202153156,0.164,0.16,1,"CSRNP1",0,"NS"
0.921224056545965,-0.186227453678285,0.232,0.228,1,"TAF2",0,"NS"
0.924156462940212,-0.147024554008672,0.146,0.145,1,"C22orf34",0,"NS"
0.924156462940212,-0.153688691563967,0.146,0.145,1,"SRA1",0,"NS"
0.924251429701268,-0.790874284200011,0.115,0.108,1,"ADAMTS6",0,"NS"
0.924295035779613,-0.0537128552943815,0.77,0.676,1,"PPP2R5C",0,"NS"
0.924344088764286,0.067091789091291,0.878,0.784,1,"ALDOA",0,"NS"
0.924923035073818,-0.127370248137961,0.451,0.395,1,"NDUFB3",0,"NS"
0.92506465726118,-0.120196301438294,0.338,0.302,1,"UQCRFS1",0,"NS"
0.925491910176132,-0.209921545436558,0.204,0.191,1,"HMOX1",0,"NS"
0.925717013093169,-0.0871500522870352,0.411,0.37,1,"CSTB",0,"NS"
0.926099304191785,-0.301255610039282,0.542,0.466,1,"MLL2",0,"NS"
0.926195472557373,-0.480928297138512,0.221,0.207,1,"TRIM25",0,"NS"
0.92638320820244,0.0271213316579844,0.108,0.105,1,"MAPK9",0,"NS"
0.926389968245521,-0.408291556967742,0.12,0.117,1,"UCHL3",0,"NS"
0.926541085736074,0.00235850018955719,0.789,0.765,1,"DOCK8",0,"NS"
0.927226668475653,-0.120014825818411,0.207,0.198,1,"ZNHIT3",0,"NS"
0.927348584632103,-0.152741682539984,0.31,0.299,1,"MCM5",0,"NS"
0.927430107265794,-0.320543573959899,0.195,0.188,1,"ERN1",0,"NS"
0.928001929061929,-0.368218501692942,0.155,0.151,1,"UHRF1BP1L",0,"NS"
0.928109372656792,-0.170407888641348,0.176,0.176,1,"PRRC1",0,"NS"
0.928583187999259,-0.327129161945831,0.286,0.262,1,"MEF2D",0,"NS"
0.928709038071667,-0.0636681743511145,0.61,0.556,1,"HSP90B1",0,"NS"
0.928730397229593,-0.0742387724328036,0.146,0.142,1,"ARL1",0,"NS"
0.928766776184365,-0.276536569555691,0.211,0.191,1,"HSD17B10",0,"NS"
0.929029252430932,-0.162158134650787,0.279,0.265,1,"APEX1",0,"NS"
0.929098873382325,-0.292112180869392,0.136,0.13,1,"RAD52",0,"NS"
0.929608594781252,-0.23017069758566,0.331,0.29,1,"ROMO1",0,"NS"
0.930041994850437,-0.270627703227864,0.331,0.315,1,"TAOK1",0,"NS"
0.930589776721823,-0.336314292873716,0.155,0.151,1,"LAS1L",0,"NS"
0.930706547762541,-0.412118859245677,0.129,0.12,1,"NSMCE2",0,"NS"
0.931397707350308,-0.554907428762907,0.624,0.491,1,"MYADM",0,"NS"
0.931539464234711,-0.147007337407835,0.122,0.117,1,"ALG11",0,"NS"
0.931806491213057,0.0207743747837927,0.995,0.963,1,"ZBTB8A",0,"NS"
0.932399635080204,-0.528701372814097,0.113,0.111,1,"CCNY",0,"NS"
0.932461940959637,-0.136051620944081,0.117,0.114,1,"ENTPD6",0,"NS"
0.932816038770117,-0.14375835926888,0.528,0.457,1,"PA2G4",0,"NS"
0.932869197894497,-0.388195802173545,0.162,0.157,1,"POR",0,"NS"
0.933045962417823,-0.0634291715393804,0.535,0.491,1,"LPXN",0,"NS"
0.933397830900793,-0.307893290132748,0.477,0.42,1,"RBMS1",0,"NS"
0.933512297039943,-0.130201709975706,0.378,0.355,1,"GOLGB1",0,"NS"
0.933609858201996,-0.357546459667769,0.155,0.151,1,"BACH1",0,"NS"
0.933982857173715,-0.139199442932412,0.293,0.275,1,"ABHD14B",0,"NS"
0.934128267826873,-0.227778084696518,0.695,0.583,1,"ROCK1P1",0,"NS"
0.934428526044324,-0.0503649404990492,0.608,0.537,1,"ARPC5",0,"NS"
0.934630281839808,-0.628507759550815,0.176,0.164,1,"SNX13",0,"NS"
0.934701025781941,-0.305293646620164,0.364,0.318,1,"LOC541471",0,"NS"
0.934737619992644,-0.197638401552298,0.446,0.414,1,"PTBP3",0,"NS"
0.934983352135951,-0.425890900473038,0.216,0.201,1,"SLC6A6",0,"NS"
0.935063618730956,-0.46493905472376,0.129,0.127,1,"LRRC40",0,"NS"
0.935410141424967,-0.106511277353554,0.354,0.34,1,"TECR",0,"NS"
0.935584154626301,-0.0945683645272986,0.202,0.194,1,"TSR2",0,"NS"
0.936231605564093,-0.203337688903116,0.185,0.173,1,"SPAG7",0,"NS"
0.936281611936818,-0.481440821567602,0.216,0.204,1,"SNX18",0,"NS"
0.937433503992354,0.00763335109992136,0.643,0.556,1,"ATP5A1",0,"NS"
0.937575591067099,-0.100007106813722,0.369,0.346,1,"SDHD",0,"NS"
0.93778701643355,-0.597846223318421,0.211,0.194,1,"AGFG1",0,"NS"
0.937856425455028,-0.116161589904417,0.575,0.519,1,"YWHAE",0,"NS"
0.938058986915685,-0.255501521753268,0.106,0.102,1,"ACTR5",0,"NS"
0.93812550943477,-0.244825456419276,0.117,0.117,1,"SMYD3",0,"NS"
0.938156198270881,-0.270682586058152,0.308,0.281,1,"PLEKHM1",0,"NS"
0.938294749980109,0.0364174473435359,0.979,0.895,1,"AP4S1",0,"NS"
0.938417628990385,-0.214268918029972,0.427,0.389,1,"NUP50",0,"NS"
0.939302921132517,-0.00762857411328111,0.775,0.664,1,"C17orf76-AS1",0,"NS"
0.939686500007916,-0.204446812130116,0.129,0.123,1,"HTATIP2",0,"NS"
0.939761773642962,-0.100985111677392,0.117,0.114,1,"OXR1",0,"NS"
0.939999417060837,-0.173253568809356,0.143,0.139,1,"GRAMD4",0,"NS"
0.940281814386895,-0.296780798185057,0.204,0.188,1,"POLR2F",0,"NS"
0.940394607547545,-0.37328254952174,0.176,0.167,1,"TAF12",0,"NS"
0.940593623900689,-0.126533514484404,0.556,0.5,1,"EPS15",0,"NS"
0.940840810896685,-0.450856615922864,0.122,0.114,1,"MRPL17",0,"NS"
0.94093076362323,-0.194858096261623,0.225,0.21,1,"IFI35",0,"NS"
0.941164008285427,-0.319306775551248,0.279,0.262,1,"FAM107B",0,"NS"
0.941238524129908,-0.0581359504479655,0.718,0.66,1,"ILF3",0,"NS"
0.942437204653134,-0.168081130133312,0.124,0.123,1,"SNRNP35",0,"NS"
0.943824146733005,-0.457541424030207,0.242,0.222,1,"ZCCHC7",0,"NS"
0.943922643529323,-0.321243298879456,0.174,0.167,1,"TIMM13",0,"NS"
0.94407343269435,-0.294891354930689,0.197,0.191,1,"KIAA1429",0,"NS"
0.94454809979415,-0.13484131331289,0.42,0.383,1,"DNAJC8",0,"NS"
0.94455496748892,-0.34814703011837,0.272,0.253,1,"ATG5",0,"NS"
0.944814663309371,-0.21028384816529,0.507,0.417,1,"DRAP1",0,"NS"
0.944908548975503,0.0050803492306013,0.143,0.145,1,"RASSF4",0,"NS"
0.945281052619398,-0.0966125507997935,0.359,0.333,1,"SCAND1",0,"NS"
0.945369698770765,-0.282464143267627,0.141,0.133,1,"CHCHD5",0,"NS"
0.945386589117497,-0.123618336273483,0.509,0.478,1,"STARD7",0,"NS"
0.945546317415734,-0.32633713098398,0.101,0.099,1,"LOC100129250",0,"NS"
0.946488791476345,-0.214903221967074,0.418,0.373,1,"SEC22B",0,"NS"
0.946490021636327,-0.305040026630598,0.115,0.108,1,"AIF1",0,"NS"
0.947580458316649,-0.00644075337166705,0.899,0.824,1,"MLL5",0,"NS"
0.948496455534466,-0.192873633201116,0.218,0.207,1,"SEPHS2",0,"NS"
0.948701412497708,-0.46477062017687,0.256,0.228,1,"URM1",0,"NS"
0.949070700820493,-0.236445869239025,0.214,0.204,1,"CHMP7",0,"NS"
0.950750222697307,-0.190266969186034,0.101,0.099,1,"MKL2",0,"NS"
0.951608029253947,-0.226048002911748,0.282,0.269,1,"TOB2",0,"NS"
0.952020397893306,-0.257005437472367,0.207,0.201,1,"WDR11",0,"NS"
0.952076125976524,-0.560442515306174,0.103,0.099,1,"MTM1",0,"NS"
0.952426460770206,-0.414589176133245,0.117,0.114,1,"LOC643733",0,"NS"
0.953955709860745,-0.137916272814585,0.387,0.358,1,"EXOC4",0,"NS"
0.954035632042177,0.0315664007046281,0.711,0.63,1,"UCP2",0,"NS"
0.954122038733812,-0.0226086505086729,0.836,0.775,1,"IFI16",0,"NS"
0.954560813850317,-0.326111994046779,0.214,0.198,1,"SNHG12",0,"NS"
0.954926824963326,-0.273308106304021,0.2,0.185,1,"NIPSNAP1",0,"NS"
0.954974129983192,-0.240485654686211,0.15,0.145,1,"RRM1",0,"NS"
0.955212564428246,-0.417192567473608,0.352,0.327,1,"HERC2",0,"NS"
0.955290555012658,-0.170449137852751,0.202,0.191,1,"PHF5A",0,"NS"
0.955331823795619,-0.359034346119806,0.12,0.114,1,"ELL2",0,"NS"
0.955697444159884,-0.386247570566717,0.143,0.136,1,"SLC25A26",0,"NS"
0.955939623548854,-0.295107827498396,0.27,0.244,1,"CWC15",0,"NS"
0.956571863357319,-0.115929932073618,0.643,0.583,1,"RBM25",0,"NS"
0.957063195300019,-0.139120558771369,0.526,0.448,1,"EVI2A",0,"NS"
0.957406971902418,-0.105443582598018,0.27,0.253,1,"EMC7",0,"NS"
0.957556663311636,-0.106805026203155,0.425,0.38,1,"GPX4",0,"NS"
0.957902524627432,-0.38510816851005,0.211,0.198,1,"NUBP2",0,"NS"
0.957931136510796,-0.102790625435282,0.46,0.435,1,"DNAJB6",0,"NS"
0.957980411399187,-0.18194965537784,0.357,0.333,1,"TUBGCP6",0,"NS"
0.957998381796115,-0.0430822698389878,0.915,0.753,1,"FCF1",0,"NS"
0.958039170445276,-0.57638729119531,0.101,0.099,1,"NOD1",0,"NS"
0.95855079579205,-0.128316261983062,0.42,0.367,1,"TOMM6",0,"NS"
0.959034288564454,-0.159587678256868,0.338,0.306,1,"NOP10",0,"NS"
0.959275589513863,-0.137384620343266,0.404,0.361,1,"BATF",0,"NS"
0.960191220648039,-0.234119475701906,0.141,0.139,1,"CAAP1",0,"NS"
0.960240796636325,-0.29918631368568,0.15,0.145,1,"CEP120",0,"NS"
0.9602685950171,-0.352213371973206,0.136,0.13,1,"SNX11",0,"NS"
0.960648018374542,-0.28609576099592,0.167,0.16,1,"CCDC59",0,"NS"
0.961077252897447,-0.304739549131937,0.127,0.123,1,"GRPEL1",0,"NS"
0.961187500292434,-0.1956800030805,0.251,0.238,1,"YIPF3",0,"NS"
0.961539346829823,-0.178360548908244,0.157,0.154,1,"DLGAP1-AS1",0,"NS"
0.961909186729793,-0.124210476519472,0.394,0.361,1,"PHB2",0,"NS"
0.96236613956598,-0.266347195759203,0.143,0.139,1,"TRADD",0,"NS"
0.962606794544321,-0.218449544098882,0.211,0.201,1,"GUSB",0,"NS"
0.962971343499597,-0.411957846226575,0.176,0.17,1,"PHF15",0,"NS"
0.963328658870099,-0.241680840218119,0.124,0.12,1,"TIMM10",0,"NS"
0.963370642495043,-0.137461608459313,0.282,0.272,1,"TMEM30A",0,"NS"
0.96339279484753,-0.183985096995471,0.315,0.284,1,"VAMP5",0,"NS"
0.963579340824604,-0.694893364621641,0.12,0.114,1,"GSTM1",0,"NS"
0.964368628340557,-0.210249538471278,0.16,0.157,1,"C20orf111",0,"NS"
0.964438491742062,0.0111556644486364,0.786,0.701,1,"EIF4G2",0,"NS"
0.964493266808121,0.00450199765859893,0.599,0.531,1,"EIF3K",0,"NS"
0.964549910319034,-0.324729719786914,0.12,0.114,1,"FLT3LG",0,"NS"
0.964920507958855,-0.104301727563968,0.284,0.278,1,"ANKZF1",0,"NS"
0.964994442633123,-0.496562815077634,0.127,0.117,1,"TRAPPC6A",0,"NS"
0.965103174033044,-0.326197461270454,0.117,0.114,1,"POLB",0,"NS"
0.965301493932482,-0.24647597275336,0.138,0.136,1,"REXO2",0,"NS"
0.966347413892922,-0.173950457349996,0.141,0.136,1,"RGS19",0,"NS"
0.966520157961318,-0.0949872994283337,0.284,0.272,1,"PSMD6",0,"NS"
0.967381580600639,-0.229574456977168,0.183,0.176,1,"PPAP2A",0,"NS"
0.967705571265763,-0.0257011283803312,0.638,0.58,1,"PRKAR1A",0,"NS"
0.967762147635147,-0.287743024391714,0.291,0.275,1,"ZZEF1",0,"NS"
0.968145608926223,-0.29267939661374,0.258,0.244,1,"NAA60",0,"NS"
0.968706539447767,-0.166581626530549,0.89,0.744,1,"MLLT6",0,"NS"
0.969143969563592,-0.313633239476077,0.204,0.188,1,"CXorf40B",0,"NS"
0.969764427252413,-0.164236456352382,0.188,0.182,1,"KIAA1967",0,"NS"
0.969883743130133,-0.125966883071879,0.326,0.302,1,"DHRS7",0,"NS"
0.9699914740497,-0.557943426755961,0.171,0.164,1,"DLST",0,"NS"
0.970475446668658,-0.410527860422131,0.833,0.657,1,"GGA2",0,"NS"
0.970683957113395,-0.634512189455668,0.218,0.201,1,"LOC100130093",0,"NS"
0.971495240032994,-0.157959143480189,0.244,0.231,1,"RNASEH2B",0,"NS"
0.97182589106894,-0.28273035974761,0.322,0.293,1,"WBP11",0,"NS"
0.972543538425001,-0.541751432143823,0.11,0.105,1,"SUMF1",0,"NS"
0.9728038175979,-0.356161853868528,0.16,0.154,1,"GALK2",0,"NS"
0.972922921028924,-0.374169132892495,0.303,0.275,1,"PRPF39",0,"NS"
0.973296147960798,-0.406316919035904,0.153,0.145,1,"UBN1",0,"NS"
0.973764330372302,-0.14194966075207,0.106,0.105,1,"RPRD1A",0,"NS"
0.973884723187851,-0.20560882017963,0.117,0.114,1,"LINC00339",0,"NS"
0.974329016475317,-0.152332665900526,0.312,0.293,1,"ZNF24",0,"NS"
0.974737729996722,-0.224731239807688,0.202,0.188,1,"PQBP1",0,"NS"
0.974900002566813,-0.282789466157814,0.538,0.451,1,"RASA2",0,"NS"
0.975155762266137,0.0158130637276723,0.972,0.836,1,"MRI1",0,"NS"
0.975411753168088,-0.288562449616983,0.157,0.151,1,"PEX19",0,"NS"
0.976773570358811,-0.192129633718095,0.261,0.247,1,"NDUFA5",0,"NS"
0.977074568903826,-0.194653882803559,0.171,0.164,1,"STRA13",0,"NS"
0.977322757168941,0.00493613443538954,0.11,0.111,1,"PLK3",0,"NS"
0.977948356134791,-0.248500666612392,0.575,0.478,1,"HSPH1",0,"NS"
0.978490546582563,-0.388858413791979,0.207,0.194,1,"MAML2",0,"NS"
0.978594606633033,-0.407268688831212,0.181,0.173,1,"ZCCHC2",0,"NS"
0.979000575789628,-0.130599557213883,0.561,0.512,1,"SEPT6",0,"NS"
0.979077507359001,-0.0669243039736828,0.155,0.154,1,"DNAJB9",0,"NS"
0.981444369581364,-0.230945511525606,0.202,0.191,1,"ARPC1A",0,"NS"
0.981692019277646,-0.454679893564351,0.15,0.142,1,"POLRMT",0,"NS"
0.982525074945218,-0.0831771335553574,0.411,0.386,1,"OS9",0,"NS"
0.98257676592259,-0.474781694212329,0.331,0.299,1,"TRANK1",0,"NS"
0.982634708281852,-0.591059527056857,0.103,0.099,1,"TMEM242",0,"NS"
0.983169346208531,-0.66976541580443,0.197,0.182,1,"PHRF1",0,"NS"
0.983777487088605,-0.31978837924652,0.134,0.127,1,"NDUFS4",0,"NS"
0.984527996137869,-0.399960269240414,0.164,0.157,1,"EML3",0,"NS"
0.984578020542915,-0.132827549659573,0.676,0.599,1,"RC3H1",0,"NS"
0.984811728170628,-0.211029691274722,0.256,0.241,1,"PSMC4",0,"NS"
0.984995435368029,-0.548341449341817,0.218,0.204,1,"PAPD5",0,"NS"
0.985103750616804,-0.288682877974699,0.838,0.66,1,"PARP14",0,"NS"
0.98562178956849,-0.272934786305832,0.19,0.182,1,"GID8",0,"NS"
0.986330899574421,-0.412746885993759,0.228,0.21,1,"TMBIM1",0,"NS"
0.98643778423797,-0.22812120283637,0.129,0.127,1,"ADHFE1",0,"NS"
0.98648982483402,-0.200273207927664,0.523,0.463,1,"WDR33",0,"NS"
0.986802779708258,-0.223249354140095,0.256,0.244,1,"VTA1",0,"NS"
0.986825653282149,0.00858815194112905,0.911,0.867,1,"MBNL1",0,"NS"
0.986926102417504,-0.305220518681755,0.296,0.278,1,"MBD2",0,"NS"
0.987192662368229,-0.285457768257705,0.408,0.367,1,"PRDM2",0,"NS"
0.988551042707783,-0.194720936126895,0.188,0.179,1,"TMEM208",0,"NS"
0.98871224233273,-0.156673733155059,0.305,0.281,1,"SDHAF2",0,"NS"
0.989101044171764,-0.224457349194309,0.232,0.222,1,"CAPN7",0,"NS"
0.989154937471398,-0.327054496079647,0.134,0.13,1,"ALAS1",0,"NS"
0.989385685223241,-0.189108582704766,0.66,0.565,1,"CCDC141",0,"NS"
0.989491908001355,-0.215748466591068,0.153,0.145,1,"RANGRF",0,"NS"
0.990381849036021,-0.492961425145882,0.115,0.111,1,"DYNC1LI1",0,"NS"
0.991083349179555,-0.0743676524154254,0.239,0.235,1,"TAF15",0,"NS"
0.991683749336392,-0.177109647902264,0.333,0.315,1,"SEC31A",0,"NS"
0.991869202240851,-0.31071477299471,0.15,0.145,1,"MAPKAPK2",0,"NS"
0.992794576674822,-0.0570902399878929,0.925,0.759,1,"MINOS1",0,"NS"
0.992805949823785,0.0212259356152575,1,0.985,1,"PDDC1",0,"NS"
0.992848820412211,-0.346068831765112,0.277,0.253,1,"TRIM27",0,"NS"
0.993088775609707,-0.211116604849701,0.413,0.377,1,"CASC3",0,"NS"
0.99326378114181,-0.269185263176062,0.155,0.148,1,"CUTC",0,"NS"
0.993383669153072,-0.434493192098863,0.162,0.154,1,"LIMK2",0,"NS"
0.993864704538958,-0.352764300301645,0.181,0.17,1,"CCDC25",0,"NS"
0.995021146609268,-0.0597145359224602,0.124,0.123,1,"SLC33A1",0,"NS"
0.995205869864306,-0.0672466361370568,0.169,0.167,1,"NECAP1",0,"NS"
0.995277282015619,-0.213192846573634,0.343,0.306,1,"ZNHIT1",0,"NS"
0.996181984215861,-0.362391799110318,0.322,0.29,1,"PHTF2",0,"NS"
0.99638427373708,0.084383847585116,0.16,0.16,1,"ATP6V1D",0,"NS"
0.996647239825385,-0.126892538717028,0.362,0.33,1,"GIMAP2",0,"NS"
0.99696216949774,-0.172174294885671,0.256,0.241,1,"RHEB",0,"NS"
0.997652246180575,-0.349528096520725,0.162,0.154,1,"TAB1",0,"NS"
0.997836507259685,-0.0227068412947744,0.545,0.475,1,"COX5B",0,"NS"
0.99808578726307,-0.480817290261629,0.164,0.154,1,"USP19",0,"NS"
0.998241941105237,-0.212532811255097,0.202,0.191,1,"PLA2G16",0,"NS"
0.998570743828234,-0.29793380504545,0.124,0.12,1,"TIMM9",0,"NS"
0.998607151243452,-0.261804129326796,0.404,0.364,1,"CAST",0,"NS"
0.99939384534991,-0.143057686494232,0.183,0.179,1,"GMPR2",0,"NS"
0.999544380629835,-0.207781876966895,0.138,0.133,1,"NDUFA8",0,"NS"
0.999812742890373,-0.169534191605175,0.225,0.213,1,"CCDC90B",0,"NS"
