"","DSG3_group","DSG3_EPITHELIAL_MESENCHYMAL_TRANSITION1","DSG3_INFLAMMATORY_RESPONSE1","DSG3_TNFA_SIGNALING_VIA_NFKB1","DSG3_INTERFERON_GAMMA_RESPONSE1","DSG3_APOPTOSIS1","DSG3_MYC_TARGETS_V11","DSG3_OXIDATIVE_PHOSPHORYLATION1"
"CY58_1_CD45_B02_S974_comb","DSG3_neg",-0.0333857484294006,0.0713781426735358,0.0911797569787266,0.156917038335936,0.0413166092209335,0.138370711084479,-0.0204308844437993
"Cy74_CD45_A03_S387_comb","DSG3_neg",-0.00583851712922048,0.0828988140817452,0.10044260758719,0.345174036618417,0.028209358543844,0.167992840795014,0.0241053187787411
"Cy71_CD45_B07_S499_comb","DSG3_neg",-0.0305971152658005,0.0890385300868151,0.11402782958007,0.258822407293275,0.0735578783761386,0.245908473445933,0.0606926875521939
"CY58_1_CD45_A06_S966_comb","DSG3_pos",-0.0315747844444328,0.0239581629613954,0.109972525250058,0.168942810623151,-0.00269394059456596,0.141805582260165,-0.0236828609758348
"Cy74_CD45_F07_S451_comb","DSG3_neg",-0.00924369442618153,0.0183554205256187,-0.00331657558614573,0.170782500432585,0.0664561575083933,0.10318843472987,0.107768875437205
"Cy74_CD45_C02_S410_comb","DSG3_neg",0.0268200627344262,0.0437067297859365,0.0845003159764043,0.411586567861456,0.0717168798134996,0.251978669159345,0.205642974313158
"Cy74_CD45_A08_S392_comb","DSG3_neg",-0.0182901990072638,0.0528366947117672,0.0960713470976621,0.221786647589537,0.075930469273033,0.183059644348076,0.0156389422597457
"Cy74_CD45_E06_S438_comb","DSG3_neg",-0.00935860141326733,0.0311192708177371,0.116737574693835,0.18283544111654,0.171100081740172,0.249438499820073,0.104577572904219
"Cy74_CD45_F01_S445_comb","DSG3_pos",-0.00908975653024163,0.0428625250700248,0.112886219995446,0.185242223905871,0.109159263883694,0.244380469676791,0.00685032304008415
"Cy74_CD45_D01_S421_comb","DSG3_neg",0.03139613019142,0.046407692008661,0.0708669269030012,0.241745687234775,0.145253921986262,0.174229206820067,0.076523892301777
"Cy81_FNA_CD45_A03_S195_comb","DSG3_pos",-0.0381638359566054,0.00847721587344907,-0.0546431383572099,0.103511871573508,-0.0333091510819377,0.0664147461318493,0.0426182922186596
"Cy74_CD45_F08_S452_comb","DSG3_neg",-0.0211758332655839,0.163852557265209,0.115623155235417,0.311892919155021,0.0423515099026228,0.176425350874545,0.0507379116712423
"Cy74_CD45_H06_S474_comb","DSG3_neg",-0.0186519509242226,0.00200387743984437,-0.0342600832524892,0.316882762032105,0.0680030421627373,0.576011653180757,0.220536808257307
"CY58_1_CD45_G11_S1043_comb","DSG3_pos",-0.0337827785936562,0.0703528237187068,0.139889513759475,0.173766915085241,0.0431694216804154,0.153235732888906,-0.0439623505866367
"Cy71_CD45_F03_S543_comb","DSG3_neg",-0.0564295587209369,0.0718891218196287,0.177881806679238,0.169334304069495,0.149964751127266,0.242736291572424,0.0698461927233899
"CY58_1_CD45_E05_S1013_comb","DSG3_neg",-0.00438665640098992,0.080852682496371,0.0754516281945746,0.181219627172972,0.164144305498263,0.224867333128017,0.0305934421081338
"CY58_1_CD45_F04_S1024_comb","DSG3_pos",-0.049504604746634,0.0277214195186718,0.0411629487493564,0.170527586255956,0.114989961203511,0.141911691910977,0.0533076561481963
"Cy81_FNA_CD45_F04_S256_comb","DSG3_neg",-0.0178398766571349,0.0542910187214882,0.0225225614141636,0.133329760456022,0.0806536652024183,0.0822222296543709,0.104715503491454
"CY58_1_CD45_A04_S964_comb","DSG3_pos",-0.0505456278663093,0.0428620485472247,0.0481292617345044,0.15886412344982,-0.0122964455825003,0.199252775189548,-0.0944836358806848
"Cy74_CD45_G07_S463_comb","DSG3_pos",-0.00335185323247561,0.0851775890215671,0.149568416915267,0.215404123213142,0.106920696079759,0.15977268570412,0.0487193553770996
"Cy74_CD45_H02_S470_comb","DSG3_pos",-0.0257225887052892,0.0589358810696819,0.0473418672905993,0.267695301388336,0.0671619745507419,0.506669070736299,0.17279801159578
"CY58_1_CD45_B08_S980_comb","DSG3_pos",-0.0375205505955394,0.115894742055204,0.111654913724509,0.17401548470512,0.028136526197088,0.242124740258891,0.048545917698756
"Cy74_CD45_A02_S386_comb","DSG3_neg",-0.026647730753812,0.0714920520173108,0.0571017576170836,0.161897208528558,0.0767426288573018,0.239289962936582,0.0631795868792808
"Cy74_CD45_E02_S434_comb","DSG3_neg",0.0017830621468983,0.0895832316053338,0.0913653212922915,0.16758213268712,-0.0216810090808279,0.198818181681857,-0.0273704268880073
"Cy81_FNA_CD45_B01_S205_comb","DSG3_pos",0.0879334190598319,0.080993186058773,0.106283884106432,0.106749228759127,0.14470838974207,0.293908771585015,0.166967480195918
"CY58_1_CD45_H11_S1055_comb","DSG3_pos",-0.0241547815700079,0.0162716247848677,0.125227184618548,0.171686919189266,0.0680649898817237,0.0430091976313657,-0.0714661368067974
"Cy71_CD45_D05_S521_comb","DSG3_neg",-0.00276559763279004,0.140453806946256,0.234634214837859,0.302473968841979,0.110342091033178,0.219812766292821,0.0402144740336384
"Cy74_CD45_E07_S439_comb","DSG3_pos",0.0302672660591682,0.0496973557276662,0.0400168731269613,0.503012603574046,0.0916043601025225,0.315447724702092,0.05014369412624
"CY58_1_CD45_C02_S986_comb","DSG3_neg",-0.0394332568040226,0.0706392509931346,0.0940282421450689,0.164622748092177,-0.00631102234021952,0.483527730118535,-0.0187559988980331
"Cy74_CD45_F04_S448_comb","DSG3_pos",0.0114849699556528,0.0519790293132804,0.0529597326688736,0.319576179039412,0.138018569541772,0.295834285488454,0.0911369329198043
"Cy74_CD45_G10_S466_comb","DSG3_pos",-0.0269311842339541,-0.0091726406305917,0.122865480082464,0.209043851669115,0.0295286214282955,0.19947453364085,-0.0153368447157386
"Cy81_FNA_CD45_C03_S219_comb","DSG3_pos",-0.0333685091842383,0.0581931121888031,0.0122815085572075,0.250188125857082,0.0312514802537432,0.16996323305971,-0.0709650219713498
"CY58_1_CD45_B11_S983_comb","DSG3_pos",-0.0219578912900095,0.0835161709785121,0.196064768718585,0.224484758619923,0.0520977981945808,0.21062963816493,-0.0401373375863305
"Cy71_CD45_F04_S544_comb","DSG3_neg",-0.0321013100373884,0.1428870755837,0.187246146622186,0.314966027447145,0.101007528689653,0.257411323188736,-0.0443780239129783
"CY58_1_CD45_D07_S1003_comb","DSG3_neg",-0.0346608323702377,0.051984865376839,0.0921506836782933,0.237288145322453,0.0859109121687116,0.175728827664149,0.0657497716400032
"Cy81_FNA_CD45_C01_S217_comb","DSG3_neg",0.177888978809375,0.0794869589398845,0.114326676152344,0.109612044459293,0.128683073814256,0.397929586083904,0.267319732729988
"CY58_1_CD45_C07_S991_comb","DSG3_neg",-0.0259875115685879,0.0747521265870626,0.0854338281469963,0.221849515732461,0.163089765725365,0.173773908079531,0.0502669480063413
"Cy74_CD45_D09_S429_comb","DSG3_neg",-0.0506031290315293,0.00180865220384746,0.108980499237457,0.0965291408317873,0.175967535701933,0.153586499964569,0.0454914277542942
"CY58_1_CD45_G07_S1039_comb","DSG3_pos",-0.0209703748440279,0.060277593721758,0.138863038963038,0.249113890766657,0.0531074368778595,0.29446984059628,0.171923967864523
"Cy71_CD45_F12_S552_comb","DSG3_pos",0.00304929481644348,0.0409049781947664,0.077166352985879,0.139131820767234,0.0217863512453056,0.205744669109017,-0.123691042320326
"Cy74_CD45_A11_S395_comb","DSG3_pos",0.00702087079075878,0.05701600597359,0.142911820339036,0.262906935046215,0.0310928269953422,0.324222719974734,0.088533513016255
"CY58_1_CD45_C10_S994_comb","DSG3_neg",0.0330010216312672,0.0741347303721714,0.107287996663408,0.112494627884365,0.0590187123514613,0.165638078238947,-0.0587600910806081
"CY58_1_CD45_G04_S1036_comb","DSG3_neg",-0.055877954463123,0.0213401329677081,0.0527845517604922,0.195742957388242,0.0283689480520452,0.0786744010900192,-0.172459620743907
"Cy71_CD45_E01_S529_comb","DSG3_neg",0.00258704038448233,0.0451184282817007,0.118657670182013,0.170938082429307,0.135248548135518,0.173600108981611,0.0134057985340899
"Cy71_CD45_C06_S510_comb","DSG3_pos",-0.0127908513342701,0.121108272571919,0.0802358333018937,0.150482396150687,0.0334046534490827,0.243387037250143,-0.0378303119041838
"Cy74_CD45_H11_S479_comb","DSG3_neg",-0.000848812737519938,0.0822756434142353,0.182184543523074,0.192835451026656,0.13864157637679,0.116453879534173,0.0352317891017425
"Cy74_CD45_C01_S409_comb","DSG3_pos",0.0310656690543411,0.0910209715449111,0.189921197905465,0.244438652813597,0.159275390006552,0.249587605377792,0.00642664906946488
"Cy74_CD45_D06_S426_comb","DSG3_neg",-0.00218962947325674,0.0774227055581786,0.0836259498443471,0.161941661324191,0.0369099960636389,0.224095143278452,0.0787059909881838
"Cy74_CD45_C04_S412_comb","DSG3_neg",-0.0179019512950111,0.108655720730959,0.230691694985265,0.302643719412282,0.0534351027073606,0.312832696866788,0.128718077282595
"CY58_1_CD45_B04_S976_comb","DSG3_pos",-0.0380147771954682,0.122587433875735,0.0621635462824355,0.114683833678926,0.00872734571244638,0.231940492112144,0.10105938617018
"CY58_1_CD45_F07_S1027_comb","DSG3_pos",-0.0597644082727167,0.0288079906777369,0.0764663452139976,0.159856562718634,-0.0104030203640995,0.0774666379629541,0.0925081459831614
"Cy74_CD45_E09_S441_comb","DSG3_neg",0.02181450223769,0.0775943303523173,0.157815763073042,0.223787795355133,0.0580016123887444,0.159376246730973,0.0408683508540787
"Cy74_CD45_F06_S450_comb","DSG3_pos",-0.0307242712795338,0.0740443296263931,0.0919135181363135,0.219455441674361,0.114715490756731,0.213387595948671,0.0855165533834685
"Cy74_CD45_C09_S417_comb","DSG3_pos",-0.0638876044131078,0.0442004561510498,0.14091177368705,0.18730305352064,-0.00840051873147107,0.2868561852045,-0.0867034565621306
"Cy74_CD45_B10_S406_comb","DSG3_neg",0.00346583557375393,0.0417567035088618,0.0718543543547539,0.188307713911319,0.0660942720993562,0.132274893423265,0.00368390896890508
"Cy71_CD45_G04_S556_comb","DSG3_neg",0.032432131290707,0.0688649590621934,0.126164021461746,0.197278067973533,0.116225877589023,0.214788562297948,0.155836904579825
"Cy81_FNA_CD45_G05_S269_comb","DSG3_neg",-0.0242700671353713,0.000909735027142033,0.0234419479279655,0.14577813306895,0.128882671070771,0.0902099294537889,0.0669169601276918
"Cy71_CD45_G10_S562_comb","DSG3_neg",0.0352631324127649,0.0852583522197971,0.102011196880085,0.204630741907617,0.168152024366923,0.296283585220063,0.234463302401624
"CY58_1_CD45_B05_S977_comb","DSG3_pos",0.0115828909132281,0.0463126400353572,0.234181892187913,0.145115971897468,0.0537147371807948,0.126697456315624,-0.0362909517492034
"Cy74_CD45_B04_S400_comb","DSG3_neg",0.0368668944859049,0.0795603748947142,0.106350961177913,0.148028470503793,0.0998757128536132,0.26867750059803,0.248890496060187
"Cy74_CD45_E11_S443_comb","DSG3_neg",0.0424859615325824,0.0579691982232422,0.0910929426744012,0.262906127508251,0.0831509508443361,0.205600706635363,0.0323359542407431
"Cy74_CD45_H04_S472_comb","DSG3_pos",0.0488461016480046,0.0937481749086582,0.163999648853649,0.301560286660981,0.12838400521889,0.0623836059397208,0.0422963930528065
"Cy74_CD45_G11_S467_comb","DSG3_neg",0.0537428843869594,0.0851442957942832,0.131388082434736,0.392912037523077,0.100470134426539,0.250108673231213,0.158475603390755
"cy80-Cd45-pos-PD1-pos-S191-H11-S191-comb","DSG3_pos",-0.0204274250020366,0.000294364050720863,0.0656732716241721,0.10079432861917,0.059339689731416,0.490452290079763,0.393898316491988
"cy80-Cd45-pos-PD1-pos-S137-F05-S137-comb","DSG3_pos",-0.0170899791342037,0.0765013977157981,0.215008054038052,0.141464241830826,0.142371041686389,0.219692210982083,0.056898333257934
"cy80-Cd45-pos-PD1-pos-S183-H03-S183-comb","DSG3_neg",-0.0691580747152444,0.0165299247460433,0.0234798337495067,0.232419323538587,0.0687660006579136,0.140862076166522,-0.0220680743256444
"cy80-Cd45-pos-PD1-pos-S117-E09-S117-comb","DSG3_pos",-0.0332694320972353,0.0334877533123492,0.228676645822126,0.192527286603682,0.067208982937279,0.438763503763475,0.00837998015983116
"cy80-Cd45-pos-PD1-pos-S113-E05-S113-comb","DSG3_pos",-0.055012051986207,0.0790374186772145,0.125418054756335,0.157686504584037,-0.0525908516858473,0.115507422558339,-0.0305854439063113
"cy80-Cd45-pos-PD1-pos-D08-S92-comb","DSG3_pos",-0.0606084453361537,0.0449607120226632,0.102678412179785,0.111567784606041,0.122091591338425,0.122746575347978,0.0153978256422894
"cy80-Cd45-pos-PD1-pos-S164-G08-S164-comb","DSG3_pos",-0.0428628513762702,0.0158147157410232,0.125186104521043,0.247840477215184,0.116894608866386,0.132202662446147,0.207939354706654
"cy80-Cd45-pos-PD1-pos-S188-H08-S188-comb","DSG3_neg",-0.0159382732641916,0.0377363462355421,0.0660225101318967,0.0865909814831664,0.0614702410247819,0.537461957572739,0.333952164530868
"cy80-Cd45-pos-PD1-pos-D03-S87-comb","DSG3_pos",-0.0513486874803427,0.0595670626846002,0.132694958630204,0.151166901304029,0.105538416782939,0.0840165474627319,0.100059760198269
"cy79-p3-CD45-pos-PD1-pos-AS-C2-R1-G10-S466-comb","DSG3_neg",-0.0196774479643842,0.0412143056082527,0.194265316649292,0.242627279605089,0.121505640187565,0.130300397523917,0.0706839586616329
"cy79-p3-CD45-pos-PD1-pos-AS-C2-R1-G11-S467-comb","DSG3_pos",-0.0335823280239747,0.0816095451287771,0.135627537713738,0.118056981731369,0.0738120827074961,0.160403898227369,-0.0151721357181455
"cy79-p3-CD45-pos-PD1-pos-AS-C2-R1-B10-S406-comb","DSG3_neg",-0.0180890251246002,0.00994870257977395,-0.00967636923065393,0.167319832792441,0.020199266131667,0.375755054378992,0.181345585396222
"cy79-p1-CD45-pos-PD1-pos-AS-C5-R1-C02-S218-comb","DSG3_neg",-0.0203064933920504,0.0539701378480308,0.152587691175407,0.251623088319634,0.172304035097508,0.219648431313232,0.116905021931326
"cy79-p1-CD45-pos-PD1-pos-AS-C5-R1-C08-S224-comb","DSG3_neg",-0.0314183564904326,0.0136243513314404,0.0511661295929677,0.200459305731746,0.0442644158288857,0.253548171574266,0.155711194184465
"cy79-p1-CD45-pos-PD1-pos-AS-C5-R1-H10-S286-comb","DSG3_neg",0.0101676955079296,0.0511335931651323,0.165597416450858,0.192820203371727,0.0863641006679831,0.155282956740198,0.0390890217299136
"cy79-p3-CD45-pos-PD1-pos-AS-C2-R1-C01-S409-comb","DSG3_pos",-0.00332916110531697,0.0463716874555665,0.232662711446457,0.25654851073842,0.047143624341324,0.105806654291936,0.0280815540470384
"cy79-p3-CD45-pos-PD1-pos-AS-C2-R1-A08-S392-comb","DSG3_neg",0.0244515146110559,0.0157452034248671,0.0861711533249173,0.112782639472545,0.0374276460851009,0.145473140318853,0.0121874451423755
"cy79-p1-CD45-pos-PD1-pos-AS-C5-R1-H03-S279-comb","DSG3_pos",0.0144949449167585,0.00742877557127417,0.0974666487488869,0.107883422552431,0.091924281890374,0.0789982446027938,-0.051976605595921
"cy79-p3-CD45-pos-PD1-pos-AS-C2-R1-C11-S419-comb","DSG3_neg",-0.0371190245521393,0.0643486019515525,0.11600216185959,0.13524303231689,0.00281316525025127,0.123113096580622,0.0176683783094587
"cy79-p1-CD45-pos-PD1-pos-AS-C5-R1-G08-S272-comb","DSG3_neg",-0.0465356104836034,-0.010002486865631,0.161152728938316,0.202306519107224,0.12919216094274,0.183532688015183,0.0555854307947912
"cy79-p3-CD45-pos-PD1-pos-AS-C2-R1-B02-S398-comb","DSG3_pos",0.0243112378925704,0.10289127633075,0.112090333909824,0.325057338735348,0.169210677466733,0.228634230071341,0.094778245574441
"cy79-p3-CD45-pos-PD1-pos-AS-C2-R1-F04-S448-comb","DSG3_pos",-0.0527522248374958,0.0287645355997568,0.055687175570157,0.192185816888824,0.0221870924062163,0.195065416656961,0.0731209007776961
"cy79-p1-CD45-pos-PD1-pos-AS-C5-R1-C10-S226-comb","DSG3_pos",-0.00568962606212131,0.0374722388084897,0.181565673847771,0.185434159192988,0.150584835714003,0.229590649028681,0.127332790570832
"cy79-p1-CD45-pos-PD1-pos-AS-C5-R1-G09-S273-comb","DSG3_neg",-0.0245563214761734,0.0276072266779886,0.173140836272883,0.0477568630105374,0.0907667090018737,0.13830732861924,0.126323550240628
"cy79-p1-CD45-pos-PD1-pos-AS-C5-R1-B06-S210-comb","DSG3_neg",-0.0766762104792078,0.0347782645678849,0.0745368827831986,0.268431415222454,0.125490978700146,0.0687994621524443,0.0935681123671917
"cy79-p1-CD45-pos-PD1-pos-AS-C5-R1-D07-S235-comb","DSG3_neg",-0.0645712449359239,0.0540065163383441,0.100899148885663,0.164399007236446,0.0431715746834308,0.32348075528112,0.166508330064114
"cy79-p3-CD45-pos-PD1-pos-AS-C2-R1-F09-S453-comb","DSG3_neg",0.00174379888605117,0.010265397140864,0.0906992733292867,0.139627855465965,-0.0107779689308278,0.108476262878056,-0.011789838104379
"cy79-p1-CD45-pos-PD1-pos-AS-C5-R1-G11-S275-comb","DSG3_pos",-0.0116297425177274,0.0486117571777533,0.147524791173935,0.175771827210105,0.0871515332598394,0.155897692798376,0.0665723100628242
"cy79-p1-CD45-pos-PD1-pos-AS-C5-R1-A10-S202-comb","DSG3_neg",0.0176235642913195,0.030231449918864,0.164901888738983,0.372441866485175,0.154617500754213,0.250552430051584,0.118186474557563
"cy79-p1-CD45-pos-PD1-pos-AS-C5-R1-C07-S223-comb","DSG3_neg",-0.0224441634003014,-0.0454837664330755,0.147944166418957,0.0653822615762925,0.0728637171318112,0.144410048420001,-0.0232075516906999
"cy79-p1-CD45-pos-PD1-pos-AS-C5-R1-F10-S262-comb","DSG3_neg",-0.021862513823087,0.0302020999668793,0.190789892892267,0.121319039460176,0.142365733325957,0.222374946582942,0.00942717978258056
"cy79-p3-CD45-pos-PD1-pos-AS-C2-R1-B08-S404-comb","DSG3_neg",0.0433606242584318,0.0580431810058481,0.102706456921017,0.228869848728312,0.216923699706094,0.163717185391408,0.0385816570692694
"cy79-p3-CD45-pos-PD1-pos-AS-C2-R1-F12-S456-comb","DSG3_pos",-0.0545664333354877,0.0890266600312251,0.124275631539268,0.0782192926682866,-0.0535882379087185,0.132627606160318,-0.00790474716350603
"cy79-p3-CD45-pos-PD1-pos-AS-C2-R1-B01-S397-comb","DSG3_pos",-0.00185401828110413,0.0268083363037104,0.0315347074453113,0.169044481733633,0.0969046539527589,0.139019312135045,-0.000350695433061654
"cy79-p3-CD45-pos-PD1-pos-AS-C2-R1-E01-S433-comb","DSG3_pos",-0.0245068098599047,0.0350466285879686,0.0883491665299874,0.195880058677893,0.0684680042508528,-0.0498902103128325,-0.0769382692395035
"cy79-p1-CD45-pos-PD1-pos-AS-C5-R1-B08-S212-comb","DSG3_neg",-0.013422882742543,0.00370748074161875,0.0993442015924529,0.275179147865987,0.118889793627618,0.472231419432755,0.312363315706258
"cy79-p3-CD45-pos-PD1-pos-AS-C2-R1-D02-S422-comb","DSG3_pos",-0.0663202131973522,0.0320346110037087,0.039340385250253,0.174919202077611,0.0535337582246353,0.152107859343354,0.164119833669458
"cy79-p1-CD45-pos-PD1-pos-AS-C5-R1-F09-S261-comb","DSG3_pos",-0.034678119662822,0.0119730923950953,0.0736351370026449,0.249348519478347,0.0619198370910592,0.191981129355682,0.126576595112307
"cy79-p1-CD45-pos-PD1-pos-AS-C5-R1-D08-S236-comb","DSG3_neg",-0.0453827828886303,0.0416532747433913,0.111595568001756,0.151909732216625,0.0989208520382012,0.153847813957413,0.00210686012910388
"cy79-p1-CD45-pos-PD1-pos-AS-C5-R1-F05-S257-comb","DSG3_neg",0.0183988494830881,0.0729522321676863,0.319699737178075,0.229702658080152,0.125545422185383,0.128250239223641,-0.0042647686901699
"cy79-p3-CD45-pos-PD1-pos-AS-C2-R1-F03-S447-comb","DSG3_pos",0.0389092287542261,0.0234591060064958,0.09854802941654,0.212998732003148,0.105652731664293,0.20430030362116,0.087772252750826
"cy79-p3-CD45-pos-PD1-pos-AS-C2-R1-F10-S454-comb","DSG3_neg",-0.0256018848796279,0.0876643397903608,0.0540155784554413,0.214905913104596,0.0967365799963283,0.149200542554121,0.0628400503104071
"cy79-p1-CD45-pos-PD1-pos-AS-C5-R1-H07-S283-comb","DSG3_neg",-0.0618220662577143,0.0276612493238121,0.218751564030449,0.0491896625948074,0.0377175805705871,0.150897192497998,-0.0930917212943918
"cy79-p3-CD45-pos-PD1-pos-AS-C2-R1-E07-S439-comb","DSG3_neg",0.00910987334805341,0.0386235717087205,0.0918434139247947,0.201778489587461,0.0669889125065968,-0.0388850047241309,0.0514616584865523
"cy79-p1-CD45-pos-PD1-pos-AS-C5-R1-C01-S217-comb","DSG3_neg",-0.0633237875927373,0.0506576748731732,0.10047858274112,0.263098321434044,0.0670993851624778,0.174333319370906,0.141312792108086
"cy79-p1-CD45-pos-PD1-pos-AS-C5-R1-C04-S220-comb","DSG3_neg",-0.0400737432789655,0.0378781809245342,0.117711306496564,0.104734787829284,0.0854106689001543,0.223712260867249,-0.00751730774303033
"cy79-p3-CD45-pos-PD1-pos-AS-C2-R1-G12-S468-comb","DSG3_neg",-0.00184101103734649,0.0808665523166566,0.0911336373284208,0.0908684901683989,0.106489197492449,0.209164660420109,0.0906229399354346
"cy79-p1-CD45-pos-PD1-pos-AS-C5-R1-D02-S230-comb","DSG3_neg",-0.00405624572975519,0.0877426616989316,0.232446556058468,0.183305915536057,0.213671154706589,0.205730258949419,-0.00419596540093786
"cy79-p3-CD45-pos-PD1-pos-AS-C2-R1-G01-S457-comb","DSG3_neg",-0.0644066461050894,0.0473873724275548,0.0489305478997888,0.219323232179589,0.132293107172192,0.188496616685283,0.0180750712010522
"cy79-p1-CD45-pos-PD1-pos-AS-C5-R1-G04-S268-comb","DSG3_neg",-0.0441682261208863,0.075446125523699,0.190029366027335,0.239998623295532,0.0587492542413798,0.151944835079448,-0.00849310509357093
"cy79-p1-CD45-pos-PD1-pos-AS-C5-R1-H02-S278-comb","DSG3_neg",-0.00407562888296409,0.081820573287329,0.200274082478088,0.256588571448727,0.0379073269377724,0.199045676162489,0.0638086709562924
"cy79-p1-CD45-pos-PD1-pos-AS-C5-R1-G03-S267-comb","DSG3_neg",-0.0321288178032325,0.0357555236262171,0.0799463400801604,0.282753955468058,0.176233319181096,0.2100802545155,0.00470301858396904
"cy79-p1-CD45-pos-PD1-pos-AS-C5-R1-G02-S266-comb","DSG3_pos",-0.00500714161734656,0.0311719203708891,0.100996491191773,0.229995586261761,0.115349702345215,0.314737716692976,0.146703530297438
"cy79-p3-CD45-pos-PD1-pos-AS-C2-R1-F05-S449-comb","DSG3_neg",-0.057395132462047,0.0510845907556166,-0.0336830703975291,0.412314691973653,0.0787161349880557,0.101063690836132,0.0188640931831414
"cy79-p1-CD45-pos-PD1-pos-AS-C5-R1-B04-S208-comb","DSG3_neg",0.0226575585639372,0.0710465581580761,0.125853356782219,0.250966492280171,0.0928953275158394,0.255574599148833,0.0998067561173784
"cy79-p3-CD45-pos-PD1-pos-AS-C2-R1-C06-S414-comb","DSG3_pos",-0.025530403729435,0.108911557829031,0.1626245407515,0.117875763875095,0.0653746733646004,0.0335357441339789,-0.0296869834418521
"cy79-p1-CD45-pos-PD1-pos-AS-C5-R1-D10-S238-comb","DSG3_neg",0.00577286894025761,0.0431038682737268,0.202570312315048,0.206533036297769,0.128451671397023,0.225984517796641,0.0137087460318885
"cy79-p3-CD45-pos-PD1-pos-AS-C2-R1-F06-S450-comb","DSG3_neg",-0.0249023082909335,0.00545267161884497,0.120049303179493,0.122684359057828,0.0436876309867622,0.096054870727693,-0.093869906277714
"cy79-p3-CD45-pos-PD1-pos-AS-C2-R1-D08-S428-comb","DSG3_pos",0.0123252563807812,0.0917672596866107,0.0601763308579535,0.276444213005531,0.0918020926934185,0.116676000337708,-0.0348583833131689
"cy79-p3-CD45-pos-PD1-pos-AS-C2-R1-G07-S463-comb","DSG3_pos",-0.0718757878604734,0.0103258356996079,0.0307226185614058,0.159475143386163,0.0536343834114038,0.0840346791079802,-0.0369196560629667
"cy79-p3-CD45-pos-PD1-pos-AS-C2-R1-D01-S421-comb","DSG3_neg",-0.00350075312173109,0.0556873652536979,0.128098485627538,0.272532007886611,0.125308535063262,0.209731183124209,-0.0176740656051693
"cy79-p1-CD45-pos-PD1-pos-AS-C5-R1-C09-S225-comb","DSG3_neg",-0.0182456077020264,0.0348035267585316,0.135650776958149,0.195266795249734,0.0447706329188504,0.166639314834555,0.0224660825547628
"cy79-p1-CD45-pos-PD1-pos-AS-C5-R1-G05-S269-comb","DSG3_neg",-0.0273903383871151,0.0526573519152968,0.129596947314779,0.146532910357562,0.125047721912432,0.207361464264567,0.12930492365857
"cy79-p1-CD45-pos-PD1-pos-AS-C5-R1-B05-S209-comb","DSG3_neg",-0.0690858890930731,-0.00911000964798248,0.0188157917184434,0.243779450337385,0.0511154921191489,0.12537294806777,0.0452348278826981
"cy79-p3-CD45-pos-PD1-pos-AS-C2-R1-B05-S401-comb","DSG3_neg",0.0499393257832283,0.0282664817977673,0.109274374082393,0.201571833727955,0.168244368941751,0.217097547711144,0.0347429266251657
"cy79-p3-CD45-pos-PD1-pos-AS-C2-R1-E09-S441-comb","DSG3_pos",-0.0309258821214884,0.0481668793203121,0.12399221711425,0.266182367833128,0.0480377992891735,0.153536804629053,-0.0277333274133132
"cy79-p3-CD45-pos-PD1-pos-AS-C2-R1-A12-S396-comb","DSG3_neg",-0.0142688379835286,0.0803840195278469,0.210794298340586,0.15143679931434,0.104843313965267,0.0782103754305152,-0.030655799779571
"cy79-p1-CD45-pos-PD1-pos-AS-C5-R1-D06-S234-comb","DSG3_neg",-0.047694274647301,0.0747791874708535,0.0655194827083976,0.151957816082675,0.085119899126042,0.187060152414051,0.0448035932025198
"cy79-p1-CD45-pos-PD1-pos-AS-C5-R1-G12-S276-comb","DSG3_neg",-0.0191402614670686,0.0631204336609172,0.227123229184098,0.274880509741709,0.206546034034269,0.325390460378317,0.197171848443262
"cy79-p3-CD45-pos-PD1-pos-AS-C2-R1-C09-S417-comb","DSG3_neg",-0.0184090246733063,-0.0194501983141351,-0.0304163774263619,0.10139044540387,0.0131210295906309,0.123242408333867,-0.00986108581373796
"cy79-p3-CD45-pos-PD1-pos-AS-C2-R1-C12-S420-comb","DSG3_pos",-0.0193666203978364,0.0847137052422945,0.127279957680577,0.273669442226881,0.125365362379565,0.116018005321732,0.0681629885430416
"cy79-p1-CD45-pos-PD1-pos-AS-C5-R1-F11-S263-comb","DSG3_neg",-0.0447454553933418,0.0510731902897772,0.170810386301632,0.25521825582116,0.0890302027534269,0.216356611780619,0.0572967437617138
"cy79-p1-CD45-pos-PD1-pos-AS-C5-R1-F08-S260-comb","DSG3_pos",0.00257734233355417,0.0311721730604755,0.081109157347388,0.149962233186384,0.137678933836684,0.079751331053837,-0.0463327209972426
"cy79-p1-CD45-pos-PD1-pos-AS-C5-R1-B07-S211-comb","DSG3_neg",-0.0186752669001748,0.0596450344755788,0.127709385728076,0.200125770841961,0.136108557517156,0.131611387600596,0.0627135024814298
"cy79-p1-CD45-pos-PD1-pos-AS-C5-R1-C12-S228-comb","DSG3_neg",-0.006869119824786,0.0314472373522447,0.125144852997918,0.249026237704611,0.100094645716053,0.299785676104396,0.135429550800775
"cy79-p3-CD45-pos-PD1-pos-AS-C2-R1-E10-S442-comb","DSG3_pos",0.0103526767873068,0.0464530331535355,0.196307801781202,0.21697372697726,0.1948761668047,0.109353036655443,-0.00117352354267292
"cy79-p3-CD45-pos-PD1-pos-AS-C2-R1-B11-S407-comb","DSG3_neg",0.0410013701076691,0.050043084824073,0.13087872151917,0.219006808790276,0.141722778211859,0.144091605031497,0.0700043230203061
"cy79-p1-CD45-pos-PD1-pos-AS-C5-R1-C05-S221-comb","DSG3_pos",0.0326645153030777,0.049525407326862,0.154030386047172,0.192888101329069,0.136398846162928,0.339077321273159,0.160800955335425
"cy79-p3-CD45-pos-PD1-pos-AS-C2-R1-C03-S411-comb","DSG3_neg",-0.0775087676020336,0.0962654299884387,0.132652249391606,0.627792619123733,0.0792661501435168,0.136968393458359,0.0247772250226121
"cy79-p1-CD45-pos-PD1-pos-AS-C5-R1-B12-S216-comb","DSG3_pos",-0.0116081014374734,0.0537936176276077,0.175057162204214,0.133529161103855,0.0823557090386197,0.185577968103354,-0.0908520681905308
"cy79-p3-CD45-pos-PD1-pos-AS-C2-R1-G03-S459-comb","DSG3_neg",-0.00298893299811281,0.0214965727804123,0.117720651368452,0.189791984600613,0.0713041557919707,0.122740637689736,0.0385511154384764
"cy79-p1-CD45-pos-PD1-pos-AS-C5-R1-F12-S264-comb","DSG3_neg",0.00555345000938837,0.0658082779838295,0.23430515382568,0.326197167051473,0.180705358413858,0.326024449889331,0.131013039130375
"cy79-p3-CD45-pos-PD1-pos-AS-C2-R1-E02-S434-comb","DSG3_pos",-0.0744679558246005,0.0687837905341391,0.160849189680986,0.0802441874396159,-0.0154571101270522,0.050077438069346,0.00326134617882501
"cy79-p1-CD45-pos-PD1-pos-AS-C5-R1-F06-S258-comb","DSG3_neg",-0.0670702487157095,0.0369848436628757,0.151641768002443,0.281109709728645,0.0170014287946155,0.228262829435966,0.110817552735841
"cy79-p1-CD45-pos-PD1-pos-AS-C5-R1-H04-S280-comb","DSG3_pos",-0.0145126099646009,0.143745906356242,0.177683361797831,0.304388515319811,0.143254591648765,0.104225858241252,0.0100416578777049
"cy79-p3-CD45-pos-PD1-pos-AS-C2-R1-H10-S478-comb","DSG3_neg",0.0346206596972622,0.043251409642519,0.0431470437496106,0.0817940996631683,0.0784801022658283,0.0951418321501271,-0.0788194982063503
"cy79-p1-CD45-pos-PD1-pos-AS-C5-R1-B03-S207-comb","DSG3_neg",-0.0442285039432648,0.00168506119071232,0.130765522004701,0.259645286364691,0.0284389294317535,0.0892379552642918,0.0513631525216914
"cy79-p4-CD45-pos-PD1-pos-G06-S366-comb","DSG3_neg",-0.0343856764117886,0.0557826152759364,0.0813640567253619,0.125242458642486,0.0349679544542275,0.0863446341097766,-0.089160055926588
"cy79-p4-CD45-pos-PD1-pos-C04-S316-comb","DSG3_neg",-0.0766809084584742,0.0245153116094768,0.0845957647397774,0.174343407828621,0.083269104929715,0.340529592394976,0.198155826544676
"cy79-p5-CD45-pos-PD1-pos-G10-S658-comb","DSG3_neg",-0.049365429689328,0.035998655966147,0.0368076308084541,0.150165998753508,-0.0170717087306199,0.219116866221968,-0.00712252288080334
"cy79-p5-CD45-pos-PD1-pos-C10-S610-comb","DSG3_neg",-0.0546601480738791,0.0654300343729809,0.15000003368593,0.208974878429997,0.109373994477743,0.0760891339207861,0.0124730700256667
"cy79-p5-CD45-pos-PD1-pos-C01-S601-comb","DSG3_pos",-0.0130255119353871,-0.0337183644204448,-0.00605503352521425,0.231279226666704,0.0152842440127206,0.288312706429853,0.110347516414436
"cy79-p4-CD45-pos-PD1-pos-B03-S303-comb","DSG3_pos",-0.0304570139301182,0.0944765565516061,0.10972331280934,0.100571820835083,0.0139793083650606,0.17217559342438,-0.0197600889864756
"cy79-p4-CD45-pos-PD1-pos-G07-S367-comb","DSG3_pos",-0.0135220420337432,0.0590198153791992,0.122374047860525,0.288992963565813,0.07335403154853,0.203814181026173,-0.0446450949122344
"cy79-p5-CD45-pos-PD1-pos-E08-S632-comb","DSG3_pos",0.00819334933441282,0.0848699151227577,0.080603954772179,0.113705011530545,0.112487063240883,0.0737702352865594,-0.000161068042822121
"cy79-p4-CD45-pos-PD1-pos-A04-S292-comb","DSG3_neg",0.00546558634610014,0.0603049017779811,0.18267889595576,0.156698647783499,0.127037399347419,0.13069488271546,0.0518257136582307
"cy79-p5-CD45-pos-PD1-pos-A04-S580-comb","DSG3_pos",0.00561756727919338,0.0532626200399366,0.111540338768931,0.22572483348469,0.0816632338788961,0.25397150032495,0.271228896544177
"cy79-p5-CD45-pos-PD1-pos-F06-S642-comb","DSG3_pos",-0.0233385438717084,0.00791611294926203,0.0793693696900258,0.215775280705244,0.121796732321029,0.194087750255192,0.110821926584926
"cy79-p4-CD45-pos-PD1-pos-C11-S323-comb","DSG3_pos",-0.0489316480716862,0.0519280364845513,0.144869654484665,0.0642192099330328,0.102567599957071,0.149789812131033,-0.0857717378522315
"cy79-p5-CD45-pos-PD1-pos-B04-S592-comb","DSG3_pos",-0.0574932627036479,0.0218039589509682,-0.0392566464579663,0.169555041790393,0.0562912331578457,0.112764085480944,0.0654089282358313
"cy79-p5-CD45-pos-PD1-pos-F10-S646-comb","DSG3_neg",-0.0229443937229254,0.0696795853932685,0.0783468271550866,0.241539222827856,0.135438723972442,0.190395908141451,0.0722581054634839
"cy79-p4-CD45-pos-PD1-pos-A03-S291-comb","DSG3_neg",-0.00886587821622392,0.104115014431802,0.220621115059884,0.261732644675272,0.15262534659088,0.240002984894075,0.0080985058833925
"cy79-p4-CD45-pos-PD1-pos-D08-S332-comb","DSG3_pos",-0.0130870973407934,0.0752489074050272,0.103334281384135,0.231921416962308,0.143661652003761,0.0782142339086668,-0.0049913237432409
"cy79-p5-CD45-pos-PD1-pos-D02-S614-comb","DSG3_neg",0.01238523489376,0.0348532540686394,0.105372317652545,0.195162469803367,0.0408734141150365,0.190442529408132,0.0296525120382737
"cy79-p5-CD45-pos-PD1-pos-A07-S583-comb","DSG3_neg",-0.0551523471614251,0.0918393339013655,0.17995691256911,0.239241677887119,0.0688060693171516,0.136276799476026,0.102901202386283
"cy79-p5-CD45-pos-PD1-pos-G04-S652-comb","DSG3_pos",-0.0177498663379719,0.0517297315709636,0.11444642589267,0.218229188696542,0.0971071355282543,0.205381776596005,0.0418620440167312
"cy82-CD45-pos-3-G08-S80-comb","DSG3_neg",0.0132596100172013,0.0879869435160453,0.220389983458783,0.221764493689046,0.201013024728896,0.192793127563978,0.101194801777003
"cy79-p5-CD45-pos-PD1-pos-C11-S611-comb","DSG3_neg",-0.0572080145109819,-0.00314460960717255,0.0343801651281904,0.117108801814029,-0.0325337962092007,0.0834372979551254,-0.0839321267457823
"cy79-p4-CD45-pos-PD1-pos-D02-S326-comb","DSG3_neg",-0.0220190914671506,0.044259074709145,0.12346050219687,0.267387051661198,0.0337364213410467,0.193955775461758,0.104438731315264
"cy79-p4-CD45-pos-PD1-pos-G08-S368-comb","DSG3_neg",0.00257447879861555,0.0735310470885574,0.125125941023362,0.334997495932414,0.0641347822206617,0.131782291334899,0.253660554592962
"cy79-p5-CD45-pos-PD1-pos-F08-S644-comb","DSG3_neg",0.00615828257771617,0.0123384551506414,0.0563691495679212,0.233375903879312,0.131007106582732,0.29335297865159,0.190613023107823
"cy79-p5-CD45-pos-PD1-pos-F12-S648-comb","DSG3_neg",0.00270148974731987,0.118997654566649,0.153163755794291,0.379631249882966,0.177559165203344,0.097588348672044,-0.0357582366196825
"cy79-p4-CD45-pos-PD1-pos-A10-S298-comb","DSG3_neg",-0.0400041936320557,0.00625609458886264,0.142511725625079,0.126089290141844,0.0660482327485266,0.0621747856388891,-0.0382607882809539
"cy79-p5-CD45-pos-PD1-pos-H02-S662-comb","DSG3_pos",-0.0549941035379137,0.0651744108411207,0.0891682774440234,0.191106162078976,-0.0183734828295701,0.308827543398569,0.058761014403977
"cy79-p5-CD45-pos-PD1-pos-E09-S633-comb","DSG3_neg",0.0128940931111154,0.0750422907865415,0.272893558269855,0.325313081480628,0.199062665457516,0.203175494849591,0.216600456366542
"cy79-p5-CD45-pos-PD1-pos-G05-S653-comb","DSG3_neg",-0.0144821400994477,0.0321445615222613,0.123685198825474,0.121217600274878,0.0687298122219429,0.119413324151272,-0.0444916037636808
"cy79-p5-CD45-pos-PD1-pos-H07-S667-comb","DSG3_neg",-0.0221685535915372,0.0415438056057653,0.145909624960449,0.251288110508747,0.101782481102672,0.120329294366012,0.0387899470260702
"cy79-p5-CD45-pos-PD1-pos-D03-S615-comb","DSG3_pos",-0.032338466656923,0.0618744789331085,0.160346803681107,0.253011552575806,0.134147755250289,0.151461800807111,0.104076600536287
"cy79-p4-CD45-pos-PD1-pos-E07-S343-comb","DSG3_neg",0.013171966122769,0.0438910290348067,0.122730706602576,0.237136219545401,0.0793083558509112,0.053560169354951,0.0667943376729921
"cy79-p4-CD45-pos-PD1-pos-F01-S349-comb","DSG3_neg",-0.0617050214560809,0.0196871833866219,0.092087958566339,0.169800517217362,0.0543751270891354,0.240544718611761,0.18192756376015
"cy79-p4-CD45-pos-PD1-pos-C10-S322-comb","DSG3_pos",-0.0615418339247022,-0.0174770249631732,0.0120675418679961,0.0748182203333524,0.028902702133322,0.234460674098424,0.0410321967968293
"cy79-p5-CD45-pos-PD1-pos-G12-S660-comb","DSG3_neg",-0.0486801966170093,0.0963817706227413,0.133006063737105,0.268008988001844,0.0804853377374362,0.26270200685947,0.0218218461681217
"cy79-p5-CD45-pos-PD1-pos-E04-S628-comb","DSG3_neg",0.0460560960269702,0.0757668651926426,0.0767289829747902,0.235998459174919,0.137587972057028,0.240700793028159,0.102681328265093
"cy79-p5-CD45-pos-PD1-pos-B08-S596-comb","DSG3_pos",-0.0135242158728153,0.0395601234350409,0.0886699587119629,0.242832021354793,0.129183951332953,0.161185352693268,0.00681025274034969
"cy79-p4-CD45-pos-PD1-pos-F04-S352-comb","DSG3_neg",-0.0367248622758789,0.0279569292465413,0.0771298149234482,0.175644067854267,0.0513249860917273,0.255971039394327,0.0833120780063937
"cy79-p5-CD45-pos-PD1-pos-H06-S666-comb","DSG3_pos",-0.00330242684710794,0.0846079831041108,0.0153467994100719,0.250533783238654,0.0909963405839122,0.131213741846083,0.0514016670919955
"cy79-p5-CD45-pos-PD1-pos-F02-S638-comb","DSG3_neg",-0.0550040719275968,0.0554083037936456,0.108049875262407,0.247846217611507,0.0959757440932702,0.236995135264231,0.119474078030925
"cy79-p4-CD45-pos-PD1-pos-G05-S365-comb","DSG3_pos",0.014968747275893,0.00646876489933698,0.0560459749901664,0.150149326597406,-0.0516722384366942,0.234685360096111,0.0833093296160931
"cy79-p4-CD45-pos-PD1-pos-G02-S362-comb","DSG3_neg",-0.0223535237502704,0.0487786368934757,0.154204302771151,0.244694803078382,0.0988347506617177,0.15757501393115,-0.134631373931471
"cy79-p4-CD45-pos-PD1-pos-F02-S350-comb","DSG3_neg",-0.0633058768919908,0.0489406862340115,0.0446219726542313,0.141706804731667,-0.00688503906158666,0.0970708998309674,0.0294140022432914
"cy79-p5-CD45-pos-PD1-pos-D04-S616-comb","DSG3_neg",-0.00275734989018664,0.0529540275355493,0.129293575762375,0.230395594144734,0.196760854077346,0.122283646535572,-0.0122719471628166
"cy79-p5-CD45-pos-PD1-pos-G08-S656-comb","DSG3_neg",-0.0339738708044956,0.0297916931464936,0.0910419183730496,0.188315926412775,0.0703784914750791,0.0676348780523501,0.0190790110264996
"cy79-p5-CD45-pos-PD1-pos-E10-S634-comb","DSG3_neg",0.0204737080170403,0.0398141481699392,0.0500703870660241,0.25149810600676,0.192999409177707,0.194562904894231,0.0417090184848413
"cy79-p4-CD45-pos-PD1-pos-G03-S363-comb","DSG3_neg",-0.0545552926678512,0.0281581649089943,0.0714573198101023,0.0335164871983594,-0.0798143756546136,0.0299402798407725,-0.0441209948457214
"cy79-p5-CD45-pos-PD1-pos-F03-S639-comb","DSG3_neg",-0.0179117505449215,0.027688881502904,0.127593132854098,0.246064228109641,0.075643564982589,0.101913276069354,-0.00691327847331513
"cy79-p4-CD45-pos-PD1-pos-G12-S372-comb","DSG3_neg",-0.0237827389107091,0.0220232347543988,0.142305129065502,0.17318608653729,0.128284767249443,0.123725749934183,0.00757050795868575
"cy79-p4-CD45-pos-PD1-pos-H03-S375-comb","DSG3_pos",-0.0688939636931472,0.044160533294747,0.0424957174071584,0.222835664606444,0.0622737995209273,0.136268224129052,0.0594635198811103
"cy79-p5-CD45-pos-PD1-pos-B01-S589-comb","DSG3_pos",0.00819995888615932,0.0635151598913077,0.164929474161393,0.219728077991221,0.122930117667161,0.193679089206941,0.227424376837716
"cy79-p5-CD45-pos-PD1-pos-C05-S605-comb","DSG3_pos",-0.0216765983708979,0.0726306816295248,0.0895850680134347,0.206737806067043,0.140261727513066,0.165976658745292,0.143558572107087
"cy79-p4-CD45-pos-PD1-pos-F12-S360-comb","DSG3_neg",-0.00850124711188628,0.0200945678067218,0.00319415544169938,0.0942746542291886,-0.0332919829462072,0.185849370333585,-0.0405459528106891
"cy82-CD45-pos-3-H10-S94-comb","DSG3_neg",0.000911175529541841,0.0569244586142605,0.171960857868764,0.281230904705009,0.193833418198098,0.246090987012459,0.0740666730323283
"cy79-p4-CD45-pos-PD1-pos-C09-S321-comb","DSG3_neg",-0.0350608908894113,0.0268183558914266,0.132389865356181,0.137564262969913,0.0892050618517524,0.168363504562036,0.101426287422298
"cy79-p5-CD45-pos-PD1-pos-E06-S630-comb","DSG3_pos",0.0751554020612948,0.0905036515950411,0.327411428172318,0.280534667721864,0.321902908872631,0.253226880114214,0.157976661969323
"cy79-p5-CD45-pos-PD1-pos-B10-S598-comb","DSG3_neg",-0.0415880039537275,0.0121195794043981,0.0820625709275385,0.215191786922623,0.181431627524321,0.241357617371225,0.16459364546064
"cy79-p4-CD45-pos-PD1-pos-E11-S347-comb","DSG3_neg",0.0282376723139849,0.0767698869969119,0.0747653907401932,0.195344664303359,0.179581860243269,0.198736001832103,0.177628506641019
"cy79-p5-CD45-pos-PD1-pos-A03-S579-comb","DSG3_pos",-0.0316446390993395,0.0192719432387008,0.0832712463341967,0.119382123373179,-0.00876550088396721,-0.0898766057355857,-0.0601615499622143
"cy79-p4-CD45-pos-PD1-pos-F05-S353-comb","DSG3_neg",-0.0337439365219271,0.0259972479852742,0.0547788630605933,0.224733255290881,0.0455463148895355,0.228127339453724,0.0373193223995858
"cy79-p4-CD45-pos-PD1-pos-F11-S359-comb","DSG3_pos",-0.00666799289671904,0.0639560392389631,0.104818970814449,0.112642455656565,0.145514075339791,0.258073571066617,0.0156027116024836
"cy79-p5-CD45-pos-PD1-pos-C02-S602-comb","DSG3_pos",-0.0287069838632855,0.0512069760237434,0.135890053831339,0.228847952091047,0.11997109008299,0.228150350543302,-0.00801140941875894
"cy79-p4-CD45-pos-PD1-pos-F09-S357-comb","DSG3_neg",0.00857530161314668,0.0571964814906439,0.221171790850538,0.33571035454227,0.181069261906289,0.197294690609873,0.0799736331999432
"cy79-p5-CD45-pos-PD1-pos-G07-S655-comb","DSG3_neg",-0.0508706751805288,0.0341538914349665,-0.0194422350753484,0.177860142380424,-0.0184673581790404,0.188592997071704,0.0826360669276192
"cy79-p5-CD45-pos-PD1-pos-D05-S617-comb","DSG3_neg",-0.0122774568425764,0.0902956422029234,0.042447044913917,0.2780428224643,0.101914941089744,0.149745455469516,0.0487217051119107
"cy79-p5-CD45-pos-PD1-pos-A08-S584-comb","DSG3_neg",-0.0233944541718303,0.0195330978317568,0.0326076216552585,0.22456530508345,0.0444072263566478,0.159839010333582,0.105631903054316
"cy79-p4-CD45-pos-PD1-pos-G11-S371-comb","DSG3_pos",0.000621570395071325,0.0616643526010804,0.169536389249938,0.23598512261473,0.163897158393012,0.163462327104737,0.134887736992886
"cy79-p4-CD45-pos-PD1-pos-E08-S344-comb","DSG3_neg",-0.014232387475051,0.0848757141053808,0.185145243076509,0.331858947516859,0.125487366068361,0.226862611139727,0.0187949996837621
"cy79-p4-CD45-pos-PD1-pos-G04-S364-comb","DSG3_neg",-0.0812133654446601,0.0277131110179303,0.06962785222139,0.096772159839904,-0.0375330673972647,0.200663446784797,-0.0233198256187543
"cy79-p5-CD45-pos-PD1-pos-H01-S661-comb","DSG3_pos",-0.0148798615068777,0.0313928787623408,0.0532553160744702,0.160175189850515,0.0552535068375009,0.0852644987620387,0.0109656942753303
"cy79-p4-CD45-pos-PD1-pos-D09-S333-comb","DSG3_pos",-0.0230786842545224,0.0226878908120807,0.087644369276893,0.172287917442043,0.104645256779412,0.105118605348995,0.0547094048313915
"cy79-p5-CD45-pos-PD1-pos-H04-S664-comb","DSG3_pos",-0.0479691480231606,0.0440991649014428,0.0253360174426231,0.137157399699705,0.0956926399084312,0.180942281927946,-0.0154336101830869
"cy79-p4-CD45-pos-PD1-pos-A07-S295-comb","DSG3_pos",-0.0588876369918245,-0.00299663522212099,0.0103146054809317,0.183636462422094,0.0560991136673799,0.250763859158651,0.136472519881508
"cy79-p4-CD45-pos-PD1-pos-H12-S384-comb","DSG3_neg",0.0199322953554467,0.033881481736649,0.120859478401374,0.218533691261373,0.0627684776043852,0.238752619518807,0.0885105116405597
"cy79-p4-CD45-pos-PD1-pos-E03-S339-comb","DSG3_pos",-0.0397264779955979,0.0126149750778915,0.0986724894273463,0.113427824638396,0.0184691505340397,0.133118854435914,-0.0760864440584226
"cy79-p5-CD45-pos-PD1-pos-A02-S578-comb","DSG3_neg",-0.039599078700094,-0.0255894941930939,0.0193671672981422,0.172693319739837,0.107199035804053,0.177681202725049,0.133937891265835
"cy79-p5-CD45-pos-PD1-pos-B02-S590-comb","DSG3_pos",-0.032419831911362,0.00821821162415329,0.0275199222230479,0.152486125590876,0.0439839638851033,0.191134917629518,0.0853063966067192
"cy79-p5-CD45-pos-PD1-pos-D10-S622-comb","DSG3_neg",0.00124022333532456,0.0404488277017521,0.081517061447806,0.212038321558449,0.099795617097435,0.255592540785506,0.128093235185724
"cy79-p5-CD45-pos-PD1-pos-B05-S593-comb","DSG3_neg",0.00192281979114206,0.07580742530629,0.131606408867268,0.294637861129278,0.106848435430436,0.216907129324402,0.100914770018093
"cy79-p4-CD45-pos-PD1-pos-C02-S314-comb","DSG3_pos",0.0168062058678798,0.0669393373702433,0.070462624731695,0.265290259635111,0.0695726361322814,0.203564739380372,0.0152018801313526
"cy79-p4-CD45-pos-PD1-pos-H01-S373-comb","DSG3_neg",0.00128212212385589,0.0273972960670216,0.102899290796191,0.190633624832445,0.058662898007504,0.119649765597557,0.0460054294081228
"cy79-p5-CD45-pos-PD1-pos-D08-S620-comb","DSG3_neg",-0.0450294897504074,0.000213003530775441,0.100302903672043,0.142027804960672,0.117461045709961,0.205241758105312,0.0966378244523445
"cy79-p4-CD45-pos-PD1-pos-D07-S331-comb","DSG3_neg",-0.0538989493241801,0.0118137387689831,0.156746445990039,0.164823600235481,0.027974904766794,0.358904750486254,0.255804499883139
"cy79-p5-CD45-pos-PD1-pos-E07-S631-comb","DSG3_neg",0.0773383616902263,0.0972283578763705,0.219812512153177,0.276718858573952,0.246677789982603,0.216905025104364,0.110590487867624
"cy79-p4-CD45-pos-PD1-pos-E02-S338-comb","DSG3_neg",-0.0173427394446221,0.0781650236619918,0.192633892001752,0.138460882762743,0.152409839963638,0.201205088464235,0.148145029902947
"cy79-p5-CD45-pos-PD1-pos-D11-S623-comb","DSG3_neg",-0.0285273323762921,0.0932108057553283,0.129013140637664,0.213914497320406,0.214514417385748,0.192053123099281,0.0928816468790451
"cy79-p4-CD45-pos-PD1-pos-D05-S329-comb","DSG3_neg",-0.0487471718882377,0.0387803596062795,0.178037528302797,0.0791062800695277,0.0333884588555468,0.0116915795950451,-0.0605624462959742
"cy79-p5-CD45-pos-PD1-pos-G06-S654-comb","DSG3_pos",-0.00760350162248302,0.083215340687699,0.116112650063731,0.236550922973731,0.0958508282303894,0.160441287836838,0.0133732517558602
"cy79-p5-CD45-pos-PD1-pos-G11-S659-comb","DSG3_pos",-0.00283984466990195,0.0367861088207569,0.100739415394453,0.240623641849957,0.199210261860765,0.0590585143309511,0.0117043948281004
"cy79-p5-CD45-pos-PD1-pos-H11-S671-comb","DSG3_pos",-0.0656673117593682,0.055315590365512,0.0500822432551654,0.214182634345628,0.103265840625404,0.221429480308426,0.0100034382205602
"cy79-p4-CD45-pos-PD1-pos-C03-S315-comb","DSG3_neg",-0.048500669677187,0.0938493835888712,0.124097184488702,0.145270848525586,0.0519243409833645,0.0671317984655411,0.0464158049774059
"cy79-p5-CD45-pos-PD1-pos-C12-S612-comb","DSG3_neg",-0.0390733368483846,0.0429571665147937,0.0949906136156358,0.21402446333513,0.131620631275806,0.229968717019171,0.0414294801145785
"cy79-p5-CD45-pos-PD1-pos-H12-S672-comb","DSG3_neg",-0.0386458409059269,0.0861196966636094,0.0763063275114007,0.250229335521647,0.0706402354005422,0.0946115494850104,0.0152873039841248
"cy79-p4-CD45-pos-PD1-pos-B12-S312-comb","DSG3_pos",-0.0162161154855875,0.0730854843795327,0.127386413905168,0.23605063538085,-0.00600716592624279,0.183935320636931,0.047788723703725
"cy79-p5-CD45-pos-PD1-pos-G09-S657-comb","DSG3_pos",-0.0236083087165166,0.0174531974578676,0.0327125916779096,0.248877238169964,0.114890641876884,0.185054208531739,0.0819859339779154
"cy79-p5-CD45-pos-PD1-pos-C06-S606-comb","DSG3_neg",-0.0270831642173433,-0.0101774900277749,0.0545899735336545,0.222548486742273,0.0912481731162921,0.207394542413627,0.0756485828125292
"cy79-p4-CD45-pos-PD1-pos-B08-S308-comb","DSG3_pos",0.00218693266255343,0.0642204027561056,0.129698551186661,0.242900601400407,0.123014099963865,0.11527800482834,-0.0443899160451185
"cy79-p5-CD45-pos-PD1-pos-E05-S629-comb","DSG3_neg",0.0360646499061515,0.00617795541059241,0.0798584968584801,0.257992694152387,0.0857137425615774,0.227491628477578,0.142211376926438
"cy79-p4-CD45-pos-PD1-pos-B01-S301-comb","DSG3_neg",-0.00700983526468002,0.0367798123408475,0.0478445440220996,0.0945353356761794,0.0401191794767202,0.0233799021623992,-0.0301174772219441
"cy79-p5-CD45-pos-PD1-pos-F07-S643-comb","DSG3_pos",-0.0289579087403437,0.0349520048420602,-0.0335884536342945,0.177982454125198,0.047269184904236,0.264279419092805,0.104644946370111
"cy79-p5-CD45-pos-PD1-pos-F01-S637-comb","DSG3_pos",-0.0430807681446424,0.0160256464311771,0.0658973439947034,0.0738796041803145,-0.00900443248701438,0.0191961719443108,-0.0576968934899049
"cy79-p5-CD45-pos-PD1-pos-B06-S594-comb","DSG3_pos",-0.0427828656290034,0.0385725275474255,0.112924822584431,0.260433281817318,0.099514169907825,0.245564611240607,0.197486248952906
"cy79-p5-CD45-pos-PD1-pos-F11-S647-comb","DSG3_pos",-0.0444345123789254,0.069447678067619,0.123140672599137,0.120647946798574,0.099022566499207,0.0750127863375574,0.0659544004533412
"cy79-p4-CD45-pos-PD1-pos-B09-S309-comb","DSG3_pos",0.0125388145682519,0.0889011378688839,0.0978161150720074,0.192663664069605,0.0393632840950671,0.150579076083623,-0.0758403148535283
"cy79-p5-CD45-pos-PD1-pos-E11-S635-comb","DSG3_neg",0.00749597373167682,0.0171239136343224,0.0517922548045042,0.225092140881678,0.262461531335007,0.506685713105906,0.222750612094044
"cy79-p4-CD45-pos-PD1-pos-B04-S304-comb","DSG3_pos",-0.0315378346560552,0.053453633352132,0.0969364975787736,0.272374954868027,0.0972196732522211,0.0773256470957589,0.0303864477146542
"cy79-p4-CD45-pos-PD1-pos-G09-S369-comb","DSG3_pos",0.0425834867802694,0.0491874437429611,0.145006507988197,0.219165296493873,0.119034283269836,0.244807325115312,0.0921115266173315
"cy79-p4-CD45-pos-PD1-pos-B02-S302-comb","DSG3_pos",-0.0775548649480231,0.0380885639045392,0.0974833591533618,0.0794606300180143,0.120562860290147,0.0856131496255951,0.0293141883757314
"cy79-p4-CD45-pos-PD1-pos-G10-S370-comb","DSG3_neg",-0.0631617190690318,0.00731761568072103,0.0495822528504635,0.125513888107459,-0.0547377472866582,0.159760265988322,0.0301411946739502
"cy79-p5-CD45-pos-PD1-pos-H03-S663-comb","DSG3_pos",-0.0338847620760812,0.0308903484339713,0.0617286783186123,0.150567440916973,0.0167055725150145,0.026172835066235,0.0466032335069875
"cy79-p4-CD45-pos-PD1-pos-H09-S381-comb","DSG3_pos",0.0287055816644189,0.103279450934061,0.252397723222368,0.289682586837052,0.129934871432866,0.140624648749299,0.0877182079316353
"cy79-p4-CD45-pos-PD1-pos-C05-S317-comb","DSG3_pos",-0.03643587825554,0.0531887947891694,0.0419846097068492,0.0757241741759628,0.00808785174814097,-0.00845702143984012,-0.0629968783040045
"cy79-p5-CD45-pos-PD1-pos-C09-S609-comb","DSG3_pos",-0.0383841890018866,0.033625970101085,0.0901015973667662,0.152826779824659,0.0538095906518618,0.160793025348677,0.0791287152359665
"cy79-p4-CD45-pos-PD1-pos-D11-S335-comb","DSG3_pos",-0.038469642052513,0.0146219041761515,0.0879746256551502,0.20703763747441,-0.0156130830431082,0.25172650351845,0.0107815088877548
"cy79-p4-CD45-pos-PD1-pos-B05-S305-comb","DSG3_pos",-0.0421598911893142,0.0209199484220181,0.0846850504231438,0.0360388481995886,0.0211261684692308,0.111580304374925,-0.0264987239693191
"cy79-p4-CD45-pos-PD1-pos-F07-S355-comb","DSG3_neg",-0.0131523472702421,0.0492248538768736,0.0228646812834041,0.255857604781544,0.147950988341297,0.141339901046939,0.0951442157258441
"cy79-p5-CD45-pos-PD1-pos-H08-S668-comb","DSG3_neg",-0.0266183137880801,0.00963015850543669,0.126179380049718,0.21641240158145,0.0257742675935197,0.107351648592726,0.0627175829041127
"cy79-p5-CD45-pos-PD1-pos-H09-S669-comb","DSG3_neg",0.00167692241472397,0.00629061508261072,0.0450085402492195,0.200807533334287,0.100409215348017,0.264268032463544,0.0732793179645961
"cy79-p4-CD45-pos-PD1-pos-H11-S383-comb","DSG3_pos",-0.0501174416153886,0.0589827073121824,0.161569755655139,0.237748135093211,0.0763851768532516,0.183751443790423,0.00227249120706435
"cy79-p5-CD45-pos-PD1-pos-F04-S640-comb","DSG3_pos",-0.0776985197495033,0.0781895657931821,0.0734555895895982,0.154988414986745,0.0296616741367534,0.0603242907256555,0.0288449697831244
"cy79-p4-CD45-pos-PD1-pos-D10-S334-comb","DSG3_neg",-0.0306544016251826,0.0351243399372697,0.0831710470968724,0.193206470737956,0.0254596781244413,0.165923471377846,0.111692611027412
"cy79-p4-CD45-pos-PD1-pos-E12-S348-comb","DSG3_neg",-0.0168959032275874,-0.0113943556833355,0.0528786694697619,0.162759272928217,0.125414494089321,0.144315132504381,0.00136407849151848
"cy79-p4-CD45-pos-PD1-pos-H10-S382-comb","DSG3_neg",-0.0599107421604537,0.0802319963515857,0.157636952428395,0.130787389815051,0.0444045757381097,0.0891262762746609,-0.0846661534878774
"cy79-p4-CD45-pos-PD1-pos-C01-S313-comb","DSG3_neg",-0.0254649336111453,0.0577504073673313,0.1073084555793,0.200585314368029,0.100463842972812,0.271402104404614,0.192233305493505
"cy74-CD45-pos-A12-S684-comb","DSG3_pos",0.0335309346620789,0.101301346986537,0.161130048084814,0.395817008397091,0.0740306161564392,0.365223217496671,0.166706010080195
"cy58-1-CD45-pos-D08-S620-comb","DSG3_pos",-0.0333293859982999,0.106436065337871,0.063522550857815,0.136992117389444,0.0275129260944966,0.105325846122253,-0.0203291124970878
"cy74-CD45-pos-D09-S717-comb","DSG3_neg",-0.0330041596929722,0.0409147505267435,0.1191432052315,0.338052217818206,0.0749454465570885,0.322515372055675,0.11598144308103
"cy58-1-CD45-pos-D10-S622-comb","DSG3_neg",-0.0263985475960651,0.120411254850462,0.133823148096102,0.17664296486702,0.0546645001854261,0.0433799563463718,-0.0601150879166426
"cy80-CD45-pos-PD1-pos-G05-S173-comb","DSG3_neg",-0.00727423372631614,-0.0195474508186744,0.0522497583786161,0.232038414104736,0.157431986466581,0.574524572876737,0.321256983082131
"cy58-1-CD45-pos-D06-S618-comb","DSG3_neg",-0.0183631200514099,0.0998784389356222,0.140192366926769,0.161167933967101,0.0939022089184738,0.0914150383746436,-0.0540539694726813
"cy74-CD45-pos-G03-S747-comb","DSG3_neg",0.0490115613773859,0.0904391115722476,0.13414554490955,0.326561951394789,0.164426255465572,0.154609798587872,0.0828295174363084
"cy74-CD45-pos-C05-S701-comb","DSG3_neg",0.022974776842809,0.0439073581434324,0.15349295792233,0.271896152683351,0.103339104005159,0.244354418367441,0.183593576948068
"cy58-1-CD45-pos-A07-S583-comb","DSG3_pos",-0.0435900782741525,0.0721443846028074,0.0881250865291653,0.164331953676062,0.0295845911945247,0.102731834265138,-0.05728117148598
"cy74-CD45-pos-A09-S681-comb","DSG3_neg",-0.0410241136033467,0.0403647782681159,0.104508340958698,0.223654370933638,0.101775633968348,0.103442141415586,0.00522058691788896
"cy74-CD45-pos-D02-S710-comb","DSG3_neg",0.0220170852862054,0.0811536450885097,0.203043608001407,0.268440499885813,0.224738023951309,0.351913755191765,0.18142419395246
"cy80-CD45-pos-PD1-pos-F05-S161-comb","DSG3_neg",-0.0366545827864048,0.00242281386307155,0.0422375365931929,0.202388639921276,0.123357737806553,0.545085556130585,0.317262760409116
"cy74-CD45-pos-F12-S744-comb","DSG3_neg",0.00445993130358285,0.0934661541564029,0.117351660923201,0.380985175133171,0.130567701212324,0.249775313558112,0.144977315811191
"cy74-CD45-pos-B06-S690-comb","DSG3_pos",-0.012633196889125,0.0465015504344212,0.0580813875242251,0.175316647305094,0.0175901422138091,0.209819980973187,0.0516747400310826
"cy58-1-CD45-pos-C12-S612-comb","DSG3_pos",-0.00428977649447207,0.0549702540190782,0.114654317111021,0.188044566207412,0.0289420642608778,0.15962210525901,-0.00263675749945264
"cy74-CD45-pos-C09-S705-comb","DSG3_pos",0.0101121409050924,0.0548513603208354,0.128553372277118,0.197727342718887,0.103659750318309,0.275430398213275,0.0691840332423024
"cy58-1-CD45-pos-H01-S661-comb","DSG3_pos",-0.0150695592347653,-0.0104514418093191,0.0274561787777886,0.062809452722021,-0.0612200914631295,0.132844162600988,-0.129423209395022
"cy74-CD45-pos-B05-S689-comb","DSG3_pos",-0.00491785460126964,0.0683439100502319,0.11675587288808,0.256162997073169,0.111038486202883,0.335398308253997,0.210621495430726
"cy74-CD45-pos-E02-S722-comb","DSG3_neg",0.0198174645645454,0.0282407307505383,0.128335589923797,0.243873318537941,0.0398011086473827,0.173784886067416,0.033474690992507
"cy58-1-CD45-pos-F03-S639-comb","DSG3_pos",0.00741729497640073,0.0872243625127727,0.15525521029344,0.213388282539927,0.154816338214464,0.0794630417742944,-0.0712842010866938
"cy74-CD45-pos-G11-S755-comb","DSG3_neg",-0.0255402551013678,0.0112380480100296,0.0628297658339046,0.246897976849985,0.086267240931349,0.240148156672922,0.0954309279563375
"cy58-1-CD45-pos-G09-S657-comb","DSG3_neg",-0.0141744043697914,0.0570605226472677,0.0884026614979966,0.2069519732061,0.00841259569214065,0.121962377238997,-0.0767065436198032
"cy74-CD45-pos-D12-S720-comb","DSG3_neg",-0.00548725466796614,0.0693315430588717,0.116105814374916,0.341748997366256,0.0210217384804733,0.137299023741211,-0.0371174243991648
"cy74-CD45-pos-C07-S703-comb","DSG3_neg",0.0239342845369813,0.0551650851602829,0.160398779094437,0.166121143287677,0.10642010782392,0.331557914750028,0.184275131332441
"cy58-1-CD45-pos-E08-S632-comb","DSG3_neg",0.00642025863825957,0.096699782545422,0.128456196167363,0.0659625698288899,-0.0393709291960447,0.0248310047804474,-0.0595435943574668
"cy74-CD45-pos-E03-S723-comb","DSG3_neg",0.00586509023138329,0.0530334250548094,0.115683716562804,0.246408816040009,0.151558472961301,0.373430793878719,0.248687519907079
"cy74-CD45-pos-G07-S751-comb","DSG3_neg",-0.0182589906932003,0.00699182011014929,0.030878666493827,0.274574978646141,0.0638979962559503,0.240153830726957,0.152940049706089
"cy74-CD45-pos-F03-S735-comb","DSG3_neg",0.0090759250750275,0.0644645956908435,0.189697901883365,0.317723520937671,0.142707104507818,0.145510568134588,0.157432442619757
"cy74-CD45-pos-F01-S733-comb","DSG3_neg",0.00852469808169914,0.0598388610082743,0.0705620104008212,0.308301783561325,0.0782319385391433,0.21027551926037,0.133706886942175
"cy74-CD45-pos-E09-S729-comb","DSG3_neg",0.0385043954765293,0.0686850373178307,0.229282949799918,0.342968741254196,0.208914685330984,0.255329617853938,0.256658064909996
"cy74-CD45-pos-A07-S679-comb","DSG3_pos",-0.00208011598356167,0.030420815728263,0.156092671266665,0.268612438078677,0.189738323267742,0.242019772484993,0.133742506643432
"cy58-1-CD45-pos-F01-S637-comb","DSG3_neg",-0.020174794506982,0.0422608042570772,0.0464625139492579,0.217330677258733,0.07618871514438,0.0744414754928819,0.0676128600748189
"cy58-1-CD45-pos-D02-S614-comb","DSG3_neg",0.0209207293279741,0.104864697843111,0.0999818448101928,0.230753345939473,0.0131522782584951,0.153100644166173,0.0588062320892149
"cy74-CD45-pos-G08-S752-comb","DSG3_neg",-0.0361883172697188,0.0448475622806422,0.139160207394958,0.307407642665098,0.16499174799438,0.124876067474319,0.0590323612770878
"cy58-1-CD45-pos-A05-S581-comb","DSG3_pos",-0.0476986572401657,0.0159889963647734,0.0315378727678816,0.173625353547931,0.00396762766710057,0.144025863194597,0.0264540823767754
"cy74-CD45-pos-E05-S725-comb","DSG3_neg",0.050295066159847,0.0411112048539891,0.156175218135649,0.357021352166001,0.13478931213503,0.157744349225702,-0.0670272237238868
"cy58-1-CD45-pos-H04-S664-comb","DSG3_neg",-0.0277448793127296,0.0142779917763649,0.039963420450074,0.101995976990761,0.0344431064228085,0.0869132069220288,0.00642219611705436
"cy58-1-CD45-pos-B11-S599-comb","DSG3_pos",-0.00497827491093689,0.0442245448836446,0.0554492930066446,0.253216101614475,0.0241596722748789,0.0708463447350202,-0.00901008692831629
"cy53-1-CD45-pos-2-A03-S963-comb","DSG3_neg",-0.0384456995325281,0.12141883529492,0.168104659000461,0.325758685368464,0.100430586164695,0.064578124336221,0.00991526455868602
"cy58-1-CD45-pos-H07-S667-comb","DSG3_neg",-0.010926218728616,0.0859539272928196,0.13648286578607,0.130659012123768,-0.0283424473878301,-0.0260291239383957,-0.0401722969070029
"cy74-CD45-pos-D10-S718-comb","DSG3_neg",0.00910005667056346,0.0878179138403434,0.219553404826889,0.426797353205129,0.140029672956148,0.25035624722997,0.157223431766915
"cy58-1-CD45-pos-G06-S654-comb","DSG3_neg",-0.0094572833148856,0.0713089341786619,0.087297738228914,0.163744907453908,0.0353274845810622,0.0749774042216442,-0.0867956371849105
"cy80-CD45-pos-PD1-pos-D01-S133-comb","DSG3_pos",-0.0528444536123547,0.0290469951375767,-0.010197681577635,0.0517738506098854,-0.00335117047722505,-0.0902541496485442,-0.146277308801528
"cy74-CD45-pos-D06-S714-comb","DSG3_neg",0.0145782570848811,0.0721717083156943,0.196092826881985,0.24921108598633,0.079143931065443,0.355032874989407,0.0693585381293912
"cy80-CD45-pos-PD1-pos-A12-S108-comb","DSG3_pos",-0.0205367626226618,0.0677889841369653,0.0362985134899391,0.197840740842773,0.0986326869995717,0.172752445325681,0.0596701022134003
"cy74-CD45-pos-B08-S692-comb","DSG3_neg",0.0169289297915079,0.078989837954442,0.125018562963931,0.346356045944197,0.109446438591181,0.128413360015467,-0.0680227095830458
"cy74-CD45-pos-C01-S697-comb","DSG3_neg",-0.0089950303189883,0.0490257449081588,0.161367156455296,0.182486183836124,0.138404366076114,0.219875542919398,0.0470129593871816
"cy58-1-CD45-pos-G07-S655-comb","DSG3_neg",-0.0833600896858755,0.0475893514309296,0.103410398602894,0.0443040165794873,0.112407502712143,0.187054854159979,-0.0407750282184975
"cy74-CD45-pos-F09-S741-comb","DSG3_neg",0.0273249864901547,0.0906385383863804,0.173422119258029,0.371407352313175,0.23331934725279,0.381237932807978,0.0852243249510919
"cy58-1-CD45-pos-H10-S670-comb","DSG3_pos",-0.00585782229561682,0.0960225929309506,0.15000536985218,0.24417193763885,0.0457401382530967,-0.0822156226283129,-0.123590204321864
"cy58-1-CD45-pos-A08-S584-comb","DSG3_pos",-0.0102507641505589,0.0835158846385977,0.0320599482813064,0.196948154139313,0.0236133087974942,0.100015310680435,-0.00973917666438334
"cy74-CD45-pos-G01-S745-comb","DSG3_neg",0.00934228910017251,0.092871251263754,0.238487198197031,0.275619717095483,0.120225505421023,0.213922944308824,0.0386173056059886
"cy74-CD45-pos-C08-S704-comb","DSG3_pos",-0.0173925576369417,0.149269014248268,0.262478995281045,0.334966285519957,0.146165961006431,0.167049075840893,0.12264502130817
"cy74-CD45-pos-F08-S740-comb","DSG3_neg",-0.0546024237039285,0.021787870090305,0.117387733396687,0.200872356970592,0.0732179306357846,0.218378577289535,0.0820564668116517
"cy74-CD45-pos-B07-S691-comb","DSG3_pos",-0.0163592566873781,0.0812858320872474,0.0886677543474504,0.396675912481351,0.122566553341734,0.307966328875947,0.0292189669653303
"cy58-1-CD45-pos-F05-S641-comb","DSG3_neg",0.0486419697677468,0.024994073424944,0.151492105326934,0.19690542164057,0.0410910827651273,0.11604311727638,-0.0118203583785371
"cy74-CD45-pos-C10-S706-comb","DSG3_neg",0.0318616628393044,0.0911891711816889,0.203722600037759,0.23234462152678,0.181469840880065,0.319014093324508,0.109743088508741
"cy74-CD45-pos-F10-S742-comb","DSG3_neg",-0.0205109855710273,0.0702649286733127,0.220344083948191,0.298780457860617,0.163329875440892,0.302201257646894,0.0436026329464136
"cy74-CD45-pos-G05-S749-comb","DSG3_neg",0.0011703550785935,0.0502741365705056,0.129510738008069,0.314304918189968,0.0852181400901607,0.232023453315606,0.16179633786808
"cy58-1-CD45-pos-G12-S660-comb","DSG3_neg",-0.0105392271512124,0.00209411577075519,-0.0136612715801078,0.179270616084643,0.0424280322154336,0.171443173681358,-0.000456724900690764
"cy58-1-CD45-pos-H03-S663-comb","DSG3_neg",-0.0480407314771685,0.149147654371278,0.0679511347603645,0.123815583301103,0.0648157354109365,0.0636245749473405,-0.0678047587839077
"cy58-1-CD45-pos-B06-S594-comb","DSG3_neg",-0.0502464686142366,0.0868974415292364,0.141007860725531,0.163887792452023,0.0443747367701611,0.0992077066308079,0.124820299091095
"cy74-CD45-pos-D08-S716-comb","DSG3_neg",-0.0400177994991662,0.0781473873058748,0.099006654997517,0.242181857580529,0.104868161170574,0.199459889928452,0.108853741502955
"cy74-CD45-pos-F11-S743-comb","DSG3_neg",-0.0136595725282142,0.0467144729147651,0.168387643834304,0.201627139712009,0.143215328444136,0.253481440884422,0.0579249792694667
"cy74-CD45-pos-D05-S713-comb","DSG3_neg",-0.0127382535411004,0.0596680550098173,0.115898866457727,0.364549243270331,0.222929132441862,0.2697458571059,0.233633570196004
"cy74-CD45-pos-B01-S685-comb","DSG3_neg",-0.00429608573784471,0.00519205624370611,0.0367587799899441,0.173402258177023,0.146127690633915,0.16860825164732,0.0414082030528825
"cy74-CD45-pos-D01-S709-comb","DSG3_neg",0.0436254196866296,0.0685739419985804,0.139419650051415,0.234358813897648,0.149968868882723,0.263121168018232,0.24394465886037
"cy58-1-CD45-pos-F09-S645-comb","DSG3_pos",-0.0447906905123045,0.0374833685352743,-0.0209779438675713,0.21855815748783,0.0601680999395358,0.105447497039162,0.117020260395981
"cy58-1-CD45-pos-B12-S600-comb","DSG3_neg",0.0320315805435818,0.056242228480804,0.139767217157544,0.320721364944855,0.101611448933269,0.194334817141389,0.0578587371912848
"Cy67-CD45pos-S2-C5_S29","DSG3_neg",-0.0349741487496927,0.0595973280676826,0.0848855085019071,0.146139200451831,0.0318247219292723,0.0474480168673145,-0.0382998236805648
"Cy67-CD45pos-S2-F11_S71","DSG3_pos",-0.0339752864939572,0.0704869005180068,-0.0375232579541017,0.098991678848558,0.0451098644430062,0.120933365126405,-0.00755953132177606
"Cy67-CD45pos-S2-H1_S85","DSG3_neg",0.0111688845254435,0.0471270295877032,0.0646518040079414,0.0413589900415527,0.0621253186353509,0.0382264439605006,-0.0598340524373562
"CY65_NEG_E_AGAACATT_AAGTAGAG","DSG3_neg",-0.00144655922454873,-0.00556477517742943,0.150775275644829,0.267983581304023,0.0954083000735887,0.369081620644718,0.145449761327039
"CY65_NEG_E_AGAACATT_ACAGGTAT","DSG3_neg",0.00935528221489243,0.0247047597589146,0.0573561054896084,0.411446039049918,0.0927986544820614,0.493308945507718,0.277188458849815
"CY65_NEG_E_AGAACATT_AGGTTATC","DSG3_neg",-0.0283361661988415,0.0139000674531476,0.075542192517668,0.224558987688248,0.0324182174768378,0.105466603240475,0.159190889337987
"CY65_NEG_E_AGAACATT_ATTCCTCT","DSG3_neg",-0.00892856616031157,0.060699968393561,0.110362160708298,0.32788966725887,0.0886123446932666,0.207603118817588,0.0934072778436588
"CY65_POS_A_AGAACATT_CTAACTCG","DSG3_neg",-0.0121753989024035,0.0219219648957776,0.0279732109070261,0.30945354801948,0.0459917620434081,0.531647255508065,0.29970965804564
"CY65_POS_A_AGAACATT_GGTCCAGA","DSG3_neg",-0.0115433070140057,0.094161714789709,0.203029783841842,0.332416877992438,0.114138527480532,0.294969057165701,0.124978396370783
"CY65_POS_A_AGAACATT_GTCTGATG","DSG3_neg",0.05338977488606,0.190716164823557,0.214170808453559,0.83749793329823,0.183083119277835,0.566447380033154,0.413168734585231
"CY65_POS_A_AGAACATT_TCCTTGGT","DSG3_neg",0.00844269203317477,0.0131431005169201,0.0596823881861801,0.329644486547263,0.0702254263854335,0.0727566741474411,0.134749974181477
"CY65_POS_B_AGGATGTG_ATTCCTCT","DSG3_neg",0.0186066806805766,0.0422919081142933,0.0682146280360919,0.247076883281252,0.0468188200485427,0.243483059573751,0.032509515953667
"CY65_POS_E_AGTGTCTT_CAACTCTC","DSG3_pos",-0.0229234214680687,0.0744404653158009,0.0311328294477156,0.0916954508150934,0.0775054743051238,0.123733945496872,0.00385594986489146
"CY65_POS_G_ATCCGACA_CGTTACCA","DSG3_neg",-0.0398594991165904,0.064610404406361,0.137492379260638,0.279650625801828,0.0812500634132142,0.167365727930518,0.117328870969953
"CY65_POS_G_CAAGGCGA_AACGCATT","DSG3_pos",-0.0274799919303141,0.0241752131292318,0.1106155799377,0.262466310055985,0.144054218996789,0.291303174048702,-0.0180888412535399
"CY65_POS_H_CAAGGCGA_CTGCGGAT","DSG3_neg",-0.01330267148827,0.0341815849622796,0.156784578317576,0.192995892302136,0.0461787059474205,0.348298339892346,0.147551713717042
"CY67_NEG_A_CAGAGAGG_AGAGTAGA","DSG3_neg",-0.011308662422687,0.0698725007611381,0.131824401166416,0.352402266895363,0.158869885900048,0.193422562207036,0.115411895896338
"CY67_NEG_A_CAGAGAGG_CTAAGCCT","DSG3_neg",-0.0357096225090328,0.141485004587331,0.19268842827924,0.480361824156501,0.101165783722118,0.236513136005393,0.0242824167530621
"CY67_NEG_B_CAGAGAGG_TATCCTCT","DSG3_neg",-0.0107013293749488,0.0734946384505032,0.12719560319681,0.50743407430525,0.235600989668972,0.285831718111144,0.170326839599214
"cy84-Met-CD45-pos-F09-S933-comb","DSG3_neg",-0.0268392086551424,0.0272706708275055,0.106811448746095,0.166281679653376,0.140162489139682,0.340821015834646,0.114144714424043
"cy80-CD45-neg-H07-S475-comb","DSG3_neg",-0.0198861919944806,0.0772973887684189,0.103992314315449,0.304505913339955,0.190220565291751,0.235711940255977,0.0481652856432798
"cy80-CD45-neg-B12-S408-comb","DSG3_neg",-0.00196477716830554,0.0707911201110162,0.124247516290585,0.320025872733999,0.211502951327148,0.23051760233116,0.0734611106324978
"cy80-CD45-neg-A03-S387-comb","DSG3_neg",0.0604096658558941,0.0908133444125874,0.182743871786416,0.218385920412539,0.0981885049448161,0.143133366782798,-0.0401457981904788
"cy80-CD45-neg-B08-S404-comb","DSG3_neg",0.0186634608898718,0.0849491147242752,0.194776854644162,0.374464906257378,0.188403194194025,0.322537908251894,0.155798264513545
"cy80-CD45-neg-E07-S439-comb","DSG3_neg",-0.0131649873407048,0.0804746265843697,0.0789357446367264,0.428748669045292,0.15957222800059,0.253454351988086,0.136126939040745
"cy84_Primary_CD45_pos_C05_S413_comb","DSG3_neg",-0.00651511644124533,0.0283384178413893,0.0880142655457627,0.186845438774964,0.0659911459250839,0.301168120496264,0.121388935589336
"cy84_Primary_CD45_pos_D10_S430_comb","DSG3_pos",-0.0234254809645221,0.0206318672250869,0.089198649459616,0.245329070326157,0.137788310181713,0.159733392289596,0.137575855614076
"cy84_Primary_CD45_pos_B07_S403_comb","DSG3_neg",-0.0521900571063233,0.0288228770798015,0.0136163600414775,0.27402752158972,0.09419920814666,0.0799824286999016,-0.0612628006660741
"cy84_Primary_CD45_pos_H11_S479_comb","DSG3_pos",0.00380128972499386,0.00709878992044155,0.0247184174003672,0.145299008155549,0.0987049149145228,0.220743120633944,0.19083042047452
"cy84_Primary_CD45_pos_H07_S475_comb","DSG3_neg",-0.0486352331313485,0.0681587302379207,-0.0192848837507214,0.0849684067206409,0.0674074983689205,0.0490938944389255,0.00859003111481937
"cy88_cd_45_pos_3_C01_S601_comb","DSG3_pos",-0.00434386361788436,0.0485917116820565,0.0351250336681097,0.196578329190332,0.00543958537951234,0.176430067627824,-0.0391497134775968
"cy60_1_cd_45_pos_HC_pos_HLDAR_pos_C10_S994_comb","DSG3_pos",0.0228761303961892,0.152698638595793,0.264812079473926,0.110940607974111,0.0359246508510646,0.217463318522414,0.00185765228233825
"cy60_1_cd_45_pos_HC_pos_HLDAR_pos_D01_S997_comb","DSG3_pos",0.0161065983258408,0.0285098105088738,0.0295924348745166,0.373320834903097,0.115882554693275,0.131541334165376,0.217109058194967
"cy60_1_cd_45_pos_4_C05_S29_comb","DSG3_neg",-0.00484006738443561,0.0483869981903469,0.0933753155967218,0.182607119105147,0.0954701899331998,0.319726405601063,0.0945381562982321
"cy88_cd_45_pos_C03_S411_comb","DSG3_neg",-0.045539520466961,0.0619063684685541,0.0957149623351916,0.165520603469376,0.133405144904201,0.429067053782664,0.217270770937056
"cy60_1_cd_45_pos_4_D10_S46_comb","DSG3_neg",-0.00798232847249794,0.0217513390209004,0.0871555652748341,0.23731875827179,0.136350717892725,0.18144978092736,0.16955957667895
"cy88_cd_45_pos_H11_S479_comb","DSG3_neg",-0.0165192950387555,0.0405741577781326,0.0564398961563166,0.220190771475052,0.116595374422761,0.24804398196526,0.0349814240738527
"cy60_1_cd_45_pos_3_C03_S315_comb","DSG3_neg",-0.0177444567901209,0.00928663126963597,0.0100237738514012,0.100076946584233,0.105619373774451,0.193872083676564,0.0436522879222667
"cy60_1_cd_45_pos_HC_pos_HLDAR_pos_E07_S1015_comb","DSG3_pos",-0.044503117875922,0.03685376620753,0.0529546581125941,0.19647020034152,0.0317567878672531,0.321169609830215,0.0420686872544651
"cy88_cd_45_pos_3_D03_S615_comb","DSG3_neg",0.00189697572523523,-0.00454654569964028,0.0487880867279077,0.156899576706066,0.100767497753447,0.112891340781183,0.0462481561524326
"cy88_cd_45_pos_F03_S447_comb","DSG3_pos",-0.0455354399874455,0.0637638199198362,-0.0243090753564635,0.21626011555353,0.0212775867745998,0.0635247794479954,0.00744604605232052
"cy60_1_cd_45_pos_4_H07_S91_comb","DSG3_neg",-0.0510543859626878,0.0725859174852878,-0.0193023520861028,0.069468489220652,0.0868675476258001,0.0588581377709737,0.0196926568028797
"cy88_cd_45_pos_3_D11_S623_comb","DSG3_neg",-0.0215718356590484,0.0828131504072916,0.193832270345572,0.212916012507683,0.129675241151325,0.220948095095899,0.0286997012122069
"cy60_1_cd_45_pos_3_C11_S323_comb","DSG3_neg",0.0174889972040172,0.0585123804218634,0.0231530763585888,0.293466199689582,0.0807681632938466,0.222088282613882,0.0470185411251464
"cy88_cd_45_pos_3_B11_S599_comb","DSG3_neg",-0.021374059211353,0.0349020844583518,0.0385809415669565,0.216471327863732,0.000469052061838893,0.0730977420183082,0.0618955843177843
"cy60_1_cd_45_pos_3_D06_S330_comb","DSG3_neg",-0.0273032704025651,0.0282646297994866,0.00249551976949894,0.161456911750033,0.0806096636924596,0.272646557324402,0.256799676872412
"cy60_1_cd_45_pos_HC_pos_HLDAR_pos_D12_S1008_comb","DSG3_neg",0.0645899537574509,0.142324788437444,0.308953023098271,0.33176916645291,0.261001787220115,0.236023717639582,0.0868127451004919
"cy60_1_cd_45_pos_HC_pos_HLDAR_pos_F10_S1030_comb","DSG3_neg",0.000265676584414315,0.0912627316510133,0.119491763732522,0.163136658372672,0.148314439246531,0.275837412557741,0.0731361064425707
"cy60_1_cd_45_pos_4_B07_S19_comb","DSG3_neg",-0.0462860880913963,-0.00605662583922162,0.0336859245798846,0.275469612229286,0.0913762146184238,0.0901193860701077,-0.0466912936210416
"CY89A_Core_15_E01_S49_comb","DSG3_neg",-0.00713816043117579,0.0566475703659098,0.0513165492093042,0.16047824203604,0.0246553296768779,0.147667373110861,0.092997251084548
"CY89A_CD45_POS_10_H05_S281_comb","DSG3_neg",-0.018030394944403,0.0614475666276536,0.107257380609633,0.229433773837059,0.0276182716233176,0.284117341300486,0.0376192814667972
"CY89A_CD45_POS_10_A04_S196_comb","DSG3_pos",-0.0427568992239093,0.101884054529969,0.00511622705011028,0.393243444752357,-0.00487648493699994,0.219220106849157,0.100717528414288
"CY89A_CD45_POS_4_A10_S394_comb","DSG3_pos",-0.0212243519727253,0.0465647905423697,0.0124120463322067,0.124847978782444,-0.0514027223337561,0.101320357474641,-0.0675941558364591
"CY89A_CD45_POS_4_D03_S423_comb","DSG3_neg",-0.0351618254890659,-0.00424705299820324,0.0478128111035057,0.145923741783275,0.132705714004779,0.164186554909934,0.00634111661585807
"CY89A_CD45_POS_6_H11_S191_comb","DSG3_neg",0.00776731385505977,0.0523314416447005,0.0524012950790999,0.289662548073131,0.0674992087789683,0.220172430395024,-0.0256662298634243
"CY89A_Core_15_F11_S71_comb","DSG3_neg",0.00204400706806224,0.0517622671850381,0.0443082038148898,0.192613181656778,-0.00616267110851404,0.287244630658941,0.0867884125830207
"CY89A_CD45_POS_4_A04_S388_comb","DSG3_neg",0.0109980658663432,0.0130806715742359,0.0509098408083387,0.192293919060675,0.142344368504708,0.21222420969594,-0.102409570380828
"CY89A_Core_15_H06_S90_comb","DSG3_neg",-0.0160222329524557,0.0704742021631734,0.0402367819305939,0.341045617919288,0.128785449159647,0.243691735986735,0.0439963563009074
"CY89A_CD45_POS_4_A12_S396_comb","DSG3_pos",0.0479671902472047,0.119874017677412,0.0834985987591706,0.227783669064246,0.059581501347888,0.0723089030746331,0.0537872893980222
"CY89A_CD45_POS_6_H04_S184_comb","DSG3_neg",-0.00980523207440356,0.0831731730578787,0.116285345421149,0.21351628010259,0.0497056007611949,0.140991490581357,-0.0532904444260893
"CY89A_CD45_POS_6_B12_S120_comb","DSG3_neg",0.0241169886687417,0.0289095648234313,0.0833683276065366,0.285907137237878,0.079711048293411,-0.0274428304997772,-0.103407524297351
"CY89A_CD45_POS_4_E12_S444_comb","DSG3_pos",-0.014058553331386,0.0789648276828658,0.00297501070159728,0.291824105903788,0.0471860099174296,0.252390186344239,0.00177305174500259
"CY89A_Core_15_C10_S34_comb","DSG3_neg",-0.0074443181103675,0.0451901429678208,-0.0203851863111805,0.47142060988518,0.0186716596733648,0.247296477491142,0.0991084494176037
"CY89A_CD45_POS_6_F10_S166_comb","DSG3_pos",-0.0307846494742408,0.0655498468148586,0.0386480990428085,0.172799171205748,-0.00657193951977092,0.162374009649089,-0.0979235795868786
"CY89A_Core_15_B06_S18_comb","DSG3_neg",-0.0176774953430423,0.0833921905789303,0.119693944671762,0.21454952860205,0.0582305104529073,0.0899558565737856,0.0266685530216292
"CY89A_CD45_POS_6_C08_S128_comb","DSG3_neg",0.0186927567008643,0.1278261263116,0.083608152566679,0.278461442487232,0.10392397627017,0.0592024449464104,-0.041787234148533
"CY89A_Core_15_G06_S78_comb","DSG3_pos",-0.0487277323136641,0.043019478676655,0.053039232351646,0.27777588129047,0.0535546038309814,0.0736993944140548,-0.045020937802777
"CY89A_CD45_POS_4_D08_S428_comb","DSG3_pos",-0.0313833411364261,0.0680086767013327,0.0671390456857131,0.23929022117187,0.115076675988692,0.0436013811908259,-0.110574908576002
"CY89A_CD45_POS_6_B08_S116_comb","DSG3_neg",-0.00685746670221815,0.0473216310408176,0.0925791142611713,0.249220113606245,0.0346771483573336,0.0609149829796694,-0.0537977805243253
"CY89A_CD45_POS_6_B02_S110_comb","DSG3_pos",-0.0592718244252756,0.00650096998615107,0.0338746236135587,0.192153820029924,0.0702600328203882,0.198824796785925,0.129112829347824
"CY89A_CD45_POS_4_G02_S458_comb","DSG3_pos",-0.0276521560189394,0.0861373802642005,0.119436220665743,0.1983942630539,0.130383429639113,0.0288091702144044,0.039837961543298
"CY89A_Core_15_C09_S33_comb","DSG3_neg",-0.0400904562410457,0.0580697820866936,0.0496940804963137,0.120489867231357,0.07365640995529,0.184774274553054,0.0849435857164979
"CY89A_CD45_POS_6_D02_S134_comb","DSG3_neg",-0.0349132890504508,0.0681839463715345,0.0801463928616118,0.279153960390573,0.0409251498438984,0.154197995393342,-0.0254520085178047
"CY89A_CD45_POS_4_D10_S430_comb","DSG3_pos",0.00910869924832336,0.0754251396990472,0.0683347860137264,0.219352206920403,0.0876364141521253,0.242030888248411,0.0309951763982261
"CY89A_CD45_POS_6_D10_S142_comb","DSG3_pos",-0.0417713251480304,0.109989260343408,-0.0328374326187034,0.232693793516603,0.0425741743504306,0.020050074603146,-0.0184071917258613
"CY89A_CD45_POS_4_F08_S452_comb","DSG3_pos",-0.0505472317409522,0.0196945540100698,0.0307410100294945,0.0668848915346845,0.0801449382417335,0.0565955340526512,-0.0285436217837339
"CY89A_CD45_POS_10_A07_S199_comb","DSG3_neg",0.0116992926572485,0.0470481240453489,0.0338447155346309,0.563727967923526,0.116987577881421,0.310693414979441,0.130857082776709
"CY89A_CD45_POS_10_G06_S270_comb","DSG3_pos",-0.0553915960352213,0.0318651396112437,0.0238544575849191,0.114099873378757,-0.0463954636151104,0.218489824580986,0.0390375584140754
"CY89A_Core_15_G01_S73_comb","DSG3_neg",0.0218848209457438,0.0514537484690235,0.0865563580862914,0.178019596491572,0.0837310102120605,0.0695465135714126,-0.11893194951271
"CY89A_Core_15_G11_S83_comb","DSG3_pos",-0.0193412245369784,0.0767846050920662,0.0679740508724602,0.0886796501910013,0.0782550775871483,0.134142451924332,-0.020685510954858
"CY89A_Core_15_G10_S82_comb","DSG3_pos",-0.0452504023627881,0.0403566428194335,0.0390841996519282,0.175056830657282,0.0352730724926024,0.221820326866313,0.113664939700905
"CY89A_CD45_POS_6_E10_S154_comb","DSG3_neg",0.0360855144465238,0.0891431325349601,0.101440569928666,0.211495240003436,0.0669412956667775,0.030911188653416,-0.033869051692548
"CY89A_CD45_POS_6_B06_S114_comb","DSG3_pos",-0.0617046486380592,0.0539291086164375,0.0617749464943093,0.279727090300018,0.0169114625227415,0.11477396793961,0.0481135215499134
"CY89A_Core_15_C02_S26_comb","DSG3_pos",0.0242228966964595,0.0386915273424845,0.0721116566219695,0.299245823051829,0.0374674693027286,0.202153848451316,0.111561191329768
"CY89A_Core_15_H07_S91_comb","DSG3_pos",-0.0571812261958547,0.0843467935228527,-0.0116154407207063,0.299675327344978,0.050548794659895,0.101609982002943,0.00146385257598913
"CY89A_CD45_POS_10_B12_S216_comb","DSG3_pos",0.00735680679289535,0.0507485188221805,0.0285795821115338,0.0733420379951805,0.0301869423282589,0.111542758236137,-0.00101747071735175
"CY89A_Core_15_A11_S11_comb","DSG3_pos",-0.0223842846786601,0.0208243954689576,-0.00386898515643486,0.241755175580678,-0.00361194943038984,0.216277482183466,-0.0375067855763618
"CY89A_CD45_POS_4_E01_S433_comb","DSG3_neg",-0.0059756157092449,0.0169993200551875,0.129230096082058,0.338828824358481,0.126678935313359,0.123338366395205,0.00484339937167777
"CY89A_CD45_POS_10_B07_S211_comb","DSG3_pos",-0.00239503087138121,0.0710184121004285,0.0232140413222422,0.222944940981013,0.0874125280930321,0.20439930232234,0.0945993790836696
"CY89A_Core_15_G08_S80_comb","DSG3_neg",-0.0360646708164198,0.0510525497366593,0.111057752800589,0.191805993462638,0.130084880654193,0.153424755845528,0.153357215722985
"CY89A_Core_15_H04_S88_comb","DSG3_pos",-0.0289777695413812,0.07154289785593,0.0248434189475115,0.184099558071896,0.0888481440973612,0.130102528502513,0.054533127130492
"CY89A_Core_15_D10_S46_comb","DSG3_pos",-0.0656464810327927,0.00564991717778882,0.00482900297607097,0.197997322781341,0.0463740582267381,0.206266305141676,0.158117288832085
"CY89A_CD45_POS_4_G11_S467_comb","DSG3_neg",-0.0490772558589283,0.148571551888365,0.0797879540554305,0.265971000703781,0.081442291520995,0.121676515870099,-0.0169457280230637
"CY89A_CD45_POS_10_G11_S275_comb","DSG3_neg",0.0176704452935546,0.0683380974468865,0.041498239625965,0.200930231168067,0.0502433255067257,0.0865140847476652,0.0286049852675948
"CY89A_CD45_POS_4_G10_S466_comb","DSG3_pos",-0.0231842391891013,0.0075042862178743,0.0261551818731741,0.242885928312241,-0.00698781980955315,0.280259588410099,0.274615254412159
"CY89A_CD45_POS_10_G09_S273_comb","DSG3_pos",0.0302169426665294,0.0879793056087707,0.084491548570078,0.158261003324976,0.110593844960731,0.252772189025658,0.0349098278471672
"CY89A_CD45_POS_6_G05_S173_comb","DSG3_pos",0.00857736246256699,0.084030253022691,0.0547844122205169,0.17008664761391,0.106601070568021,0.0982943149611598,0.0367314132684777
"CY89A_CD45_POS_4_H09_S477_comb","DSG3_neg",0.0143455372411435,0.0680373661713069,0.118743433936104,0.372621741592616,0.0813397156706706,0.158891225954357,0.132092062224111
"CY89A_CD45_POS_4_B10_S406_comb","DSG3_pos",-0.014958189951222,0.0581480211659126,0.0358030145992296,0.129989467739393,0.057776711311239,0.157619683574923,0.0400449173036682
"CY89A_Core_15_B07_S19_comb","DSG3_pos",-0.0146097510976346,0.0876696013318322,0.0372903946760581,0.464023205669913,0.238876451502846,0.458390905859988,0.105836171344064
"CY89A_Core_15_A06_S6_comb","DSG3_neg",-0.0433126232313004,0.0463835181544678,-0.0367115337351387,0.290660523056606,0.0152348423975218,0.246128614713121,0.0683073095173081
"CY89A_CD45_POS_4_G07_S463_comb","DSG3_neg",-0.0669234522338717,0.0443412541081719,0.0495036049942173,0.160279287589767,0.0275882030407999,0.0463550555071477,-0.0887587421567368
"CY89A_CD45_POS_6_H02_S182_comb","DSG3_neg",0.0195840854132105,0.0165842172646177,0.108179255787861,0.203965876569853,0.17536998375642,0.259620570775445,0.164765399189993
"CY89A_Core_15_F07_S67_comb","DSG3_neg",-0.0210381549988433,0.0195681345317024,0.104915785326148,0.184619182135872,0.0197626846278617,0.190677361224363,0.00472829554518894
"CY89A_CD45_POS_6_F09_S165_comb","DSG3_neg",0.0248516118498225,0.0380040864021771,0.0743115427563776,0.280871684938173,0.0653505396841773,0.174045696608583,0.00326285315581898
"CY89A_Core_15_H09_S93_comb","DSG3_pos",-0.00495625276798947,0.0855079615815886,0.0582463463728799,0.236764160918923,0.0609206418486302,0.0650081685185258,-0.0212858803030404
"CY89A_Core_15_A12_S12_comb","DSG3_neg",-0.00122497124936385,0.0445762935539666,0.0293204188585709,0.30121398014992,0.0390507228348104,0.0843756839977609,0.0329117717773522
"CY89A_CD45_POS_10_H06_S282_comb","DSG3_pos",-0.0374490001529692,0.0707609197603437,0.0817034837777765,0.301141663887252,0.157272570833078,0.188321299269517,0.0529201286204782
"CY89A_CD45_POS_10_E07_S247_comb","DSG3_pos",0.00349292413429536,0.0944328639662328,0.0597189145860099,0.271714680735375,0.167044745221084,0.240295250500807,0.161162461322868
"CY89A_CD45_POS_6_G04_S172_comb","DSG3_neg",-0.0592549426014123,0.0519054278354673,0.0358502216517109,0.294289714186153,0.0848890357455087,0.332248191848251,0.11054230276533
"CY89A_CD45_POS_6_A01_S97_comb","DSG3_neg",-0.044541638977373,0.0447584563739831,0.0713703984519886,0.240294058037702,0.137503933340121,0.191983335662686,0.0965983906882187
"CY89A_CD45_POS_4_G03_S459_comb","DSG3_neg",0.0140907722118347,0.0186069682441115,0.0356372551228562,0.157061530836725,0.0779956419625983,0.26415192410818,0.0319042387498986
"CY89A_Core_15_H03_S87_comb","DSG3_pos",-0.0293404868558988,0.0398355481387401,0.0271009178245919,0.25885090149457,0.153134227373481,0.317987928264157,0.191261649436985
"CY89A_Core_15_E03_S51_comb","DSG3_neg",-0.031030798261151,0.0503022813560187,0.113231321444727,0.291495959721568,0.104452007242095,0.201993679061891,0.180582177406215
"CY89A_Core_15_F08_S68_comb","DSG3_neg",0.0300178872718319,0.108208195646014,0.105888129510616,0.35672902123669,0.136542176772683,0.138389725746303,0.0627508321053395
"CY89A_CD45_POS_6_C05_S125_comb","DSG3_pos",-0.00321023030984152,0.0375977485091029,0.0198874390822517,0.0413966659968036,0.0287554318381567,-0.0594938952007415,-0.138106307257857
"CY89COREQ1_E09_S345_comb","DSG3_neg",-0.0373852874086911,0.0384102560536152,0.0444874920038627,0.142074580271356,0.0985909919497813,0.271382349923696,0.0303164622490975
"CY89COREQ1_B07_S307_comb","DSG3_neg",0.138624023695524,0.13111889010299,0.065602752919119,0.548129522411599,0.104122458658527,0.120752206234068,0.0922563961804912
"CY89COREQ1_F11_S359_comb","DSG3_pos",-0.0399674101142819,0.118022548218318,0.163849276480642,0.313020514414458,0.0427089969371846,0.0929843397020974,-0.00946180951400011
"CY89FNA_G11_S275_comb","DSG3_pos",-0.0189195283484369,0.0604718532877218,-0.0359089661504156,0.267201377322187,0.0899401598469186,0.23487986005629,-0.026510569035628
"CY89COREQ1_F09_S357_comb","DSG3_pos",-0.0928049666981863,0.0625430817111893,0.00243594017258808,0.204911747210274,0.0856735132200509,0.148688493051405,0.0848767572865199
"CY89COREQ1_H07_S379_comb","DSG3_pos",-0.073384814320964,0.0548847102417431,0.00649475030350152,0.229556568778831,0.0201538887432515,0.0651810449348667,-0.03628570108982
"CY89COREQ1_C03_S315_comb","DSG3_pos",-0.00612627375895589,0.0644876699959743,0.0824786826529879,0.270483869058485,0.0178342409893985,0.20571348281422,0.0364463094667382
"CY89COREQ1_E02_S338_comb","DSG3_pos",0.0145282478294092,0.0679200193528343,0.0927514615068613,0.230843036722062,0.109565554773907,0.104324150037638,-0.0501923975242994
"CY89FNA_D07_S235_comb","DSG3_neg",-0.0219471171912896,-0.00618359955456604,-0.0109336104476072,0.221330798989004,0.0759744249346578,0.248512799959474,0.0774024838379812
"CY89COREQ1_A08_S296_comb","DSG3_pos",-0.0240302998576428,0.0779960697835603,0.0844405817349028,0.169507752857303,0.0686887233537984,0.149695040793016,0.0307123607195458
"CY89COREQ1_C04_S316_comb","DSG3_neg",-0.010700894293493,0.11023572514563,0.104248664124412,0.262443192240916,0.0779370550738727,0.251096058522729,0.146971671931389
"CY89FNA_B10_S214_comb","DSG3_neg",-0.0601691160542812,0.0522050766469237,0.037677882082024,0.216536474879029,0.0516111632291691,0.115475503572674,0.0365628938855708
"CY89COREQ1_A12_S300_comb","DSG3_neg",-0.00210164923853653,0.148506015112564,0.115126084965417,0.614596804379579,0.11657254775087,0.0582395391697246,-0.0104284941923608
"CY89FNA_F05_S257_comb","DSG3_neg",0.0141535185926115,0.0416929548484708,0.0876517426706357,0.131640510222787,0.123367820138603,0.227263899245544,0.0899561514071718
"CY89COREQ1_B11_S311_comb","DSG3_pos",0.0809274925844974,0.0662337127270957,0.0356267364256853,0.22943073099701,0.113886762549349,0.299068707641386,0.0926393456537881
"CY89FNA_A08_S200_comb","DSG3_neg",-0.0458619044722939,0.0332265100251187,0.108218685073254,0.191424481147913,0.102373669433946,0.194103976131261,0.0877047275716452
"CY89COREQ1_D02_S326_comb","DSG3_pos",-0.0137730309914349,0.0683977037538542,0.136202182139174,0.375559896257348,0.186473709732821,0.148501594550294,-0.0415154495584991
"CY75_1FNA_E03_S531_comb","DSG3_pos",-0.0380012882631856,0.0921484081745573,0.1984413335222,0.103800228007253,0.0814903716343212,0.0054122830112534,-0.047083788459377
"CY89FNA_F07_S259_comb","DSG3_neg",-0.000883016962635264,0.0592145011732599,0.0389939369137768,0.204182359905357,0.0914833721273757,0.180336748890393,0.0181569911060601
"CY75_1FNA_F12_S552_comb","DSG3_pos",-0.0196250229583271,0.0874799354888215,0.00970173535180879,0.151461503455672,-0.00952516048492502,0.145525913828377,-0.027452061138502
"CY89COREQ1_D07_S331_comb","DSG3_neg",-0.0401999977414774,0.0318674624699666,0.074444731503465,0.271104381858205,0.0648640188696642,0.207879000282728,0.205513221348209
"CY89COREQ1_C10_S322_comb","DSG3_pos",-0.00237795097427312,0.00658761476492847,0.110961805173238,0.217598079977533,0.149296983036732,0.186394927670239,0.0187937045547756
"CY75_1FNA_E09_S537_comb","DSG3_neg",-0.0181295049754761,0.0789613433104943,0.117657822322357,0.1522117992001,0.109517968044123,0.0675398644409742,-0.0932398032462348
"CY89COREQ1_G01_S361_comb","DSG3_pos",-0.0519319017787437,0.022445633647546,0.0450426674210895,0.157981836081915,0.0701204199455164,0.0687648366232935,0.0451743636778454
"CY89FNA_E01_S241_comb","DSG3_neg",0.0182154611076024,0.0650399427873971,0.0351140916004374,0.263362143234303,0.0712129640724535,0.196610653312397,0.140707340672933
"CY89FNA_C04_S220_comb","DSG3_neg",-0.0168061615373307,0.0465714916460877,0.0698975296812912,0.240321585117613,0.0940152476430466,0.164196736765308,-0.0191738089196268
"CY89COREQ1_A07_S295_comb","DSG3_neg",-0.0219245492073971,0.0693475497839172,0.0537739115775828,0.332724025536634,0.0445350558113462,0.157940201914513,-0.0209340455371775
"CY89FNA_G07_S271_comb","DSG3_neg",-0.0112661496285617,0.101279833111523,0.0541217415612635,0.281421820535942,0.0953540688864034,0.224820717341415,0.00547923651575194
"CY89COREQ1_B03_S303_comb","DSG3_pos",-0.0141217549042409,0.0301459079602151,-0.0180820240269945,0.112166993163133,-0.0314160616828505,0.249809354736891,-0.0785466188913163
"cy88_cd45pos_5_F05_S257_comb","DSG3_pos",-0.0347571936119679,0.0485182615472998,0.0846911693794797,0.108747081483263,0.0504183790492878,0.245798509327015,0.0819395326453721
"cy88_cd45pos_5_E05_S245_comb","DSG3_pos",-0.0480919035795,0.00406587130199501,0.0676674928590069,0.17786937931239,-0.0344642933111181,0.178705325436262,0.144043233570097
"CY88CD45_150813_E07_S343_comb","DSG3_pos",0.10461315304697,0.057003737871261,0.0341683625550118,0.175467689017138,0.0306011217939486,0.274214821524604,0.19035499496
"CY88CD45POS_7_F01_S253_comb","DSG3_pos",-0.0285098334702171,0.0662302658380848,0.0386990358370536,0.14847474255481,0.096048737906004,0.13906712747742,-0.0109555693722383
"CY88CD45POS_7_G07_S271_comb","DSG3_pos",-0.0221961396547079,0.0732701953068586,0.000912047694385354,0.102953471688997,-0.043281739847328,0.0494513677228611,-0.0383452387262537
"CY88CD45_150813_C09_S321_comb","DSG3_pos",0.00609498675147357,0.0392622483232851,0.0866217513132112,0.200960225973847,0.093197389598849,0.263820600336965,0.150693244328468
"CY88CD45POS_7_D02_S230_comb","DSG3_pos",0.0856319839368964,0.0386184616477487,0.0646972327443078,0.0530829167687039,0.146086884337374,0.319068840013052,0.129069850773326
"CY88CD45POS_2_B05_S401_comb","DSG3_pos",-0.0475056448623527,0.0613438046902692,0.0409617270407035,0.0956491219688642,0.0296326361525953,0.144840702783791,-0.0311964545563234
"CY88CD45_150813_F09_S357_comb","DSG3_pos",0.00240523813344098,0.0357560898035238,0.0165734679376238,0.170199168164225,0.113950528999122,0.283726448973669,0.111658050486343
"CY88CD45POS_2_B01_S397_comb","DSG3_pos",0.0387970991835632,0.0978737316397889,0.095595613708082,0.319498997185325,0.111321765443141,0.255888413069272,0.15820525508185
"CY84_PRIM_POS_All_6_A07_S391_comb","DSG3_pos",-0.0428711440110062,0.0495285927413762,0.106564279976342,0.19867430806862,0.104840749499022,0.0373324604661508,-0.106099527297469
"CY84_PRIM_POS_All_7_G05_S269_comb","DSG3_neg",0.0124332705440783,0.117547856542158,0.119892331743712,0.629848047165514,0.225158601383896,0.10723635644941,-0.028989623770264
"CY84_PRIM_POS_All_6_C04_S412_comb","DSG3_neg",0.006670483121961,0.104715548359779,0.151232978969224,0.339665368933795,0.135167769639172,0.107174301068664,0.0887491636689647
"SS2_D3_S171_comb","DSG3_pos",-0.0597938408372512,-0.00158219771364593,0.0699953686119912,0.188090862877672,0.0334047262579089,0.280636723688284,0.0567256200065638
"monika_D1_S126_comb","DSG3_pos",-0.0619105261081045,0.0349384904385227,0.0878045777281278,0.25942400217562,0.0161731766047079,0.120197615834347,0.028367021441846
"SS2_C8_S167_comb","DSG3_pos",-0.0142484592919959,0.00141860762220897,0.0727236205284827,0.174095557266687,0.101478336957653,0.36042643352525,0.175386539482673
"SS2_E6_S179_comb","DSG3_pos",-0.00705004086675884,-0.024417330159141,0.0740132368365601,0.163631197070892,0.0842885217245393,0.339775656387709,0.187099671751406
"SS2_G11_S188_comb","DSG3_pos",-0.0174169997660626,0.00390164065064941,-0.000931127591095593,0.135275995587519,0.0530682342130412,0.159242579051804,-0.0565561820006537
"monika_F6_S149_comb","DSG3_pos",-0.0383700448421772,0.0503708618181268,0.0664907659271689,0.221976822543025,0.0986972048120024,0.20530382224296,0.165642396307702
"monika_F4_S147_comb","DSG3_pos",-0.0548712664172013,0.00251401548807365,-0.0279375814333375,0.203461519824349,0.0490595517479985,0.154584190303863,0.0453890367315833
"SS2_C5_S166_comb","DSG3_pos",0.0145028151159527,0.0365719864450372,0.103796477372927,0.13660860714252,0.0703922543504103,0.306714895411852,0.124124267731733
"SS2_B11_S158_comb","DSG3_neg",-0.0271154736034392,0.0782507060446646,0.143003131080786,0.150143094655717,0.0859719625491999,0.636164092475822,0.267593891913848
"monika_A2_S101_comb","DSG3_pos",-0.00444752654427077,0.0303266971687397,0.0946090010942412,0.28073971976477,0.0761427932483417,0.0416038675320545,0.0198405743647636
"SS2_G2_S190_comb","DSG3_pos",-0.0919426287996401,0.0207619700880548,-0.0320748636752171,0.255114315792071,0.0740288751264608,0.163038375640562,0.0871554962229175
"SS2_F10_S182_comb","DSG3_pos",-0.0526740672382479,0.0654684300079824,0.0588513780666532,0.275838406314581,-0.0262753557540972,0.17564908869873,-0.0394327762365626
"monika_E8_S142_comb","DSG3_neg",-0.00541947078982341,0.0121070465919785,0.0544708284887219,0.140050838482078,0.115934754256214,0.314296502805022,0.233808995561751
"SS2_C4_S165_comb","DSG3_pos",0.00332692450511141,0.0812910662288597,0.163342603183636,0.256969512276171,0.080652323790725,0.232281145399504,0.0747680351152635
"monika_C3_S122_comb","DSG3_pos",-0.0376051454172415,0.0610154946401701,0.0550165470388607,0.262065319209249,0.0679315302548049,0.0249962432038309,-0.00732041289702184
"monika_D5_S130_comb","DSG3_pos",-0.0681754251832849,0.0160428967617121,-0.0342167014794214,0.226898812451273,-0.0207879054641064,0.227991900463057,0.00140452653902629
"monika_F7_S150_comb","DSG3_pos",-0.0470038420765834,0.0669939365076369,-0.0255930707353306,0.268130686160523,0.0033488713253596,0.15822292346789,0.0109219306433849
"monika_B5_S113_comb","DSG3_pos",-0.0440047095007649,0.00709295848540653,-0.0419179707448832,0.184555254609224,0.00956752448111275,0.132452640245061,0.0534965472209693
"monika_C9_S125_comb","DSG3_pos",-0.0484071414362271,0.0219581438953233,0.0646352354428668,0.250850791785057,0.0611078328600376,0.069253169361964,-0.00277914920940836
"monika_A1_S97_comb","DSG3_pos",-0.0361568216453929,-0.0121391930175536,-0.0113019795394181,0.188426354377042,0.0576261467960595,0.315023018292893,0.123643855499078
"monika_C6_S124_comb","DSG3_pos",-0.0413029002103796,0.0456590516870681,-0.0360414768338634,0.121332843861174,-0.0137476111798397,0.126672860834541,-0.036232644756906
"monika_B1_S108_comb","DSG3_pos",0.0122929462702448,0.0278807701106956,0.153468297921725,0.156037412127744,0.116371292589896,0.191077600800242,-0.00408905545894106
"SS2_F5_S184_comb","DSG3_pos",0.00358818055384619,-0.0043709114029063,0.0130793572356924,0.185435429635548,0.0145684894024578,0.0875837441868523,-0.056342596129535
"monika_F5_S148_comb","DSG3_pos",-0.026321295880768,0.0336856450130523,0.0214646552579356,0.288604365255856,0.0729698348573428,0.305967509320736,0.0915009203995281
"SS2_E8_S181_comb","DSG3_pos",-0.054014021234741,0.0100185977298417,-0.0122750175737981,0.195481050887561,0.00248090746913926,0.126575081500581,0.050368777587902
"monika_F2_S146_comb","DSG3_pos",-0.0282734886906117,0.00313368201385872,0.0185256995427931,0.170611275008103,0.083195988451937,0.0575286678787201,-0.119781009632892
"monika_A8_S107_comb","DSG3_pos",-0.0702142258750699,0.0324583153963021,0.0269073267775682,0.2169649568848,0.078194364934695,0.117352134095442,0.0456004508888357
"SS2_E10_S176_comb","DSG3_pos",-0.00107539726634301,0.0858909957843761,0.102424928361159,0.269911439127148,0.110708642476328,0.155853025263534,-0.0529177488564631
"monika_D11_S127_comb","DSG3_pos",-0.0736545847968461,0.0327249999109448,0.0529673790022722,0.0809157228730286,-0.0151636268065017,0.106227222983297,-0.0981586848263445
"SS2_F2_S183_comb","DSG3_pos",-0.025112563392211,0.0405617044148724,0.0871138906058759,0.21898365865049,0.0656428148249485,0.153498277285409,-0.0138263562506039
"monika_B11_S110_comb","DSG3_neg",-0.0620870417334712,0.0726776085138039,0.0665638514280258,0.361214465468269,0.136317369758935,0.234484961344661,0.124171556132241
"monika_B7_S115_comb","DSG3_pos",-0.0266179617396986,0.0332872855174688,0.0925005481503678,0.220891915803053,0.0522527863978025,0.164614287036942,-0.0418192418224279
"monika_D8_S133_comb","DSG3_pos",-0.0071573800428098,0.0226501492738331,0.0885938731781094,0.240363750542457,0.00700633538055784,0.268679304377678,0.161611181727046
"SS2_C10_S164_comb","DSG3_pos",-0.0524032167790661,0.0103098918227318,0.0482400213977864,0.146623803449291,0.0495036982929781,0.328033743869056,-0.00570194759162862
"monika_E10_S135_comb","DSG3_neg",-0.0619130439248219,0.0289649960633213,0.00849181248254849,0.169933779708045,0.024818926901295,0.313755985070387,0.0483409966931207
"monika_F1_S144_comb","DSG3_pos",-0.0164473857932943,0.0408407492775721,-0.00982759784506437,0.355405505846298,0.0753288683598039,0.0816659346926105,0.0792276616962952
"monika_D6_S131_comb","DSG3_pos",-0.0666023212713231,0.017343971583152,-0.0419156654097569,0.135392072366014,0.0211799766422945,0.182860315839849,-0.0135012586248378
"SS2_E5_S178_comb","DSG3_pos",-0.0582959090820983,0.0627684222243868,0.09936951043472,0.287077972578495,0.0815145208289689,0.10392372461247,-0.036786223969547
"monika_E9_S143_comb","DSG3_pos",-0.0614850210653241,0.103504968649883,0.147721447102098,0.210830472909626,0.0673317292002739,0.15268875635555,-0.0338747266931276
"SS2_D4_S172_comb","DSG3_pos",-0.0251878258002095,0.0267477209945656,0.00713848352061935,0.157632144348379,0.0955202777801914,0.309703754194053,0.0202950747645819
"SS2_B7_S162_comb","DSG3_pos",-0.0132077038409573,0.0356307474357783,0.141160130411602,0.316308393130979,0.131548413520057,0.342106008831724,0.144988012239107
"SS2_E1_S175_comb","DSG3_neg",-0.0211864127993341,0.0377865195228003,0.00589412610473083,0.212530430981439,0.103862541659564,0.270393775229401,-0.0104123056953727
"monika_A6_S105_comb","DSG3_pos",0.00189533546092746,0.0354774862643963,0.0595798723026153,0.154226200727559,0.00418309872347894,0.161575860336726,0.0144863190302447
"monika_E1_S134_comb","DSG3_pos",-0.0147133676466456,0.0556689831594502,0.0028245618191996,0.206161110640155,0.0134741240702368,0.0812467940923022,0.09409700922206
"monika_A11_S99_comb","DSG3_pos",-0.0464971613955582,0.0574277041858759,0.0295002900553863,0.232944929008801,0.0873554093990003,0.150189118117495,0.0661031940912946
"SS2_G12_S189_comb","DSG3_pos",-0.0151501746771753,0.0467217001324735,0.0360062146236504,0.187384840606776,0.0416515326154638,0.132488172690704,-0.0848440472389386
"SS2_E3_S177_comb","DSG3_pos",0.00452344029805668,0.0489942654521561,0.115921222290019,0.14706604555478,0.0850934089273468,0.156341002749575,0.0810235225994811
"SS2_D8_S174_comb","DSG3_pos",-0.0368941846383318,0.0217151730151111,-0.030403102532428,0.223376772636481,0.0530740540826513,0.169303546170908,0.0412114966232325
"SS2_E7_S180_comb","DSG3_pos",-0.0409448741513686,0.0106818135805103,-0.00366825559264111,0.155216200833158,0.029992641749616,0.104433348733842,-0.095854010393629
"monika_A10_S98_comb","DSG3_pos",-0.0371889782908868,0.059829319649021,0.026426461805115,0.218802644289177,0.0860114619501436,0.306593003263294,0.1278057668681
"monika_B10_S109_comb","DSG3_pos",-0.0480647251628827,0.0111753872055712,-0.0174076911857867,0.137447775280737,0.00875316167008666,0.083375841472295,-0.030505088684865
"monika_B3_S112_comb","DSG3_pos",-0.0396324589323858,0.0239236420898882,-0.00246862068205977,0.190892052458334,-0.0143230628722935,0.0789906430762978,-0.101532367871468
"monika_B8_S116_comb","DSG3_pos",-0.0713781485513378,0.0358352387730588,-0.0133297259909731,0.175901612952287,-0.00344540431544571,0.171441436930344,-0.0297565801309198
"SS2_A12_S153_comb","DSG3_neg",-0.0119009689849169,0.0367315614584161,0.0647807103041382,0.0827953301193689,0.0145066426875708,0.0490017085411261,0.0398191368255473
"SS2_F8_S187_comb","DSG3_neg",-0.0269728797468627,0.0544455010652611,0.124694735287972,0.302832138587748,0.0637256172420664,0.205973094804531,0.0265279848186659
"monika_B2_S111_comb","DSG3_neg",-0.0550964303723383,0.00596854018806547,0.03602748008234,0.118566709663927,0.0267586572554723,0.261637006029884,0.0915966119657378
"monika_A12_S100_comb","DSG3_pos",-0.0237494358416379,0.0013245814122621,0.00742163214881708,0.283452056016084,0.102269345806838,0.117444115891019,0.0336776688352178
"SS2_B4_S161_comb","DSG3_pos",0.00641907140607995,0.0597011401414399,0.00125199193346326,0.272089009930881,0.0192376293151192,0.278269736668675,0.0878871897302289
"monika_F10_S145_comb","DSG3_pos",-0.0392877689681987,-0.0129922578755132,-0.0485126417622008,0.112548630867642,-0.00278944999452563,0.0974350365356523,-0.00477187210968294
"monika_D3_S128_comb","DSG3_pos",-0.063310402954386,0.043010586857495,0.0873124536018542,0.205287011923362,0.0424881044506562,0.170518247484546,-0.0110373595089436
"SS2_H7_S192_comb","DSG3_pos",-0.0341706710544416,0.10012112763985,0.0197815679039254,0.19048442339697,0.113732188709483,0.210249640256033,0.0976215697877629
"monika_D4_S129_comb","DSG3_pos",-0.0460742597457895,0.00650259732421202,0.0931798287045841,0.265797527668221,0.0231723373853465,0.229470019619522,0.0864432976928343
"SS2_D2_S170_comb","DSG3_pos",-0.0485713202427946,0.0425289213940742,0.0489731638325356,0.194519830867052,0.0824762092317988,0.101329187506893,-0.0235578079920469
"monika_F8_S151_comb","DSG3_pos",-0.0193103582484033,0.0507708250212203,-0.0337768875425464,0.236575845951636,0.033306247587293,0.377434265458312,0.116119624298995
"SS2_B10_S157_comb","DSG3_pos",-0.00962026022101775,0.070002845240094,0.0683009566843693,0.153205790831681,0.0311510306495071,0.0831616749790317,0.00824758959198046
"monika_F9_S152_comb","DSG3_pos",-0.0387068082590412,0.0693891128433743,0.0636790507180898,0.187619010721556,0.0844282797718671,-0.0193131999928911,-0.0978762653237598
"SS2_F6_S185_comb","DSG3_neg",-0.0657408526476126,0.011501022706335,-0.000734831667714986,0.216621268162621,0.0365201713276188,0.123499669293011,0.150201103335474
"SS2_A4_S154_comb","DSG3_pos",-0.0364025978650057,0.0437457223591583,0.0982231767061094,0.199438867756605,0.0446735281483918,0.19344586258222,0.0306337534721119
"SS2_B1_S156_comb","DSG3_pos",-0.00678063403591905,0.0191343860047977,0.0391113410666743,0.163237024654632,0.0200729384312421,0.253867153107974,-0.104672324085225
"monika_A3_S102_comb","DSG3_pos",-0.0486202901714041,0.0168118057676261,-0.0126202929891668,0.132241887135837,0.00125531550686891,0.249741281719895,-0.0407099869855262
"monika_B9_S117_comb","DSG3_neg",-0.0275741693988253,-0.0131595432648847,0.0462817982852967,0.181470993129249,0.0794108876723396,0.233172781929953,0.127808803701698
"monika_A4_S103_comb","DSG3_pos",-0.0569578527781215,0.0708815789208934,0.0448973028052591,0.217754160477395,0.0584907466635097,0.202772387870499,0.0924704100180851
"monika_A5_S104_comb","DSG3_neg",-0.0395802316179154,-0.00283425840499793,-0.0414160597737115,0.226836963517192,0.122137316020161,0.0909679586928965,-0.0163694115846199
"SS2_G5_S191_comb","DSG3_pos",-0.0786687551484842,0.00285258123863119,-1.15042943671373e-06,0.0549670127181791,0.0163035330301546,0.101035190658429,-0.0466707024455718
"CY75_1_CD45_CD8_8__S364_comb","DSG3_pos",-0.0547031314246549,0.0303260123140703,0.00555848020659805,0.219676733697903,0.089232036216603,0.128159595204227,0.054490303920762
"CY75_1_CD45_CD8_1__S29_comb","DSG3_pos",-0.0338484608690766,0.0531627786278718,0.0763076106835452,0.144945925994798,0.0530701491453504,-0.000954555637034948,-0.206038474187046
"CY75_1_CD45_CD8_7__S211_comb","DSG3_pos",-0.0524793771021824,0.0217976165959619,0.0719446155190586,0.140275364570919,0.0273074655683306,0.297749920126526,0.127437043486963
"CY75_1_CD45_CD8_3__S159_comb","DSG3_pos",-0.013099523458362,0.103211615433776,0.125671194933519,0.179302031489174,0.0579514118668297,0.252456178335522,0.0415044677657605
"CY75_1_CD45_CD8_8__S374_comb","DSG3_pos",-0.0468394944611308,0.0507635123421024,0.0797908073929925,0.155681576880441,0.138295089725269,0.126428556485194,0.0487811302927105
"CY75_1_CD45_CD8_7__S286_comb","DSG3_pos",-0.022466986559715,0.046252500943666,0.125088798492525,0.325392242081497,0.0950768721199875,0.196341163288985,0.0617696424777809
"CY75_1_CD45_CD8_7__S200_comb","DSG3_pos",-0.0257744538524068,-0.0226648846571326,0.0375680956216421,0.135377723061807,0.070197611785567,0.199436023718886,0.0992973182736833
"CY75_1_CD45_CD8_8__S295_comb","DSG3_neg",0.00266156047135296,0.0403847809516402,0.12621006479854,0.181841093329533,0.0293398824137607,0.187045199358897,0.0676265762356096
"CY75_1_CD45_CD8_8__S347_comb","DSG3_pos",-0.0236330270184383,0.0327240973942902,0.0608684930864801,0.249355901563384,0.0695846671021959,0.0470809249088341,-0.0386029328289047
"CY75_1_CD45_CD8_8__S357_comb","DSG3_pos",-0.0509333478773555,0.0630293130675214,0.0761741527017875,0.170179239304834,0.0819713961655302,0.156281933978896,-0.0310061475915311
"CY75_1_CD45_CD8_1__S50_comb","DSG3_pos",-0.0137185578018852,0.0585938910338017,0.0386643720614641,0.221173051626629,0.073005465755009,0.230930950333375,0.120377203024928
"CY75_1_CD45_CD8_8__S296_comb","DSG3_pos",-0.0205122629363127,0.101431222464793,0.11282055337194,0.102841663256054,0.0451575175471189,0.124605757969111,-0.166755665321287
"CY75_1_CD45_CD8_3__S148_comb","DSG3_pos",-0.0228632955435446,0.0561330253186653,0.0377403892257534,0.11622668942536,0.0106948577408681,0.131808751748156,-0.0660459078883717
"CY75_1_CD45_CD8_7__S250_comb","DSG3_pos",-0.0351021965670992,0.0939019931981522,0.126817098950845,0.224875380508606,0.0678975707333258,0.150080806813284,0.050060307312653
"CY75_1_CD45_CD8_7__S257_comb","DSG3_pos",-0.0530817253926269,0.082776468738515,0.132855156528551,0.30159508155392,0.07974057373389,0.191130800868575,0.0421163157368399
"CY75_1_CD45_CD8_8__S331_comb","DSG3_neg",-0.0477417537815245,0.025022823731278,0.0395684577903577,0.28805981070465,0.112223322173291,0.116055753849905,-0.0135396340190845
"CY75_1_CD45_CD8_3__S123_comb","DSG3_pos",-0.0313904079834913,0.0704879571484534,0.0691174679241238,0.148235398198332,0.0794125783535967,0.0739578307266315,-0.0603246657401323
"CY75_1_CD45_CD8_8__S338_comb","DSG3_pos",-0.0348742156981293,0.0515047064555298,0.100018982226424,0.161034863135281,0.0439083623032237,0.0881843935506433,-0.0816236562625692
"CY75_1_CD45_CD8_8__S292_comb","DSG3_pos",-0.00419965742615844,0.0546687165993611,0.132072795014312,0.125812462999313,0.0646671427927735,0.154140333159346,0.117394063632764
"CY75_1_CD45_CD8_3__S158_comb","DSG3_pos",-0.0168589470466047,0.0808726544093406,0.016045740692772,0.267891208690759,0.0461933380079205,0.044003433578331,0.0366073354683564
"CY75_1_CD45_CD8_1__S79_comb","DSG3_pos",-0.0198440195868419,0.040560863257852,0.0864875936722082,0.235560587417759,0.0461596897832455,0.0451473484274366,-0.0112729942388934
"CY75_1_CD45_CD8_8__S350_comb","DSG3_pos",-0.00665281282266686,0.0296663825434865,0.092136571506354,0.162484085312583,0.0956836053060059,0.149702599972564,-0.00459163492126341
"CY75_1_CD45_CD8_1__S16_comb","DSG3_neg",-0.0401917632464026,0.0480971525046435,0.0621229381530267,0.232318094742376,0.0277385518407205,0.134234080810021,-0.061627653296644
"CY75_1_CD45_CD8_7__S198_comb","DSG3_pos",-0.0438036369860684,0.0178284271657134,-0.0073632220015088,0.210748758778127,0.0847115496491347,0.297331822978242,0.183928199457577
"CY75_1_CD45_CD8_7__S212_comb","DSG3_pos",-0.0761268779788671,-0.0102034775696807,0.0155099000702513,0.139947058294412,0.122203606052557,0.206885452910871,-0.110128222155201
"CY75_1_CD45_CD8_7__S285_comb","DSG3_pos",-0.0850075045292255,0.00782674142360784,0.0169035036278622,0.245960748133622,0.10945138332759,0.2190582272677,0.0864718694001907
"CY75_1_CD45_CD8_8__S356_comb","DSG3_pos",-0.0160806245411075,0.0536058540459263,0.0428250725905398,0.29172266030615,0.0214303167191782,0.295519770844958,0.033581235976687
"CY75_1_CD45_CD8_1__S96_comb","DSG3_pos",-0.067281770836667,0.0214472020255241,0.0186688845574545,0.211032359392079,-0.00806520172117953,0.135990028607923,0.0250029173374945
"CY75_1_CD45_CD8_8__S290_comb","DSG3_pos",-0.0375563236046308,0.0544200907375495,0.20969649955374,0.240425605004957,0.0563683676074608,0.201837029543373,-0.0446997124389032
"CY75_1_CD45_CD8_8__S343_comb","DSG3_pos",-0.0364121156837799,0.0259600347891681,-0.00134055053607676,0.194565305828224,0.0777888152174965,0.152594188983235,0.0356457150962831
"CY75_1_CD45_CD8_7__S206_comb","DSG3_pos",0.0214250649659346,0.023488869695353,-0.0557900570333635,0.236307003182179,0.0889020091735992,0.0552965393520827,0.145089299657649
"CY75_1_CD45_CD8_3__S107_comb","DSG3_pos",-0.0271978590279832,0.03017898927409,0.00877553010735782,0.16534459893437,0.0471735500846889,0.146704665687107,0.0543418912279189
"CY75_1_CD45_CD8_1__S55_comb","DSG3_pos",-0.0187155477480599,0.0137849991524882,0.0947956059648717,0.234573131901246,0.0544490760904297,0.331838229850607,0.139674457752583
"CY75_1_CD45_CD8_8__S293_comb","DSG3_pos",-0.00472186127256297,0.0887375304139989,0.109414216119859,0.277958371029864,0.0180254705381528,0.111755701789212,-0.108723887392819
"CY75_1_CD45_CD8_3__S174_comb","DSG3_pos",-0.0379101053625425,0.0264251447102245,0.0165561769784661,0.14300857697951,-0.00148317888224775,0.0919782304268856,-0.119711397986642
"CY75_1_CD45_CD8_3__S150_comb","DSG3_pos",-0.0368176694592052,0.054011994825294,0.0413810128025858,0.245405856023667,0.114144331361149,0.0526161147724747,-0.0480178741617677
"CY75_1_CD45_CD8_7__S266_comb","DSG3_pos",-0.0742443703508455,0.0298218549873108,-0.0213940820008852,0.226169217243225,0.111181961970861,0.163901803967878,0.185407489682827
"CY75_1_CD45_CD8_7__S225_comb","DSG3_pos",0.00626873211159851,0.028863435196115,0.0933742061895294,0.214684684552191,0.104422077802053,0.210775049962908,0.0958549891348991
"CY75_1_CD45_CD8_1__S11_comb","DSG3_pos",-0.00918839997401902,0.0681437648263411,0.109998087446958,0.320574092485748,0.0432403689516947,0.202915514771037,0.0681337077331365
"CY75_1_CD45_CD8_7__S221_comb","DSG3_pos",-0.0314126059686806,0.049467970445872,0.105093884703659,0.331191413472056,0.114602976888767,0.242385277217586,0.166850347912805
"CY75_1_CD45_CD8_7__S259_comb","DSG3_pos",-0.0200661477637182,0.0167257650590118,-0.0471567914388257,0.123608948845303,0.018211611849934,0.240092523454485,0.182219009308771
"CY75_1_CD45_CD8_8__S319_comb","DSG3_pos",-0.0132550465310723,0.0716334396943389,0.196773409412662,0.189937223413656,0.0515819571067638,0.194334561748185,0.00764563256543865
"CY75_1_CD45_CD8_1__S83_comb","DSG3_pos",-0.00697612363420133,0.00978153449994484,0.0741335645132284,0.261649094858746,0.154902640357296,0.297210545719772,0.164909205820513
"CY75_1_CD45_CD8_1__S27_comb","DSG3_pos",-0.0405880330806674,0.0605143775412181,0.167710313480452,0.275622256038629,0.0544373661533087,0.157043862664115,-0.0715650630814701
"CY75_1_CD45_CD8_3__S163_comb","DSG3_pos",-0.0604472824789973,0.0694264195494615,0.0410389741550931,0.171614073101196,0.111049397213861,0.173910962892827,-0.0695029470854928
"CY75_1_CD45_CD8_7__S228_comb","DSG3_pos",-0.00388485758162982,0.00347555174178016,0.0867316689702278,0.162586627487171,0.122289115855221,0.640898277243822,0.326643212106451
"CY75_1_CD45_CD8_3__S106_comb","DSG3_pos",-0.00310529413601035,0.0431478396355017,0.0520449890049405,0.221300993688014,0.0524670416009808,0.053474617618607,-0.00930686143359122
"CY75_1_CD45_CD8_1__S47_comb","DSG3_pos",0.0146751888335196,0.0589079553646533,0.136432925036328,0.201122289893321,0.0433333741280724,0.234767046013707,0.0091957716571307
"CY75_1_CD45_CD8_1__S51_comb","DSG3_pos",-0.0171413278281608,0.0839801205367939,0.039505231607799,0.317694361276834,0.141026098607584,0.158409247970891,0.0211448204949324
"CY75_1_CD45_CD8_8__S324_comb","DSG3_pos",-0.0289962797850215,0.0873702925857955,0.0903571851992424,0.178876274461895,0.0952854544922148,0.0719915511392897,-0.147344358717473
"CY75_1_CD45_CD8_8__S372_comb","DSG3_pos",-0.0390589642840377,0.0725378809007255,-0.0201006672642742,0.165541024648274,0.0393485847783792,0.109591411449062,0.0253140290843251
"CY75_1_CD45_CD8_3__S178_comb","DSG3_neg",-0.0352616572652958,-0.0024032815719382,0.0416393747209508,0.175386322040351,0.0365947221392306,0.143691012939061,-0.0517337222512386
"CY75_1_CD45_CD8_8__S315_comb","DSG3_neg",-0.0495366990903845,0.0537680201776222,0.172556804144423,0.317351515948456,0.0909399076439116,0.323432900672773,0.0773920106197796
"CY75_1_CD45_CD8_3__S135_comb","DSG3_pos",-0.0634937327398958,0.00572334189716245,0.0797806437583695,0.17765149699554,-0.0038317208292819,0.158367604739208,0.0163608740808306
"CY75_1_CD45_CD8_7__S253_comb","DSG3_pos",-0.0289807768820313,0.0988651327369563,0.0447204912394633,0.258668626045359,0.0709734885832497,0.235337746464008,0.155682142377545
"CY75_1_CD45_CD8_7__S249_comb","DSG3_pos",-0.0279537774576987,0.0128896866493092,0.0656186802198035,0.202943849632289,0.0403605285261434,0.237699802168154,0.168143297488513
"CY75_1_CD45_CD8_8__S339_comb","DSG3_pos",-0.0434825463263094,0.0221205325538609,0.048123046369814,0.250093426120011,0.080461330158281,0.0779862156320772,-0.07171608072593
"CY75_1_CD45_CD8_7__S268_comb","DSG3_pos",-0.0188848106706038,-0.00151447019805406,0.00400870198956921,0.194644012814918,0.0856958057575845,0.278743913492019,0.0576010344053917
"CY75_1_CD45_CD8_7__S279_comb","DSG3_pos",-0.0835451847728965,0.0490766429990238,-0.0281732444361119,0.146888563230971,0.0294223421401182,0.159250054961817,-0.156953328303626
"CY75_1_CD45_CD8_3__S100_comb","DSG3_pos",-0.0568086322820772,0.0689219232628658,0.133470261467454,0.136763553101682,-0.0418784160180326,0.0858712698266346,-0.052771763974998
"CY75_1_CD45_CD8_1__S68_comb","DSG3_pos",-0.032781251771477,0.0590979275562853,0.0626236553141409,0.32720639227681,0.115091779747646,0.146523870768791,0.160443968612153
"CY75_1_CD45_CD8_8__S382_comb","DSG3_pos",-0.0624461370614092,0.039301552132654,0.0781649237895164,0.0897806862827024,-0.0226151029552565,0.0853699604547437,-0.0550264951732772
"CY75_1_CD45_CD8_7__S215_comb","DSG3_pos",-0.0202411043552095,0.0261765075119233,-0.0112246655554382,0.225933509637572,0.0219302234413234,0.200913123263939,-0.0499437288433943
"CY75_1_CD45_CD8_7__S210_comb","DSG3_pos",-0.0333565167804375,0.062896336833309,0.160547793149129,0.0902400307491922,0.05466417528329,0.102734518542363,-0.0526322716990069
"CY75_1_CD45_CD8_7__S196_comb","DSG3_pos",-0.0020143317887765,0.120418254901116,0.0510256131815465,0.285082804877224,0.101045479692912,0.100528161753083,0.0531616165198417
"CY75_1_CD45_CD8_1__S24_comb","DSG3_neg",-0.0122931470001401,0.0290004463733276,0.0867383746401814,0.325084737051692,0.134494995390998,0.456340330365101,0.205312386470661
"CY75_1_CD45_CD8_8__S316_comb","DSG3_pos",-0.0436742204304572,0.0410278852703336,0.0688213804069028,0.190954154067736,0.116129013372038,0.18009128671652,-0.0163866152435133
"CY75_1_CD45_CD8_7__S260_comb","DSG3_pos",-0.0133639557429279,0.0421297031920198,0.0911747068622034,0.154175104972824,0.0753408651112366,0.0660446381170483,0.0692105294108187
"CY75_1_CD45_CD8_3__S157_comb","DSG3_pos",-0.0375264971722636,0.0770314309567025,0.0206527270707616,0.299992086359575,0.120931431157896,0.0962077635865697,0.10175930496687
"CY75_1_CD45_CD8_7__S255_comb","DSG3_pos",-0.00778903502037515,0.0496851652363133,0.0968752714461789,0.246860341370987,0.0838001803276762,0.103772118926672,0.0222278276201767
"CY75_1_CD45_CD8_7__S216_comb","DSG3_pos",0.0328336000566622,0.10826784748506,0.142702594685537,0.389491964648689,0.142148678354859,0.27857191946659,0.0872652701016394
"CY75_1_CD45_CD8_8__S378_comb","DSG3_pos",0.0444696816816109,0.0806004689721674,0.106013715388091,0.319456355410384,0.105886463147499,0.234977711707735,0.128097019402255
"CY75_1_CD45_CD8_1__S70_comb","DSG3_pos",-0.0375467711264869,0.059640977443808,0.0561839871812757,0.25021970464926,0.0857840303673083,0.0796608821684182,-0.0127231572644891
"CY75_1_CD45_CD8_7__S245_comb","DSG3_pos",-0.0698626674104906,0.0313245993212925,0.022450731929966,0.208198628167936,0.0706495544538914,0.087233324976068,0.0185641813132386
"CY75_1_CD45_CD8_8__S342_comb","DSG3_pos",-0.0877543672675345,0.000821366717417948,0.06153020028628,0.200578131858215,0.0873782707917799,0.119342929489375,-0.108020251503277
"CY75_1_CD45_CD8_8__S361_comb","DSG3_pos",-0.000271279426634463,0.0974974239596322,0.146554147253771,0.155058447920292,0.0277986242227276,0.50990029606143,0.0235257287995699
"CY75_1_CD45_CD8_1__S20_comb","DSG3_pos",-0.0338096336199357,0.011284292390128,0.0722041497002661,0.181743161344488,0.0026031754551662,0.0701134661304013,-0.0468062180377017
"CY75_1_CD45_CD8_3__S138_comb","DSG3_pos",-0.0388400731764614,0.0285843749453222,0.0527862543704538,0.192183797856818,0.0753407383662948,0.220276791758864,0.183906358543049
"CY75_1_CD45_CD8_3__S128_comb","DSG3_pos",0.000595280534923387,0.067675589788599,0.0392459842179104,0.25888664500658,0.0751969702909236,0.115415213371806,0.057668689211882
"CY75_1_CD45_CD8_1__S72_comb","DSG3_pos",-0.0306957186704554,0.0199098986740346,0.0584797221716386,0.190663884516476,0.0659305470785112,0.17470890551181,-0.0152399183573081
"CY75_1_CD45_CD8_1__S42_comb","DSG3_pos",-0.038305900254893,0.0164204877927278,0.0991770914774936,0.224908061639012,-0.0205066767030281,0.171267841674279,-0.0343858248030989
"CY75_1_CD45_CD8_7__S220_comb","DSG3_pos",-0.00493764108448103,0.0220141069440019,0.0759545848034396,0.208442356027062,0.0409307135552239,0.144058453652758,-0.0533534453391055
"CY75_1_CD45_CD8_8__S299_comb","DSG3_pos",-0.0260167177106492,0.05434388835707,0.170520149473491,0.219949639360028,0.076757594001891,0.13483224683191,-0.0340505310864305
"CY75_1_CD45_CD8_3__S97_comb","DSG3_pos",0.0656903925530813,0.101282206458859,0.222301366002393,0.133395681848468,0.0783858073320765,0.157156520861813,-0.0430414736402689
"CY75_1_CD45_CD8_1__S62_comb","DSG3_pos",-0.0125790241578421,0.0663370431015229,0.114753999398983,0.238496177072965,0.108062580168552,0.158729963627627,0.109731560041898
"CY75_1_CD45_CD8_7__S236_comb","DSG3_pos",-0.0652753315169417,0.100229499043544,0.135147217163048,0.225814210883062,0.125075284296772,0.184215704598377,-0.0369132511921825
"CY75_1_CD45_CD8_1__S53_comb","DSG3_pos",-0.0733885172701973,0.0800245990337031,0.0285016367911188,0.229880152859472,0.0751159425201273,0.110715253010542,-0.0684172467089304
"CY75_1_CD45_CD8_1__S77_comb","DSG3_pos",-0.0350546575917994,0.0446858341411617,0.128887608730271,0.189075722744576,0.0179626430996088,0.286507343871276,0.0113027602461276
"CY75_1_CD45_CD8_1__S87_comb","DSG3_pos",-0.0521895701415976,0.0628470872842529,0.0378130908371779,0.279058967123444,0.0843894378145872,0.169273220484,-0.0145540318408786
"CY75_1_CD45_CD8_3__S147_comb","DSG3_pos",-0.0293804466483613,-0.00654953774906236,0.047281156730665,0.203497557531396,0.0424600242277167,0.103230611861523,0.0307948707029733
"CY75_1_CD45_CD8_8__S302_comb","DSG3_pos",-0.0304476905644017,0.0733692231210988,0.0705278067607432,0.127972292623714,0.0614178572230187,0.249569322350523,0.0897993064894037
"CY75_1_CD45_CD8_7__S263_comb","DSG3_pos",-0.0793253219422651,0.0123601882544154,-0.0264681536216751,0.264853584537192,0.0737610256742474,0.288905092328539,0.15995561906553
"CY75_1_CD45_CD8_1__S67_comb","DSG3_pos",-0.0734405456348464,0.0288855618863142,0.0781337207964105,0.142920218347,0.0120453821031005,0.042322940887938,-0.0715984337293838
"CY75_1_CD45_CD8_8__S327_comb","DSG3_pos",-0.0150591656217508,0.0920514311543808,0.0847642017783644,0.253252831301516,0.0796199201725013,0.0780251630814812,-0.0305433511266912
"CY75_1_CD45_CD8_8__S367_comb","DSG3_pos",0.0131392526630006,0.0207900444347118,0.0600926962357045,0.235127201920417,0.154309251051368,0.159819733364584,0.0513831801015738
"CY75_1_CD45_CD8_8__S326_comb","DSG3_pos",-0.040265549742234,0.0447775779191043,0.132820705324169,0.172459475351183,0.0199011790330649,0.16453288281994,-0.0851241574734587
"CY75_1_CD45_CD8_3__S170_comb","DSG3_pos",-0.0677344179842911,0.0600374530471887,0.0795493508681012,0.162642787240654,0.0615252525698167,0.215278044155326,0.033516616791351
"CY75_1_CD45_CD8_3__S124_comb","DSG3_pos",-0.037250007243984,0.0581849588532999,0.0870864606107535,0.353771967874749,0.113901179170226,-0.00544737582110599,0.0342799857778624
"CY75_1_CD45_CD8_7__S262_comb","DSG3_pos",-0.0317972017248596,0.0719103316364708,0.109250432664952,0.253975750832019,0.01152194488392,0.104049477350158,0.0170701307607616
"CY75_1_CD45_CD8_8__S312_comb","DSG3_pos",-0.048986344195955,0.0349029696767421,0.0379755717567457,0.0645971972278624,0.0232275910535242,0.0460521502313401,-0.0611079382414402
"CY75_1_CD45_CD8_8__S328_comb","DSG3_pos",-0.0432721396911557,0.0395453814304313,0.0433399697969118,0.0988520363263204,0.0362264864787967,0.171956279315647,0.140649480154067
"CY75_1_CD45_CD8_8__S291_comb","DSG3_pos",-0.0565610168274198,0.0765029823310406,0.124794227177611,0.273591841177942,0.0669425250574294,0.0848099074648657,-0.0209752698895001
"CY75_1_CD45_CD8_8__S320_comb","DSG3_pos",-0.0391615595002705,0.0624619510519345,-0.00628559395561906,0.0678357901762599,-0.0230699259608657,-0.0382731290467739,-0.121937969490334
"CY75_1_CD45_CD8_3__S116_comb","DSG3_pos",-0.0194432522758819,0.104192441143938,0.045948178410968,0.253109294739605,0.0659587658729041,0.0686161589429552,0.0367676865648986
"CY75_1_CD45_CD8_3__S137_comb","DSG3_pos",-0.0329896199891597,0.00853371835423133,-0.021842340649065,0.0352668748077657,-0.00943688307063373,0.0941065869262663,-0.0069834833574054
"CY75_1_CD45_CD8_7__S202_comb","DSG3_pos",-0.0424273488394697,0.0796452771187461,0.111559234715676,0.314717172913121,0.0645906138425869,0.145635658952369,0.0305195237700296
"CY75_1_CD45_CD8_7__S209_comb","DSG3_pos",-0.00211285824593063,0.0356899939318953,0.106349671638503,0.288550339730347,0.122750332759555,0.276529460786166,0.00668291161482715
"CY75_1_CD45_CD8_3__S99_comb","DSG3_pos",-0.00200407826432217,0.0153402916206967,0.012474092591859,0.119137554657965,0.00627289248551272,0.0595122448339502,-0.0464330831425734
"CY75_1_CD45_CD8_3__S133_comb","DSG3_pos",-0.0343853661204454,0.045043714835486,0.153881009897121,0.313267115266744,0.0320119429246873,0.171634201381663,0.16677005689412
"CY75_1_CD45_CD8_1__S43_comb","DSG3_pos",-0.0639062636737218,0.0765463141874152,0.0642299720702507,0.210288875356713,0.00161641006237961,-0.0704379991405916,-0.0715114470238344
"CY75_1_CD45_CD8_7__S269_comb","DSG3_pos",-0.0296088250559574,0.00891588294488743,0.0513191343333703,0.208590488598311,0.050701237307342,0.22758934240823,-0.0959514797649651
"CY75_1_CD45_CD8_3__S164_comb","DSG3_pos",0.0101329616997987,0.0170886138920333,0.0181311998793467,0.301351951761173,0.150208150434484,0.494502940014461,0.279796043029089
"CY75_1_CD45_CD8_7__S217_comb","DSG3_pos",-0.0250079269923183,0.0218525482081727,0.0736729705696721,0.302720604538048,0.165815781276541,0.273760421108884,0.133212535662764
"CY75_1_CD45_CD8_7__S231_comb","DSG3_pos",-0.0296347782118577,0.0566107025024787,0.118507718136069,0.189523796444432,0.061095742228743,0.274886397078271,0.136101720108016
"CY75_1_CD45_CD8_7__S230_comb","DSG3_pos",-0.0126674603367706,0.1503956142652,0.0851500910437374,0.410936076309618,0.184260324731937,0.210530200131042,0.165046450837988
"CY75_1_CD45_CD8_1__S4_comb","DSG3_neg",-0.0317937320540798,0.0658986243304236,0.0958474711340777,0.269182074571845,0.107143236391982,0.174933991181334,-0.0399821988234799
"CY75_1_CD45_CD8_1__S17_comb","DSG3_pos",-0.0198114092405152,0.03198685280255,0.0509453410090503,0.174200289148602,0.089778607691541,0.144936055122877,-0.0464195802883513
"CY75_1_CD45_CD8_7__S214_comb","DSG3_pos",-0.021231966972443,-0.0139020038644713,-0.0345560150028633,0.195872839272535,0.00157751174817294,0.251682381099358,0.0428032152556176
"CY75_1_CD45_CD8_3__S172_comb","DSG3_pos",-0.0451845559537579,0.00310437165349708,0.0289521114861517,0.167745694802856,0.0231103748594078,0.319056117477875,0.104789119922477
"CY75_1_CD45_CD8_8__S375_comb","DSG3_neg",-0.0323208034498525,0.0569690012722026,0.117236025383271,0.260187759336236,0.0670740231974817,0.100294773988477,-0.0493661385318935
"CY75_1_CD45_CD8_7__S238_comb","DSG3_pos",-0.00877978415581576,0.081157035221745,0.206065120656046,0.191168055725114,0.0980000419573146,0.159540635711815,-0.0625623032563302
"CY75_1_CD45_CD8_8__S321_comb","DSG3_pos",-0.0407397814230536,0.034211798108474,0.0404252542078186,0.14344802146429,-0.0366569755633616,0.148797198609963,0.0723397496577342
"CY75_1_CD45_CD8_7__S247_comb","DSG3_pos",-0.0397016591881969,0.0513181083048525,-0.033848056336591,0.128590405671795,0.00251649391143144,0.0912004362192419,0.0352186788466119
"CY75_1_CD45_CD8_7__S194_comb","DSG3_pos",0.00262029164272881,-0.00843284323272797,0.0288037849116307,0.263146653895003,0.0852117024816646,0.185629575937581,0.0349787215356229
"CY75_1_CD45_CD8_7__S256_comb","DSG3_pos",-0.0428486824726305,0.00246807024884005,-0.0239736746446444,0.0380760584649238,-0.0102168810189956,0.0655751958039362,-0.0772759522353776
"CY75_1_CD45_CD8_1__S14_comb","DSG3_pos",-0.0264690853424595,0.0728239484293826,0.0826242699230872,0.174210422119639,0.0752934998704496,0.162825821645457,0.10705996061773
"CY75_1_CD45_CD8_1__S73_comb","DSG3_neg",-0.0287391740932909,0.0832913369395366,0.0958576704242137,0.376286626309731,0.188764087304779,0.23739906151119,0.032165439825856
"CY75_1_CD45_CD8_3__S104_comb","DSG3_pos",-0.035756910873886,0.0473356809054997,0.056403324737216,0.178545701807286,0.0602899034834827,0.164297714800857,0.0152802810605346
"CY75_1_CD45_CD8_7__S240_comb","DSG3_pos",-0.0268943334215891,0.0557698064157902,-0.00430584719278249,0.157163419132751,0.0631839610194934,0.132614329550133,0.0164951343370118
"CY75_1_CD45_CD8_1__S21_comb","DSG3_neg",-0.0355422075910616,0.0788279180879243,0.0840034343009114,0.169172502531989,0.087217037879335,0.169259483851333,-0.0396339171090905
"CY75_1_CD45_CD8_7__S252_comb","DSG3_pos",-0.0520964650220357,0.0193001135978668,0.0038656945861148,0.263331952923382,0.0910227408378373,0.32120020495685,0.150112485327616
"CY75_1_CD45_CD8_8__S368_comb","DSG3_pos",-0.0612077642786735,0.0739513487056606,0.074287159351344,0.279400608885418,0.0869384703702357,0.160120392038404,0.123118647413942
"CY75_1_CD45_CD8_3__S120_comb","DSG3_pos",-0.0535989649925953,0.043155950789164,0.0164719299455788,0.319900949436073,0.0993080544297526,0.153792965040894,0.0834516895100971
"CY75_1_CD45_CD8_8__S355_comb","DSG3_pos",-0.00251000776460239,0.0387305861896784,0.0844755408234872,0.198382500705304,0.0328550290063597,0.13038535479856,0.0532805065988258
"CY75_1_CD45_CD8_7__S205_comb","DSG3_pos",0.0498421946953816,0.102267080848228,0.104120082984913,0.303427981528209,0.178929079027052,0.314588977342489,0.138119043827938
"CY75_1_CD45_CD8_1__S2_comb","DSG3_pos",-0.0161889900771924,0.107286886652206,0.156992965843025,0.250181428060762,0.0523876371565868,0.416271889538399,-0.022608795609695
"CY75_1_CD45_CD8_3__S149_comb","DSG3_pos",-0.0149024874953278,0.0776014687885182,0.158528486853475,0.179251351160893,0.0827148571521695,0.326358935242356,0.0383328858713342
"CY75_1_CD45_CD8_1__S69_comb","DSG3_pos",-0.0239949246505568,0.0203067045969511,-0.044877172273077,0.0723089005810037,0.00884860086207717,0.0370695155914333,-0.0691993893422129
"CY75_1_CD45_CD8_1__S6_comb","DSG3_pos",0.00470019142250241,-0.00174463083126125,0.0499062803603904,0.129670489283985,0.0839002943721056,0.161449075052936,-0.00443988019281494
"CY75_1_CD45_CD8_3__S112_comb","DSG3_pos",-0.0472391846401066,0.102169626429218,0.0700244434093173,0.31666979806995,0.0516481547872412,0.180702641720584,-0.0478169040781177
"CY75_1_CD45_CD8_7__S203_comb","DSG3_pos",-0.035166669654884,0.105888689179054,0.0279779689350946,0.304002527078373,0.103728199780704,0.153288460628955,0.0230436448075116
"CY75_1_CD45_CD8_3__S155_comb","DSG3_pos",-0.0349815281623022,0.0551134000947352,0.0859243534810786,0.320951248604712,0.147338368034276,0.2499388439483,0.0830807617083161
"CY75_1_CD45_CD8_1__S63_comb","DSG3_pos",-0.00292555731841912,0.0233374780553134,0.0683909404713084,0.252362566829427,0.0395783611200211,0.367352799844053,0.0965995509647923
"CY75_1_CD45_CD8_8__S337_comb","DSG3_pos",-0.0349966717030211,0.0232349688251268,0.0361844983136339,0.287220413446525,0.118378110734545,0.254065308345215,0.151765709878008
"CY75_1_CD45_CD8_8__S344_comb","DSG3_pos",-0.0300043153605733,0.0113705430487815,0.161413173493739,0.0921211328183235,0.0590951456407814,0.180747418206711,-0.0444365793836615
"CY75_1_CD45_CD8_8__S354_comb","DSG3_pos",-0.00634527780300073,0.0826995760960988,0.130566502631259,0.308355898838383,0.187553539002284,0.320673135517259,0.284326789017671
"CY75_1_CD45_CD8_3__S111_comb","DSG3_pos",-0.0505324608533114,0.0191954511701731,0.0750063113215636,0.148879694549091,0.113451378523899,0.193386886129272,-0.00890378773317746
"CY75_1_CD45_CD8_1__S23_comb","DSG3_neg",0.0180563689130445,0.0865132011653435,0.0327413846588965,0.294836132750181,0.0603108885099523,0.191017958941775,0.23640468083771
"CY75_1_CD45_CD8_7__S288_comb","DSG3_pos",-0.0244182454021239,0.0134451029645824,0.0200179810227654,0.196934109650658,-0.0124972212377017,0.154855918925323,-0.0612108301306398
"CY75_1_CD45_CD8_7__S235_comb","DSG3_pos",0.00159300291419354,0.0529626283280061,0.163987187288544,0.348939928448024,0.167391285016183,0.219725473116819,0.00870818350525265
"CY75_1_CD45_CD8_3__S169_comb","DSG3_pos",-0.0345770318214756,0.0680626119821122,0.0770735842986868,0.157697506772196,-0.0318112659346311,0.0980334957678349,-0.143369032048325
"CY75_1_CD45_CD8_7__S287_comb","DSG3_pos",-0.0549562903754738,0.0237156642283221,0.0108277639247418,0.162099870898738,0.023479770105756,0.0623726244578584,-0.0970377623146466
"CY75_1_CD45_CD8_8__S341_comb","DSG3_pos",0.00298994416973083,0.0562242839818297,0.0247425296687132,0.187184690431103,0.0285826875560016,0.0540496652947446,-0.0590540652391218
"CY75_1_CD45_CD8_3__S113_comb","DSG3_pos",-0.0291398179688235,0.0667575000938395,0.0674676766365723,0.176512890116777,0.0387104138345418,0.0412584399337636,-0.0480735828800014
"CY75_1_CD45_CD8_3__S129_comb","DSG3_pos",-0.0447976916969757,0.0526071572378872,0.0668204468226312,0.153088509322378,0.0394263648549781,0.279807626470222,-0.120047181728782
"CY75_1_CD45_CD8_8__S360_comb","DSG3_pos",-0.0332775566768742,0.0598625450199205,0.119048217155638,0.202476128997511,0.125690062684607,0.213702861804224,0.17025000871323
"CY75_1_CD45_CD8_1__S58_comb","DSG3_pos",-0.0339490185656172,0.0625295173440239,0.0751414977408484,0.169904061999806,0.0495813757925095,0.116408317664443,-0.0162605084939654
"CY75_1_CD45_CD8_1__S7_comb","DSG3_pos",-0.0218055760510094,0.092705817805712,0.116674451409452,0.209229251348624,0.168783922940087,0.184820909996713,0.0369534212912696
"CY75_1_CD45_CD8_3__S117_comb","DSG3_pos",-0.0120204708300398,-0.00454226295247775,0.010532472495243,0.165982010633395,0.150111213135962,0.419896433415482,0.321450900572734
"CY75_1_CD45_CD8_3__S134_comb","DSG3_pos",-0.0464013324510634,0.0288241244629877,0.0506147116976334,0.151677864666305,0.0215506429461125,0.0969989022963793,0.00439181413277151
"CY75_1_CD45_CD8_1__S95_comb","DSG3_pos",-0.000405297218368739,0.0526992092316663,0.121798979973654,0.328436415109613,0.174259888531295,0.104338470553649,0.0639606766987421
"CY75_1_CD45_CD8_7__S258_comb","DSG3_pos",0.00330943885110965,0.0186423013666314,0.123876004073873,0.19616983202601,0.0474961298673169,0.189962099291806,0.0439426413087446
"CY75_1_CD45_CD8_8__S348_comb","DSG3_pos",-0.0230765915516668,0.000390833211920377,0.00460617892455056,0.128125777662414,0.0742621288069018,0.211604479823822,0.129601169938732
"CY75_1_CD45_CD8_3__S132_comb","DSG3_pos",-0.0172864006357276,0.0893181406354705,0.0660359685723415,0.225910300277657,0.0824736283840922,0.19873168560983,0.0209931303081016
"CY75_1_CD45_CD8_3__S139_comb","DSG3_pos",-0.0679628942156282,0.0237049654520853,0.0549221955381289,0.186071349372817,0.0494863148207879,0.201426167766575,0.0608035966573521
"CY75_1_CD45_CD8_7__S242_comb","DSG3_pos",-0.0372673325033026,0.026522332753487,0.0224536683541238,0.139309169035731,0.0597420924839691,0.208276825571353,0.131451537410161
"CY75_1_CD45_CD8_8__S334_comb","DSG3_pos",-0.0425982160037238,0.102722841419841,0.10618249259373,0.185562716398959,0.0881695545789902,0.119710509193607,0.0893759830344677
"CY75_1_CD45_CD8_8__S384_comb","DSG3_pos",-0.00962960923073616,0.0632562797043041,0.0906935551003503,0.133846409783734,0.0879799045448154,-0.0105997392058039,-0.0111549710418536
"CY75_1_CD45_CD8_1__S61_comb","DSG3_pos",-0.0241028064086821,0.0262763445555872,0.0576019681443535,0.261458361467915,0.0451342920818681,0.209459133236273,0.106281467034208
"CY75_1_CD45_CD8_1__S12_comb","DSG3_pos",-0.0541559873667072,0.0471240056650527,0.0654240341779097,0.21311488648621,0.0407060582045065,0.430265189852049,0.0250943643482719
"CY75_1_CD45_CD8_1__S25_comb","DSG3_pos",-0.0358359905369795,0.0585571913974373,0.144971929658098,0.285077469135032,0.0880099005701849,0.429400412560119,0.11179861768989
"CY75_1_CD45_CD8_7__S223_comb","DSG3_pos",-0.0329513762120341,0.0543705472119774,0.0743619751514289,0.224229387750089,0.0181880890016285,0.10055318978297,-0.00601824954056335
"CY75_1_CD45_CD8_1__S65_comb","DSG3_pos",-0.018676357163142,0.099410237216908,0.118529792361509,0.309558516468567,0.0889366524971078,0.174289859905958,0.0447496890939038
"CY75_1_CD45_CD8_1__S93_comb","DSG3_pos",-0.0114900514820428,0.0491859585239731,0.163923805004538,0.203938745633165,0.111867071932751,0.11770990844921,-0.0831058058226627
"CY75_1_CD45_CD8_7__S274_comb","DSG3_pos",-0.00840877548354738,0.0482643778108338,0.0733255186424396,0.271948605838469,0.0581394364576011,0.210069150390819,0.105692539747227
