"ID","Description","setSize","enrichmentScore","NES","pvalue","p.adjust","qvalue","rank","leading_edge","core_enrichment","log2err"
"GO:0034242","negative regulation of syncytium formation by plasma membrane fusion",45,-0.710443957123097,-2.89313268544827,1e-10,5.57857142857143e-08,5.57857142857143e-08,2503,"tags=91%, list=25%, signal=69%","CFLAR/RPL4/RPL18/RPL13A/RPL13/RPL15/RPLP2/RPL10/RPL7A/RPL7/RPLP1/RPL18A/RPL6/RPL9/RPL19/RPL11/RPL29/RPL27A/RPL32/RPL23A/RPL41/RPL36/RPL35/RPL31/RPL14/RPL30/UBA52/RPL17/RPL36A/RPL37/RPL34/RPL39/RPL10A/RPL12/RPL27/RPL24/RPL37A/RPL38/RPL35A/RPL23/RPL28",NA
"GO:1901740","negative regulation of myoblast fusion",45,-0.710443957123097,-2.89313268544827,1e-10,5.57857142857143e-08,5.57857142857143e-08,2503,"tags=91%, list=25%, signal=69%","CFLAR/RPL4/RPL18/RPL13A/RPL13/RPL15/RPLP2/RPL10/RPL7A/RPL7/RPLP1/RPL18A/RPL6/RPL9/RPL19/RPL11/RPL29/RPL27A/RPL32/RPL23A/RPL41/RPL36/RPL35/RPL31/RPL14/RPL30/UBA52/RPL17/RPL36A/RPL37/RPL34/RPL39/RPL10A/RPL12/RPL27/RPL24/RPL37A/RPL38/RPL35A/RPL23/RPL28",NA
"GO:0042773","ATP synthesis coupled electron transport",67,-0.613206334849205,-2.74779747531548,1e-10,5.57857142857143e-08,5.57857142857143e-08,2771,"tags=72%, list=28%, signal=52%","NDUFC1/UQCRFS1/NDUFB3/NDUFS6/UQCRQ/SDHB/SDHAF2/NDUFB10/CHCHD2/NDUFA11/PARK7/NDUFA5/NDUFB8/NDUFC2/NDUFA8/COX7C/COX6C/NDUFB5/UQCRH/COX6B1/NDUFA2/COX7A2/COX8A/NDUFA6/COX4I1/NDUFS7/NDUFA12/CYC1/NDUFB7/NDUFV2/NDUFS4/UQCRB/NDUFAB1/NDUFA3/COX5A/COX7B/COX7A2L/NDUFB2/UQCR10/NDUFA1/UQCR11/ISCU/COX6A1/NDUFB4/NDUFS8/NDUFB1/NDUFB6/NDUFB9",NA
"GO:0042775","mitochondrial ATP synthesis coupled electron transport",67,-0.613206334849205,-2.74779747531548,1e-10,5.57857142857143e-08,5.57857142857143e-08,2771,"tags=72%, list=28%, signal=52%","NDUFC1/UQCRFS1/NDUFB3/NDUFS6/UQCRQ/SDHB/SDHAF2/NDUFB10/CHCHD2/NDUFA11/PARK7/NDUFA5/NDUFB8/NDUFC2/NDUFA8/COX7C/COX6C/NDUFB5/UQCRH/COX6B1/NDUFA2/COX7A2/COX8A/NDUFA6/COX4I1/NDUFS7/NDUFA12/CYC1/NDUFB7/NDUFV2/NDUFS4/UQCRB/NDUFAB1/NDUFA3/COX5A/COX7B/COX7A2L/NDUFB2/UQCR10/NDUFA1/UQCR11/ISCU/COX6A1/NDUFB4/NDUFS8/NDUFB1/NDUFB6/NDUFB9",NA
"GO:0019646","aerobic electron transport chain",64,-0.607726332735708,-2.68716183692328,1.28335878919434e-10,6.26439508975486e-08,6.26439508975486e-08,1963,"tags=58%, list=20%, signal=47%","PARK7/NDUFA5/NDUFB8/NDUFC2/NDUFA8/COX7C/COX6C/NDUFB5/UQCRH/COX6B1/NDUFA2/COX7A2/COX8A/NDUFA6/COX4I1/NDUFS7/CYC1/NDUFB7/NDUFV2/NDUFS4/UQCRB/NDUFAB1/NDUFA3/COX5A/COX7B/COX7A2L/NDUFB2/UQCR10/NDUFA1/UQCR11/ISCU/COX6A1/NDUFB4/NDUFS8/NDUFB1/NDUFB6/NDUFB9",0.826657301178302
"GO:0022900","electron transport chain",86,-0.566568865239223,-2.67299003325295,1e-10,5.57857142857143e-08,5.57857142857143e-08,1963,"tags=52%, list=20%, signal=42%","PARK7/NDUFA5/NDUFB8/NDUFC2/NDUFA8/COX7C/COX6C/NDUFA13/NDUFB5/UQCRH/COX6B1/NDUFA2/PLEC/COX7A2/COX8A/NDUFA6/COX4I1/NDUFS7/ETFA/NDUFA12/CYC1/NDUFB7/NDUFV2/NDUFS4/UQCRB/NDUFAB1/NDUFA3/C2orf69/COX5A/POR/COX7B/COX7A2L/NDUFB2/ENOX2/UQCR10/NDUFA1/UQCR11/ISCU/COX6A1/NDUFB4/NDUFS8/HIGD2A/NDUFB1/NDUFB6/NDUFB9",NA
"GO:0022904","respiratory electron transport chain",80,-0.587511636248893,-2.66217945222546,1e-10,5.57857142857143e-08,5.57857142857143e-08,2305,"tags=59%, list=23%, signal=46%","SDHAF2/NDUFB10/CHCHD2/NDUFA11/PARK7/NDUFA5/NDUFB8/NDUFC2/NDUFA8/COX7C/COX6C/NDUFA13/NDUFB5/UQCRH/COX6B1/NDUFA2/PLEC/COX7A2/COX8A/NDUFA6/COX4I1/NDUFS7/ETFA/NDUFA12/CYC1/NDUFB7/NDUFV2/NDUFS4/UQCRB/NDUFAB1/NDUFA3/C2orf69/COX5A/COX7B/COX7A2L/NDUFB2/UQCR10/NDUFA1/UQCR11/ISCU/COX6A1/NDUFB4/NDUFS8/HIGD2A/NDUFB1/NDUFB6/NDUFB9",NA
"GO:0002181","cytoplasmic translation",177,-0.491726711304662,-2.65317899705348,1e-10,5.57857142857143e-08,5.57857142857143e-08,2452,"tags=58%, list=24%, signal=44%","NPM1/RPL4/RPL18/RPS3A/GAPDH/CUL2/RPL13A/RPL13/RPS3/RBM4/RPL15/RPLP2/RPL10/EEF2/RPL7A/RPL7/RPLP1/RPL18A/RPS4X/RPL6/RPL9/MTOR/RPL19/RPS9/RPL11/RPS18/EIF3G/EEF1D/RPS27/RPL29/RPS14/EIF3A/RPS6/RPL27A/RPL32/RPL23A/GTPBP1/RPL41/RPL36/RPL35/RPL31/RPL14/RPS19/RPL30/RPS10/RPSA/RPS13/DRG2/RPS27A/UBA52/RPL17/RPL36AL/EIF3J/RPL36A/FMR1/FAU/RPS8/RPS15A/RPL37/RPL34/RPS12/RPS24/RPS15/RPS25/RPS7/RPL39/RPS29/RPS11/RPL10A/RPS16/EIF3E/RPL12/RPS23/RPS28/UNK/RPS21/MIF4GD/RPL27/ZC3H15/RPL24/RPL37A/RPL26/TRIP4/RPS20/RPL38/RPS5/YTHDF2/DDRGK1/RPL35A/RPL23/RPS17/EIF2AK2/UFSP2/RPL28/SYNCRIP/DHX36/SAYSD1/PELO/RPL22L1/RPS26/DHX29/PARP16",NA
"GO:0006120","mitochondrial electron transport, NADH to ubiquinone",37,-0.652307893945942,-2.64780275164327,7.64756172040034e-08,2.71488441074212e-05,2.71488441074212e-05,2117,"tags=62%, list=21%, signal=49%","NDUFA11/PARK7/NDUFA5/NDUFB8/NDUFC2/NDUFA8/NDUFB5/NDUFA2/NDUFA6/NDUFS7/NDUFB7/NDUFV2/NDUFS4/NDUFAB1/NDUFA3/NDUFB2/NDUFA1/ISCU/NDUFB4/NDUFS8/NDUFB1/NDUFB6/NDUFB9",0.704975715167238
"GO:0048525","negative regulation of viral process",55,-0.57992225759293,-2.59996259681769,1.61147579244346e-08,6.29281296949173e-06,6.29281296949173e-06,2242,"tags=60%, list=22%, signal=47%","IFITM2/FAM111A/BST2/APOBEC3D/OAS1/PPIA/APOBEC3H/CCL5/SP100/RNASEL/IL32/APOBEC3F/LARP7/ZC3HAV1/N4BP1/ISG20/TRIM11/TRIM27/SRPK1/ZFP36/APOBEC3G/APOBEC3C/PLSCR1/ISG15/IFIH1/OASL/EIF2AK2/OAS3/HEXIM1/IFIT1/MX1/RSAD2/VAPB",0.73376198835648
"GO:0042776","proton motive force-driven mitochondrial ATP synthesis",43,-0.595668544101901,-2.45365970008663,1.9362736751986e-07,6.30095725137545e-05,6.30095725137545e-05,2971,"tags=70%, list=30%, signal=49%","NDUFS3/SDHD/NDUFC1/NDUFB3/NDUFS6/SDHB/NDUFB10/NDUFA11/NDUFA5/NDUFB8/NDUFC2/NDUFA8/NDUFA13/NDUFB5/NDUFA2/NDUFA6/NDUFS7/NDUFA12/NDUFB7/NDUFV2/NDUFS4/NDUFAB1/NDUFA3/NDUFB2/NDUFA1/NDUFB4/NDUFS8/NDUFB1/NDUFB6/NDUFB9",0.690132458796796
"GO:0015986","proton motive force-driven ATP synthesis",44,-0.60030649608482,-2.44851502146265,5.37365872851648e-07,0.000149886695248978,0.000149886695248978,2388,"tags=59%, list=24%, signal=45%","SDHB/NDUFB10/NDUFA11/NDUFA5/NDUFB8/NDUFC2/NDUFA8/NDUFA13/NDUFB5/NDUFA2/NDUFA6/NDUFS7/NDUFA12/NDUFB7/ATP6V0C/NDUFV2/NDUFS4/NDUFAB1/NDUFA3/NDUFB2/NDUFA1/NDUFB4/NDUFS8/NDUFB1/NDUFB6/NDUFB9",0.659444398037935
"GO:0006119","oxidative phosphorylation",81,-0.518227159688441,-2.34273146977527,3.92455623603106e-09,1.70282134463348e-06,1.70282134463348e-06,2305,"tags=56%, list=23%, signal=43%","SDHAF2/NDUFB10/CHCHD2/NDUFA11/RHOA/PARK7/NDUFA5/NDUFB8/NDUFC2/NDUFA8/COX7C/COX6C/NDUFA13/NDUFB5/UQCRH/COX6B1/NDUFA2/COX7A2/COX8A/NDUFA6/COX4I1/NDUFS7/NDUFA12/CYC1/NDUFB7/NDUFV2/NDUFS4/UQCRB/NDUFAB1/NDUFA3/C2orf69/COX5A/COX7B/COX7A2L/NDUFB2/UQCR10/NDUFA1/UQCR11/ISCU/COX6A1/NDUFB4/NDUFS8/NDUFB1/NDUFB6/NDUFB9",0.761460801445585
"GO:0045071","negative regulation of viral genome replication",39,-0.601964669462827,-2.34023252471295,9.39230554188584e-07,0.000229230957131651,0.000229230957131651,2352,"tags=64%, list=23%, signal=49%","IFIT5/IFITM2/FAM111A/BST2/APOBEC3D/OAS1/APOBEC3H/CCL5/RNASEL/APOBEC3F/ZC3HAV1/N4BP1/ISG20/SRPK1/APOBEC3G/APOBEC3C/PLSCR1/ISG15/IFIH1/OASL/EIF2AK2/OAS3/IFIT1/MX1/RSAD2",0.659444398037935
"GO:0009201","ribonucleoside triphosphate biosynthetic process",68,-0.506755189385996,-2.33832560021127,3.42077815591049e-07,0.000102754913067927,0.000102754913067927,2117,"tags=47%, list=21%, signal=37%","NDUFA11/TMSB4X/CTPS1/SLC25A13/NDUFA5/NDUFB8/NDUFC2/IMPDH1/NDUFA8/NDUFA13/NDUFB5/NDUFA2/NDUFA6/NDUFS7/NDUFA12/NDUFB7/ATP6V0C/NDUFV2/NDUFS4/NDUFAB1/SPHK2/NDUFA3/NDUFB2/NDUFA1/PRKAG2/NDUFB4/NDUFS8/NDUFB1/NDUFB6/CAD/NUDT2/NDUFB9",0.674962860011025
"GO:0006754","ATP biosynthetic process",57,-0.532095416515878,-2.29153984254387,6.32476420719034e-07,0.000164654694860522,0.000164654694860522,2117,"tags=51%, list=21%, signal=40%","NDUFA11/TMSB4X/SLC25A13/NDUFA5/NDUFB8/NDUFC2/NDUFA8/NDUFA13/NDUFB5/NDUFA2/NDUFA6/NDUFS7/NDUFA12/NDUFB7/ATP6V0C/NDUFV2/NDUFS4/NDUFAB1/SPHK2/NDUFA3/NDUFB2/NDUFA1/PRKAG2/NDUFB4/NDUFS8/NDUFB1/NDUFB6/NUDT2/NDUFB9",0.659444398037935
"GO:0006123","mitochondrial electron transport, cytochrome c to oxygen",12,-0.783672854156427,-2.25407565628209,8.157468956038e-05,0.0106183054244428,0.0106183054244428,1806,"tags=83%, list=18%, signal=68%","COX7C/COX6C/COX6B1/COX7A2/COX8A/COX4I1/COX5A/COX7B/COX7A2L/COX6A1",0.538434096309916
"GO:1900151","regulation of nuclear-transcribed mRNA catabolic process, deadenylation-dependent decay",20,-0.651953648743109,-2.20004768342044,0.000168428759878313,0.0205535721039004,0.0205535721039004,1393,"tags=40%, list=14%, signal=35%","TNRC6B/AGO2/ZFP36/ZFP36L2/SYNCRIP/DHX36/TNRC6C/TOB1",0.518848077743792
"GO:0043330","response to exogenous dsRNA",13,-0.738505643495764,-2.19453095189674,0.000223156933292915,0.0248979378431095,0.0248979378431095,2086,"tags=62%, list=21%, signal=49%","OAS1/MUL1/RFTN1/PQBP1/IFIH1/IRF3/OAS3/IFIT1",0.518848077743792
"GO:0009145","purine nucleoside triphosphate biosynthetic process",64,-0.49595614292197,-2.19295157747782,1.92185847390994e-06,0.00041693651892324,0.00041693651892324,2117,"tags=47%, list=21%, signal=37%","NDUFA11/TMSB4X/SLC25A13/NDUFA5/NDUFB8/NDUFC2/IMPDH1/NDUFA8/NDUFA13/NDUFB5/NDUFA2/NDUFA6/NDUFS7/NDUFA12/NDUFB7/ATP6V0C/NDUFV2/NDUFS4/NDUFAB1/SPHK2/NDUFA3/NDUFB2/NDUFA1/PRKAG2/NDUFB4/NDUFS8/NDUFB1/NDUFB6/NUDT2/NDUFB9",0.627256739718528
"GO:0009206","purine ribonucleoside triphosphate biosynthetic process",64,-0.49595614292197,-2.19295157747782,1.92185847390994e-06,0.00041693651892324,0.00041693651892324,2117,"tags=47%, list=21%, signal=37%","NDUFA11/TMSB4X/SLC25A13/NDUFA5/NDUFB8/NDUFC2/IMPDH1/NDUFA8/NDUFA13/NDUFB5/NDUFA2/NDUFA6/NDUFS7/NDUFA12/NDUFB7/ATP6V0C/NDUFV2/NDUFS4/NDUFAB1/SPHK2/NDUFA3/NDUFB2/NDUFA1/PRKAG2/NDUFB4/NDUFS8/NDUFB1/NDUFB6/NUDT2/NDUFB9",0.627256739718528
"GO:1901739","regulation of myoblast fusion",52,-0.505990416398401,-2.16461940374199,6.79592698452919e-06,0.00132690474372932,0.00132690474372932,2503,"tags=81%, list=25%, signal=61%","CFLAR/RPL4/RPL18/CD53/RPL13A/RPL13/RPL15/RPLP2/RPL10/RPL7A/RPL7/RPLP1/RPL18A/RPL6/RPL9/RPL19/RPL11/RPL29/RPL27A/RPL32/RPL23A/RPL41/RPL36/RPL35/RPL31/RPL14/RPL30/UBA52/RPL17/RPL36A/RPL37/RPL34/RPL39/RPL10A/RPL12/RPL27/RPL24/RPL37A/RPL38/RPL35A/RPL23/RPL28",0.610526878385931
"GO:0007520","myoblast fusion",57,-0.502403212012551,-2.16366640571206,6.08551608945837e-06,0.00125073370154394,0.00125073370154394,2503,"tags=77%, list=25%, signal=58%","CFLAR/RPL4/RPL18/CD53/RPL13A/RPL13/RPL15/RPLP2/RPL10/RPL7A/RPL7/RPLP1/RPL18A/RPL6/RPL9/RPL19/RPL11/RPL29/RPL27A/RPL32/RPL23A/RPL41/RPL36/RPL35/RPL31/RPL14/RPL30/UBA52/RPL17/RPL36A/RPL37/RPL34/RPL39/RPL10A/RPL12/RPL27/RPL24/RPL37A/CD81/RPL38/RPL35A/RPL23/RPL28/ITGB1",0.610526878385931
"GO:0009142","nucleoside triphosphate biosynthetic process",72,-0.467066438290637,-2.13721015217231,1.19752461551831e-05,0.00203318853199957,0.00203318853199957,2117,"tags=46%, list=21%, signal=36%","NDUFA11/TMSB4X/CTPS1/SLC25A13/NDUFA5/NDUFB8/NDUFC2/IMPDH1/NDUFA8/NDUFA13/NDUFB5/NDUFA2/NDUFA6/NDUFS7/NDUFA12/NDUFB7/ATP6V0C/DTYMK/NDUFV2/NDUFS4/NDUFAB1/SPHK2/NDUFA3/NDUFB2/NDUFA1/PRKAG2/NDUFB4/NDUFS8/NDUFB1/NDUFB6/CAD/NUDT2/NDUFB9",0.593325476396405
"GO:0051881","regulation of mitochondrial membrane potential",30,-0.562103924353032,-2.11417917445835,0.000236213912098937,0.0256226479651764,0.0256226479651764,1963,"tags=53%, list=20%, signal=43%","PARK7/NDUFC2/MUL1/ARL6IP5/SOD1/BCL2L1/TSPO/SMAD3/PRDX3/BCL2/ADORA2A/CDKN2A/RNF122/BAX/IFI6/PMAIP1",0.518848077743792
"GO:0060142","regulation of syncytium formation by plasma membrane fusion",53,-0.467038105578214,-2.07512325100738,3.88187049615227e-05,0.00561433492128689,0.00561433492128689,2503,"tags=79%, list=25%, signal=60%","CFLAR/RPL4/RPL18/CD53/RPL13A/RPL13/RPL15/RPLP2/RPL10/RPL7A/RPL7/RPLP1/RPL18A/RPL6/RPL9/RPL19/RPL11/RPL29/RPL27A/RPL32/RPL23A/RPL41/RPL36/RPL35/RPL31/RPL14/RPL30/UBA52/RPL17/RPL36A/RPL37/RPL34/RPL39/RPL10A/RPL12/RPL27/RPL24/RPL37A/RPL38/RPL35A/RPL23/RPL28",0.557332238758646
"GO:0010499","proteasomal ubiquitin-independent protein catabolic process",19,-0.613661006439674,-2.0661713694822,0.00066597211072653,0.0530034022626013,0.0530034022626013,2590,"tags=47%, list=26%, signal=35%","PSMB2/PSMB4/PSME4/PSMA3/PSMB7/PSMA5/PSMB6/ENC1/MIDN",0.477270815362862
"GO:1900153","positive regulation of nuclear-transcribed mRNA catabolic process, deadenylation-dependent decay",12,-0.717548495658305,-2.06388238113244,0.00101755542642549,0.0709563203605633,0.0709563203605633,1393,"tags=58%, list=14%, signal=50%","TNRC6B/AGO2/ZFP36/ZFP36L2/DHX36/TNRC6C/TOB1",0.45505986738723
"GO:0070972","protein localization to endoplasmic reticulum",23,-0.581879349157321,-2.05703158963008,0.00123939204669034,0.0808253967123791,0.0808253967123791,2892,"tags=70%, list=29%, signal=50%","SEC16A/GBF1/YWHAE/MIA3/HSPA5/RER1/BTF3/NACA/INSIG2/BCAP31/PPP1R15A/GPAA1/KDELR2/INSIG1/DDRGK1/BCAP29",0.45505986738723
"GO:0071360","cellular response to exogenous dsRNA",10,-0.759866377761354,-2.05199227724578,0.00105532577511629,0.0722990728391073,0.0722990728391073,2086,"tags=70%, list=21%, signal=56%","OAS1/MUL1/PQBP1/IFIH1/IRF3/OAS3/IFIT1",0.45505986738723
"GO:0014812","muscle cell migration",28,-0.557309643800962,-2.04481171345828,0.000269000529510002,0.0283904612901772,0.0283904612901772,1258,"tags=39%, list=13%, signal=34%","AKIRIN1/SERPINE1/GSTP1/ITGB1BP1/AIF1/S100A11/TRIB1/DDIT3/NR4A3/ITGA2/ANXA1",0.49849310876659
"GO:0043331","response to dsRNA",16,-0.653116490649792,-2.01725297207987,0.000558371720284775,0.0474009036459141,0.0474009036459141,2086,"tags=56%, list=21%, signal=45%","OAS1/MUL1/RFTN1/PQBP1/IFIH1/IRF3/OAS3/IFIT1/PMAIP1",0.477270815362862
"GO:0150105","protein localization to cell-cell junction",16,0.782563294531378,2.01499302465368,6.81726975248495e-05,0.00917980633912198,0.00917980633912198,895,"tags=25%, list=9%, signal=23%","DSG3/DSG2/LSR/MPP7",0.538434096309916
"GO:0046390","ribose phosphate biosynthetic process",99,-0.403161037108983,-1.97291935359071,1.16240469551302e-05,0.00203318853199957,0.00203318853199957,2117,"tags=40%, list=21%, signal=32%","NDUFA11/TMSB4X/PRPS1/CTPS1/SLC25A13/NDUFA5/NDUFB8/NDUFC2/IMPDH1/NDUFA8/PRPSAP1/NDUFA13/NDUFB5/NDUFA2/HPRT1/NDUFA6/DCK/PRPS2/NDUFS7/NDUFA12/NDUFB7/ATP6V0C/NDUFV2/ADCY7/NDUFS4/NDUFAB1/SPHK2/NDUFA3/NDUFB2/NDUFA1/PRKAG2/NDUFB4/NDUFS8/GMPS/NDUFB1/AMPD2/NDUFB6/CAD/NUDT2/NDUFB9",0.593325476396405
"GO:0045672","positive regulation of osteoclast differentiation",11,-0.701002221590463,-1.9604134986161,0.00405136410611824,0.183843892246572,0.183843892246572,1093,"tags=45%, list=11%, signal=41%","CORO1C/IFNG/NEDD9/PPP3CA/CCR1",0.407017918923954
"GO:0009152","purine ribonucleotide biosynthetic process",85,-0.415326983434401,-1.95075283578081,1.84659808707785e-05,0.0028843862120156,0.0028843862120156,2117,"tags=40%, list=21%, signal=32%","NDUFA11/TMSB4X/SLC25A13/NDUFA5/NDUFB8/NDUFC2/IMPDH1/NDUFA8/NDUFA13/NDUFB5/NDUFA2/HPRT1/NDUFA6/NDUFS7/NDUFA12/NDUFB7/ATP6V0C/NDUFV2/ADCY7/NDUFS4/NDUFAB1/SPHK2/NDUFA3/NDUFB2/NDUFA1/PRKAG2/NDUFB4/NDUFS8/GMPS/NDUFB1/AMPD2/NDUFB6/NUDT2/NDUFB9",0.575610261071129
"GO:1901890","positive regulation of cell junction assembly",29,0.653984173549149,1.93577439823599,0.000501064866181148,0.0434812956097196,0.0434812956097196,421,"tags=14%, list=4%, signal=13%","DSG3/SLITRK4/CAV1/AGRN",0.477270815362862
"GO:0030199","collagen fibril organization",12,0.78606373649948,1.92635693459951,0.00095045328199086,0.0677582288785354,0.0677582288785354,883,"tags=58%, list=9%, signal=53%","PLOD1/AEBP1/RB1/ADAMTS2/PLOD3/TGFBR1/P4HA1",0.477270815362862
"GO:2000810","regulation of bicellular tight junction assembly",10,0.828577186697937,1.91549764833116,0.000205318689162918,0.0242960448842786,0.0242960448842786,1,"tags=10%, list=0%, signal=10%","DSG3",0.518848077743792
"GO:0014902","myotube differentiation",80,-0.422183327111087,-1.91303066894692,2.51452019747562e-05,0.0037766159119778,0.0037766159119778,2429,"tags=65%, list=24%, signal=50%","RPL4/RPL18/NOTCH1/CD53/RPL13A/RPL13/RPL15/RPLP2/RPL10/RPL7A/RPL7/RPLP1/RPL18A/RPL6/RPL9/RPL19/RPL11/RPL29/RPL27A/RPL32/RPL23A/RPL41/RPL36/RPL35/RPL31/RPL14/PLEC/RPL30/UBA52/NACA/RPL17/RPL36A/RPL37/RPL34/TMEM119/RPL39/RPL10A/RPL12/RPL27/RPL24/RPL37A/CD81/RPL38/RPL35A/RPL23/FBXO22/RPL28/RBM38/PPP3CB/ITGB1/PPP3CA/SIK1",0.575610261071129
"GO:0046688","response to copper ion",14,-0.64322501987094,-1.91101732186172,0.00210644380440438,0.126667834572498,0.126667834572498,1963,"tags=50%, list=20%, signal=40%","PARK7/SOD1/MT1F/MT1X/MT2A/MT1E/MAP1LC3A",0.431707695803346
"GO:0045590","negative regulation of regulatory T cell differentiation",18,-0.58545050311018,-1.90659914998641,0.00276673174200774,0.148001197980003,0.148001197980003,3401,"tags=72%, list=34%, signal=48%","PSMA4/PSMB10/PSMA2/PSMB9/PSMA7/PSMB2/PSMB4/CTLA4/PSMA3/LAG3/PSMA5/TNFSF4/PSMB8",0.431707695803346
"GO:0051149","positive regulation of muscle cell differentiation",18,0.71922376493435,1.90508860409815,0.000367610441635493,0.0350126530386975,0.0350126530386975,832,"tags=39%, list=8%, signal=36%","MYOG/MAPK14/CTH/ENG/CAMK1/LMOD3/PIEZO1",0.49849310876659
"GO:0009260","ribonucleotide biosynthetic process",94,-0.398639768766254,-1.88874217979445,1.45619653524399e-05,0.00236935311255324,0.00236935311255324,2117,"tags=39%, list=21%, signal=31%","NDUFA11/TMSB4X/CTPS1/SLC25A13/NDUFA5/NDUFB8/NDUFC2/IMPDH1/NDUFA8/NDUFA13/NDUFB5/NDUFA2/HPRT1/NDUFA6/DCK/NDUFS7/NDUFA12/NDUFB7/ATP6V0C/NDUFV2/ADCY7/NDUFS4/NDUFAB1/SPHK2/NDUFA3/NDUFB2/NDUFA1/PRKAG2/NDUFB4/NDUFS8/GMPS/NDUFB1/AMPD2/NDUFB6/CAD/NUDT2/NDUFB9",0.593325476396405
"GO:0071280","cellular response to copper ion",10,-0.692340164775954,-1.86964012742976,0.00678349649215502,0.202210334365384,0.202210334365384,1470,"tags=50%, list=15%, signal=43%","MT1F/MT1X/MT2A/MT1E/MAP1LC3A",0.407017918923954
"GO:0043029","T cell homeostasis",31,-0.494461932730907,-1.85506028945885,0.00405883893469906,0.183843892246572,0.183843892246572,574,"tags=19%, list=6%, signal=18%","TSC22D3/NCKAP1L/PSMB8/LGALS9/ZC3H8/PMAIP1",0.407017918923954
"GO:0043248","proteasome assembly",11,-0.661640937497983,-1.85033625452023,0.0122893039838789,0.260813761179603,0.260813761179603,1556,"tags=64%, list=15%, signal=54%","ADRM1/PSMG3/OTUD6B/POMP/PSMD10/PSMG2/PSMD11",0.380730400722792
"GO:0090504","epiboly",19,-0.546825476620035,-1.84113888945108,0.00443787048512469,0.18590151986236,0.18590151986236,2017,"tags=53%, list=20%, signal=42%","RHOA/MTOR/CLASP1/RREB1/FLNA/CD44/ADAM17/CD151/PTEN/ITGB1",0.407017918923954
"GO:0044319","wound healing, spreading of cells",18,-0.562498042829867,-1.83185134290783,0.00545281545938924,0.191447450921865,0.191447450921865,2017,"tags=56%, list=20%, signal=44%","RHOA/MTOR/CLASP1/RREB1/FLNA/CD44/ADAM17/CD151/PTEN/ITGB1",0.407017918923954
"GO:0090505","epiboly involved in wound healing",18,-0.562498042829867,-1.83185134290783,0.00545281545938924,0.191447450921865,0.191447450921865,2017,"tags=56%, list=20%, signal=44%","RHOA/MTOR/CLASP1/RREB1/FLNA/CD44/ADAM17/CD151/PTEN/ITGB1",0.407017918923954
"GO:0042471","ear morphogenesis",13,0.743376661098371,1.82773049155295,0.00124187549366011,0.0808253967123791,0.0808253967123791,992,"tags=38%, list=10%, signal=35%","TFAP2A/CHD7/PDZD7/FGFR2/SLC44A4",0.45505986738723
"GO:0001953","negative regulation of cell-matrix adhesion",17,-0.575319562281819,-1.82540838815965,0.00822159774849189,0.215472075220542,0.215472075220542,1256,"tags=53%, list=13%, signal=46%","DUSP22/SERPINE1/ITGB1BP1/CORO1C/RASA1/CDKN2A/PTEN/CASK/MAP4K4",0.380730400722792
"GO:0042472","inner ear morphogenesis",12,0.744626976140157,1.82481047346776,0.00292589029630146,0.154400021716989,0.154400021716989,992,"tags=42%, list=10%, signal=38%","TFAP2A/CHD7/PDZD7/FGFR2/SLC44A4",0.431707695803346
"GO:2000401","regulation of lymphocyte migration",41,-0.449203647459065,-1.82135962550633,0.000954341251810357,0.0677582288785354,0.0677582288785354,1141,"tags=32%, list=11%, signal=28%","CCL4/AIF1/ADAM8/PYCARD/ADAM17/TNFRSF14/WNK1/CXCL13/GCSAML/NEDD9/KLRC4-KLRK1/LGALS9/CD200R1",0.477270815362862
"GO:0002763","positive regulation of myeloid leukocyte differentiation",26,-0.517893585553874,-1.81877384336624,0.00410562679200101,0.183843892246572,0.183843892246572,1093,"tags=27%, list=11%, signal=24%","CORO1C/IFNG/CASP8/NEDD9/TRIB1/PPP3CA/CCR1",0.407017918923954
"GO:0039529","RIG-I signaling pathway",17,-0.573002551222933,-1.81805683660528,0.00857332057153823,0.221249898136261,0.221249898136261,2035,"tags=53%, list=20%, signal=42%","SEC14L1/BIRC2/ANKRD17/DDX60/USP15/BIRC3/ZC3HAV1/OASL/OAS3",0.380730400722792
"GO:0019748","secondary metabolic process",23,0.664890628729078,1.81644584531871,0.00249046679402703,0.144033043758433,0.144033043758433,519,"tags=22%, list=5%, signal=21%","TYRP1/PMEL/CYP3A5/AKR7L/TYR",0.431707695803346
"GO:1905517","macrophage migration",19,-0.539282487437477,-1.81574195510823,0.00565946017892706,0.191447450921865,0.191447450921865,2240,"tags=53%, list=22%, signal=41%","CCL3/CSF1/CCL5/AKIRIN1/DDT/CORO1C/CD81/CKLF/LGALS3/CD200R1",0.407017918923954
"GO:0060021","roof of mouth development",11,0.775697569822546,1.8157258943396,0.00154377879080854,0.0972331641630215,0.0972331641630215,713,"tags=36%, list=7%, signal=34%","TFAP2A/CHD7/TGFBR1/BCOR",0.45505986738723
"GO:2000403","positive regulation of lymphocyte migration",25,-0.504345177474721,-1.80648202859476,0.00606922068523325,0.192685420941755,0.192685420941755,1141,"tags=40%, list=11%, signal=36%","CCL4/AIF1/ADAM8/PYCARD/ADAM17/TNFRSF14/WNK1/CXCL13/NEDD9/LGALS9",0.407017918923954
"GO:0050931","pigment cell differentiation",15,0.710156546648849,1.79146482828981,0.00266956413471012,0.144786777028375,0.144786777028375,90,"tags=13%, list=1%, signal=13%","TYRP1/MITF",0.431707695803346
"GO:0007043","cell-cell junction assembly",58,0.546510164510637,1.79104505352383,0.000657251254706252,0.0530034022626013,0.0530034022626013,1460,"tags=24%, list=15%, signal=21%","DSG3/RAB13/PKP2/CAV1/DSG2/ECT2/LSR/FLOT1/MPP7/CDHR3/POF1B/ABI2/CLDN18/APC",0.477270815362862
"GO:0070830","bicellular tight junction assembly",26,0.623436800702986,1.79009422177658,0.00239318492980464,0.141596775013441,0.141596775013441,1083,"tags=19%, list=11%, signal=17%","DSG3/RAB13/ECT2/MPP7/POF1B",0.431707695803346
"GO:0042953","lipoprotein transport",10,0.774311168378253,1.79004593164813,0.00190267974541897,0.117935942950176,0.117935942950176,102,"tags=20%, list=1%, signal=20%","APOE/TMEM97",0.45505986738723
"GO:0120192","tight junction assembly",31,0.608164827663778,1.78871219582528,0.00113304212959511,0.0762849916563607,0.0762849916563607,1460,"tags=26%, list=15%, signal=22%","DSG3/RAB13/ECT2/LSR/MPP7/POF1B/CLDN18/APC",0.45505986738723
"GO:1902229","regulation of intrinsic apoptotic signaling pathway in response to DNA damage",13,-0.6006533407941,-1.78489136723895,0.01034991063206,0.237684664776043,0.237684664776043,1344,"tags=46%, list=13%, signal=40%","TPT1/CD44/BCL2L1/RPL26/BCL2/TAF9B",0.380730400722792
"GO:0032370","positive regulation of lipid transport",29,0.601910738305847,1.78163852331851,0.00322870076489384,0.163741253076759,0.163741253076759,1084,"tags=28%, list=11%, signal=25%","MYB/APOE/CAV1/PRAP1/NMB/ACSL1/LDLRAP1/NR1H2",0.431707695803346
"GO:0120193","tight junction organization",35,0.588028153113053,1.78077907460424,0.0013874151902328,0.0888173166862146,0.0888173166862146,1460,"tags=26%, list=15%, signal=22%","DSG3/RAB13/ECT2/LSR/TGFBR1/MPP7/POF1B/CLDN18/APC",0.45505986738723
"GO:0036498","IRE1-mediated unfolded protein response",19,-0.528463761426013,-1.7793157495899,0.00715614641047005,0.205694542375673,0.205694542375673,1287,"tags=32%, list=13%, signal=28%","DNAJC10/ERN1/DDRGK1/BAX/PARP16/VAPB",0.407017918923954
"GO:0039535","regulation of RIG-I signaling pathway",14,-0.597657496175075,-1.77563650736136,0.00723537445114303,0.206234578333675,0.206234578333675,2035,"tags=57%, list=20%, signal=46%","SEC14L1/BIRC2/ANKRD17/DDX60/USP15/BIRC3/ZC3HAV1/OASL",0.407017918923954
"GO:0044790","suppression of viral release by host",13,-0.595114956398407,-1.76843359729921,0.0119545179565526,0.259346625668543,0.259346625668543,939,"tags=46%, list=9%, signal=42%","TRIM28/TRIM11/TRIM27/TRIM25/TRIM26/VAPB",0.380730400722792
"GO:0051291","protein heterooligomerization",16,-0.572522979691665,-1.76832724161962,0.00712408684211054,0.205694542375673,0.205694542375673,1528,"tags=38%, list=15%, signal=32%","RRM1/NUDT21/PKD2/FARSA/KRT10/CALHM1",0.407017918923954
"GO:0071359","cellular response to dsRNA",12,-0.614636473724598,-1.76787687047935,0.0135761523781568,0.273878172138927,0.273878172138927,2086,"tags=58%, list=21%, signal=46%","OAS1/MUL1/PQBP1/IFIH1/IRF3/OAS3/IFIT1",0.380730400722792
"GO:2000243","positive regulation of reproductive process",11,-0.631976751549466,-1.76737778624749,0.0231256898297796,0.335701275788713,0.335701275788713,1953,"tags=64%, list=19%, signal=51%","CIB1/YTHDC2/SIRT2/AGO2/SMURF2/PRDM14/CITED2",0.352487857583619
"GO:0017121","plasma membrane phospholipid scrambling",14,-0.591475894569953,-1.75727100947291,0.00818196038189247,0.215472075220542,0.215472075220542,817,"tags=36%, list=8%, signal=33%","PLSCR1/CLPTM1L/ATG9A/FASLG/PLSCR3",0.380730400722792
"GO:1901798","positive regulation of signal transduction by p53 class mediator",29,-0.471869262934214,-1.75651230552158,0.0055210974521033,0.191447450921865,0.191447450921865,1914,"tags=48%, list=19%, signal=39%","RPL11/EIF5A/ZNHIT1/RPL37/RPS15/RPS7/PPP1R15A/RPL26/RPS20/RPL23/CDKN2A/HEXIM1/PDCD5/PMAIP1",0.407017918923954
"GO:0002399","MHC class II protein complex assembly",13,-0.589620320461808,-1.75210582954487,0.0129172840102397,0.267308431926069,0.267308431926069,2865,"tags=77%, list=29%, signal=55%","HLA-DMA/B2M/HLA-DRA/HLA-DRB1/HLA-DPA1/HLA-DRB5/HLA-DQA1/HLA-DQB1/HLA-DQB2/HLA-DQA2",0.380730400722792
"GO:0002503","peptide antigen assembly with MHC class II protein complex",13,-0.589620320461808,-1.75210582954487,0.0129172840102397,0.267308431926069,0.267308431926069,2865,"tags=77%, list=29%, signal=55%","HLA-DMA/B2M/HLA-DRA/HLA-DRB1/HLA-DPA1/HLA-DRB5/HLA-DQA1/HLA-DQB1/HLA-DQB2/HLA-DQA2",0.380730400722792
"GO:0048066","developmental pigmentation",22,0.627647630311488,1.74409499148225,0.00623555784651624,0.194798827125167,0.194798827125167,841,"tags=18%, list=8%, signal=17%","TYRP1/MITF/TYR/HPS4",0.407017918923954
"GO:0009165","nucleotide biosynthetic process",122,-0.346467943221151,-1.74340116134529,4.04097639823455e-05,0.00563571886968068,0.00563571886968068,2117,"tags=38%, list=21%, signal=30%","NDUFA11/NAMPT/TMSB4X/PRPS1/CTPS1/FLAD1/SLC25A13/NDUFA5/NDUFB8/NDUFC2/IMPDH1/NDUFA8/PRPSAP1/NDUFA13/NDUFB5/NDUFA2/RRM1/HPRT1/NDUFA6/DCK/PRPS2/NDUFS7/NDUFA12/NDUFB7/ATP6V0C/DTYMK/NDUFV2/ADCY7/NDUFS4/NDUFAB1/SPHK2/NDUFA3/NDUFB2/DUT/NDUFA1/PRKAG2/NDUFB4/NDUFS8/GMPS/NDUFB1/AMPD2/NDUFB6/CAD/NUDT2/NDUFB9/PNP",0.557332238758646
"GO:0140627","ubiquitin-dependent protein catabolic process via the C-end degron rule pathway",10,-0.644836523125997,-1.74135822332191,0.0173311475091563,0.299460756740068,0.299460756740068,3574,"tags=100%, list=36%, signal=64%","KLHDC3/KLHDC2/CUL4A/DCAF12/TRPC4AP/FEM1C/CUL2/FEM1A/RBX1/APPBP2",0.352487857583619
"GO:0002260","lymphocyte homeostasis",42,-0.430054058578245,-1.73722288969267,0.00339949247139015,0.168932254984329,0.168932254984329,3094,"tags=52%, list=31%, signal=36%","PSMB9/RIPK3/SIVA1/PSMA7/MIF/CD74/SIT1/PSMB2/PPP2CA/PSMB4/BCL10/PSMA3/PACS1/TNFAIP3/DOCK11/PSMA5/TSC22D3/NCKAP1L/PSMB8/LGALS9/ZC3H8/PMAIP1",0.431707695803346
"GO:0001836","release of cytochrome c from mitochondria",35,-0.451446130377555,-1.73595294531813,0.00494734809201891,0.18590151986236,0.18590151986236,1289,"tags=34%, list=13%, signal=30%","GPX1/SOD2/BCL2L1/PYCARD/CASP1/PSMD10/SMAD3/BCL2/BAX/PLSCR3/IFI6/PMAIP1",0.407017918923954
"GO:0042771","intrinsic apoptotic signaling pathway in response to DNA damage by p53 class mediator",28,-0.473075606587253,-1.735750587597,0.00499721717895897,0.18590151986236,0.18590151986236,2446,"tags=57%, list=24%, signal=43%","DDIT4/KDM1A/TMEM109/RPS27L/TP53/DYRK2/EP300/CD44/PYCARD/RPL26/CDIP1/SNW1/BCL2/AEN/HIPK2/TAF9B",0.407017918923954
"GO:0006164","purine nucleotide biosynthetic process",106,-0.355405870804616,-1.72761670273,0.000222448773078341,0.0248979378431095,0.0248979378431095,2117,"tags=38%, list=21%, signal=30%","NDUFA11/NAMPT/TMSB4X/PRPS1/SLC25A13/NDUFA5/NDUFB8/NDUFC2/IMPDH1/NDUFA8/PRPSAP1/NDUFA13/NDUFB5/NDUFA2/HPRT1/NDUFA6/DCK/PRPS2/NDUFS7/NDUFA12/NDUFB7/ATP6V0C/NDUFV2/ADCY7/NDUFS4/NDUFAB1/SPHK2/NDUFA3/NDUFB2/NDUFA1/PRKAG2/NDUFB4/NDUFS8/GMPS/NDUFB1/AMPD2/NDUFB6/NUDT2/NDUFB9/PNP",0.518848077743792
"GO:0044550","secondary metabolite biosynthetic process",11,0.73775815909034,1.72691864114915,0.00436390974544186,0.18590151986236,0.18590151986236,519,"tags=27%, list=5%, signal=26%","TYRP1/PMEL/TYR",0.407017918923954
"GO:0042246","tissue regeneration",18,-0.529442731196683,-1.72420222700895,0.0104082145138805,0.237684664776043,0.237684664776043,1480,"tags=39%, list=15%, signal=33%","NACA/AKIRIN1/CDKN1B/CD81/NINJ2/PPP3CA/ANXA1",0.380730400722792
"GO:0002407","dendritic cell chemotaxis",13,-0.580174813128391,-1.72403771878348,0.0159660485016008,0.287713660600051,0.287713660600051,673,"tags=31%, list=7%, signal=29%","CXCR4/LGALS9/CCR5/CCR1",0.352487857583619
"GO:0050792","regulation of viral process",105,-0.346690034474898,-1.71459606618307,0.000137461935803218,0.0173157696552119,0.0173157696552119,2371,"tags=48%, list=24%, signal=37%","NOTCH1/IFIT5/TMEM39A/MDFIC/IFITM2/FAM111A/BST2/APOBEC3D/RSF1/OAS1/PPIA/APOBEC3H/CCL5/SP100/RNASEL/IL32/APOBEC3F/LARP7/STAU1/TRIM38/FMR1/ATG12/ZC3HAV1/N4BP1/VPS37B/ISG20/TRIM11/TRIM27/SRPK1/ATG5/ZFP36/APOBEC3G/RAD23A/APOBEC3C/PLSCR1/ISG15/IFIH1/OASL/EIF2AK2/BCL2/TRIM25/DYNLT1/OAS3/HEXIM1/LGALS9/IFIT1/MX1/LGALS1/RSAD2/VAPB",0.518848077743792
"GO:0014909","smooth muscle cell migration",24,-0.492215877723163,-1.71267779422452,0.00768930281764624,0.208909283351753,0.208909283351753,1230,"tags=33%, list=12%, signal=29%","SERPINE1/GSTP1/AIF1/S100A11/TRIB1/DDIT3/NR4A3/ITGA2",0.407017918923954
"GO:1902230","negative regulation of intrinsic apoptotic signaling pathway in response to DNA damage",11,-0.611074159008844,-1.70892187368314,0.0364080102590271,0.422347744780619,0.422347744780618,1344,"tags=45%, list=13%, signal=39%","TPT1/CD44/BCL2L1/BCL2/TAF9B",0.321775918075361
"GO:0018958","phenol-containing compound metabolic process",29,0.576952748584534,1.70776358950817,0.00810363596957555,0.215270057559133,0.215270057559133,620,"tags=21%, list=6%, signal=19%","TYRP1/PMEL/SULT1A1/CTSK/TYR/MAOB",0.380730400722792
"GO:0072073","kidney epithelium development",28,0.585668236004345,1.70752754049387,0.00414296095203544,0.183843892246572,0.183843892246572,1148,"tags=39%, list=11%, signal=35%","MAGED1/KANK2/WNT7B/FGF2/BMP7/GDNF/ARG2/CD24/FGFR2/SMAD5/KLHL3",0.407017918923954
"GO:0006691","leukotriene metabolic process",10,-0.631931901538504,-1.70650974915158,0.0229671841058014,0.335701275788713,0.335701275788713,1217,"tags=50%, list=12%, signal=44%","ABCC10/MGST3/MAPKAPK2/DPEP2/ALOX5AP",0.352487857583619
"GO:0048704","embryonic skeletal system morphogenesis",10,0.736672760926503,1.70303378345216,0.00598120077143855,0.191447450921865,0.191447450921865,1117,"tags=40%, list=11%, signal=36%","TFAP2A/TGFBR1/FGFR2/MTHFD1",0.407017918923954
"GO:1904888","cranial skeletal system development",10,0.736672760926503,1.70303378345216,0.00598120077143855,0.191447450921865,0.191447450921865,1117,"tags=40%, list=11%, signal=36%","TFAP2A/TGFBR1/FGFR2/MTHFD1",0.407017918923954
"GO:0071364","cellular response to epidermal growth factor stimulus",25,-0.473431310766369,-1.69575360858163,0.0117731618233121,0.256839088938735,0.256839088938735,2909,"tags=56%, list=29%, signal=40%","EEF1A1/SNX6/BECN1/CFLAR/GIT1/CFL1/PDPK1/DUSP22/GSTP1/IQGAP1/ZFP36/ZFP36L2/FOS/CAD",0.380730400722792
"GO:0045668","negative regulation of osteoblast differentiation",12,-0.589174538705715,-1.69464079041928,0.0250020595844801,0.35374290825143,0.35374290825143,1078,"tags=33%, list=11%, signal=30%","IPO7/PTEN/CRIM1/CDK6",0.352487857583619
"GO:0160165","CD8-positive, alpha-beta T cell homeostasis",14,-0.569257713578934,-1.69126093924489,0.0127014071260069,0.26666126251106,0.26666126251106,3610,"tags=79%, list=36%, signal=50%","PSMA6/PSMA4/PSMB10/PSMA2/PSMB9/PSMA7/PSMB2/PSMB4/PSMA3/PSMA5/PSMB8",0.380730400722792
"GO:0001657","ureteric bud development",13,0.687693123151692,1.69082210377506,0.00775719490038519,0.208909283351753,0.208909283351753,1064,"tags=54%, list=11%, signal=48%","MAGED1/FGF2/BMP7/GDNF/ARG2/FGFR2/SMAD5",0.407017918923954
"GO:0000768","syncytium formation by plasma membrane fusion",60,-0.38519401885586,-1.69065867883456,0.00258189835162365,0.144033043758433,0.144033043758433,2503,"tags=73%, list=25%, signal=55%","CFLAR/RPL4/RPL18/CD53/RPL13A/RPL13/RPL15/RPLP2/RPL10/RPL7A/RPL7/RPLP1/RPL18A/RPL6/RPL9/RPL19/RPL11/RPL29/RPL27A/RPL32/RPL23A/RPL41/RPL36/RPL35/RPL31/RPL14/RPL30/UBA52/RPL17/RPL36A/RPL37/RPL34/RPL39/RPL10A/RPL12/RPL27/RPL24/RPL37A/CD81/RPL38/RPL35A/RPL23/RPL28/ITGB1",0.431707695803346
"GO:0006949","syncytium formation",60,-0.38519401885586,-1.69065867883456,0.00258189835162365,0.144033043758433,0.144033043758433,2503,"tags=73%, list=25%, signal=55%","CFLAR/RPL4/RPL18/CD53/RPL13A/RPL13/RPL15/RPLP2/RPL10/RPL7A/RPL7/RPLP1/RPL18A/RPL6/RPL9/RPL19/RPL11/RPL29/RPL27A/RPL32/RPL23A/RPL41/RPL36/RPL35/RPL31/RPL14/RPL30/UBA52/RPL17/RPL36A/RPL37/RPL34/RPL39/RPL10A/RPL12/RPL27/RPL24/RPL37A/CD81/RPL38/RPL35A/RPL23/RPL28/ITGB1",0.431707695803346
"GO:0140253","cell-cell fusion",60,-0.38519401885586,-1.69065867883456,0.00258189835162365,0.144033043758433,0.144033043758433,2503,"tags=73%, list=25%, signal=55%","CFLAR/RPL4/RPL18/CD53/RPL13A/RPL13/RPL15/RPLP2/RPL10/RPL7A/RPL7/RPLP1/RPL18A/RPL6/RPL9/RPL19/RPL11/RPL29/RPL27A/RPL32/RPL23A/RPL41/RPL36/RPL35/RPL31/RPL14/RPL30/UBA52/RPL17/RPL36A/RPL37/RPL34/RPL39/RPL10A/RPL12/RPL27/RPL24/RPL37A/CD81/RPL38/RPL35A/RPL23/RPL28/ITGB1",0.431707695803346
"GO:1902253","regulation of intrinsic apoptotic signaling pathway by p53 class mediator",17,-0.532275708576122,-1.68883626935065,0.019639180249378,0.319357191328385,0.319357191328385,3062,"tags=76%, list=30%, signal=53%","TP53BP1/MIF/MDM2/CD74/UBB/KDM1A/EIF5A/CD44/RPS7/RPL26/BCL2/PDCD5/TAF9B",0.352487857583619
"GO:0007156","homophilic cell-cell adhesion",36,0.555543526694737,1.68435704293739,0.00402837968073174,0.183843892246572,0.183843892246572,903,"tags=25%, list=9%, signal=23%","DSG3/PTK7/CADM1/DSC3/CDHR1/DSG2/CNTN4/CDH23/CDHR3",0.407017918923954
"GO:0046637","regulation of alpha-beta T cell differentiation",42,-0.416911764747501,-1.68413399723735,0.0046787214105388,0.18590151986236,0.18590151986236,764,"tags=29%, list=8%, signal=27%","JUNB/TNFSF4/NKAP/GPR65/PRDM1/NCKAP1L/ZC3H12A/NFKBIZ/BRD4/LGALS1/PNP/ANXA1",0.407017918923954
"GO:0043297","apical junction assembly",33,0.570551354814764,1.68262318376906,0.00341757955025915,0.168932254984329,0.168932254984329,1161,"tags=18%, list=12%, signal=16%","DSG3/RAB13/ECT2/MPP7/POF1B/ABI2",0.431707695803346
"GO:0007218","neuropeptide signaling pathway",15,0.666470728344045,1.68126151134875,0.00677772139619588,0.202210334365384,0.202210334365384,1713,"tags=47%, list=17%, signal=39%","PCSK1N/NMB/NMUR1/NPFFR2/OPRM1/MC2R/GPR171",0.407017918923954
"GO:0003208","cardiac ventricle morphogenesis",13,0.682941816421666,1.67914012794822,0.0084570795423738,0.220165970753131,0.220165970753131,798,"tags=38%, list=8%, signal=35%","PKP2/SOX4/ENG/TGFBR1/FGFR2",0.380730400722792
"GO:0048839","inner ear development",29,0.566962892929176,1.6781939032652,0.0106053964940226,0.240779495983478,0.240779495983478,992,"tags=21%, list=10%, signal=19%","TFAP2A/CHD7/KCNK2/PDZD7/FGFR2/SLC44A4",0.380730400722792
"GO:0045670","regulation of osteoclast differentiation",24,-0.481797661780428,-1.67642734415149,0.00957622695416174,0.231695627359541,0.231695627359541,1093,"tags=29%, list=11%, signal=26%","CORO1C/GPR137B/ZNF675/IFNG/NEDD9/PPP3CA/CCR1",0.380730400722792
"GO:0051155","positive regulation of striated muscle cell differentiation",10,0.724487983305991,1.67486511883983,0.00861203188648186,0.221249898136261,0.221249898136261,832,"tags=40%, list=8%, signal=37%","MYOG/MAPK14/LMOD3/PIEZO1",0.380730400722792
"GO:0046470","phosphatidylcholine metabolic process",26,0.583023250651912,1.67405349022796,0.00985235981846493,0.23317251570367,0.23317251570367,1229,"tags=31%, list=12%, signal=27%","PLA2G7/LPCAT2/CHKB/ACSL3/CHKA/SLC44A4/NR1H2/MBOAT2",0.380730400722792
"GO:0001823","mesonephros development",14,0.66783847078069,1.67368341359253,0.00772497350774455,0.208909283351753,0.208909283351753,1064,"tags=50%, list=11%, signal=45%","MAGED1/FGF2/BMP7/GDNF/ARG2/FGFR2/SMAD5",0.407017918923954
"GO:0072163","mesonephric epithelium development",14,0.66783847078069,1.67368341359253,0.00772497350774455,0.208909283351753,0.208909283351753,1064,"tags=50%, list=11%, signal=45%","MAGED1/FGF2/BMP7/GDNF/ARG2/FGFR2/SMAD5",0.407017918923954
"GO:0072164","mesonephric tubule development",14,0.66783847078069,1.67368341359253,0.00772497350774455,0.208909283351753,0.208909283351753,1064,"tags=50%, list=11%, signal=45%","MAGED1/FGF2/BMP7/GDNF/ARG2/FGFR2/SMAD5",0.407017918923954
"GO:0034612","response to tumor necrosis factor",117,-0.330839357101365,-1.67332606038088,0.000348740327640574,0.034045774485911,0.034045774485911,2008,"tags=37%, list=20%, signal=30%","CFL1/CCL5/BIRC2/TP53/CIB1/NR2C2/EIF5A/ILK/GBP1/FOXP1/YTHDC2/CD58/TNFAIP3/ACTN4/BIRC3/TRADD/GSTP1/F2RL1/MAPKAPK2/PYCARD/ADAM17/TNFRSF14/CASP1/ZNF675/TRIM27/ZFP36/GCH1/MIB2/ZFP36L2/CASP8/TUBA1A/VCAM1/USP7/TRAF3/FOS/RRAGA/GBP3/CARD16/ZC3H12A/TXNDC17/UBE2K/COMMD7/AKAP12",0.49849310876659
"GO:0046426","negative regulation of receptor signaling pathway via JAK-STAT",21,0.609281913250782,1.67280584498695,0.00912910251844791,0.226140657597246,0.226140657597246,1635,"tags=33%, list=16%, signal=28%","CAV1/PIAS2/BCL3/GBP7/PIBF1/PTPN2/SOCS1",0.380730400722792
"GO:1904893","negative regulation of receptor signaling pathway via STAT",21,0.609281913250782,1.67280584498695,0.00912910251844791,0.226140657597246,0.226140657597246,1635,"tags=33%, list=16%, signal=28%","CAV1/PIAS2/BCL3/GBP7/PIBF1/PTPN2/SOCS1",0.380730400722792
"GO:1905954","positive regulation of lipid localization",40,0.536804633685971,1.67191271632547,0.00589411171950119,0.191447450921865,0.191447450921865,1239,"tags=28%, list=12%, signal=24%","MSR1/MYB/APOE/CAV1/PRAP1/NMB/HILPDA/ACSL1/LDLRAP1/NR1H2/ACACB",0.407017918923954
"GO:0044872","lipoprotein localization",11,0.713873661811412,1.67101064057032,0.00971434559371984,0.232727113763656,0.232727113763656,102,"tags=18%, list=1%, signal=18%","APOE/TMEM97",0.380730400722792
"GO:0008210","estrogen metabolic process",12,0.681646604796492,1.67046844056621,0.0200283277210235,0.319357191328385,0.319357191328385,1325,"tags=50%, list=13%, signal=43%","SULT1A1/CYP3A5/HSD17B12/SULT1E1/UGT2B15/HSD17B4",0.352487857583619
"GO:0001776","leukocyte homeostasis",55,-0.372569318997981,-1.67033819004846,0.00441875074317896,0.18590151986236,0.18590151986236,574,"tags=15%, list=6%, signal=14%","TSC22D3/NCKAP1L/PSMB8/LGALS9/ZC3H8/PDE4B/ANXA1/PMAIP1",0.407017918923954
"GO:1902600","proton transmembrane transport",102,-0.343397706675414,-1.66847011466881,0.00027676204706803,0.0284409419421226,0.0284409419421226,2020,"tags=42%, list=20%, signal=34%","SLC9B1/SLC25A13/NDUFA5/ATP6V0E1/NDUFB8/NDUFC2/NDUFA8/NDUFB5/UQCRH/COX6B1/NDUFA2/COX8A/NDUFA6/COX4I1/SLC25A5/NDUFS7/ATP6V1E1/NDUFA12/RNASEK/CYC1/NDUFB7/ATP6V0C/SLC25A3/NDUFV2/NDUFS4/SLC2A10/SPHK2/NDUFA3/COX5A/COX7B/COX7A2L/ATP6V0D1/ATP1A3/NDUFB2/UQCR10/NDUFA1/NDUFB4/NDUFS8/SLC46A1/NDUFB1/NDUFB6/ATP6V0E2/NDUFB9",0.49849310876659
"GO:0042476","odontogenesis",19,0.61455895798344,1.66536939454341,0.00873911142068669,0.222997034653376,0.222997034653376,960,"tags=32%, list=10%, signal=29%","TFAP2A/FGFR1/BCOR/FGFR2/ID3/AQP6",0.380730400722792
"GO:0071675","regulation of mononuclear cell migration",68,-0.360552783741468,-1.66370235985473,0.00210842746407488,0.126667834572498,0.126667834572498,1258,"tags=29%, list=13%, signal=26%","AKIRIN1/SERPINE1/DDT/CCL4/AIF1/ADAM8/PYCARD/ADAM17/TNFRSF14/DUSP1/CD81/WNK1/CXCL13/GCSAML/NEDD9/KLRC4-KLRK1/LGALS3/LGALS9/CD200R1/CCR1",0.431707695803346
"GO:1990868","response to chemokine",41,-0.409390145393404,-1.65993015888781,0.00510948185436975,0.18590151986236,0.18590151986236,1141,"tags=24%, list=11%, signal=22%","CCL4/DUSP1/WNK1/CCL4L1/CXCL13/CXCR4/ZC3H12A/CXCR6/CCR5/CCR1",0.407017918923954
"GO:1990869","cellular response to chemokine",41,-0.409390145393404,-1.65993015888781,0.00510948185436975,0.18590151986236,0.18590151986236,1141,"tags=24%, list=11%, signal=22%","CCL4/DUSP1/WNK1/CCL4L1/CXCL13/CXCR4/ZC3H12A/CXCR6/CCR5/CCR1",0.407017918923954
"GO:0014855","striated muscle cell proliferation",19,0.612291024418675,1.65922360967029,0.0101863346223489,0.23537063136256,0.23537063136256,798,"tags=32%, list=8%, signal=29%","MYB/KCNK2/MYOG/FGF2/TGFBR1/FGFR2",0.380730400722792
"GO:0016331","morphogenesis of embryonic epithelium",19,0.612238796511827,1.65908207929883,0.0101863346223489,0.23537063136256,0.23537063136256,1117,"tags=37%, list=11%, signal=33%","TFAP2A/WNT7B/BMP7/GDNF/FGFR2/STIL/MTHFD1",0.380730400722792
"GO:0002396","MHC protein complex assembly",18,-0.509384909724221,-1.65888120470763,0.0166699551024073,0.292553505836151,0.292553505836151,2865,"tags=67%, list=29%, signal=48%","HLA-DMA/B2M/HLA-DRA/HLA-A/HLA-DRB1/HLA-DPA1/CALR/HLA-DRB5/HLA-DQA1/HLA-DQB1/HLA-DQB2/HLA-DQA2",0.352487857583619
"GO:0002501","peptide antigen assembly with MHC protein complex",18,-0.509384909724221,-1.65888120470763,0.0166699551024073,0.292553505836151,0.292553505836151,2865,"tags=67%, list=29%, signal=48%","HLA-DMA/B2M/HLA-DRA/HLA-A/HLA-DRB1/HLA-DPA1/CALR/HLA-DRB5/HLA-DQA1/HLA-DQB1/HLA-DQB2/HLA-DQA2",0.352487857583619
"GO:1903115","regulation of actin filament-based movement",19,0.611994376156421,1.65841973409336,0.0101863346223489,0.23537063136256,0.23537063136256,1414,"tags=37%, list=14%, signal=32%","PLN/PKP2/CAV1/DSG2/ATP1A2/PDPN/CAMK2D",0.380730400722792
"GO:0007498","mesoderm development",19,-0.492193611726802,-1.6571956473039,0.0172378111456562,0.29917178899461,0.29917178899461,385,"tags=26%, list=4%, signal=25%","KDM6B/SECTM1/ITGB1/CITED2/ITGA2",0.352487857583619
"GO:0046189","phenol-containing compound biosynthetic process",14,0.660638150736376,1.65563854682012,0.00961195688405778,0.231695627359541,0.231695627359541,519,"tags=21%, list=5%, signal=20%","TYRP1/PMEL/TYR",0.380730400722792
"GO:0030178","negative regulation of Wnt signaling pathway",56,0.507151364929137,1.65486855963122,0.00458823668335855,0.18590151986236,0.18590151986236,2137,"tags=41%, list=21%, signal=33%","IGFBP4/APOE/CAV1/MAPK14/TLE4/ZNRF3/PPP2R3A/CDON/NFATC1/NXN/WWTR1/SIAH2/SCYL2/C12orf43/MCC/AMER1/NLK/APC/MAD2L2/MLLT3/SHISA2/TMEM170B/NPHP3",0.407017918923954
"GO:0051294","establishment of spindle orientation",23,-0.467856277012278,-1.65394276771417,0.0316174455644655,0.40209332425391,0.40209332425391,1957,"tags=52%, list=19%, signal=42%","UBXN2B/CLASP1/LLGL2/NDE1/NDEL1/CCDC66/NSFL1C/HTT/BCCIP/DYNLT1/ITGB1/SKA2",0.321775918075361
"GO:0008625","extrinsic apoptotic signaling pathway via death domain receptors",55,-0.368749741596146,-1.65321389752407,0.00510513851100497,0.18590151986236,0.18590151986236,1963,"tags=40%, list=20%, signal=32%","PARK7/BIRC2/SP100/HMOX1/TNFSF10/PEA15/TNFAIP3/STX4/DEDD2/BIRC3/TRADD/GPX1/SERPINE1/BCL2L1/TMBIM1/CASP8/BCL2/LGALS3/FASLG/BAX/PMAIP1/ATF3",0.407017918923954
"GO:0090317","negative regulation of intracellular protein transport",22,-0.475943445147546,-1.65205607572099,0.0231110777669713,0.335701275788713,0.335701275788713,2267,"tags=50%, list=23%, signal=39%","MDFIC/DERL2/ALDH7A1/PARK7/SP100/YWHAB/UFM1/UBE2J1/ERLEC1/SVIP/BARD1",0.352487857583619
"GO:0043304","regulation of mast cell degranulation",10,-0.6112420461567,-1.65063752647755,0.035267881989895,0.422065500186706,0.422065500186706,3105,"tags=90%, list=31%, signal=62%","SNX4/RAC2/STXBP2/UNC13D/CD84/PDPK1/VAMP8/SPHK2/LGALS9",0.321775918075361
"GO:2000406","positive regulation of T cell migration",20,-0.489068881440033,-1.6503855170065,0.0165089120497208,0.292553505836151,0.292553505836151,1113,"tags=40%, list=11%, signal=36%","AIF1/ADAM8/PYCARD/ADAM17/TNFRSF14/WNK1/CXCL13/LGALS9",0.352487857583619
"GO:0050829","defense response to Gram-negative bacterium",21,-0.500605417842742,-1.65028404595326,0.0124486494930254,0.262767439298726,0.262767439298726,1615,"tags=48%, list=16%, signal=40%","ROMO1/RPS19/RPL30/SERPINE1/F2RL1/PYCARD/TNFRSF14/DROSHA/NOD1/NFKBIZ",0.380730400722792
"GO:0043473","pigmentation",54,0.509858276933095,1.64912288922901,0.00305143029949558,0.158877804260403,0.158877804260403,1245,"tags=22%, list=12%, signal=20%","TYRP1/PMEL/APOE/MITF/MLPH/BBS7/MAP2K1/TYR/BBS2/HPS4/BBS5/MYO5A",0.431707695803346
"GO:0072332","intrinsic apoptotic signaling pathway by p53 class mediator",43,-0.400130969590291,-1.64820728668917,0.00366399164241501,0.175250363283597,0.175250363283597,1357,"tags=33%, list=14%, signal=28%","EP300/CD44/RPS7/HINT1/PYCARD/RPL26/CDIP1/SNW1/BCL2/AEN/PDCD5/HIPK2/TAF9B/PMAIP1",0.431707695803346
"GO:0044458","motile cilium assembly",14,0.65765878542609,1.64817189953784,0.0111451345491683,0.248695716654299,0.248695716654299,1350,"tags=43%, list=13%, signal=37%","IFT81/TTLL5/BBS2/DZIP1/BBS5/DNAH1",0.380730400722792
"GO:0051293","establishment of spindle localization",29,-0.442683483902513,-1.64786954354841,0.013676374793109,0.273878172138927,0.273878172138927,2008,"tags=48%, list=20%, signal=39%","CFL1/UBXN2B/CLASP1/LLGL2/NDE1/NDEL1/KPNB1/CCDC66/NSFL1C/HTT/BCCIP/DYNLT1/ITGB1/SKA2",0.380730400722792
"GO:0051653","spindle localization",29,-0.442683483902513,-1.64786954354841,0.013676374793109,0.273878172138927,0.273878172138927,2008,"tags=48%, list=20%, signal=39%","CFL1/UBXN2B/CLASP1/LLGL2/NDE1/NDEL1/KPNB1/CCDC66/NSFL1C/HTT/BCCIP/DYNLT1/ITGB1/SKA2",0.380730400722792
"GO:0002761","regulation of myeloid leukocyte differentiation",46,-0.401816945291629,-1.64704656336386,0.00567542527129551,0.191447450921865,0.191447450921865,1093,"tags=24%, list=11%, signal=21%","CORO1C/IRF7/GPR137B/ZNF675/IFNG/CASP8/NEDD9/TRIB1/CDK6/PPP3CA/CCR1",0.407017918923954
"GO:0086004","regulation of cardiac muscle cell contraction",16,0.639309577104044,1.64613437336127,0.011723217419631,0.256839088938735,0.256839088938735,729,"tags=31%, list=7%, signal=29%","PLN/PKP2/CAV1/DSG2/ATP1A2",0.380730400722792
"GO:0033059","cellular pigmentation",44,0.518812531797828,1.64596780680051,0.00654874553799505,0.198692423917675,0.198692423917675,1245,"tags=23%, list=12%, signal=20%","TYRP1/PMEL/APOE/MLPH/BBS7/MAP2K1/BBS2/HPS4/BBS5/MYO5A",0.407017918923954
"GO:0034340","response to type I interferon",92,-0.344013368468399,-1.64453661667304,0.00068716441629184,0.0530034022626013,0.0530034022626013,2242,"tags=36%, list=22%, signal=28%","IFITM2/TANK/PSMA3/PSMB7/OAS1/SP100/RNF185/MUL1/PSMC4/PSMD2/PSMD3/ADRM1/PSME2/PSMD12/AZI2/ZBP1/PSMA5/PSMC5/IRF7/PSMB6/YTHDF2/ISG15/OASL/PSMD11/IRF3/SETD2/TRAF3/PSMD14/OAS3/IFIT1/MX1/UBE2K/USP18",0.477270815362862
"GO:0140374","antiviral innate immune response",53,-0.369987174225352,-1.64391080436363,0.00564991728214975,0.191447450921865,0.191447450921865,903,"tags=26%, list=9%, signal=24%","TRIM27/APOBEC3G/PRKRA/IFIT3/IFIH1/OASL/EIF2AK2/IRF3/USP7/TRIM25/OAS3/IFIT1/MX1/USP18",0.407017918923954
"GO:0042274","ribosomal small subunit biogenesis",89,-0.360616722981386,-1.64210248328909,0.000466261977288011,0.041380750484311,0.041380750484311,2213,"tags=48%, list=22%, signal=38%","PWP2/NAT10/RPS4X/WDR43/TRMT112/RPS9/RPS27/RPS14/FBL/RPS6/RPS19BP1/RPS19/UTP18/NOP56/RPSA/RPS13/RPS27A/BMS1/FAU/RPS8/TSR1/SURF6/RPS15A/RPS12/RPS24/RPS15/RPS25/RPS7/RPS11/UTP15/RPS16/IMP4/DNTTIP2/RPS23/RRP7A/RPS28/RPS21/RPS5/NOL7/WDR3/RPS17/NOC4L/LSM6",0.49849310876659
"GO:0043583","ear development",31,0.557454848174397,1.63956585483883,0.00701174274787505,0.205694542375673,0.205694542375673,992,"tags=19%, list=10%, signal=17%","TFAP2A/CHD7/KCNK2/PDZD7/FGFR2/SLC44A4",0.407017918923954
"GO:0045576","mast cell activation",25,-0.45763838768269,-1.63918593825614,0.0157288704231694,0.285680181406867,0.285680181406867,1449,"tags=28%, list=14%, signal=24%","PDPK1/VAMP8/SPHK2/PTPRE/PLSCR1/LGALS9/NR4A3",0.352487857583619
"GO:0030279","negative regulation of ossification",15,-0.519211477815725,-1.63595019483766,0.0230384764041538,0.335701275788713,0.335701275788713,837,"tags=27%, list=8%, signal=24%","SMAD3/RBPJ/CHSY1/CCR1",0.352487857583619
"GO:0007601","visual perception",56,0.501155332699899,1.63530310855511,0.00597911109625712,0.191447450921865,0.191447450921865,2019,"tags=45%, list=20%, signal=36%","SLC24A1/TRPM1/BBS7/RGR/TYR/BBS9/GRM6/CDH23/BBS2/RP2/CABP5/AIPL1/PDE6D/BBS5/NXNL2/WDR36/CNGB1/FAM161A/PPEF2/MYO9A/OPA1/CHM/EYA3/CRX/LRAT",0.407017918923954
"GO:0050953","sensory perception of light stimulus",56,0.501155332699899,1.63530310855511,0.00597911109625712,0.191447450921865,0.191447450921865,2019,"tags=45%, list=20%, signal=36%","SLC24A1/TRPM1/BBS7/RGR/TYR/BBS9/GRM6/CDH23/BBS2/RP2/CABP5/AIPL1/PDE6D/BBS5/NXNL2/WDR36/CNGB1/FAM161A/PPEF2/MYO9A/OPA1/CHM/EYA3/CRX/LRAT",0.407017918923954
"GO:0071356","cellular response to tumor necrosis factor",106,-0.335947154036635,-1.63302849565861,0.000817841999860183,0.0602579813104531,0.0602579813104531,2008,"tags=38%, list=20%, signal=31%","CFL1/CCL5/BIRC2/TP53/CIB1/NR2C2/EIF5A/ILK/GBP1/FOXP1/CD58/TNFAIP3/ACTN4/BIRC3/TRADD/GSTP1/F2RL1/MAPKAPK2/PYCARD/ADAM17/TNFRSF14/CASP1/ZNF675/TRIM27/ZFP36/MIB2/ZFP36L2/CASP8/VCAM1/USP7/TRAF3/FOS/RRAGA/GBP3/CARD16/ZC3H12A/TXNDC17/UBE2K/COMMD7/AKAP12",0.477270815362862
"GO:0090199","regulation of release of cytochrome c from mitochondria",27,-0.446873936767841,-1.63293295512695,0.014075678015484,0.276208656535,0.276208656535,2051,"tags=44%, list=20%, signal=35%","GZMK/TP53/TNFSF10/GPX1/BCL2L1/PYCARD/CASP1/PSMD10/BAX/PLSCR3/IFI6/PMAIP1",0.380730400722792
"GO:0048562","embryonic organ morphogenesis",39,0.529802878706557,1.63280421942701,0.00799525864882213,0.213845787833222,0.213845787833222,1164,"tags=31%, list=12%, signal=27%","TFAP2A/CHD7/BBS7/ENG/PDZD7/TGFBR1/FGFR2/STIL/SLC44A4/RNF207/MTHFD1/BBS5",0.380730400722792
"GO:0006656","phosphatidylcholine biosynthetic process",12,0.666258948994286,1.63275888078698,0.0259261512763661,0.364178491849675,0.364178491849675,992,"tags=33%, list=10%, signal=30%","CHKB/ACSL3/CHKA/SLC44A4",0.352487857583619
"GO:0035767","endothelial cell chemotaxis",17,0.612487967401047,1.63047285930826,0.0240371124724361,0.342572716076142,0.342572716076142,704,"tags=29%, list=7%, signal=27%","RAB13/MET/FGF2/LGMN/FGFR1",0.352487857583619
"GO:0048246","macrophage chemotaxis",14,-0.547360530333717,-1.6262045512176,0.0201182763295218,0.319357191328385,0.319357191328385,2240,"tags=57%, list=22%, signal=44%","CCL3/CSF1/CCL5/AKIRIN1/DDT/CORO1C/CKLF/LGALS3",0.352487857583619
"GO:0120316","sperm flagellum assembly",10,0.70256986042455,1.62419498996197,0.0145655516340928,0.27881516919203,0.27881516919203,1350,"tags=50%, list=13%, signal=43%","IFT81/TTLL5/BBS2/DZIP1/DNAH1",0.380730400722792
"GO:0033280","response to vitamin D",11,0.693694138041547,1.62377511313046,0.0167066406661874,0.292553505836151,0.292553505836151,740,"tags=45%, list=7%, signal=42%","PHEX/KANK2/TYR/BMP7/CDON",0.352487857583619
"GO:0016486","peptide hormone processing",13,0.660233268868883,1.62330691854967,0.0143686962217363,0.27881516919203,0.27881516919203,561,"tags=23%, list=6%, signal=22%","PLA2G7/SLC30A8/PRCP",0.380730400722792
"GO:2000737","negative regulation of stem cell differentiation",12,-0.563909153320709,-1.62197004542553,0.0417832668265107,0.44584671317892,0.44584671317892,2385,"tags=50%, list=24%, signal=38%","LBH/NOTCH1/TMSB4X/HSPA9/YTHDF2/ZFP36L2",0.321775918075361
"GO:0046339","diacylglycerol metabolic process",10,0.700855697027437,1.62023220169223,0.0155285420691506,0.283437929613492,0.283437929613492,204,"tags=20%, list=2%, signal=20%","DGKD/DAGLB",0.380730400722792
"GO:0048247","lymphocyte chemotaxis",24,-0.465545708196116,-1.61987825405434,0.0144107005603734,0.27881516919203,0.27881516919203,2240,"tags=50%, list=22%, signal=39%","CCL3/SLC12A2/CCL5/PLEC/CCL4/ADAM8/ADAM17/WNK1/CXCL13/CKLF/NEDD9/KLRC4-KLRK1",0.380730400722792
"GO:0033108","mitochondrial respiratory chain complex assembly",55,-0.361225257480679,-1.61947941500608,0.00656371899753653,0.198692423917675,0.198692423917675,1973,"tags=36%, list=20%, signal=29%","TMEM70/NDUFC2/LYRM2/NDUFA13/NDUFA6/NDUFS7/COX16/COX20/NDUFS4/OCIAD2/COX14/COX7A2L/COA4/PET117/TMEM126A/NDUFS8/COA6/COX17/HIGD2A/TMEM242",0.407017918923954
"GO:2001235","positive regulation of apoptotic signaling pathway",52,-0.378542466905258,-1.61939898948266,0.00478545067375155,0.18590151986236,0.18590151986236,1815,"tags=38%, list=18%, signal=32%","SP1/EIF5A/NCK2/TNFSF10/SOD1/DEDD2/TAF6/TRAF7/RPS7/BCAP31/PYCARD/SFPQ/RPL26/ITM2C/FASLG/BAX/DDIT3/PDCD5/PMAIP1/ATF3",0.407017918923954
"GO:0072677","eosinophil migration",10,-0.599573597839888,-1.61912729450218,0.0430433318485154,0.44584671317892,0.44584671317892,2240,"tags=70%, list=22%, signal=54%","CCL3/CCL5/DAPK2/CCL4/ADAM8/CCL4L1/LGALS3",0.321775918075361
"GO:0043174","nucleoside salvage",10,-0.599507950839358,-1.61895001709914,0.0430433318485154,0.44584671317892,0.44584671317892,2416,"tags=60%, list=24%, signal=46%","MTAP/TK2/DNPH1/HPRT1/PGM2/PNP",0.321775918075361
"GO:0046164","alcohol catabolic process",18,0.611120574666929,1.61874356673149,0.0154525228681894,0.283437929613492,0.283437929613492,2135,"tags=56%, list=21%, signal=44%","SULT1A1/SCARF1/SULT1E1/ACSS1/ALDH3B1/AKR1D1/SULT1A3/SULT1A4/SRD5A3/ADH4",0.380730400722792
"GO:1902107","positive regulation of leukocyte differentiation",103,-0.329107893717456,-1.61744790906617,0.000435398873936808,0.0395402930865868,0.0395402930865868,1093,"tags=21%, list=11%, signal=19%","CORO1C/ADAM8/SMARCB1/ARID1A/IFNG/IL4R/TNFSF4/DDRGK1/NKAP/GPR65/CASP8/NEDD9/SMARCA2/NCKAP1L/TRIB1/LGALS9/NFKBIZ/BRD4/PNP/PPP3CA/ANXA1/CCR1",0.49849310876659
"GO:1903708","positive regulation of hemopoiesis",103,-0.329107893717456,-1.61744790906617,0.000435398873936808,0.0395402930865868,0.0395402930865868,1093,"tags=21%, list=11%, signal=19%","CORO1C/ADAM8/SMARCB1/ARID1A/IFNG/IL4R/TNFSF4/DDRGK1/NKAP/GPR65/CASP8/NEDD9/SMARCA2/NCKAP1L/TRIB1/LGALS9/NFKBIZ/BRD4/PNP/PPP3CA/ANXA1/CCR1",0.49849310876659
"GO:0051146","striated muscle cell differentiation",116,-0.327395971713216,-1.61562909460768,0.000693903477293765,0.0530034022626013,0.0530034022626013,2503,"tags=54%, list=25%, signal=41%","CFLAR/CASP3/RPL4/RPL18/NOTCH1/CD53/RGS2/RPL13A/RPL13/RPL15/CACYBP/RPLP2/RPL10/RPL7A/RPL7/RPLP1/RPL18A/RPL6/RPL9/RPL19/RPL11/RPL29/RPL27A/RPL32/RPL23A/CALR/FOXP1/RPL41/RPL36/RPL35/RPL31/RPL14/PLEC/RPL30/UBA52/NACA/RPL17/RPL36A/CASP7/RPL37/RPL34/TMEM119/RPL39/CSRP1/RPL10A/RPL12/TTN/RPL27/RPL24/RPL37A/CD81/RPL38/RPL35A/RPL23/FBXO22/RPL28/KDM6B/RBM38/PPP3CB/ITGB1/FHL2/PPP3CA/SIK1",0.477270815362862
"GO:0043094","metabolic compound salvage",24,-0.463556136033056,-1.6129554865901,0.0149685265354709,0.283437929613492,0.283437929613492,2522,"tags=50%, list=25%, signal=38%","NMRK1/MTAP/MTR/TK2/NAMPT/DNPH1/HPRT1/DCK/PGM2/ENOPH1/AMPD2/PNP",0.380730400722792
"GO:1901623","regulation of lymphocyte chemotaxis",14,-0.542457899444895,-1.61163886695191,0.0216539938440677,0.332908842366474,0.332908842366474,1141,"tags=43%, list=11%, signal=38%","CCL4/ADAM17/WNK1/CXCL13/NEDD9/KLRC4-KLRK1",0.352487857583619
"GO:0007140","male meiotic nuclear division",10,0.696939331351676,1.61117838104358,0.0164915337048202,0.292553505836151,0.292553505836151,2124,"tags=60%, list=21%, signal=47%","M1AP/FOXJ2/TAF1L/TEX11/BRDT/FOXJ3",0.352487857583619
"GO:0032368","regulation of lipid transport",49,0.498703399592924,1.61111501476535,0.00735416674695584,0.208101602513497,0.208101602513497,1084,"tags=20%, list=11%, signal=18%","MYB/APOE/CAV1/TMEM97/PRAP1/NMB/ACSL1/LDLRAP1/SYK/NR1H2",0.407017918923954
"GO:0006470","protein dephosphorylation",56,-0.364688503678659,-1.61079461353533,0.0110711316950778,0.248464191202752,0.248464191202752,1710,"tags=30%, list=17%, signal=25%","DAPP1/SBF1/PPP1R12A/PPP6C/DUSP2/PPP3CC/PTPRN2/DUSP1/PTPRE/PTEN/DUSP6/MTMR6/PPP3CB/MTM1/PTPN9/PTPN4/PPP3CA",0.380730400722792
"GO:0045639","positive regulation of myeloid cell differentiation",48,-0.380189570383579,-1.6098337002762,0.00584812220324155,0.191447450921865,0.191447450921865,1099,"tags=25%, list=11%, signal=22%","ETS1/CORO1C/SCIN/IFNG/ISG15/CASP8/NEDD9/NCKAP1L/TRIB1/BRD1/PPP3CA/CCR1",0.407017918923954
"GO:0015909","long-chain fatty acid transport",25,0.579108783100357,1.60766423634385,0.0091249260610709,0.226140657597246,0.226140657597246,2841,"tags=52%, list=28%, signal=37%","APOE/NMB/SLC27A2/ACSL1/ACSL3/SYK/ABCD2/SLC2A1/CPT1B/CPT2/FABP2/PLA2G12A/SLC27A1",0.380730400722792
"GO:0048754","branching morphogenesis of an epithelial tube",14,0.641468723203091,1.60759765921893,0.0175491204367942,0.301891256853221,0.301891256853221,798,"tags=43%, list=8%, signal=40%","MAGED1/ENG/MET/FGF2/GDNF/FGFR2",0.352487857583619
"GO:0150117","positive regulation of cell-substrate junction organization",17,-0.506293838731092,-1.60639943552027,0.0322763096543914,0.402483486157019,0.402483486157019,1170,"tags=29%, list=12%, signal=26%","IQSEC1/ITGB1BP1/SMAD3/S100A10/MAP4K4",0.321775918075361
"GO:0048736","appendage development",29,0.541677937557394,1.60335116050644,0.0230266351328305,0.335701275788713,0.335701275788713,925,"tags=21%, list=9%, signal=19%","TFAP2A/CHD7/NFIA/ZNRF3/FGFR2/TAF10",0.352487857583619
"GO:0060173","limb development",29,0.541677937557394,1.60335116050644,0.0230266351328305,0.335701275788713,0.335701275788713,925,"tags=21%, list=9%, signal=19%","TFAP2A/CHD7/NFIA/ZNRF3/FGFR2/TAF10",0.352487857583619
"GO:0032438","melanosome organization",28,0.548929720928556,1.60041565968445,0.0139887704844537,0.275889640110059,0.275889640110059,77,"tags=11%, list=1%, signal=11%","TYRP1/PMEL/APOE",0.380730400722792
"GO:0048753","pigment granule organization",28,0.548929720928556,1.60041565968445,0.0139887704844537,0.275889640110059,0.275889640110059,77,"tags=11%, list=1%, signal=11%","TYRP1/PMEL/APOE",0.380730400722792
"GO:0048706","embryonic skeletal system development",14,0.637832575914958,1.59848503742221,0.0189437328876486,0.313454563246897,0.313454563246897,1117,"tags=29%, list=11%, signal=25%","TFAP2A/TGFBR1/FGFR2/MTHFD1",0.352487857583619
"GO:0046634","regulation of alpha-beta T cell activation",60,-0.364187985473463,-1.59846090081266,0.00647259196395966,0.198692423917675,0.198692423917675,1535,"tags=37%, list=15%, signal=31%","RUNX3/HSPH1/SLC4A2/EP300/CD55/TNFRSF14/CD81/RASAL3/JUNB/TNFSF4/NKAP/GPR65/PRDM1/NCKAP1L/ZC3H12A/LGALS3/LGALS9/NFKBIZ/BRD4/LGALS1/PNP/ANXA1",0.407017918923954
"GO:0030574","collagen catabolic process",10,0.690703088513931,1.59676148822792,0.0186582683120174,0.311369819480461,0.311369819480461,479,"tags=40%, list=5%, signal=38%","MMP24/CTSK/ADAMTS2/CST3",0.352487857583619
"GO:0055010","ventricular cardiac muscle tissue morphogenesis",10,0.689996101529267,1.59512708176795,0.0186582683120174,0.311369819480461,0.311369819480461,798,"tags=40%, list=8%, signal=37%","PKP2/ENG/TGFBR1/FGFR2",0.352487857583619
"GO:0051607","defense response to virus",204,-0.314011059201867,-1.59466909513208,9.24914351920695e-06,0.00171990025916682,0.00171990025916682,1349,"tags=26%, list=13%, signal=23%","ATG12/AZI2/ELMOD2/ABCF3/IRF2/VAMP8/ZBP1/ZC3HAV1/F2RL1/IRF7/BCL2L1/PYCARD/ISG20/CASP1/IL10RB/TRIM28/TRIM11/DDX60L/TRIM27/ATG5/IFNG/APOBEC3G/MICA/APOBEC3C/PLSCR1/PRKRA/ISG15/IFIT3/IFIH1/OASL/EIF2AK2/IRF3/USP7/SETD2/DHX36/TRAF3/BCL2/TRIM25/GBP3/OAS3/ZC3H12A/TRIM26/HERC5/IFI6/MX2/IFIT1/NFKBIZ/MX1/RSAD2/VAPB/PMAIP1/USP18/IFI44L",0.593325476396405
"GO:0002862","negative regulation of inflammatory response to antigenic stimulus",16,0.619148357235432,1.59422200066548,0.0221851295982776,0.333203581081823,0.333203581081823,1289,"tags=38%, list=13%, signal=33%","MAPK14/FCGR2B/MKRN2/YES1/SYK/PRKAR2A",0.352487857583619
"GO:0070509","calcium ion import",29,0.538372075319989,1.59356590309183,0.0234491304537834,0.336650200080971,0.336650200080971,1138,"tags=24%, list=11%, signal=21%","MS4A1/PLN/SLC24A1/TRPM1/GRM6/MICU1/FCRL3",0.352487857583619
"GO:0072132","mesenchyme morphogenesis",14,0.63522578897704,1.59195211628686,0.0201059109306597,0.319357191328385,0.319357191328385,1460,"tags=43%, list=15%, signal=37%","ENG/BMP7/TGFBR1/TAF10/NOS3/APC",0.352487857583619
"GO:0001937","negative regulation of endothelial cell proliferation",15,0.630095495407628,1.58950012333656,0.0179245763538948,0.304328133312867,0.304328133312867,1868,"tags=40%, list=19%, signal=33%","APOE/CAV1/ENG/FLT1/MMRN2/NF1",0.352487857583619
"GO:0034332","adherens junction organization",19,0.586432086503487,1.5891494805409,0.0196369360135109,0.319357191328385,0.319357191328385,1161,"tags=21%, list=12%, signal=19%","DSG3/FLOT1/CDHR3/ABI2",0.352487857583619
"GO:2000404","regulation of T cell migration",28,-0.431815782533728,-1.58436513705202,0.0179091098877671,0.304328133312867,0.304328133312867,1113,"tags=32%, list=11%, signal=29%","AIF1/ADAM8/PYCARD/ADAM17/TNFRSF14/WNK1/CXCL13/LGALS9/CD200R1",0.352487857583619
"GO:0003229","ventricular cardiac muscle tissue development",14,0.632177964877669,1.58431390305739,0.0215005255623697,0.332596022164169,0.332596022164169,798,"tags=36%, list=8%, signal=33%","PKP2/ENG/DSG2/TGFBR1/FGFR2",0.352487857583619
"GO:1903241","U2-type prespliceosome assembly",23,-0.448055032915636,-1.5839423721343,0.0543753870739118,0.490547076188682,0.490547076188682,2162,"tags=35%, list=22%, signal=27%","SNRPF/PHF5A/HTATSF1/SF3B2/SNRPD1/SF3A1/SNRPE/SF3A2",0.321775918075361
"GO:0061138","morphogenesis of a branching epithelium",15,0.6275496058541,1.58307777658305,0.0186095829181242,0.311369819480461,0.311369819480461,798,"tags=40%, list=8%, signal=37%","MAGED1/ENG/MET/FGF2/GDNF/FGFR2",0.352487857583619
"GO:1902476","chloride transmembrane transport",25,0.570167151822322,1.58284136844792,0.011662364155461,0.256839088938735,0.256839088938735,1829,"tags=36%, list=18%, signal=30%","GABRA2/KCNK2/SLC26A6/MFSD8/TTYH3/AQP6/CLCN3/CLCN7/SLC26A4",0.380730400722792
"GO:0018146","keratan sulfate proteoglycan biosynthetic process",10,0.684506173770152,1.58243551376328,0.0220287510162811,0.333203581081823,0.333203581081823,148,"tags=20%, list=1%, signal=20%","CHST3/B3GNT7",0.352487857583619
"GO:2000241","regulation of reproductive process",40,-0.40057491578431,-1.58137430148678,0.00995085447609741,0.234084859814219,0.234084859814219,2270,"tags=50%, list=23%, signal=39%","ARHGDIB/ANAPC16/MYH9/CIB1/CDC16/CALR/ANAPC4/YTHDC2/SIRT2/CDC27/AGO2/DUSP1/YTHDF2/ANAPC11/ANAPC15/SMURF2/CHFR/PRDM14/ANAPC7/CITED2",0.380730400722792
"GO:0045581","negative regulation of T cell differentiation",37,-0.389398172443049,-1.58061792912322,0.0153918365636174,0.283437929613492,0.283437929613492,2695,"tags=51%, list=27%, signal=38%","CD69/CBFB/HMGB1/RC3H1/PSMB2/PSMB4/CTLA4/PSMA3/LAG3/RUNX3/SLC4A2/PSMA5/TNFSF4/CDKN2A/PSMB8/ZC3H12A/ZC3H8/LGALS1/ANXA1",0.380730400722792
"GO:0045216","cell-cell junction organization",74,0.463279208632347,1.5804260275156,0.00590345512607682,0.191447450921865,0.191447450921865,1161,"tags=18%, list=12%, signal=16%","DSG3/RAB13/PKP2/CAV1/DSG2/ECT2/LSR/TGFBR1/FLOT1/MPP7/CDHR3/POF1B/ABI2",0.407017918923954
"GO:0006925","inflammatory cell apoptotic process",12,-0.548950416728825,-1.57894428050122,0.0556147769381479,0.493644056199892,0.493644056199892,1429,"tags=58%, list=14%, signal=50%","PLEKHO2/IRF7/IRF3/CDKN2A/FASLG/CCR5/ANXA1",0.321775918075361
"GO:0090181","regulation of cholesterol metabolic process",22,0.568087210061851,1.57858965754764,0.0316391930823455,0.40209332425391,0.40209332425391,2009,"tags=41%, list=20%, signal=33%","APOE/SCAP/SREBF1/SEC14L2/LDLRAP1/ACADVL/ERLIN2/PRKAA1/ARV1",0.321775918075361
"GO:1900744","regulation of p38MAPK cascade",22,0.56777248398177,1.57771510285572,0.0316391930823455,0.40209332425391,0.40209332425391,1,"tags=5%, list=0%, signal=5%","DSG3",0.321775918075361
"GO:0032963","collagen metabolic process",31,0.535249214187748,1.57425545456375,0.0150474415727364,0.283437929613492,0.283437929613492,1025,"tags=29%, list=10%, signal=26%","MMP24/MYB/PLOD1/CTSK/ADAMTS2/CST3/PLOD3/TRAM2/CIITA",0.380730400722792
"GO:0001763","morphogenesis of a branching structure",17,0.591098591647353,1.57353329722686,0.0394734418279532,0.435434435983495,0.435434435983495,798,"tags=35%, list=8%, signal=33%","MAGED1/ENG/MET/FGF2/GDNF/FGFR2",0.321775918075361
"GO:0015698","inorganic anion transport",45,0.489455771435333,1.57339465412108,0.0153820377678438,0.283437929613492,0.283437929613492,1829,"tags=33%, list=18%, signal=27%","GABRA2/KCNK2/SLC13A1/SLC26A6/OSTM1/MFSD8/NMUR1/SLC11A1/TTYH3/AQP6/CLCN3/CLCN7/P2RX5/XPR1/SLC26A4",0.380730400722792
"GO:0051445","regulation of meiotic cell cycle",23,-0.444588158389651,-1.57168644583693,0.0567567494844035,0.499236806726833,0.499236806726833,1687,"tags=43%, list=17%, signal=36%","CDC16/ANAPC4/YTHDC2/SIRT2/CDC27/DUSP1/ANAPC11/ANAPC15/CHFR/ANAPC7",0.321775918075361
"GO:0002027","regulation of heart rate",32,0.524607483537852,1.57081793897366,0.0276052786052845,0.37335677809013,0.37335677809013,392,"tags=16%, list=4%, signal=15%","PLN/PKP2/CAV1/RGS4/DSG2",0.352487857583619
"GO:0071385","cellular response to glucocorticoid stimulus",19,-0.46628952410289,-1.56997764968073,0.0314297343907644,0.40209332425391,0.40209332425391,1338,"tags=32%, list=13%, signal=27%","CBX3/GSTP1/ZFP36/PCK2/ZFP36L2/ANXA1",0.321775918075361
"GO:0006821","chloride transport",33,0.531888480655167,1.5686018115243,0.0122295103151257,0.260813761179603,0.260813761179603,1829,"tags=36%, list=18%, signal=30%","GABRA2/KCNK2/SLC26A6/OSTM1/MFSD8/NMUR1/TTYH3/AQP6/CLCN3/CLCN7/P2RX5/SLC26A4",0.380730400722792
"GO:0043922","host-mediated suppression of viral transcription",11,-0.560759081743461,-1.56821139714403,0.0696287286740217,0.532777244871519,0.532777244871519,2404,"tags=55%, list=24%, signal=42%","POU2F3/CCL3/CCL5/JUN/CCL4/BRD4",0.287805130535564
"GO:0044793","host-mediated suppression of viral proces",11,-0.560759081743461,-1.56821139714403,0.0696287286740217,0.532777244871519,0.532777244871519,2404,"tags=55%, list=24%, signal=42%","POU2F3/CCL3/CCL5/JUN/CCL4/BRD4",0.287805130535564
"GO:0090090","negative regulation of canonical Wnt signaling pathway",48,0.489745362286333,1.56729560532831,0.0122586079653974,0.260813761179603,0.260813761179603,2137,"tags=38%, list=21%, signal=30%","IGFBP4/APOE/CAV1/MAPK14/TLE4/ZNRF3/PPP2R3A/CDON/WWTR1/SIAH2/SCYL2/MCC/AMER1/APC/MAD2L2/MLLT3/TMEM170B/NPHP3",0.380730400722792
"GO:0071827","plasma lipoprotein particle organization",12,0.639149349606077,1.5663230914854,0.0432098780734216,0.446387761578602,0.446387761578602,1084,"tags=33%, list=11%, signal=30%","PLA2G7/APOE/ACSL3/NR1H2",0.321775918075361
"GO:0097006","regulation of plasma lipoprotein particle levels",30,0.528464510277173,1.56627713950682,0.0280896911990251,0.375043173495639,0.375043173495639,1084,"tags=20%, list=11%, signal=18%","MSR1/PLA2G7/APOE/LDLRAP1/ACSL3/NR1H2",0.352487857583619
"GO:1903670","regulation of sprouting angiogenesis",15,0.620767269798614,1.56596842716653,0.0224912919145462,0.335223263077491,0.335223263077491,928,"tags=33%, list=9%, signal=30%","RHOJ/DSG2/FGF2/PIK3CB/SEMA6A",0.352487857583619
"GO:0007600","sensory perception",129,0.426512149833343,1.56314958914417,0.00745798019551027,0.208909283351753,0.208909283351753,2060,"tags=35%, list=21%, signal=28%","TFAP2A/MMP24/KCNK2/SLC24A1/TRPM1/CCDC50/BBS7/TAS2R20/NMB/SERPINB6/PDZD7/RGR/VN1R2/TBL1X/TYR/BBS9/GNAL/GRM6/CDH23/OR11A1/BBS2/SCN9A/RP2/CABP5/TMC7/AIPL1/PDE6D/BBS5/NXNL2/WDR36/CNGB1/OPRM1/FAM161A/PPEF2/MYO9A/TMPRSS3/OPA1/GPR171/CHM/EYA3/SLC26A4/DCDC2/CRX/LRAT/SCN11A",0.407017918923954
"GO:0048260","positive regulation of receptor-mediated endocytosis",24,0.555560861260638,1.56259136123336,0.0211177046371121,0.329858546431691,0.329858546431691,1060,"tags=21%, list=11%, signal=19%","DGKD/PLCG2/LDLRAP1/SYK/CCR7",0.352487857583619
"GO:0014910","regulation of smooth muscle cell migration",21,-0.473636540045288,-1.5613790777286,0.0214435473454857,0.332596022164169,0.332596022164169,1230,"tags=33%, list=12%, signal=29%","SERPINE1/GSTP1/AIF1/S100A11/TRIB1/NR4A3/ITGA2",0.352487857583619
"GO:0015908","fatty acid transport",38,0.506280548008727,1.5613722428253,0.0241963505185497,0.343588177363406,0.343588177363406,3012,"tags=47%, list=30%, signal=33%","APOE/NMB/SLC27A2/ACSL1/ACSL3/SYK/GOT2/ABCD2/SLC2A1/SLC25A17/CPT1B/PPARA/CPT2/FABP2/PLA2G12A/SLC27A1/FIS1/RBP1",0.352487857583619
"GO:1901796","regulation of signal transduction by p53 class mediator",67,-0.348286230112552,-1.56068189351918,0.00578171158252643,0.191447450921865,0.191447450921865,1371,"tags=30%, list=14%, signal=26%","RPL37/EP300/RPS15/CD44/RPS7/TP53RK/SGK1/PPP1R15A/RPL26/RPS20/PSMD10/RPL23/USP7/BCL2/CDKN2A/HEXIM1/PDCD5/HIPK2/TAF9B/PMAIP1",0.407017918923954
"GO:0046638","positive regulation of alpha-beta T cell differentiation",28,-0.425226167404225,-1.56018733508166,0.0255740197384463,0.360529050825389,0.360529050825389,761,"tags=29%, list=8%, signal=26%","TNFSF4/NKAP/GPR65/NCKAP1L/NFKBIZ/BRD4/PNP/ANXA1",0.352487857583619
"GO:0071825","protein-lipid complex organization",14,0.622407254359235,1.55982732905904,0.0359116022099447,0.422065500186706,0.422065500186706,2140,"tags=50%, list=21%, signal=39%","PLA2G7/APOE/ACSL3/NR1H2/SNX9/ABCA7/BIN1",0.282013350011725
"GO:0045229","external encapsulating structure organization",62,0.471359486703185,1.55950880915082,0.0117703128233883,0.256839088938735,0.256839088938735,883,"tags=26%, list=9%, signal=24%","MMP24/HRNR/PLOD1/AEBP1/RB1/GDPD2/ENG/CTSK/ADAMTS2/ADAMTSL2/CST3/PLOD3/TGFBR1/FLOT1/FBLN1/P4HA1",0.380730400722792
"GO:0050994","regulation of lipid catabolic process",21,0.567893630227991,1.55917279557457,0.0332906530089629,0.410094637223975,0.410094637223975,3222,"tags=62%, list=32%, signal=42%","DAGLB/ABHD5/IRS1/BSCL2/ABCD2/ACACB/PPARA/PRKAA1/HCAR1/SCARB2/PLIN5/CLSTN3/AKT1",0.282013350011725
"GO:0007585","respiratory gaseous exchange by respiratory system",13,0.633949952671384,1.55868447215444,0.0278654692447232,0.374787831548247,0.374787831548247,729,"tags=38%, list=7%, signal=36%","HNMT/NMB/NEK10/PASK/ATP1A2",0.352487857583619
"GO:1902105","regulation of leukocyte differentiation",170,-0.293483039278881,-1.55774013245036,0.000316544221940385,0.031695004786595,0.031695004786595,1123,"tags=21%, list=11%, signal=19%","PSMA5/CORO1C/ADAM8/IRF7/SMARCB1/GPR137B/ARID1A/ZNF675/IFNG/IL4R/JUNB/TNFSF4/DDRGK1/NKAP/GPR65/ZFP36L2/CASP8/NEDD9/PRDM1/SMARCA2/NCKAP1L/CDKN2A/PSMB8/ZC3H12A/TRIB1/LGALS9/CDK6/NFKBIZ/BRD4/ZC3H8/LGALS1/PNP/PPP3CA/ANXA1/CCR1",0.49849310876659
"GO:0002716","negative regulation of natural killer cell mediated immunity",19,-0.461635950385868,-1.55430925837187,0.0357898831555612,0.422065500186706,0.422065500186706,2837,"tags=58%, list=28%, signal=42%","HLA-G/HAVCR2/SERPINB9/HLA-E/HLA-A/HLA-B/GRB2/HLA-F/MICA/LGALS9/KIR2DL4",0.321775918075361
"GO:0045953","negative regulation of natural killer cell mediated cytotoxicity",19,-0.461635950385868,-1.55430925837187,0.0357898831555612,0.422065500186706,0.422065500186706,2837,"tags=58%, list=28%, signal=42%","HLA-G/HAVCR2/SERPINB9/HLA-E/HLA-A/HLA-B/GRB2/HLA-F/MICA/LGALS9/KIR2DL4",0.321775918075361
"GO:0070849","response to epidermal growth factor",28,-0.422959822066151,-1.55187194067645,0.0268421247614773,0.369079215470313,0.369079215470313,2909,"tags=54%, list=29%, signal=38%","EEF1A1/SNX6/BECN1/TPR/CFLAR/GIT1/CFL1/PDPK1/DUSP22/GSTP1/IQGAP1/ZFP36/ZFP36L2/FOS/CAD",0.352487857583619
"GO:0050906","detection of stimulus involved in sensory perception",26,0.540330039493866,1.55146709411383,0.0382690568503551,0.430837824945565,0.430837824945565,1383,"tags=35%, list=14%, signal=30%","MMP24/KCNK2/TAS2R20/PDZD7/GRM6/OR11A1/SCN9A/CNGB1/PPEF2",0.321775918075361
"GO:0090205","positive regulation of cholesterol metabolic process",11,0.662276831187711,1.55023457387368,0.0353296341223944,0.422065500186706,0.422065500186706,764,"tags=36%, list=8%, signal=34%","APOE/SCAP/SREBF1/LDLRAP1",0.321775918075361
"GO:1904152","regulation of retrograde protein transport, ER to cytosol",10,-0.573983016378717,-1.55002083438579,0.0640348013992309,0.515651701102998,0.515651701102998,1222,"tags=40%, list=12%, signal=35%","BCAP31/UBE2J1/ERLEC1/SVIP",0.287805130535564
"GO:0033028","myeloid cell apoptotic process",16,-0.501727309553043,-1.54966368306296,0.0295692264890573,0.386180031571133,0.386180031571133,1429,"tags=50%, list=14%, signal=43%","PLEKHO2/MAEA/IRF7/ADAM17/IRF3/CDKN2A/CCR5/ANXA1",0.352487857583619
"GO:0030511","positive regulation of transforming growth factor beta receptor signaling pathway",16,-0.501681149804295,-1.54952111142117,0.0295692264890573,0.386180031571133,0.386180031571133,2024,"tags=50%, list=20%, signal=40%","TGFBR3/HSP90AB1/EP300/SLC2A10/CREBBP/SNW1/HIPK2/CITED2",0.352487857583619
"GO:1903846","positive regulation of cellular response to transforming growth factor beta stimulus",16,-0.501681149804295,-1.54952111142117,0.0295692264890573,0.386180031571133,0.386180031571133,2024,"tags=50%, list=20%, signal=40%","TGFBR3/HSP90AB1/EP300/SLC2A10/CREBBP/SNW1/HIPK2/CITED2",0.352487857583619
"GO:0010232","vascular transport",41,0.49777740859789,1.54922493837836,0.0132008785892179,0.269892308329299,0.269892308329299,2142,"tags=37%, list=21%, signal=29%","APOE/SLC7A2/ABCC5/ATP1A2/SLC16A1/SLC28A2/LEPR/SLC6A17/SLC2A1/SLC15A2/SLC6A20/SLC2A4/SLC5A3/SLC2A3/SLC16A12",0.380730400722792
"GO:0150104","transport across blood-brain barrier",41,0.49777740859789,1.54922493837836,0.0132008785892179,0.269892308329299,0.269892308329299,2142,"tags=37%, list=21%, signal=29%","APOE/SLC7A2/ABCC5/ATP1A2/SLC16A1/SLC28A2/LEPR/SLC6A17/SLC2A1/SLC15A2/SLC6A20/SLC2A4/SLC5A3/SLC2A3/SLC16A12",0.380730400722792
"GO:0071674","mononuclear cell migration",98,-0.315611135488851,-1.54712932652058,0.00263935037803452,0.144786777028375,0.144786777028375,1258,"tags=26%, list=13%, signal=23%","AKIRIN1/SERPINE1/DDT/CCL4/AIF1/CORO1C/ADAM8/PYCARD/ADAM17/TNFRSF14/DUSP1/CD81/WNK1/CXCL13/CXCR4/CKLF/GCSAML/NEDD9/KLRC4-KLRK1/LGALS3/LGALS9/CCR5/ANXA1/CD200R1/CCR1",0.431707695803346
"GO:0150116","regulation of cell-substrate junction organization",39,-0.397839307886744,-1.54666301056617,0.0107537915195341,0.242737317247288,0.242737317247288,2017,"tags=36%, list=20%, signal=29%","RHOA/CFL1/CLASP1/TLN1/ROCK2/LAMTOR2/DUSP22/IQSEC1/ITGB1BP1/CORO1C/SMAD3/PTEN/S100A10/MAP4K4",0.380730400722792
"GO:0010743","regulation of macrophage derived foam cell differentiation",13,0.62870643645147,1.5457923072808,0.0341530054644809,0.415475035323358,0.415475035323358,2347,"tags=38%, list=23%, signal=30%","MSR1/NR1H2/PPARA/IL18/ADIPOQ",0.287857117255149
"GO:1902414","protein localization to cell junction",49,0.478147057216404,1.54470553795307,0.0129375911994947,0.267308431926069,0.267308431926069,1007,"tags=14%, list=10%, signal=13%","DSG3/DSG2/MAP2K1/LSR/SACM1L/MPP7/ZDHHC12",0.380730400722792
"GO:0090200","positive regulation of release of cytochrome c from mitochondria",14,-0.518960258390456,-1.54182752925405,0.0317808030534133,0.40209332425391,0.40209332425391,2051,"tags=50%, list=20%, signal=40%","GZMK/TP53/TNFSF10/PYCARD/CASP1/BAX/PMAIP1",0.321775918075361
"GO:1903900","regulation of viral life cycle",86,-0.326693039688452,-1.54129055194664,0.00453283414023976,0.18590151986236,0.18590151986236,2371,"tags=47%, list=24%, signal=36%","NOTCH1/IFIT5/TMEM39A/IFITM2/FAM111A/BST2/APOBEC3D/OAS1/PPIA/APOBEC3H/CCL5/RNASEL/IL32/APOBEC3F/STAU1/TRIM38/FMR1/ZC3HAV1/N4BP1/VPS37B/ISG20/TRIM11/SRPK1/APOBEC3G/RAD23A/APOBEC3C/PLSCR1/ISG15/IFIH1/OASL/EIF2AK2/BCL2/TRIM25/OAS3/LGALS9/IFIT1/MX1/LGALS1/RSAD2/VAPB",0.407017918923954
"GO:0071243","cellular response to arsenic-containing substance",14,-0.518736991492608,-1.54116420476261,0.0323861335540141,0.402483486157019,0.402483486157019,476,"tags=21%, list=5%, signal=20%","DHX36/MKNK2/ZC3H12A",0.321775918075361
"GO:0043101","purine-containing compound salvage",14,-0.517554105268383,-1.5376498575366,0.0323861335540141,0.402483486157019,0.402483486157019,2522,"tags=57%, list=25%, signal=43%","NMRK1/MTAP/NAMPT/HPRT1/DCK/PGM2/AMPD2/PNP",0.321775918075361
"GO:0048644","muscle organ morphogenesis",12,0.627222911635435,1.53709572044279,0.0394366197183099,0.435434435983495,0.435434435983495,798,"tags=33%, list=8%, signal=31%","PKP2/ENG/TGFBR1/FGFR2",0.271288554688953
"GO:0060415","muscle tissue morphogenesis",12,0.627222911635435,1.53709572044279,0.0394366197183099,0.435434435983495,0.435434435983495,798,"tags=33%, list=8%, signal=31%","PKP2/ENG/TGFBR1/FGFR2",0.271288554688953
"GO:0001701","in utero embryonic development",35,0.507400903430838,1.53660824993052,0.0221518487491078,0.333203581081823,0.333203581081823,925,"tags=26%, list=9%, signal=23%","CHD7/TET1/WNT7B/BMP7/TGFBR1/FGFR2/HDAC3/STIL/TAF10",0.352487857583619
"GO:0086005","ventricular cardiac muscle cell action potential",15,0.609090548350455,1.53651233627667,0.039348710990502,0.435434435983495,0.435434435983495,2947,"tags=67%, list=29%, signal=47%","PKP2/CAV1/DSG2/RNF207/BIN1/GPD1L/SCN2B/DLG1/KCNE4/SCN3B",0.266350657088526
"GO:0150146","cell junction disassembly",13,-0.516891635956194,-1.53598649363458,0.046434370620579,0.459484381816355,0.459484381816355,1170,"tags=38%, list=12%, signal=34%","IQSEC1/PLXNC1/SARM1/ITGB1/MAP4K4",0.321775918075361
"GO:0042908","xenobiotic transport",19,0.566098366401468,1.53404792405846,0.033944918572001,0.41423408444895,0.41423408444895,2633,"tags=63%, list=26%, signal=47%","ABCC5/ABCB5/SLC28A2/RALBP1/SVOP/SLC2A1/SLC15A2/SLC31A1/PIM1/SLC47A1/ATP8B1/ABCB1",0.321775918075361
"GO:0042149","cellular response to glucose starvation",34,-0.392492619479964,-1.53204004955936,0.0198666468547679,0.319357191328385,0.319357191328385,386,"tags=15%, list=4%, signal=14%","PRKAG2/ZC3H12A/PRKAA2/PMAIP1/PLIN2",0.352487857583619
"GO:0007595","lactation",11,-0.547797958416479,-1.53196449186348,0.0823849084008658,0.561559841615777,0.561559841615777,1048,"tags=45%, list=10%, signal=41%","PRLR/NCOR2/OXTR/MTX1/CAD",0.287805130535564
"GO:0051290","protein heterotetramerization",11,-0.547789592647408,-1.53194109626486,0.0823849084008658,0.561559841615777,0.561559841615777,1528,"tags=45%, list=15%, signal=39%","RRM1/NUDT21/PKD2/FARSA/KRT10",0.287805130535564
"GO:0060211","regulation of nuclear-transcribed mRNA poly(A) tail shortening",12,-0.532264653573783,-1.53095107474605,0.0698545324901966,0.532777244871519,0.532777244871519,1393,"tags=42%, list=14%, signal=36%","TNRC6B/AGO2/ZFP36/TNRC6C/TOB1",0.287805130535564
"GO:0060213","positive regulation of nuclear-transcribed mRNA poly(A) tail shortening",12,-0.532264653573783,-1.53095107474605,0.0698545324901966,0.532777244871519,0.532777244871519,1393,"tags=42%, list=14%, signal=36%","TNRC6B/AGO2/ZFP36/TNRC6C/TOB1",0.287805130535564
"GO:0060541","respiratory system development",21,0.557344617181784,1.53021009325441,0.0384122919334187,0.430837824945565,0.430837824945565,2137,"tags=48%, list=21%, signal=38%","PHEX/CHD7/SREBF1/WNT7B/FGFR2/PDPN/CLDN18/BMPR2/CRISPLD2/NPHP3",0.261663521711573
"GO:0009582","detection of abiotic stimulus",34,0.501396318950938,1.52976293543621,0.0321384425216316,0.402483486157019,0.402483486157019,1281,"tags=32%, list=13%, signal=28%","MMP24/KCNK2/PDZD7/RGR/GRM6/PIEZO1/SCN9A/CABP5/NPFFR2/TIMELESS/CNGB1",0.282013350011725
"GO:1905952","regulation of lipid localization",64,0.459340831802897,1.529716298428,0.0134741667308998,0.273878172138927,0.273878172138927,1548,"tags=23%, list=15%, signal=20%","MSR1/MYB/APOE/CAV1/TMEM97/PRAP1/NMB/HILPDA/ACSL1/LDLRAP1/SYK/NR1H2/ACACB/IKBKE/PTPN2",0.380730400722792
"GO:0043374","CD8-positive, alpha-beta T cell differentiation",22,-0.440637158727402,-1.52950377337031,0.0545884825323161,0.490547076188682,0.490547076188682,3401,"tags=68%, list=34%, signal=45%","PSMA4/PSMB10/PSMA2/PSMB9/PSMA7/CBFB/PSMB2/PSMB4/PSMA3/TOX/RUNX3/SLC4A2/TNFSF8/PSMA5/NCKAP1L",0.321775918075361
"GO:0006995","cellular response to nitrogen starvation",10,-0.566359681137484,-1.52943428719844,0.0695077333355281,0.532777244871519,0.532777244871519,891,"tags=40%, list=9%, signal=36%","ATG5/MAP1LC3B2/GABARAPL1/MAP1LC3A",0.287805130535564
"GO:0043562","cellular response to nitrogen levels",10,-0.566359681137484,-1.52943428719844,0.0695077333355281,0.532777244871519,0.532777244871519,891,"tags=40%, list=9%, signal=36%","ATG5/MAP1LC3B2/GABARAPL1/MAP1LC3A",0.287805130535564
"GO:0140353","lipid export from cell",11,0.652643616314532,1.52768547952114,0.0434782608695652,0.446423556197628,0.446423556197628,304,"tags=18%, list=3%, signal=18%","MYB/NMB",0.261663521711573
"GO:0071357","cellular response to type I interferon",88,-0.323538495354915,-1.52713082027918,0.00619999829927858,0.194798827125167,0.194798827125167,2242,"tags=35%, list=22%, signal=28%","IFITM2/TANK/PSMA3/PSMB7/OAS1/SP100/RNF185/MUL1/PSMC4/PSMD2/PSMD3/ADRM1/PSME2/PSMD12/AZI2/ZBP1/PSMA5/PSMC5/IRF7/PSMB6/YTHDF2/ISG15/OASL/PSMD11/IRF3/TRAF3/PSMD14/OAS3/IFIT1/UBE2K/USP18",0.407017918923954
"GO:0006122","mitochondrial electron transport, ubiquinol to cytochrome c",10,-0.56499126244453,-1.52573892091805,0.0706023208646171,0.535562739242234,0.535562739242234,3004,"tags=80%, list=30%, signal=56%","CYCS/UQCRFS1/UQCRQ/UQCRH/CYC1/UQCRB/UQCR10/UQCR11",0.287805130535564
"GO:0046461","neutral lipid catabolic process",17,0.5725977379668,1.52428312186721,0.0359042553191489,0.422065500186706,0.422065500186706,3038,"tags=59%, list=30%, signal=41%","DGKD/DAGLB/ABHD5/PNPLA3/PNPLA5/LYPLA2/PNPLA1/FABP2/PLIN5/ABHD12",0.276500599254472
"GO:0046464","acylglycerol catabolic process",17,0.5725977379668,1.52428312186721,0.0359042553191489,0.422065500186706,0.422065500186706,3038,"tags=59%, list=30%, signal=41%","DGKD/DAGLB/ABHD5/PNPLA3/PNPLA5/LYPLA2/PNPLA1/FABP2/PLIN5/ABHD12",0.276500599254472
"GO:0141060","disruption of anatomical structure in another organism",30,-0.405196430702228,-1.52402041373665,0.0414439455743985,0.44584671317892,0.44584671317892,1746,"tags=40%, list=17%, signal=33%","GBP1/RPS19/RPL30/F2RL1/MICA/GZMA/CXCL13/USP7/GZMB/GBP3/LGALS3/GZMH",0.321775918075361
"GO:1901659","glycosyl compound biosynthetic process",16,-0.493373080088931,-1.52386033181217,0.0364620585321339,0.422347744780619,0.422347744780618,2416,"tags=56%, list=24%, signal=43%","MTAP/TK2/TYW1/TYW3/DNPH1/HPRT1/DTYMK/PGM2/PNP",0.321775918075361
"GO:0051932","synaptic transmission, GABAergic",11,0.650431890998261,1.52250834981988,0.0463768115942029,0.459484381816355,0.459484381816355,2820,"tags=73%, list=28%, signal=52%","GABRA2/KCNK2/ZDHHC12/USP46/ADRA1A/VPS54/ZDHHC3/CLN3",0.252961123069611
"GO:0030111","regulation of Wnt signaling pathway",135,0.419734253066358,1.52204511148524,0.00477917658133982,0.18590151986236,0.18590151986236,2139,"tags=32%, list=21%, signal=25%","IGFBP4/APOE/CAV1/PTK7/MAPK14/CCDC134/SOX4/TLE4/TMEM9/ZNRF3/TBL1X/AMER3/PPP2R3A/CCNYL1/CDON/FGFR2/DIXDC1/CDK14/NFATC1/NXN/WWTR1/SIAH2/SCYL2/C12orf43/GSKIP/MCC/CSNK1D/AMER1/NLK/APC/USP46/PSEN1/SEMA5A/WDR20/MAD2L2/PRDM15/MLLT3/DCDC2/PPM1A/SHISA2/TMEM170B/NPHP3/PCDH11Y",0.407017918923954
"GO:0045620","negative regulation of lymphocyte differentiation",39,-0.391446337531245,-1.52180933075002,0.0139343478664007,0.275889640110059,0.275889640110059,2695,"tags=51%, list=27%, signal=38%","CD69/CBFB/HMGB1/RC3H1/PSMB2/PSMB4/CTLA4/PSMA3/LAG3/ID2/RUNX3/SLC4A2/PSMA5/TNFSF4/CDKN2A/PSMB8/ZC3H12A/ZC3H8/LGALS1/ANXA1",0.380730400722792
"GO:0046635","positive regulation of alpha-beta T cell activation",38,-0.375422407292727,-1.52153321894815,0.0287311511384729,0.380322526087243,0.380322526087243,1535,"tags=39%, list=15%, signal=34%","RUNX3/HSPH1/EP300/CD55/CD81/RASAL3/TNFSF4/NKAP/GPR65/NCKAP1L/LGALS9/NFKBIZ/BRD4/PNP/ANXA1",0.352487857583619
"GO:0007369","gastrulation",37,-0.374378169428593,-1.51964977944962,0.021548474675425,0.332596022164169,0.332596022164169,960,"tags=24%, list=10%, signal=22%","DUSP1/WNK1/SETD2/KDM6B/DUSP4/MYADM/ITGB1/NR4A3/ITGA2",0.352487857583619
"GO:0051894","positive regulation of focal adhesion assembly",13,-0.51124651954614,-1.51921156063572,0.0570299887421499,0.500320307495195,0.500320307495195,1144,"tags=31%, list=11%, signal=27%","ITGB1BP1/SMAD3/S100A10/MAP4K4",0.321775918075361
"GO:0030595","leukocyte chemotaxis",90,-0.320502263682023,-1.51734716675901,0.0031276440475394,0.160703289547913,0.160703289547913,1258,"tags=28%, list=13%, signal=25%","AKIRIN1/SERPINE1/DDT/CCL4/F2RL1/AIF1/CORO1C/ADAM8/ADAM17/SBDS/DUSP1/WNK1/CCL4L1/CXCL13/CXCR4/CKLF/NEDD9/KLRC4-KLRK1/NCKAP1L/LGALS3/LGALS9/PDE4B/CCR5/ANXA1/CCR1",0.431707695803346
"GO:0022617","extracellular matrix disassembly",18,0.571796816750599,1.51458232133166,0.0415549597855228,0.44584671317892,0.44584671317892,2196,"tags=50%, list=22%, signal=39%","GDPD2/ENG/CTSK/CST3/FLOT1/KLK7/PDPN/MMP19/ADAMTS4",0.257206466468838
"GO:0042403","thyroid hormone metabolic process",10,0.655022906821809,1.51427634958241,0.0443490701001431,0.45099770505484,0.45099770505484,1918,"tags=50%, list=19%, signal=40%","SULT1A1/CTSK/SULT1A3/SULT1A4/DIO2",0.257206466468838
"GO:0010803","regulation of tumor necrosis factor-mediated signaling pathway",40,-0.383412641489066,-1.51362173272588,0.0162790031831871,0.291603245093328,0.291603245093328,1202,"tags=32%, list=12%, signal=29%","GSTP1/F2RL1/MAPKAPK2/PYCARD/ADAM17/CASP1/ZNF675/TRIM27/MIB2/CASP8/USP7/CARD16/UBE2K",0.352487857583619
"GO:0071218","cellular response to misfolded protein",14,0.603912729380409,1.51347782831352,0.0511049723756906,0.488858582200055,0.488858582200055,531,"tags=21%, list=5%, signal=20%","CAV1/RNF126/STUB1",0.234392647294686
"GO:0009309","amine biosynthetic process",14,-0.509120527390389,-1.51259375288857,0.0372287880687981,0.425083091838177,0.425083091838177,846,"tags=36%, list=8%, signal=33%","GCH1/SAT1/ASMT/DBH/AMD1",0.321775918075361
"GO:0042401","biogenic amine biosynthetic process",14,-0.509120527390389,-1.51259375288857,0.0372287880687981,0.425083091838177,0.425083091838177,846,"tags=36%, list=8%, signal=33%","GCH1/SAT1/ASMT/DBH/AMD1",0.321775918075361
"GO:0045824","negative regulation of innate immune response",63,-0.329333112484297,-1.51227049703701,0.020397634092381,0.321180488430435,0.321180488430435,2101,"tags=33%, list=21%, signal=27%","HLA-B/OAS1/GRB2/MUL1/USP15/RPS19/TNFAIP3/HLA-F/ATG12/PARP14/CEP63/ATG5/MICA/YTHDF2/ISG15/OAS3/LGALS9/TREX1/NMI/KIR2DL4/USP18",0.352487857583619
"GO:0060391","positive regulation of SMAD protein signal transduction",14,0.602637961664922,1.51028310732193,0.0538674033149171,0.490547076188682,0.490547076188682,2002,"tags=50%, list=20%, signal=40%","ENG/BMP7/TGFBR1/NUP93/JAK2/SH2B1/BMPR2",0.227987202850442
"GO:2001244","positive regulation of intrinsic apoptotic signaling pathway",29,-0.405714938766368,-1.51025578153925,0.0363977184294851,0.422347744780619,0.422347744780618,1954,"tags=45%, list=19%, signal=36%","TP53/EIF5A/NCK2/SOD1/TAF6/RPS7/BCAP31/SFPQ/RPL26/BAX/DDIT3/PDCD5/PMAIP1",0.321775918075361
"GO:0036336","dendritic cell migration",16,-0.488669990321086,-1.50933409958872,0.0377085947860403,0.429306305071392,0.429306305071392,673,"tags=25%, list=7%, signal=23%","CXCR4/LGALS9/CCR5/CCR1",0.321775918075361
"GO:0006778","porphyrin-containing compound metabolic process",26,-0.429748656901929,-1.50922050049931,0.0368799211344598,0.423576741264899,0.423576741264899,986,"tags=31%, list=10%, signal=28%","ALAS1/COX10/TSPO/SUCLA2/HMOX2/SLC25A39/SLC46A1/BLVRA",0.321775918075361
"GO:0002861","regulation of inflammatory response to antigenic stimulus",20,0.565114955659959,1.50747343971651,0.0411140583554377,0.44584671317892,0.44584671317892,1289,"tags=35%, list=13%, signal=31%","MAPK14/FCGR2B/MKRN2/YES1/SYK/CCR7/PRKAR2A",0.257206466468838
"GO:0070306","lens fiber cell differentiation",12,0.614672139006694,1.50633833174092,0.047887323943662,0.465174129353234,0.465174129353234,1436,"tags=42%, list=14%, signal=36%","SPRY2/WNT7B/FGF2/ABI2/SPRED1",0.245041785430996
"GO:0031099","regeneration",56,-0.340839585969359,-1.50545620062326,0.0274705674106961,0.37335677809013,0.37335677809013,1614,"tags=27%, list=16%, signal=23%","CTNNA1/NACA/RPS15/AKIRIN1/CDKN1B/GSTP1/MAPK8IP3/CD81/TSPO/STK24/CERS2/CAD/NINJ2/PPP3CA/ANXA1",0.352487857583619
"GO:0035020","regulation of Rac protein signal transduction",18,0.568028938270853,1.50460191926021,0.0428954423592493,0.44584671317892,0.44584671317892,1060,"tags=33%, list=11%, signal=30%","STMN3/FNTA/SOS1/PIK3CB/KBTBD6/CCR7",0.252961123069611
"GO:0071887","leukocyte apoptotic process",52,-0.351491994717893,-1.50367747563674,0.0122678760740003,0.260813761179603,0.260813761179603,1429,"tags=35%, list=14%, signal=30%","PLEKHO2/CASP7/LMBR1L/ADAM8/IRF7/ADAM17/ORMDL3/TSC22D3/IRF3/CDKN2A/LGALS3/FASLG/BAX/LGALS9/NFKBIZ/ZC3H8/CCR5/ANXA1",0.380730400722792
"GO:0060688","regulation of morphogenesis of a branching structure",10,0.65041117470189,1.50361498673987,0.0472103004291846,0.462045672120215,0.462045672120215,798,"tags=40%, list=8%, signal=37%","MAGED1/FGF2/GDNF/FGFR2",0.248911114434702
"GO:0035107","appendage morphogenesis",19,0.554726240353392,1.50323104241459,0.0417209908735332,0.44584671317892,0.44584671317892,798,"tags=16%, list=8%, signal=15%","TFAP2A/NFIA/FGFR2",0.252961123069611
"GO:0035108","limb morphogenesis",19,0.554726240353392,1.50323104241459,0.0417209908735332,0.44584671317892,0.44584671317892,798,"tags=16%, list=8%, signal=15%","TFAP2A/NFIA/FGFR2",0.252961123069611
"GO:0141198","protein branched polyubiquitination",19,-0.446445329844339,-1.503163063782,0.0469052494553063,0.460213565635606,0.460213565635606,2540,"tags=53%, list=25%, signal=39%","ITCH/UBR5/ANAPC16/CDC16/ANAPC4/HUWE1/CDC27/ANAPC11/ANAPC15/ANAPC7",0.321775918075361
"GO:0003203","endocardial cushion morphogenesis",12,0.613226630585082,1.50279591521323,0.0492957746478873,0.475308641975309,0.475308641975309,1460,"tags=42%, list=15%, signal=36%","ENG/BMP7/TGFBR1/NOS3/APC",0.241339976815091
"GO:0071103","DNA conformation change",14,0.599381745913586,1.5021226395853,0.0538674033149171,0.490547076188682,0.490547076188682,1641,"tags=36%, list=16%, signal=30%","TOP2A/BLM/TOP1MT/HMGB3/WRN",0.227987202850442
"GO:0098656","monoatomic anion transmembrane transport",42,0.476963929196051,1.50187916889377,0.0324666576541514,0.402483486157019,0.402483486157019,1829,"tags=31%, list=18%, signal=25%","GABRA2/KCNK2/SLC13A1/SLC26A6/MFSD8/TTYH3/AQP6/GOPC/CLCN3/CLCN7/P2RX5/LRRC8B/SLC26A4",0.321775918075361
"GO:0055008","cardiac muscle tissue morphogenesis",11,0.641546096493583,1.50170879107224,0.0550724637681159,0.492123503465658,0.492123503465658,798,"tags=36%, list=8%, signal=34%","PKP2/ENG/TGFBR1/FGFR2",0.231126709673834
"GO:0007549","sex-chromosome dosage compensation",17,0.562197905648995,1.49659826071395,0.0465425531914894,0.459484381816355,0.459484381816355,907,"tags=24%, list=9%, signal=21%","RBM15B/METTL3/HDAC3/CIZ1",0.241339976815091
"GO:0048705","skeletal system morphogenesis",22,0.538372066381577,1.49601779594717,0.0447368421052632,0.453616750067479,0.453616750067479,1117,"tags=27%, list=11%, signal=24%","TFAP2A/MAPK14/TGFBR1/FGFR1/FGFR2/MTHFD1",0.245041785430996
"GO:0070098","chemokine-mediated signaling pathway",35,-0.388664885712829,-1.49453923224605,0.0300692517183175,0.391401426533433,0.391401426533433,1141,"tags=23%, list=11%, signal=20%","CCL4/WNK1/CCL4L1/CXCL13/CXCR4/CXCR6/CCR5/CCR1",0.352487857583619
"GO:0061326","renal tubule development",16,0.580356096349664,1.49433725569775,0.0546448087431694,0.490547076188682,0.490547076188682,1148,"tags=38%, list=11%, signal=33%","MAGED1/WNT7B/FGF2/GDNF/CD24/KLHL3",0.224966093540314
"GO:0072080","nephron tubule development",16,0.580356096349664,1.49433725569775,0.0546448087431694,0.490547076188682,0.490547076188682,1148,"tags=38%, list=11%, signal=33%","MAGED1/WNT7B/FGF2/GDNF/CD24/KLHL3",0.224966093540314
"GO:0002685","regulation of leukocyte migration",95,-0.311965400397673,-1.49420437633173,0.00491669899940251,0.18590151986236,0.18590151986236,1258,"tags=25%, list=13%, signal=22%","AKIRIN1/SERPINE1/DDT/CCL4/F2RL1/AIF1/ADAM8/PYCARD/ADAM17/TNFRSF14/DUSP1/CD81/WNK1/CXCL13/GCSAML/NEDD9/KLRC4-KLRK1/NCKAP1L/LGALS3/LGALS9/ITGA2/ANXA1/CD200R1/CCR1",0.407017918923954
"GO:0098703","calcium ion import across plasma membrane",17,0.561212088396733,1.49397396707947,0.0478723404255319,0.465174129353234,0.465174129353234,741,"tags=24%, list=7%, signal=22%","MS4A1/SLC24A1/TRPM1/GRM6",0.237793834423688
"GO:1902656","calcium ion import into cytosol",17,0.561212088396733,1.49397396707947,0.0478723404255319,0.465174129353234,0.465174129353234,741,"tags=24%, list=7%, signal=22%","MS4A1/SLC24A1/TRPM1/GRM6",0.237793834423688
"GO:0033235","positive regulation of protein sumoylation",11,-0.534179669145531,-1.49387976503587,0.0972671527878554,0.61830232951934,0.61830232951934,763,"tags=27%, list=8%, signal=25%","SAE1/CDKN2A/UBA2",0.287805130535564
"GO:0007565","female pregnancy",46,-0.3644439052302,-1.49385457403409,0.0194962868331079,0.319357191328385,0.319357191328385,1048,"tags=26%, list=10%, signal=23%","PRLR/ADCY7/SPHK2/SMAD3/SMURF2/OXTR/BCL2/FOS/FOSB/LGALS9/CAD/ITGA2",0.352487857583619
"GO:0090208","positive regulation of triglyceride metabolic process",12,0.609545910879874,1.49377580704742,0.0507042253521127,0.486486486486487,0.486486486486487,2841,"tags=58%, list=28%, signal=42%","DAGLB/SREBF1/ABHD5/NR1H2/KAT5/PLIN5/SLC27A1",0.237793834423688
"GO:0007160","cell-matrix adhesion",98,-0.304576285969221,-1.4930363703924,0.00511853933371572,0.18590151986236,0.18590151986236,1516,"tags=28%, list=15%, signal=24%","TLN1/CD3E/ROCK2/PIP5K1A/SKAP1/FREM2/CD44/DUSP22/SERPINE1/ITGB1BP1/CORO1C/SMAD3/RASA1/FERMT3/ITGAD/VCAM1/MINK1/CDKN2A/PTEN/S100A10/CASK/ITGA1/CDK6/ITGB1/ITGAE/ITGA2/MAP4K4",0.407017918923954
"GO:0007423","sensory organ development",112,0.419877195537499,1.49270497727215,0.00424080534872445,0.18590151986236,0.18590151986236,3188,"tags=45%, list=32%, signal=31%","TYRP1/TFAP2A/PMEL/CHD7/KCNK2/SOX4/SPRY2/WNT7B/PDZD7/TTLL5/FGF2/BMP7/PPP2R3A/ABCB5/AGTPBP1/FGFR2/PBX3/DTNB/SLC44A4/ABI2/FLT1/SPRED1/PSEN1/RDH13/NF1/SNTB1/BMPR2/PBX4/PER2/AP3D1/MFAP5/WDPCP/CLDN19/SMARCA4/MYO6/ATP8B1/BLOC1S6/NRP1/FZD4/MAF/ATF6/RAB37/SMG9/PI4KB/SPRED3/SIX4/RAB18/HIPK1/DAG1/PDE6A",0.407017918923954
"GO:0042339","keratan sulfate proteoglycan metabolic process",12,0.60887951561989,1.49214271411787,0.0507042253521127,0.486486486486487,0.486486486486487,148,"tags=17%, list=1%, signal=16%","CHST3/B3GNT7",0.237793834423688
"GO:0009048","dosage compensation by inactivation of X chromosome",16,0.57935395739409,1.49175688549725,0.0546448087431694,0.490547076188682,0.490547076188682,907,"tags=25%, list=9%, signal=23%","RBM15B/METTL3/HDAC3/CIZ1",0.224966093540314
"GO:0060043","regulation of cardiac muscle cell proliferation",10,0.645272121722296,1.49173456804733,0.0486409155937053,0.470439493479064,0.470439493479064,798,"tags=40%, list=8%, signal=37%","KCNK2/FGF2/TGFBR1/FGFR2",0.245041785430996
"GO:0002756","MyD88-independent toll-like receptor signaling pathway",10,-0.55221796444583,-1.49124508145445,0.0858085808580858,0.576734093374914,0.576734093374914,1090,"tags=40%, list=11%, signal=36%","IRF7/SARM1/IRF3/TRAF3",0.282013350011725
"GO:0051893","regulation of focal adhesion assembly",34,-0.38203005279422,-1.49120088370452,0.0263241777781915,0.367128265085135,0.367128265085135,2017,"tags=35%, list=20%, signal=28%","RHOA/CFL1/CLASP1/TLN1/ROCK2/DUSP22/ITGB1BP1/CORO1C/SMAD3/PTEN/S100A10/MAP4K4",0.352487857583619
"GO:0090109","regulation of cell-substrate junction assembly",34,-0.38203005279422,-1.49120088370452,0.0263241777781915,0.367128265085135,0.367128265085135,2017,"tags=35%, list=20%, signal=28%","RHOA/CFL1/CLASP1/TLN1/ROCK2/DUSP22/ITGB1BP1/CORO1C/SMAD3/PTEN/S100A10/MAP4K4",0.352487857583619
"GO:0003197","endocardial cushion development",14,0.594930594161819,1.4909675187226,0.0580110497237569,0.500738067902247,0.500738067902247,2002,"tags=50%, list=20%, signal=40%","ENG/BMP7/TGFBR1/NOS3/APC/CRELD1/BMPR2",0.219250346703755
"GO:0045069","regulation of viral genome replication",64,-0.337026087456477,-1.49021622312105,0.00926089789128177,0.227445322424247,0.227445322424247,2371,"tags=50%, list=24%, signal=38%","NOTCH1/IFIT5/TMEM39A/IFITM2/FAM111A/BST2/APOBEC3D/OAS1/PPIA/APOBEC3H/CCL5/RNASEL/APOBEC3F/STAU1/ZC3HAV1/N4BP1/ISG20/SRPK1/APOBEC3G/RAD23A/APOBEC3C/PLSCR1/ISG15/IFIH1/OASL/EIF2AK2/BCL2/OAS3/IFIT1/MX1/RSAD2/VAPB",0.380730400722792
"GO:0060038","cardiac muscle cell proliferation",11,0.634947518440143,1.48626306904917,0.0579710144927536,0.500738067902247,0.500738067902247,798,"tags=36%, list=8%, signal=34%","KCNK2/FGF2/TGFBR1/FGFR2",0.224966093540314
"GO:0045665","negative regulation of neuron differentiation",15,0.589104765468367,1.4860955270984,0.0515603799185889,0.489848011902331,0.489848011902331,833,"tags=27%, list=8%, signal=24%","EIF2AK4/CNTN4/BMP7/DIXDC1",0.231126709673834
"GO:1902041","regulation of extrinsic apoptotic signaling pathway via death domain receptors",27,-0.406427619647044,-1.48513708093083,0.0430410560191159,0.44584671317892,0.44584671317892,1963,"tags=48%, list=20%, signal=39%","PARK7/SP100/HMOX1/PEA15/TNFAIP3/STX4/GPX1/SERPINE1/BCL2L1/TMBIM1/LGALS3/PMAIP1/ATF3",0.321775918075361
"GO:0005979","regulation of glycogen biosynthetic process",14,0.592551147962094,1.48500434078025,0.0580110497237569,0.500738067902247,0.500738067902247,1157,"tags=36%, list=12%, signal=32%","PASK/SORBS1/IRS1/PPP1R3E/PPP1R3B",0.219250346703755
"GO:0010962","regulation of glucan biosynthetic process",14,0.592551147962094,1.48500434078025,0.0580110497237569,0.500738067902247,0.500738067902247,1157,"tags=36%, list=12%, signal=32%","PASK/SORBS1/IRS1/PPP1R3E/PPP1R3B",0.219250346703755
"GO:0140131","positive regulation of lymphocyte chemotaxis",12,-0.51493159691066,-1.48109606079975,0.0789411122762531,0.559464688636603,0.559464688636603,2240,"tags=58%, list=22%, signal=45%","CCL3/CCL5/CCL4/ADAM17/WNK1/CXCL13/NEDD9",0.287805130535564
"GO:0009648","photoperiodism",19,-0.439517854674082,-1.47983853980316,0.0512018335774193,0.488858582200055,0.488858582200055,247,"tags=21%, list=2%, signal=21%","CRTC1/PER1/CLOCK/SIK1",0.321775918075361
"GO:0042311","vasodilation",13,-0.497958196983715,-1.47972420475853,0.0681761755785924,0.532455931268807,0.532455931268807,1719,"tags=38%, list=17%, signal=32%","SOD1/SOD2/F2RL1/ADORA2A/ITGA1",0.287805130535564
"GO:0044273","sulfur compound catabolic process",15,-0.469528075532184,-1.47940594433709,0.0600111232200033,0.506771475449346,0.506771475449346,1940,"tags=47%, list=19%, signal=38%","TXN2/ACAT1/MTRR/SUCLA2/DPEP2/NUDT7/BLMH",0.321775918075361
"GO:0032722","positive regulation of chemokine production",31,-0.394311424652596,-1.47932816893116,0.051888384200823,0.489848011902331,0.489848011902331,1132,"tags=35%, list=11%, signal=32%","F2RL1/AIF1/PYCARD/ADAM17/IFNG/IL4R/TNFSF4/EIF2AK2/EGR1/OAS3/LGALS9",0.321775918075361
"GO:0048880","sensory system development",83,0.42851319440592,1.47777458320073,0.0178064855986175,0.304328133312867,0.304328133312867,3188,"tags=48%, list=32%, signal=33%","TYRP1/TFAP2A/PMEL/CHD7/SOX4/SPRY2/WNT7B/TTLL5/FGF2/BMP7/PPP2R3A/ABCB5/AGTPBP1/PBX3/DTNB/SLC44A4/ABI2/FLT1/SPRED1/PSEN1/RDH13/NF1/SNTB1/BMPR2/PBX4/PER2/MFAP5/CLDN19/SMARCA4/NRP1/FZD4/MAF/ATF6/RAB37/SMG9/SPRED3/RAB18/HIPK1/DAG1/PDE6A",0.352487857583619
"GO:0061982","meiosis I cell cycle process",44,0.465228475042017,1.47596876673837,0.0451843043995244,0.453616750067479,0.453616750067479,3827,"tags=52%, list=38%, signal=32%","TOP2A/M1AP/SUN1/FOXJ2/RNF212/BRIP1/RAD51C/TEX11/SFR1/BRDT/FOXJ3/ATM/PMS2/FANCM/ERCC4/SIRT7/REC8/ANKLE1/DMC1/RAD51/BAG6/RMI1/MLH1",0.231126709673834
"GO:1905332","positive regulation of morphogenesis of an epithelium",10,0.637919626042374,1.47473713146525,0.0529327610872675,0.490547076188682,0.490547076188682,1583,"tags=50%, list=16%, signal=42%","MAGED1/FGF2/GDNF/ITGAX/MMRN2",0.234392647294686
"GO:0043403","skeletal muscle tissue regeneration",11,-0.52720757955138,-1.47438171191569,0.092948717948718,0.597964981202214,0.597964981202214,1480,"tags=45%, list=15%, signal=39%","NACA/AKIRIN1/CD81/PPP3CA/ANXA1",0.266350657088526
"GO:0002931","response to ischemia",24,0.524198925469386,1.47438160177017,0.0429128738621586,0.44584671317892,0.44584671317892,692,"tags=21%, list=7%, signal=19%","MYB/CASP9/STUB1/SOS1/PIK3CB",0.248911114434702
"GO:0090330","regulation of platelet aggregation",12,0.601528913833463,1.47412905686939,0.0605633802816901,0.508602150537634,0.508602150537634,2632,"tags=58%, list=26%, signal=43%","SYK/PDPN/GP6/JAK2/F11R/TMX1/SH2B3",0.216542836735348
"GO:0042445","hormone metabolic process",75,0.431682444328213,1.47374543006698,0.0194554094383836,0.319357191328385,0.319357191328385,2135,"tags=33%, list=21%, signal=26%","SULT1A1/PLA2G7/CYP3A5/HSD17B12/SLC30A8/CTSK/STUB1/PRCP/SULT1E1/UGT2B15/HSD17B4/ALDH8A1/MC2R/AKR1D1/SULT1A3/SULT1A4/RDH13/ARNT/HIF1A/DIO2/RDH14/SRD5A3/LRAT/CYP3A4/ADH4",0.352487857583619
"GO:0045333","cellular respiration",184,-0.281152164496443,-1.4725689468195,0.000705807149207495,0.0530034022626013,0.0530034022626013,2017,"tags=33%, list=20%, signal=27%","RHOA/SLC25A13/MTOR/PARK7/NDUFA5/NDUFB8/NDUFC2/NDUFA8/COX7C/COX6C/NDUFA13/NDUFB5/UQCRH/COX6B1/NDUFA2/PLEC/COX7A2/DLD/COX8A/NDUFA6/COX4I1/NDUFS7/EP300/ETFA/NDUFA12/PFKFB3/CHCHD5/CYC1/NDUFB7/NDUFV2/NDUFS4/UQCRB/IL10RB/NDUFAB1/NDUFA3/IFNG/C2orf69/BLOC1S1/COX5A/ZBTB7A/COX7B/COX7A2L/SUCLA2/NDUFB2/UQCR10/NDUFA1/UQCR11/ISCU/COX6A1/PRKAG2/BPGM/NDUFB4/NDUFS8/HIGD2A/NDUFB1/DLST/NDUFB6/NR4A3/NDUFB9/PRKAA2",0.477270815362862
"GO:0071677","positive regulation of mononuclear cell migration",47,-0.348506213042872,-1.47232631706034,0.014636903888442,0.27881516919203,0.27881516919203,1258,"tags=30%, list=13%, signal=26%","AKIRIN1/SERPINE1/CCL4/AIF1/ADAM8/PYCARD/ADAM17/TNFRSF14/WNK1/CXCL13/NEDD9/LGALS3/LGALS9/CCR1",0.380730400722792
"GO:0086002","cardiac muscle cell action potential involved in contraction",23,0.538905207056102,1.47226037197848,0.0455696202531646,0.455113470814853,0.455113470814853,3764,"tags=74%, list=37%, signal=46%","PKP2/CAV1/DSG2/SCN9A/RNF207/SCN11A/BIN1/GPD1L/SCN2B/DLG1/KCNE4/SCN3B/GJC1/KCNJ2/KCNJ5/NEDD4L/ATP1A1",0.237793834423688
"GO:0007127","meiosis I",40,0.472415589705922,1.47136887846199,0.0396158463385354,0.43577430972389,0.43577430972389,2619,"tags=35%, list=26%, signal=26%","TOP2A/M1AP/SUN1/FOXJ2/RNF212/BRIP1/RAD51C/TEX11/SFR1/BRDT/FOXJ3/ATM/FANCM/ERCC4",0.248911114434702
"GO:0060828","regulation of canonical Wnt signaling pathway",110,0.413095071286782,1.47058322833653,0.00985137174947955,0.23317251570367,0.23317251570367,2137,"tags=31%, list=21%, signal=25%","IGFBP4/APOE/CAV1/PTK7/MAPK14/SOX4/TLE4/TMEM9/ZNRF3/TBL1X/AMER3/PPP2R3A/CCNYL1/CDON/FGFR2/CDK14/WWTR1/SIAH2/SCYL2/GSKIP/MCC/CSNK1D/AMER1/APC/USP46/PSEN1/SEMA5A/WDR20/MAD2L2/PRDM15/MLLT3/PPM1A/TMEM170B/NPHP3",0.380730400722792
"GO:0072089","stem cell proliferation",25,0.529651587942209,1.47036608752289,0.0401554404145078,0.44046908656925,0.44046908656925,2682,"tags=60%, list=27%, signal=44%","MECOM/DSG2/WNT7B/ZNRF3/FGF2/TGFBR1/FBLN1/AGO3/LTBP3/ARIH2/PIM1/TSC22D1/KAT7/ABCB1/NANOG",0.257206466468838
"GO:0060070","canonical Wnt signaling pathway",125,0.40569433249772,1.46985789434558,0.00932952824588055,0.227698798751022,0.227698798751022,2137,"tags=30%, list=21%, signal=24%","IGFBP4/APOE/CAV1/PTK7/MAPK14/SOX4/TLE4/TMEM9/WNT7B/ZNRF3/TBL1X/AMER3/TCF7/PPP2R3A/CCNYL1/CDON/FGFR2/DIXDC1/CDK14/WWTR1/SIAH2/SCYL2/GSKIP/MCC/CSNK1D/AMER1/APC/USP46/PSEN1/FZD2/SEMA5A/WDR20/MAD2L2/PRDM15/MLLT3/PPM1A/TMEM170B/NPHP3",0.380730400722792
"GO:0001654","eye development",82,0.424231771694963,1.46952155189469,0.022000227702651,0.333203581081823,0.333203581081823,3188,"tags=48%, list=32%, signal=33%","TYRP1/TFAP2A/PMEL/CHD7/SOX4/SPRY2/WNT7B/TTLL5/FGF2/BMP7/PPP2R3A/ABCB5/AGTPBP1/PBX3/DTNB/ABI2/FLT1/SPRED1/PSEN1/RDH13/NF1/SNTB1/BMPR2/PBX4/PER2/MFAP5/CLDN19/SMARCA4/NRP1/FZD4/MAF/ATF6/RAB37/SMG9/SPRED3/RAB18/HIPK1/DAG1/PDE6A",0.352487857583619
"GO:0150063","visual system development",82,0.424231771694963,1.46952155189469,0.022000227702651,0.333203581081823,0.333203581081823,3188,"tags=48%, list=32%, signal=33%","TYRP1/TFAP2A/PMEL/CHD7/SOX4/SPRY2/WNT7B/TTLL5/FGF2/BMP7/PPP2R3A/ABCB5/AGTPBP1/PBX3/DTNB/ABI2/FLT1/SPRED1/PSEN1/RDH13/NF1/SNTB1/BMPR2/PBX4/PER2/MFAP5/CLDN19/SMARCA4/NRP1/FZD4/MAF/ATF6/RAB37/SMG9/SPRED3/RAB18/HIPK1/DAG1/PDE6A",0.352487857583619
"GO:0010742","macrophage derived foam cell differentiation",14,0.586272137909547,1.46926838749435,0.0649171270718232,0.515651701102998,0.515651701102998,2347,"tags=36%, list=23%, signal=27%","MSR1/NR1H2/PPARA/IL18/ADIPOQ",0.206587922696891
"GO:0032373","positive regulation of sterol transport",14,0.58608659912524,1.46880340501811,0.0649171270718232,0.515651701102998,0.515651701102998,1084,"tags=29%, list=11%, signal=26%","APOE/CAV1/LDLRAP1/NR1H2",0.206587922696891
"GO:0032376","positive regulation of cholesterol transport",14,0.58608659912524,1.46880340501811,0.0649171270718232,0.515651701102998,0.515651701102998,1084,"tags=29%, list=11%, signal=26%","APOE/CAV1/LDLRAP1/NR1H2",0.206587922696891
"GO:0044703","multi-organism reproductive process",48,-0.346662597416609,-1.46787070298508,0.0200078095542324,0.319357191328385,0.319357191328385,1048,"tags=25%, list=10%, signal=22%","PRLR/ADCY7/SPHK2/SMAD3/SMURF2/OXTR/BCL2/FOS/FOSB/LGALS9/CAD/ITGA2",0.352487857583619
"GO:0044706","multi-multicellular organism process",48,-0.346662597416609,-1.46787070298508,0.0200078095542324,0.319357191328385,0.319357191328385,1048,"tags=25%, list=10%, signal=22%","PRLR/ADCY7/SPHK2/SMAD3/SMURF2/OXTR/BCL2/FOS/FOSB/LGALS9/CAD/ITGA2",0.352487857583619
"GO:0150077","regulation of neuroinflammatory response",19,-0.435933750455608,-1.46777100830981,0.0533501279470482,0.490547076188682,0.490547076188682,13,"tags=11%, list=0%, signal=11%","CD200R1/CCR1",0.321775918075361
"GO:0032401","establishment of melanosome localization",15,0.58164909055875,1.46728759040504,0.0583446404341927,0.500738067902247,0.500738067902247,1245,"tags=40%, list=12%, signal=35%","MLPH/BBS7/MAP2K1/BBS2/BBS5/MYO5A",0.216542836735348
"GO:0032402","melanosome transport",15,0.58164909055875,1.46728759040504,0.0583446404341927,0.500738067902247,0.500738067902247,1245,"tags=40%, list=12%, signal=35%","MLPH/BBS7/MAP2K1/BBS2/BBS5/MYO5A",0.216542836735348
"GO:0051904","pigment granule transport",15,0.58164909055875,1.46728759040504,0.0583446404341927,0.500738067902247,0.500738067902247,1245,"tags=40%, list=12%, signal=35%","MLPH/BBS7/MAP2K1/BBS2/BBS5/MYO5A",0.216542836735348
"GO:0051905","establishment of pigment granule localization",15,0.58164909055875,1.46728759040504,0.0583446404341927,0.500738067902247,0.500738067902247,1245,"tags=40%, list=12%, signal=35%","MLPH/BBS7/MAP2K1/BBS2/BBS5/MYO5A",0.216542836735348
"GO:0014911","positive regulation of smooth muscle cell migration",13,-0.493709347216713,-1.46709839423729,0.0925925925925926,0.597964981202214,0.597964981202214,1113,"tags=31%, list=11%, signal=27%","AIF1/S100A11/NR4A3/ITGA2",0.287857117255149
"GO:0030198","extracellular matrix organization",61,0.441936250128903,1.46633162004444,0.0385050962627407,0.430837824945565,0.430837824945565,883,"tags=25%, list=9%, signal=23%","MMP24/PLOD1/AEBP1/RB1/GDPD2/ENG/CTSK/ADAMTS2/ADAMTSL2/CST3/PLOD3/TGFBR1/FLOT1/FBLN1/P4HA1",0.245041785430996
"GO:0043062","extracellular structure organization",61,0.441936250128903,1.46633162004444,0.0385050962627407,0.430837824945565,0.430837824945565,883,"tags=25%, list=9%, signal=23%","MMP24/PLOD1/AEBP1/RB1/GDPD2/ENG/CTSK/ADAMTS2/ADAMTSL2/CST3/PLOD3/TGFBR1/FLOT1/FBLN1/P4HA1",0.245041785430996
"GO:0040001","establishment of mitotic spindle localization",21,-0.44435134563316,-1.46483819463301,0.0422620323807609,0.44584671317892,0.44584671317892,1957,"tags=52%, list=19%, signal=42%","UBXN2B/CLASP1/NDE1/NDEL1/KPNB1/CCDC66/NSFL1C/HTT/BCCIP/DYNLT1/ITGB1",0.321775918075361
"GO:0000289","nuclear-transcribed mRNA poly(A) tail shortening",25,-0.408359864680879,-1.4626783197156,0.053046582231918,0.490547076188682,0.490547076188682,1393,"tags=36%, list=14%, signal=31%","TNRC6B/AGO2/CNOT6L/PAN3/ZFP36/ZFP36L2/CNOT3/TNRC6C/TOB1",0.321775918075361
"GO:0045725","positive regulation of glycogen biosynthetic process",10,0.632653852407894,1.46256376104735,0.0600858369098712,0.506771475449346,0.506771475449346,1157,"tags=40%, list=12%, signal=35%","SORBS1/IRS1/PPP1R3E/PPP1R3B",0.219250346703755
"GO:0150076","neuroinflammatory response",35,-0.380321412512262,-1.46245594278559,0.0337417646322952,0.413560111835974,0.413560111835974,1125,"tags=23%, list=11%, signal=20%","IFNGR1/AIF1/CST7/IFNG/ADORA2A/ITGB1/CD200R1/CCR1",0.321775918075361
"GO:0015718","monocarboxylic acid transport",54,0.451953975558655,1.46183298318726,0.0384167636786962,0.430837824945565,0.430837824945565,3071,"tags=44%, list=31%, signal=31%","APOE/NMB/SLC27A2/SLC26A6/ACSL1/SLC16A1/ACSL3/SLC44A4/SYK/GOT2/ABCD2/SLC2A1/SLC25A17/CPT1B/PPARA/SLC16A12/CPT2/FABP2/ATP8B1/PLA2G12A/SLC27A1/FIS1/RBP1/NCOA2",0.248911114434702
"GO:1903053","regulation of extracellular matrix organization",22,0.52581916959148,1.4611360512183,0.0539473684210526,0.490547076188682,0.490547076188682,1277,"tags=27%, list=13%, signal=24%","AEBP1/RB1/GDPD2/CST3/TGFBR1/PDPN",0.222056046145248
"GO:0051965","positive regulation of synapse assembly",11,0.623984164673365,1.46060043183387,0.0666666666666667,0.525932892417489,0.525932892417489,421,"tags=18%, list=4%, signal=17%","SLITRK4/AGRN",0.208955027549354
"GO:0044539","long-chain fatty acid import into cell",10,0.631411884833078,1.45969259103802,0.0600858369098712,0.506771475449346,0.506771475449346,1295,"tags=40%, list=13%, signal=35%","SLC27A2/ACSL1/ACSL3/SLC2A1",0.219250346703755
"GO:0140354","lipid import into cell",10,0.631411884833078,1.45969259103802,0.0600858369098712,0.506771475449346,0.506771475449346,1295,"tags=40%, list=13%, signal=35%","SLC27A2/ACSL1/ACSL3/SLC2A1",0.219250346703755
"GO:0051216","cartilage development",44,0.459568543141987,1.45801225041474,0.0523186682520809,0.490338735172027,0.490338735172027,1479,"tags=30%, list=15%, signal=25%","MAPK14/RB1/NFIA/WNT7B/AGRN/FGF2/BMP7/TGFBR1/EIF2AK3/ITGB8/MBOAT2/HYAL1/BMP8B",0.213927855492356
"GO:0071384","cellular response to corticosteroid stimulus",21,-0.442163504743471,-1.45762580981525,0.0437849480214319,0.446423556197628,0.446423556197628,2760,"tags=52%, list=27%, signal=38%","NR3C1/BCL2L11/CFLAR/KLF9/RAN/CBX3/GSTP1/ZFP36/PCK2/ZFP36L2/ANXA1",0.321775918075361
"GO:0033209","tumor necrosis factor-mediated signaling pathway",74,-0.317988476444095,-1.45741301141492,0.0151413368424033,0.283437929613492,0.283437929613492,1959,"tags=36%, list=20%, signal=30%","BIRC2/TP53/NR2C2/EIF5A/ILK/TNFAIP3/ACTN4/BIRC3/TRADD/GSTP1/F2RL1/MAPKAPK2/PYCARD/ADAM17/TNFRSF14/CASP1/ZNF675/TRIM27/MIB2/CASP8/USP7/TRAF3/RRAGA/CARD16/TXNDC17/UBE2K/COMMD7",0.380730400722792
"GO:1902930","regulation of alcohol biosynthetic process",19,0.537812341227466,1.45739672565654,0.0560625814863103,0.496427167129346,0.496427167129346,1980,"tags=37%, list=20%, signal=30%","APOE/SCAP/SREBF1/SEC14L2/ERLIN2/CD244/PRKAA1",0.216542836735348
"GO:0038066","p38MAPK cascade",33,0.494100990410402,1.45716204960676,0.0571428571428571,0.500320307495195,0.500320307495195,122,"tags=6%, list=1%, signal=6%","DSG3/MAPK14",0.208955027549354
"GO:0086091","regulation of heart rate by cardiac conduction",17,0.546501326045902,1.45481319980017,0.0611702127659574,0.510405300963812,0.510405300963812,3502,"tags=59%, list=35%, signal=38%","PKP2/CAV1/DSG2/CAMK2D/BIN1/SCN2B/KCNE4/SCN3B/KCNJ2/KCNJ5",0.208955027549354
"GO:0032400","melanosome localization",16,0.564395312195999,1.45324042817929,0.0628415300546448,0.515651701102998,0.515651701102998,1245,"tags=38%, list=12%, signal=33%","MLPH/BBS7/MAP2K1/BBS2/BBS5/MYO5A",0.208955027549354
"GO:0051875","pigment granule localization",16,0.564395312195999,1.45324042817929,0.0628415300546448,0.515651701102998,0.515651701102998,1245,"tags=38%, list=12%, signal=33%","MLPH/BBS7/MAP2K1/BBS2/BBS5/MYO5A",0.208955027549354
"GO:2000573","positive regulation of DNA biosynthetic process",30,0.48949379286442,1.45077469306674,0.0526976160602258,0.490547076188682,0.490547076188682,1288,"tags=23%, list=13%, signal=20%","USP1/RFC4/FGF2/RFC5/RFC2/NOX4/CHTF8",0.219250346703755
"GO:0050996","positive regulation of lipid catabolic process",10,0.627131717274699,1.44979773631095,0.0643776824034335,0.515651701102998,0.515651701102998,1733,"tags=50%, list=17%, signal=41%","DAGLB/ABHD5/IRS1/ABCD2/PPARA",0.211400189384923
"GO:0045622","regulation of T-helper cell differentiation",29,-0.389416795758294,-1.44958667041127,0.0585509824711473,0.501406988047873,0.501406988047873,764,"tags=28%, list=8%, signal=26%","JUNB/TNFSF4/GPR65/ZC3H12A/NFKBIZ/BRD4/LGALS1/ANXA1",0.321775918075361
"GO:0033233","regulation of protein sumoylation",17,-0.456660439357743,-1.44891961128198,0.0762835421468516,0.551643022376769,0.551643022376769,763,"tags=24%, list=8%, signal=22%","SAE1/EGR1/CDKN2A/UBA2",0.287805130535564
"GO:0045540","regulation of cholesterol biosynthetic process",14,0.577930595539403,1.44836348051532,0.074585635359116,0.544405431920277,0.544405431920277,612,"tags=29%, list=6%, signal=27%","APOE/SCAP/SREBF1/SEC14L2",0.191892240384838
"GO:0106118","regulation of sterol biosynthetic process",14,0.577930595539403,1.44836348051532,0.074585635359116,0.544405431920277,0.544405431920277,612,"tags=29%, list=6%, signal=27%","APOE/SCAP/SREBF1/SEC14L2",0.191892240384838
"GO:0046503","glycerolipid catabolic process",33,0.490754350294518,1.44729241350968,0.0608695652173913,0.509751450354085,0.509751450354085,3343,"tags=52%, list=33%, signal=34%","DGKD/PLA2G7/DAGLB/ABHD5/SMPD4/PNPLA3/GPCPD1/PNPLA5/ENPP6/LYPLA2/PNPLA1/INPP5F/FABP2/PLIN5/ABHD12/PLA2G4E/PLA2G6",0.20207170902116
"GO:0043068","positive regulation of programmed cell death",267,-0.252750044751167,-1.44697628726269,0.000635152206803292,0.0527716886716352,0.0527716886716352,1815,"tags=28%, list=18%, signal=24%","SP1/EIF5A/NCK2/RPS6/ARL6IP5/NDUFA13/TNFSF10/SOD1/FOXP1/CTSD/DEDD2/DAPK2/BTG1/TAF6/SIRT2/PDCD6/CASP7/F2R/TRAF7/TRADD/RPS7/ZBP1/BCAP31/SOD2/ERCC3/HTT/F2RL1/ADAM8/BCL2L1/PYCARD/SCIN/TCTN3/CASP1/DUSP1/SFPQ/TFPT/CARM1/RPL26/SPHK2/IFNG/SARM1/TSPO/GZMA/FOXO1/PCK2/C3orf38/SMURF2/CASP8/PHLDA1/BCL2/CDKN2A/RNF122/ITM2C/DUSP6/ZC3H12A/DNAJA1/FASLG/BAX/NOD1/LGALS9/DDIT3/ITGA1/BARD1/PDCD5/ITGB1/ZC3H8/LGALS1/RASSF2/ZNF622/GADD45B/AKAP12/FAF1/SIK1/ANXA1/PMAIP1/ATF3",0.477270815362862
"GO:0043267","negative regulation of potassium ion transport",13,0.58845436696729,1.44682506954746,0.0724043715846995,0.542767947756255,0.542767947756255,215,"tags=15%, list=2%, signal=15%","CAV1/RGS4",0.193813302725311
"GO:0030324","lung development",18,0.545324685164561,1.4444626191339,0.0589812332439678,0.502885842396713,0.502885842396713,2137,"tags=50%, list=21%, signal=39%","PHEX/SREBF1/WNT7B/FGFR2/PDPN/CLDN18/BMPR2/CRISPLD2/NPHP3",0.213927855492356
"GO:0000338","protein deneddylation",10,-0.533404788226956,-1.44044076448318,0.0924092409240924,0.597964981202214,0.597964981202214,653,"tags=30%, list=7%, signal=28%","COPS7A/GPS1/COPS4",0.271288554688953
"GO:0086003","cardiac muscle cell contraction",34,0.472097352625482,1.44037162752822,0.0642768850432633,0.515651701102998,0.515651701102998,1088,"tags=21%, list=11%, signal=18%","PLN/PKP2/CAV1/DSG2/ATP1A2/SCN9A/RNF207",0.195789002148949
"GO:0034643","establishment of mitochondrion localization, microtubule-mediated",18,0.543738354832215,1.44026072817058,0.0616621983914209,0.512321031315955,0.512321031315955,3172,"tags=61%, list=32%, signal=42%","KIF1B/TRAK2/OPA1/LRPPRC/HIF1A/HDAC6/ARMC10/ARMCX3/FEZ1/SPAST/ACTR10",0.208955027549354
"GO:0047497","mitochondrion transport along microtubule",18,0.543738354832215,1.44026072817058,0.0616621983914209,0.512321031315955,0.512321031315955,3172,"tags=61%, list=32%, signal=42%","KIF1B/TRAK2/OPA1/LRPPRC/HIF1A/HDAC6/ARMC10/ARMCX3/FEZ1/SPAST/ACTR10",0.208955027549354
"GO:0019896","axonal transport of mitochondrion",10,0.622744366941691,1.43965509736289,0.0715307582260372,0.539406570994423,0.539406570994423,3172,"tags=80%, list=32%, signal=55%","OPA1/HIF1A/HDAC6/ARMC10/ARMCX3/FEZ1/SPAST/ACTR10",0.199915231309662
"GO:0051606","detection of stimulus",69,0.425972492615354,1.4381577608076,0.0337837837837838,0.413560111835974,0.413560111835974,1383,"tags=26%, list=14%, signal=23%","MMP24/KCNK2/TAS2R20/ENG/CADM1/PDZD7/RGR/CD1D/GRM6/OR11A1/PIEZO1/SCN9A/CABP5/NPFFR2/NOD2/TIMELESS/CNGB1/PPEF2",0.261663521711573
"GO:0060390","regulation of SMAD protein signal transduction",18,0.54269495711886,1.43749696369258,0.064343163538874,0.515651701102998,0.515651701102998,2002,"tags=39%, list=20%, signal=31%","ENG/BMP7/TGFBR1/NUP93/JAK2/SH2B1/BMPR2",0.204294756516886
"GO:0060562","epithelial tube morphogenesis",55,0.434135020817352,1.43728177887861,0.033256880733945,0.410094637223975,0.410094637223975,1164,"tags=25%, list=12%, signal=23%","MAGED1/BBS7/ENG/MET/FGF2/BMP7/GDNF/ITGAX/FGFR2/STIL/RNF207/MTHFD1/KLHL3/BBS5",0.266350657088526
"GO:0042168","heme metabolic process",25,-0.40118812620104,-1.43699032415971,0.063289910929555,0.515651701102998,0.515651701102998,986,"tags=28%, list=10%, signal=25%","ALAS1/COX10/TSPO/HMOX2/SLC25A39/SLC46A1/BLVRA",0.287805130535564
"GO:0033032","regulation of myeloid cell apoptotic process",13,-0.483480346121805,-1.43670206658906,0.0925925925925926,0.597964981202214,0.597964981202214,1179,"tags=46%, list=12%, signal=41%","MAEA/IRF7/ADAM17/CDKN2A/CCR5/ANXA1",0.287857117255149
"GO:0051480","regulation of cytosolic calcium ion concentration",15,0.569005030996908,1.43539125980198,0.0800542740841248,0.561559841615777,0.561559841615777,1281,"tags=33%, list=13%, signal=29%","PLN/CAV1/SV2B/CDH23/CNGB1",0.183023938384487
"GO:0048568","embryonic organ development",72,0.423946801369273,1.4353589815187,0.0391937290033595,0.435434435983495,0.435434435983495,1164,"tags=25%, list=12%, signal=22%","TFAP2A/CHD7/BBS7/ENG/WNT7B/PDZD7/BMP7/TGFBR1/GDNF/FGFR2/PBX3/STIL/ID3/TAF10/SLC44A4/RNF207/MTHFD1/BBS5",0.241339976815091
"GO:2000108","positive regulation of leukocyte apoptotic process",14,-0.482993640375874,-1.434970942661,0.0547835015536391,0.49066415955725,0.49066415955725,434,"tags=29%, list=4%, signal=27%","CDKN2A/LGALS9/ZC3H8/ANXA1",0.321775918075361
"GO:0000076","DNA replication checkpoint signaling",15,0.568811676820064,1.43490349804177,0.0800542740841248,0.561559841615777,0.561559841615777,2234,"tags=60%, list=22%, signal=47%","RFC4/RFC5/CDT1/TIMELESS/RFC2/TOPBP1/ZNF830/CDC6/RAD17",0.183023938384487
"GO:0006638","neutral lipid metabolic process",53,0.441319864272183,1.43440688481354,0.0424028268551237,0.44584671317892,0.44584671317892,3092,"tags=45%, list=31%, signal=32%","DGKD/APOE/CAV1/MOGAT3/DAGLB/SREBF1/ABHD5/ACSL1/NR1H2/LMF1/PNPLA3/DGKB/PNPLA5/KAT5/TMX1/LYPLA2/PNPLA1/FABP2/PLIN5/SLC27A1/GPAT2/LPGAT1/ABHD12/AGMO",0.237793834423688
"GO:0006639","acylglycerol metabolic process",53,0.441319864272183,1.43440688481354,0.0424028268551237,0.44584671317892,0.44584671317892,3092,"tags=45%, list=31%, signal=32%","DGKD/APOE/CAV1/MOGAT3/DAGLB/SREBF1/ABHD5/ACSL1/NR1H2/LMF1/PNPLA3/DGKB/PNPLA5/KAT5/TMX1/LYPLA2/PNPLA1/FABP2/PLIN5/SLC27A1/GPAT2/LPGAT1/ABHD12/AGMO",0.237793834423688
"GO:2000516","positive regulation of CD4-positive, alpha-beta T cell activation",27,-0.392169102931013,-1.43303468712098,0.0624284760560045,0.515516830694783,0.515516830694783,1357,"tags=37%, list=14%, signal=32%","EP300/CD55/CD81/TNFSF4/GPR65/NCKAP1L/LGALS9/NFKBIZ/BRD4/ANXA1",0.321775918075361
"GO:0006820","monoatomic anion transport",51,0.44284081513203,1.43212010569419,0.035377358490566,0.422065500186706,0.422065500186706,1829,"tags=29%, list=18%, signal=24%","GABRA2/KCNK2/SLC13A1/SLC26A6/OSTM1/MFSD8/NMUR1/TTYH3/AQP6/GOPC/CLCN3/CLCN7/P2RX5/LRRC8B/SLC26A4",0.261663521711573
"GO:0000288","nuclear-transcribed mRNA catabolic process, deadenylation-dependent decay",55,-0.319329245945053,-1.43164723315365,0.0264949399340044,0.368194805844439,0.368194805844439,1595,"tags=27%, list=16%, signal=23%","LSM7/DDX6/TNRC6B/AGO2/CNOT6L/PAN3/ZFP36/DCPS/ZFP36L2/CNOT3/SYNCRIP/DHX36/TNRC6C/LSM6/TOB1",0.352487857583619
"GO:0050832","defense response to fungus",12,0.584076771626076,1.43136019016841,0.0774647887323944,0.556066176470588,0.556066176470588,837,"tags=25%, list=8%, signal=23%","PLCG2/CLEC4C/CLEC4E",0.190023305279108
"GO:0043370","regulation of CD4-positive, alpha-beta T cell differentiation",36,-0.368317448526749,-1.43121155842784,0.0518145042298745,0.489848011902331,0.489848011902331,764,"tags=25%, list=8%, signal=23%","JUNB/TNFSF4/GPR65/NCKAP1L/ZC3H12A/NFKBIZ/BRD4/LGALS1/ANXA1",0.321775918075361
"GO:0006805","xenobiotic metabolic process",45,0.445023936030603,1.43056497189345,0.0411622276029056,0.44584671317892,0.44584671317892,2633,"tags=44%, list=26%, signal=33%","SULT1A1/CYP3A5/ABCC5/ACSL1/SLC28A2/BPHL/ADA/UGT2B15/VKORC1/SULT1A3/SULT1A4/ARNT/CMBL/CYP3A4/NQO1/RBBP9/CYB5B/GSTM3/CYP2B6/ABCB1",0.245041785430996
"GO:0042632","cholesterol homeostasis",35,0.472314278032051,1.43035223484373,0.0428921568627451,0.44584671317892,0.44584671317892,1084,"tags=20%, list=11%, signal=18%","APOE/CAV1/TMEM97/CD24/HSDL2/LDLRAP1/NR1H2",0.241339976815091
"GO:0055092","sterol homeostasis",35,0.472314278032051,1.43035223484373,0.0428921568627451,0.44584671317892,0.44584671317892,1084,"tags=20%, list=11%, signal=18%","APOE/CAV1/TMEM97/CD24/HSDL2/LDLRAP1/NR1H2",0.241339976815091
"GO:0055021","regulation of cardiac muscle tissue growth",18,0.539909792713709,1.4301195865431,0.0683646112600536,0.532777244871519,0.532777244871519,798,"tags=28%, list=8%, signal=26%","KCNK2/RGS4/FGF2/TGFBR1/FGFR2",0.197822021315103
"GO:0050819","negative regulation of coagulation",10,0.618530622824245,1.42991379977804,0.0786838340486409,0.558869241727232,0.558869241727232,2632,"tags=60%, list=26%, signal=44%","APOE/FGB/TFPI/NOS3/TMX1/SH2B3",0.190023305279108
"GO:0015850","organic hydroxy compound transport",86,0.413940926458852,1.42969501449261,0.0235579901573434,0.336974181554674,0.336974181554674,3126,"tags=41%, list=31%, signal=28%","MSR1/MYB/APOE/CAV1/TMEM97/NMB/SLC26A6/GDNF/LDLRAP1/SLC16A1/SLC44A4/SYK/NR1H2/RALBP1/GRAMD1A/DCTN1/OSBPL7/SLC5A3/ABAT/ARV1/VPS52/ABCA7/ADIPOQ/ATP8B1/VPS51/MAPK3/OSBPL3/SLC6A4/VPS54/GPM6B/SREBF2/SLC19A3/NCOA2/STX12/OPRK1",0.352487857583619
"GO:0030323","respiratory tube development",20,0.535861749577688,1.42943899600925,0.0755968169761273,0.549667878372253,0.549667878372253,2137,"tags=45%, list=21%, signal=35%","PHEX/SREBF1/WNT7B/FGFR2/PDPN/CLDN18/BMPR2/CRISPLD2/NPHP3",0.186432558434075
"GO:0051147","regulation of muscle cell differentiation",51,0.441743440672442,1.42857126382291,0.0365566037735849,0.422347744780619,0.422347744780618,994,"tags=24%, list=10%, signal=21%","MYOG/MAPK14/RGS4/CTH/ENG/HDAC5/CAMK1/LMOD3/FGFR2/PIEZO1/FRS2/NFATC1",0.257206466468838
"GO:1902106","negative regulation of leukocyte differentiation",55,-0.318633955815346,-1.42853004234487,0.0268282052520364,0.369079215470313,0.369079215470313,1123,"tags=22%, list=11%, signal=19%","PSMA5/GPR137B/ZNF675/TNFSF4/CDKN2A/PSMB8/ZC3H12A/TRIB1/CDK6/ZC3H8/LGALS1/ANXA1",0.352487857583619
"GO:0032695","negative regulation of interleukin-12 production",12,0.58286096156518,1.42838068095916,0.0774647887323944,0.556066176470588,0.556066176470588,1119,"tags=25%, list=11%, signal=22%","SLAMF1/CCR7/PIBF1",0.190023305279108
"GO:0030490","maturation of SSU-rRNA",54,-0.329269238224677,-1.42771574442046,0.0171180534672499,0.29841963745362,0.29841963745362,2213,"tags=43%, list=22%, signal=33%","PWP2/NAT10/WDR43/TRMT112/RPS14/FBL/RPS19/UTP18/NOP56/RPS13/BMS1/TSR1/UTP15/RPS16/IMP4/DNTTIP2/RRP7A/RPS28/RPS21/NOL7/WDR3/NOC4L/LSM6",0.352487857583619
"GO:0070873","regulation of glycogen metabolic process",15,0.565888320024392,1.42752893970713,0.0814111261872456,0.561559841615777,0.561559841615777,1157,"tags=33%, list=12%, signal=30%","PASK/SORBS1/IRS1/PPP1R3E/PPP1R3B",0.181383128498408
"GO:0002448","mast cell mediated immunity",19,-0.423553298755734,-1.42608653663065,0.0691043185784646,0.532777244871519,0.532777244871519,3105,"tags=63%, list=31%, signal=44%","SNX4/RAC2/STXBP2/UNC13D/CBL/SERPINB9/CD84/PDPK1/VAMP8/SPHK2/LGALS9/NR4A3",0.287805130535564
"GO:0000028","ribosomal small subunit assembly",18,-0.437612360925795,-1.42514414272806,0.09765625,0.61830232951934,0.61830232951934,2213,"tags=50%, list=22%, signal=39%","PWP2/RPS14/RPS6/RPS19/RPSA/FAU/RPS15/RRP7A/RPS28",0.287857117255149
"GO:0032511","late endosome to vacuole transport via multivesicular body sorting pathway",24,-0.409569652805296,-1.42510813099451,0.0646417593234458,0.515651701102998,0.515651701102998,1668,"tags=33%, list=17%, signal=28%","VTA1/CHMP7/STAM2/STAM/VPS28/VPS37B/CHMP4A/PTPN23",0.287805130535564
"GO:1902633","1-phosphatidyl-1D-myo-inositol 4,5-bisphosphate metabolic process",11,-0.509171102999256,-1.42394114124241,0.115384615384615,0.648312119535141,0.648312119535141,1012,"tags=36%, list=10%, signal=33%","PLCH2/SYNJ1/PIP4K2C/VAPB",0.237793834423688
"GO:0010632","regulation of epithelial cell migration",33,-0.364955102274995,-1.42392333204352,0.0815798540688806,0.561559841615777,0.561559841615777,1691,"tags=30%, list=17%, signal=25%","CLASP1/CAPN7/RREB1/IQSEC1/CORO1C/IFNG/PTEN/ITGA2/MAP4K4/PTPN23",0.287805130535564
"GO:0060632","regulation of microtubule-based movement",17,0.534733319559278,1.42348619224111,0.0811170212765957,0.561559841615777,0.561559841615777,2145,"tags=53%, list=21%, signal=42%","CYB5D1/FNTA/TEX101/BBS2/APC/LAMP1/RUFY3/HDAC6/CCR6",0.179782316298324
"GO:0010543","regulation of platelet activation",19,0.524589304469653,1.42156413313906,0.0743155149934811,0.544405431920277,0.544405431920277,2632,"tags=47%, list=26%, signal=35%","APOE/SYK/PDPN/GP6/NOS3/JAK2/F11R/TMX1/SH2B3",0.186432558434075
"GO:0016055","Wnt signaling pathway",182,0.384350610317691,1.42095301778945,0.00765387314179238,0.208909283351753,0.208909283351753,2139,"tags=29%, list=21%, signal=23%","IGFBP4/PLCG2/APOE/CAV1/PTK7/MAPK14/CCDC134/SOX4/TLE4/TMEM9/WNT7B/ZNRF3/TBL1X/AMER3/TCF7/PPP2R3A/TNIK/CCNYL1/CD24/CDON/FGFR2/DIXDC1/CDK14/HBP1/NFATC1/CALCOCO1/NXN/WWTR1/GRK6/SIAH2/SCYL2/C12orf43/GSKIP/MCC/CSNK1D/AMER1/NLK/APC/USP46/PSEN1/FZD2/SEMA5A/WDR20/MAD2L2/PRDM15/MLLT3/DCDC2/PRKAA1/PPM1A/SHISA2/TMEM170B/NPHP3/PCDH11Y",0.407017918923954
"GO:0032885","regulation of polysaccharide biosynthetic process",18,0.536384183953344,1.42078091143342,0.0697050938337802,0.532777244871519,0.532777244871519,1157,"tags=28%, list=12%, signal=25%","PASK/SORBS1/IRS1/PPP1R3E/PPP1R3B",0.195789002148949
"GO:0070585","protein localization to mitochondrion",91,-0.308414495371561,-1.42056116573696,0.00697130839492661,0.205694542375673,0.205694542375673,1891,"tags=35%, list=19%, signal=29%","DNM1L/PIN1/AIP/NDUFA13/HUWE1/ROMO1/FKBP8/TIMM10/USP36/BCAP31/TIMM9/GRPEL1/TIMM8B/TOMM22/TIMM13/SAMM50/UBL5/TIMM44/SARM1/TSPO/SAE1/DNAJC19/ISG15/UBE2J2/MFF/TMEM126A/GZMB/CDKN2A/TOMM5/MTX1/DNAJA1/DDIT3",0.407017918923954
"GO:1905521","regulation of macrophage migration",16,-0.459875871613351,-1.4203989366076,0.0520438122239001,0.489848011902331,0.489848011902331,2240,"tags=44%, list=22%, signal=34%","CCL3/CSF1/CCL5/AKIRIN1/DDT/CD81/CD200R1",0.321775918075361
"GO:0034312","diol biosynthetic process",11,-0.507889107229056,-1.42035592890547,0.115384615384615,0.648312119535141,0.648312119535141,905,"tags=27%, list=9%, signal=25%","SPHK2/GCH1/SPTSSA",0.237793834423688
"GO:0003231","cardiac ventricle development",23,0.519750971189971,1.4199320180268,0.0645569620253165,0.515651701102998,0.515651701102998,798,"tags=26%, list=8%, signal=24%","PKP2/KCNK2/SOX4/ENG/TGFBR1/FGFR2",0.197822021315103
"GO:0060339","negative regulation of type I interferon-mediated signaling pathway",15,-0.450544767370307,-1.41959265435218,0.10188679245283,0.622709837603159,0.622709837603159,834,"tags=27%, list=8%, signal=24%","YTHDF2/ISG15/OAS3/USP18",0.276500599254472
"GO:0051156","glucose 6-phosphate metabolic process",19,-0.421463671385415,-1.41905084721886,0.0705365197490235,0.535562739242234,0.535562739242234,2239,"tags=47%, list=22%, signal=37%","DERA/MTOR/TP53/H6PD/PRPS2/TALDO1/TKT/PGD/G6PC2",0.287805130535564
"GO:0140448","signaling receptor ligand precursor processing",15,0.562328820980207,1.41854962750607,0.0827679782903663,0.561559841615777,0.561559841615777,561,"tags=20%, list=6%, signal=19%","PLA2G7/SLC30A8/PRCP",0.179782316298324
"GO:0051654","establishment of mitochondrion localization",20,0.531751829529353,1.41847557122254,0.0769230769230769,0.554215157536191,0.554215157536191,2692,"tags=55%, list=27%, signal=40%","KIF1B/TRAK2/MYO19/OPA1/LRPPRC/HIF1A/HDAC6/ARMC10/ARMCX3/FEZ1/SPAST",0.184706471207739
"GO:1905330","regulation of morphogenesis of an epithelium",14,0.565928610803065,1.41828506535616,0.0828729281767956,0.561559841615777,0.561559841615777,1583,"tags=43%, list=16%, signal=36%","MAGED1/FGF2/GDNF/ITGAX/RNF207/MMRN2",0.181383128498408
"GO:0033865","nucleoside bisphosphate metabolic process",10,0.613474817347472,1.41822583195,0.0829756795422032,0.561559841615777,0.561559841615777,1612,"tags=40%, list=16%, signal=34%","SULT1A1/SULT1E1/SULT1A3/SULT1A4",0.184706471207739
"GO:0033875","ribonucleoside bisphosphate metabolic process",10,0.613474817347472,1.41822583195,0.0829756795422032,0.561559841615777,0.561559841615777,1612,"tags=40%, list=16%, signal=34%","SULT1A1/SULT1E1/SULT1A3/SULT1A4",0.184706471207739
"GO:0034032","purine nucleoside bisphosphate metabolic process",10,0.613474817347472,1.41822583195,0.0829756795422032,0.561559841615777,0.561559841615777,1612,"tags=40%, list=16%, signal=34%","SULT1A1/SULT1E1/SULT1A3/SULT1A4",0.184706471207739
"GO:0034035","purine ribonucleoside bisphosphate metabolic process",10,0.613474817347472,1.41822583195,0.0829756795422032,0.561559841615777,0.561559841615777,1612,"tags=40%, list=16%, signal=34%","SULT1A1/SULT1E1/SULT1A3/SULT1A4",0.184706471207739
"GO:0050427","3'-phosphoadenosine 5'-phosphosulfate metabolic process",10,0.613474817347472,1.41822583195,0.0829756795422032,0.561559841615777,0.561559841615777,1612,"tags=40%, list=16%, signal=34%","SULT1A1/SULT1E1/SULT1A3/SULT1A4",0.184706471207739
"GO:0090713","immunological memory process",10,-0.525128839969371,-1.4180918589276,0.0957095709570957,0.611695375756888,0.611695375756888,2338,"tags=60%, list=23%, signal=46%","HLA-DRA/HLA-DRB1/CD27/TNFRSF14/CD81/TNFSF4",0.266350657088526
"GO:0046653","tetrahydrofolate metabolic process",13,-0.476687421182797,-1.4165163250665,0.114814814814815,0.648312119535141,0.648312119535141,846,"tags=31%, list=8%, signal=28%","GCH1/AASDHPPT/MTHFD2/SLC46A1",0.257206466468838
"GO:0001501","skeletal system development",100,0.399138285908158,1.41562931000223,0.0286928799149841,0.380322526087243,0.380322526087243,1479,"tags=23%, list=15%, signal=20%","TFAP2A/PHEX/CHD7/MAPK14/RB1/NFIA/WNT7B/AGRN/FGF2/BMP7/TGFBR1/FGFR1/FGFR2/EIF2AK3/ITGB8/TCOF1/MTHFD1/MBOAT2/LEPR/SLC10A7/VKORC1/HYAL1/BMP8B",0.276500599254472
"GO:0008637","apoptotic mitochondrial changes",64,-0.32013413102638,-1.41552566221414,0.0188568755699355,0.313345102555737,0.313345102555737,2051,"tags=30%, list=20%, signal=24%","GZMK/TP53/DNM1L/MUL1/TNFSF10/SLC25A5/GPX1/SOD2/BCL2L1/PYCARD/CASP1/PSMD10/SMAD3/BCL2/BAX/PLSCR3/IFI6/ACAA2/PMAIP1",0.352487857583619
"GO:0034381","plasma lipoprotein particle clearance",20,0.530175361585258,1.41427026125775,0.0795755968169761,0.561559841615777,0.561559841615777,764,"tags=15%, list=8%, signal=14%","MSR1/APOE/LDLRAP1",0.181383128498408
"GO:0070231","T cell apoptotic process",22,-0.407320048999194,-1.41385613894416,0.0870282776886984,0.580932349357893,0.580932349357893,1293,"tags=32%, list=13%, signal=28%","LMBR1L/ADAM8/TSC22D3/LGALS3/FASLG/LGALS9/ZC3H8",0.287805130535564
"GO:0001508","action potential",51,0.436772077956474,1.41249418091872,0.0424528301886792,0.44584671317892,0.44584671317892,3015,"tags=45%, list=30%, signal=32%","PKP2/KCNK2/CAV1/KCNA3/DSG2/YWHAH/ATP1A2/SCN9A/RNF207/CAMK2D/PTPN3/ADRA1A/SCN11A/BIN1/KCNA7/TMEM161B/GPD1L/SCN2B/DLG1/KCNE4/CLN3/SCN3B/GJC1",0.237793834423688
"GO:0055017","cardiac muscle tissue growth",20,0.529303163211133,1.41194362688011,0.0795755968169761,0.561559841615777,0.561559841615777,798,"tags=25%, list=8%, signal=23%","KCNK2/RGS4/FGF2/TGFBR1/FGFR2",0.181383128498408
"GO:0044090","positive regulation of vacuole organization",20,-0.418280652930832,-1.41150737214858,0.0566606020179558,0.499236806726833,0.499236806726833,2012,"tags=30%, list=20%, signal=24%","WIPI1/ANXA2/RAB3GAP1/PIP4K2C/SNX18/PPP3CB",0.321775918075361
"GO:0035176","social behavior",10,-0.522615489730041,-1.41130464550159,0.102310231023102,0.622709837603159,0.622709837603159,2532,"tags=50%, list=25%, signal=37%","ATXN1/ATXN1L/CNTNAP2/PTEN/CIC",0.257206466468838
"GO:0051703","biological process involved in intraspecies interaction between organisms",10,-0.522615489730041,-1.41130464550159,0.102310231023102,0.622709837603159,0.622709837603159,2532,"tags=50%, list=25%, signal=37%","ATXN1/ATXN1L/CNTNAP2/PTEN/CIC",0.257206466468838
"GO:0042594","response to starvation",131,-0.276486096800988,-1.40816211172103,0.00914986527538151,0.226140657597246,0.226140657597246,891,"tags=18%, list=9%, signal=16%","ATG5/ZFP36/MAP1LC3B2/FOXO3B/ZFYVE1/FOXO1/PCK2/GABARAPL1/EIF2AK2/MIOS/FOS/RRAGA/NPRL3/PRKAG2/ZC3H12A/STK24/DDIT3/CAD/PRKAA2/PMAIP1/PLIN2/MAP1LC3A/ATF3",0.380730400722792
"GO:0097242","amyloid-beta clearance",21,0.512360822300022,1.40670543412803,0.0768245838668374,0.554215157536191,0.554215157536191,77,"tags=10%, list=1%, signal=9%","MSR1/APOE",0.181383128498408
"GO:0045454","cell redox homeostasis",29,-0.377818268094548,-1.4064116679951,0.0787139777080608,0.558869241727232,0.558869241727232,2145,"tags=45%, list=21%, signal=35%","KRIT1/TXNRD1/TXN2/PRDX1/GPX1/ERP44/SLC2A10/PRDX3/BOLA2B/BOLA2/TXN/BOLA3/DDIT3",0.287805130535564
"GO:1901185","negative regulation of ERBB signaling pathway",24,0.499886178607745,1.40599865606077,0.0728218465539662,0.542767947756255,0.542767947756255,1665,"tags=29%, list=17%, signal=24%","SPRY2/RNF126/LGMN/SOCS5/ZFYVE28/PTPN2/PTPN3",0.188204146308491
"GO:0030317","flagellated sperm motility",45,0.437367735839465,1.40595350512845,0.0520581113801453,0.489848011902331,0.489848011902331,1600,"tags=27%, list=16%, signal=23%","IFT81/CYB5D1/CEP78/TEX101/TTLL5/CCNYL1/BBS2/DYDC1/DZIP1/DNAH1/EFHC1/FBXL13",0.216542836735348
"GO:0097722","sperm motility",45,0.437367735839465,1.40595350512845,0.0520581113801453,0.489848011902331,0.489848011902331,1600,"tags=27%, list=16%, signal=23%","IFT81/CYB5D1/CEP78/TEX101/TTLL5/CCNYL1/BBS2/DYDC1/DZIP1/DNAH1/EFHC1/FBXL13",0.216542836735348
"GO:0009581","detection of external stimulus",32,0.469534380343927,1.40591404193323,0.0643985419198056,0.515651701102998,0.515651701102998,1281,"tags=28%, list=13%, signal=25%","MMP24/KCNK2/PDZD7/RGR/GRM6/PIEZO1/SCN9A/CABP5/CNGB1",0.193813302725311
"GO:0006968","cellular defense response",25,-0.392302205891255,-1.40516240934246,0.0720699223522631,0.542260205752577,0.542260205752577,879,"tags=24%, list=9%, signal=22%","KLRG1/ADORA2A/ZNF148/ITGB1/CCR5/KIR2DL4",0.287805130535564
"GO:0048041","focal adhesion assembly",42,-0.347545758523246,-1.40392686658562,0.0421205920913216,0.44584671317892,0.44584671317892,2017,"tags=33%, list=20%, signal=27%","RHOA/CFL1/CLASP1/TLN1/ROCK2/PIP5K1A/DUSP22/ITGB1BP1/CORO1C/SMAD3/PTEN/S100A10/ITGA2/MAP4K4",0.321775918075361
"GO:0001704","formation of primary germ layer",25,-0.391194469308787,-1.40119467787993,0.0742649267941269,0.544405431920277,0.544405431920277,1232,"tags=28%, list=12%, signal=25%","DUSP2/DUSP1/SETD2/KDM6B/DUSP4/ITGB1/ITGA2",0.287805130535564
"GO:0010812","negative regulation of cell-substrate adhesion",27,-0.383426227460505,-1.40108713255644,0.0725099726804147,0.542767947756255,0.542767947756255,1746,"tags=44%, list=17%, signal=37%","GBP1/ACTN4/DUSP22/SERPINE1/ITGB1BP1/CORO1C/RASA1/CDKN2A/PTEN/CASK/TBCD/MAP4K4",0.287805130535564
"GO:0045834","positive regulation of lipid metabolic process",63,0.416251854632147,1.40101809162761,0.0624277456647399,0.515516830694783,0.515516830694783,3222,"tags=44%, list=32%, signal=30%","APOE/DAGLB/SCAP/SREBF1/ABHD5/SORBS1/SIRT3/IRS1/LDLRAP1/ACSL3/CREBL2/NR1H2/ABCD2/MC2R/PPARA/MLST8/PRKAA1/ADIPOQ/KAT5/PLIN5/SLC27A1/PLAA/SREBF2/LPGAT1/ZBTB20/CLSTN3/HSD17B13/AKT1",0.191892240384838
"GO:0043547","positive regulation of GTPase activity",43,-0.340004849561329,-1.40053760680022,0.0290417480755603,0.383135223767104,0.383135223767104,1558,"tags=37%, list=16%, signal=32%","NDEL1/EZH2/DOCK11/ARHGAP11A/F2RL1/CORO1C/ZC3H15/ALS2/RHOG/RGS1/RGS10/SNX18/RAPGEF1/S100A10/SNX13/ITGB1",0.352487857583619
"GO:0002223","stimulatory C-type lectin receptor signaling pathway",15,0.554993587786802,1.40004552114346,0.0976933514246947,0.61830232951934,0.61830232951934,1032,"tags=27%, list=10%, signal=24%","PLCG2/KLRC3/KLRC2/SYK",0.16440575583821
"GO:1990840","response to lectin",15,0.554993587786802,1.40004552114346,0.0976933514246947,0.61830232951934,0.61830232951934,1032,"tags=27%, list=10%, signal=24%","PLCG2/KLRC3/KLRC2/SYK",0.16440575583821
"GO:1990858","cellular response to lectin",15,0.554993587786802,1.40004552114346,0.0976933514246947,0.61830232951934,0.61830232951934,1032,"tags=27%, list=10%, signal=24%","PLCG2/KLRC3/KLRC2/SYK",0.16440575583821
"GO:0090279","regulation of calcium ion import",20,0.52481206719009,1.39996339542608,0.0928381962864721,0.597964981202214,0.597964981202214,4,"tags=10%, list=0%, signal=10%","MS4A1/PLN",0.166933848713193
"GO:1901380","negative regulation of potassium ion transmembrane transport",10,0.60557212651557,1.39995645892475,0.0886981402002861,0.586202678735246,0.586202678735246,215,"tags=20%, list=2%, signal=20%","CAV1/RGS4",0.178219874951973
"GO:0051591","response to cAMP",35,-0.3638872415122,-1.39926136511237,0.046136533070806,0.459484381816355,0.459484381816355,1025,"tags=31%, list=10%, signal=28%","NDUFS4/ALAS1/DUSP1/CARM1/PKD2/FOS/FOSB/RAPGEF1/CRTC1/AKAP7/PER1",0.321775918075361
"GO:0006896","Golgi to vacuole transport",19,0.516287936017528,1.39906857795529,0.0899608865710561,0.591409532087498,0.591409532087498,4310,"tags=79%, list=43%, signal=45%","LAMP1/VPS52/AP3S2/AP3D1/VTI1A/CCDC91/VPS54/CLN3/AP3M1/ANKFY1/AP1G1/AP2M1/VTI1B/AP3M2/AP3S1",0.16823816568964
"GO:0007622","rhythmic behavior",17,0.525370209969814,1.39856113758391,0.102393617021277,0.622709837603159,0.622709837603159,139,"tags=12%, list=1%, signal=12%","PLN/PER3",0.158514105424824
"GO:0048512","circadian behavior",17,0.525370209969814,1.39856113758391,0.102393617021277,0.622709837603159,0.622709837603159,139,"tags=12%, list=1%, signal=12%","PLN/PER3",0.158514105424824
"GO:0000393","spliceosomal conformational changes to generate catalytic conformation",33,-0.358132489850236,-1.39730395624484,0.0951229766235778,0.608942989696838,0.608942989696838,2175,"tags=39%, list=22%, signal=31%","SNRNP35/SNRPF/PHF5A/PRPF3/SNRNP40/ZMAT5/PRPF18/SF3B2/DDX23/SNRNP48/SNRPD1/PDCD7/SNRPE",0.287805130535564
"GO:0042692","muscle cell differentiation",149,-0.275178050830638,-1.39697392093543,0.00504057475108107,0.18590151986236,0.18590151986236,2429,"tags=48%, list=24%, signal=37%","RPL4/RPL18/NOTCH1/KDM1A/CD53/RGS2/RPL13A/RPL13/RBM4/RPL15/CACYBP/RPLP2/RPL10/RPL7A/RPL7/RPLP1/RPL18A/RPL6/RPL9/RPL19/RPL11/RPL29/ZNHIT1/RPL27A/RPL32/RPL23A/CCNT2/CALR/FOXP1/ID2/RPL41/RPL36/RPL35/RPL31/RPL14/PLEC/RPL30/ACTN4/AKIRIN2/UBA52/NACA/RPL17/RPL36A/SYNE1/CASP7/RPL37/RPL34/TMEM119/RPL39/CSRP1/RPL10A/RPL12/TTN/RPL27/RPL24/RPL37A/CD81/RPL38/NFATC3/FBXO40/RPL35A/RPL23/FBXO22/RPL28/MECP2/KDM6B/RBM38/PPP3CB/ITGB1/FHL2/PPP3CA/SIK1",0.407017918923954
"GO:0046148","pigment biosynthetic process",27,0.483389094572707,1.39625826866138,0.064968152866242,0.515651701102998,0.515651701102998,519,"tags=11%, list=5%, signal=11%","TYRP1/PMEL/TYR",0.197822021315103
"GO:0006942","regulation of striated muscle contraction",35,0.460952856033405,1.39594540849396,0.0637254901960784,0.515651701102998,0.515651701102998,1088,"tags=20%, list=11%, signal=18%","PLN/PKP2/CAV1/DSG2/ATP1A2/TNNI1/RNF207",0.195789002148949
"GO:0051150","regulation of smooth muscle cell differentiation",12,0.569598796685519,1.39587992803356,0.0971830985915493,0.61830232951934,0.61830232951934,994,"tags=33%, list=10%, signal=30%","CTH/ENG/FGFR2/NFATC1",0.16823816568964
"GO:0007589","body fluid secretion",21,-0.423188261120343,-1.39507246799513,0.0529224658920968,0.490547076188682,0.490547076188682,1274,"tags=33%, list=13%, signal=29%","VAMP8/PRLR/NCOR2/OXTR/MTX1/CAD/PPP3CA",0.321775918075361
"GO:0051788","response to misfolded protein",15,0.553013689685372,1.3950509634941,0.100407055630936,0.622709837603159,0.622709837603159,531,"tags=20%, list=5%, signal=19%","CAV1/RNF126/STUB1",0.161978948883402
"GO:0009620","response to fungus",15,0.552973235183475,1.39494891160479,0.100407055630936,0.622709837603159,0.622709837603159,1032,"tags=27%, list=10%, signal=24%","PLCG2/CLEC4C/CLEC4E/SYK",0.161978948883402
"GO:0045652","regulation of megakaryocyte differentiation",10,0.603226805582698,1.39453456606598,0.0944206008583691,0.605439156571316,0.605439156571316,134,"tags=20%, list=1%, signal=20%","MYB/L3MBTL1",0.172324344900946
"GO:0030857","negative regulation of epithelial cell differentiation",14,0.556399324609633,1.39440352971076,0.0911602209944751,0.596282517560177,0.596282517560177,1436,"tags=43%, list=14%, signal=37%","CAV1/SPRY2/FOXJ2/DSG2/ZNF800/SPRED1",0.172324344900946
"GO:0032371","regulation of sterol transport",24,0.495675977330904,1.39415688569322,0.0780234070221066,0.556175311143671,0.55617531114367,2920,"tags=42%, list=29%, signal=30%","APOE/CAV1/TMEM97/LDLRAP1/NR1H2/ARV1/ABCA7/ADIPOQ/MAPK3/SREBF2",0.181383128498408
"GO:0032374","regulation of cholesterol transport",24,0.495675977330904,1.39415688569322,0.0780234070221066,0.556175311143671,0.55617531114367,2920,"tags=42%, list=29%, signal=30%","APOE/CAV1/TMEM97/LDLRAP1/NR1H2/ARV1/ABCA7/ADIPOQ/MAPK3/SREBF2",0.181383128498408
"GO:0001822","kidney development",77,0.409375295696759,1.39362205943827,0.0449943757030371,0.453616750067479,0.453616750067479,1148,"tags=21%, list=11%, signal=19%","TFAP2A/MAGED1/SOX4/CASP9/KANK2/WNT7B/FGF2/BMP7/TGFBR1/GDNF/ARG2/CD24/FGFR2/ID3/SMAD5/KLHL3",0.224966093540314
"GO:0072001","renal system development",77,0.409375295696759,1.39362205943827,0.0449943757030371,0.453616750067479,0.453616750067479,1148,"tags=21%, list=11%, signal=19%","TFAP2A/MAGED1/SOX4/CASP9/KANK2/WNT7B/FGF2/BMP7/TGFBR1/GDNF/ARG2/CD24/FGFR2/ID3/SMAD5/KLHL3",0.224966093540314
"GO:0046887","positive regulation of hormone secretion",41,0.44739808601034,1.39243015102333,0.0634730538922156,0.515651701102998,0.515651701102998,502,"tags=15%, list=5%, signal=14%","MYB/SOX4/FGB/NMB/SLC30A8/SIRT3",0.193813302725311
"GO:0009072","aromatic amino acid metabolic process",15,0.55191583428417,1.39228147647454,0.101763907734057,0.622709837603159,0.622709837603159,2545,"tags=53%, list=25%, signal=40%","HNMT/TYR/KMO/TAT/QPRT/IDO1/AFMID/BLOC1S6",0.160801401070022
"GO:0032881","regulation of polysaccharide metabolic process",19,0.513714462814663,1.392094823112,0.0899608865710561,0.591409532087498,0.591409532087498,1157,"tags=26%, list=12%, signal=23%","PASK/SORBS1/IRS1/PPP1R3E/PPP1R3B",0.16823816568964
"GO:0070875","positive regulation of glycogen metabolic process",11,0.59433680617616,1.39120292613528,0.104347826086957,0.628062057702776,0.628062057702776,1157,"tags=36%, list=12%, signal=32%","SORBS1/IRS1/PPP1R3E/PPP1R3B",0.16440575583821
"GO:0002507","tolerance induction",15,-0.44140388409081,-1.39079123061442,0.113207547169811,0.647255449045554,0.647255449045554,2837,"tags=60%, list=28%, signal=43%","HLA-G/HAVCR2/HMGB1/HLA-E/HLA-B/TNFAIP3/ICOS/TNFRSF14/LGALS9",0.261663521711573
"GO:0070227","lymphocyte apoptotic process",35,-0.36164227247238,-1.3906287501566,0.0465955992827853,0.459484381816355,0.459484381816355,2361,"tags=49%, list=24%, signal=37%","CD3G/PRELID1/BCL10/CCL5/TP53/FOXP1/CASP7/LMBR1L/ADAM8/ORMDL3/TSC22D3/LGALS3/FASLG/BAX/LGALS9/NFKBIZ/ZC3H8",0.321775918075361
"GO:0098792","xenophagy",11,-0.497121052430386,-1.39024212993169,0.137820512820513,0.706284911501447,0.706284911501447,2376,"tags=45%, list=24%, signal=35%","OPTN/RNF213/SKP1/LGALS8/RBX1",0.216542836735348
"GO:0009163","nucleoside biosynthetic process",12,-0.4833107890908,-1.39014523513227,0.106164383561644,0.628062057702776,0.628062057702776,2416,"tags=58%, list=24%, signal=44%","MTAP/TK2/DNPH1/HPRT1/DTYMK/PGM2/PNP",0.257206466468838
"GO:0034404","nucleobase-containing small molecule biosynthetic process",12,-0.4833107890908,-1.39014523513227,0.106164383561644,0.628062057702776,0.628062057702776,2416,"tags=58%, list=24%, signal=44%","MTAP/TK2/DNPH1/HPRT1/DTYMK/PGM2/PNP",0.257206466468838
"GO:1905906","regulation of amyloid fibril formation",11,0.593122094642241,1.38835957162175,0.107246376811594,0.628062057702776,0.628062057702776,1670,"tags=36%, list=17%, signal=30%","APOE/VBP1/PSEN1/IAPP",0.161978948883402
"GO:0038128","ERBB2 signaling pathway",12,0.566410239926891,1.38806593263072,0.107042253521127,0.628062057702776,0.628062057702776,2614,"tags=58%, list=26%, signal=43%","MAP2K1/STUB1/PTK6/MAP2K2/CUL5/ERBB3/MAPK3",0.159646701919906
"GO:0050853","B cell receptor signaling pathway",38,0.449904687860617,1.38750875242088,0.0759193357058126,0.550027840317622,0.550027840317622,1138,"tags=21%, list=11%, signal=19%","MS4A1/PLCG2/FCGR2B/SOS1/KLHL6/CD79B/SYK/FCRL3",0.175204047558551
"GO:0002687","positive regulation of leukocyte migration",64,-0.313688805406905,-1.38702659594325,0.0232525697288226,0.335701275788713,0.335701275788713,1258,"tags=27%, list=13%, signal=23%","AKIRIN1/SERPINE1/CCL4/F2RL1/AIF1/ADAM8/PYCARD/ADAM17/TNFRSF14/WNK1/CXCL13/NEDD9/NCKAP1L/LGALS3/LGALS9/ITGA2/CCR1",0.352487857583619
"GO:0051602","response to electrical stimulus",15,-0.439839154835597,-1.38586102541036,0.113207547169811,0.647255449045554,0.647255449045554,1195,"tags=33%, list=12%, signal=29%","SOD2/NSMF/PTEN/BRD1/AKAP12",0.261663521711573
"GO:0034110","regulation of homotypic cell-cell adhesion",16,0.537968978093486,1.38519624663405,0.0915300546448087,0.597700440448124,0.597700440448124,2632,"tags=50%, list=26%, signal=37%","MAP2K1/SYK/PDPN/GP6/JAK2/F11R/TMX1/SH2B3",0.170932335370056
"GO:1905477","positive regulation of protein localization to membrane",42,0.439732349939513,1.38464318963499,0.0609613130128957,0.509751450354085,0.509751450354085,958,"tags=10%, list=10%, signal=9%","DSG3/SORBS1/STAC2/ACSL3",0.195789002148949
"GO:0120009","intermembrane lipid transfer",24,0.4922310148412,1.38446745470276,0.0897269180754226,0.591409532087498,0.591409532087498,1033,"tags=21%, list=10%, signal=19%","PITPNM3/HILPDA/VAT1/PRELID2/TTPA",0.16823816568964
"GO:0003341","cilium movement",53,0.425613081980589,1.38335566668067,0.0541813898704358,0.490547076188682,0.490547076188682,1600,"tags=26%, list=16%, signal=22%","IFT81/CYB5D1/CEP78/RFX3/TEX101/NEK10/TTLL5/CCNYL1/BBS2/DYDC1/DZIP1/DNAH1/EFHC1/FBXL13",0.208955027549354
"GO:0001539","cilium or flagellum-dependent cell motility",49,0.428200964416848,1.38334930877174,0.0728323699421965,0.542767947756255,0.542767947756255,1600,"tags=27%, list=16%, signal=22%","IFT81/CYB5D1/CEP78/RFX3/TEX101/TTLL5/CCNYL1/BBS2/DYDC1/DZIP1/DNAH1/EFHC1/FBXL13",0.176694268938498
"GO:0060285","cilium-dependent cell motility",49,0.428200964416848,1.38334930877174,0.0728323699421965,0.542767947756255,0.542767947756255,1600,"tags=27%, list=16%, signal=22%","IFT81/CYB5D1/CEP78/RFX3/TEX101/TTLL5/CCNYL1/BBS2/DYDC1/DZIP1/DNAH1/EFHC1/FBXL13",0.176694268938498
"GO:0032728","positive regulation of interferon-beta production",28,-0.377008671869976,-1.38327365565991,0.080393637950194,0.561559841615777,0.561559841615777,1351,"tags=25%, list=13%, signal=22%","TRADD/ZC3HAV1/IRF7/ISG15/IFIH1/IRF3/OAS3",0.287805130535564
"GO:0060759","regulation of response to cytokine stimulus",104,-0.281524637851802,-1.38293475917826,0.0145002022877551,0.27881516919203,0.27881516919203,1271,"tags=22%, list=13%, signal=20%","ZBP1/PARP14/GSTP1/F2RL1/MAPKAPK2/PYCARD/ADAM17/USP25/CASP1/ZNF675/TRIM27/YTHDF2/MIB2/ISG15/IFIH1/CXCR4/CASP8/USP7/OAS3/CARD16/UBE2K/TXK/USP18",0.380730400722792
"GO:0002279","mast cell activation involved in immune response",19,-0.41064372482713,-1.38262053216958,0.0924432482821054,0.597964981202214,0.597964981202214,1449,"tags=26%, list=14%, signal=23%","PDPK1/VAMP8/SPHK2/LGALS9/NR4A3",0.287805130535564
"GO:0035493","SNARE complex assembly",15,-0.438679007728447,-1.38220559218695,0.113207547169811,0.647255449045554,0.647255449045554,2374,"tags=47%, list=24%, signal=36%","VAMP2/VPS18/STX4/VPS39/VPS16/VAMP8/UVRAG",0.261663521711573
"GO:0045104","intermediate filament cytoskeleton organization",17,0.519087970567876,1.38183750971575,0.113031914893617,0.647255449045554,0.647255449045554,69,"tags=12%, list=1%, signal=12%","DST/PKP2",0.150169802128406
"GO:0001952","regulation of cell-matrix adhesion",61,-0.309208527934553,-1.38160815986588,0.0541742879650027,0.490547076188682,0.490547076188682,2084,"tags=36%, list=21%, signal=29%","CSF1/RHOA/CFL1/CIB1/CLASP1/TLN1/CD3E/ROCK2/SKAP1/DUSP22/SERPINE1/ITGB1BP1/CORO1C/SMAD3/RASA1/MINK1/CDKN2A/PTEN/S100A10/CASK/CDK6/MAP4K4",0.321775918075361
"GO:0051145","smooth muscle cell differentiation",13,0.561666024143454,1.38096092077938,0.113387978142077,0.647339261176621,0.647339261176621,994,"tags=31%, list=10%, signal=28%","CTH/ENG/FGFR2/NFATC1",0.152144922367565
"GO:0009167","purine ribonucleoside monophosphate metabolic process",28,-0.376200446630196,-1.38030821543148,0.0812267252273001,0.561559841615777,0.561559841615777,337,"tags=18%, list=3%, signal=17%","CASK/GMPS/AMPD2/NUDT2/PNP",0.287805130535564
"GO:2000514","regulation of CD4-positive, alpha-beta T cell activation",43,-0.335053268856286,-1.38014120657397,0.0359917571221954,0.422065500186706,0.422065500186706,959,"tags=26%, list=10%, signal=23%","CD81/JUNB/TNFSF4/GPR65/NCKAP1L/ZC3H12A/LGALS9/NFKBIZ/BRD4/LGALS1/ANXA1",0.321775918075361
"GO:0002437","inflammatory response to antigenic stimulus",30,0.465640218202995,1.38007683547908,0.0928481806775408,0.597964981202214,0.597964981202214,1624,"tags=33%, list=16%, signal=28%","MAPK14/FCGR2B/MKRN2/FCGR2A/YES1/SYK/CCR7/FCGR2C/PRKAR2A/PNMA1",0.161978948883402
"GO:0061687","detoxification of inorganic compound",10,-0.510995733595511,-1.37992590504227,0.125412541254125,0.673479066959859,0.673479066959859,1963,"tags=60%, list=20%, signal=48%","PARK7/MT1F/MT1X/MT2A/TXN/MT1E",0.231126709673834
"GO:0042430","indole-containing compound metabolic process",13,0.561129444605003,1.37964163967346,0.114754098360656,0.648312119535141,0.648312119535141,2545,"tags=62%, list=25%, signal=46%","MAOB/KMO/SULT1A3/SULT1A4/QPRT/IDO1/AFMID/BLOC1S6",0.151148761385484
"GO:0032261","purine nucleotide salvage",12,-0.479170655095937,-1.37823698132193,0.113013698630137,0.647255449045554,0.647255449045554,1456,"tags=33%, list=14%, signal=29%","HPRT1/DCK/AMPD2/PNP",0.248911114434702
"GO:0055123","digestive system development",15,0.546064384523038,1.3775204121838,0.109905020352782,0.636764249966783,0.636764249966783,2346,"tags=47%, list=23%, signal=36%","BBS7/FGFR2/PTK6/CBFA2T2/HIP1R/NPHP3/CHD8",0.154190966581424
"GO:0030150","protein import into mitochondrial matrix",16,-0.445806891405207,-1.37694467914309,0.107407407407407,0.628062057702776,0.628062057702776,1615,"tags=38%, list=16%, signal=32%","ROMO1/GRPEL1/TOMM22/SAMM50/TIMM44/DNAJC19",0.266350657088526
"GO:0000132","establishment of mitotic spindle orientation",17,-0.433508241444675,-1.37546093014966,0.112102881662099,0.645666302198374,0.645666302198374,1957,"tags=53%, list=19%, signal=43%","UBXN2B/NDE1/NDEL1/CCDC66/NSFL1C/HTT/BCCIP/DYNLT1/ITGB1",0.287805130535564
"GO:0009060","aerobic respiration",162,-0.269746557725018,-1.37476819917815,0.00370329507595476,0.175250363283597,0.175250363283597,2017,"tags=33%, list=20%, signal=27%","RHOA/MTOR/PARK7/NDUFA5/NDUFB8/NDUFC2/NDUFA8/COX7C/COX6C/NDUFA13/NDUFB5/UQCRH/COX6B1/NDUFA2/COX7A2/DLD/COX8A/NDUFA6/COX4I1/NDUFS7/EP300/NDUFA12/PFKFB3/CYC1/NDUFB7/NDUFV2/NDUFS4/UQCRB/NDUFAB1/NDUFA3/IFNG/C2orf69/BLOC1S1/COX5A/ZBTB7A/COX7B/COX7A2L/SUCLA2/NDUFB2/UQCR10/NDUFA1/UQCR11/ISCU/COX6A1/PRKAG2/BPGM/NDUFB4/NDUFS8/NDUFB1/DLST/NDUFB6/NDUFB9/PRKAA2",0.431707695803346
"GO:0001889","liver development",37,-0.338504750115638,-1.37403489535998,0.0624428837179596,0.515516830694783,0.515516830694783,873,"tags=19%, list=9%, signal=17%","PKD2/PCK2/DUT/CAD/PHF2/CITED2/ITGA2",0.321775918075361
"GO:0019433","triglyceride catabolic process",12,0.560336018759967,1.37318022104797,0.119718309859155,0.655680224403927,0.655680224403927,2797,"tags=58%, list=28%, signal=42%","DAGLB/ABHD5/PNPLA3/PNPLA5/PNPLA1/FABP2/PLIN5",0.150169802128406
"GO:0070861","regulation of protein exit from endoplasmic reticulum",20,-0.406709122209315,-1.37245870755934,0.0742240621218547,0.544405431920277,0.544405431920277,1222,"tags=30%, list=12%, signal=26%","BCAP31/UBE2J1/CD81/ERLEC1/SEC24D/SVIP",0.287805130535564
"GO:0046599","regulation of centriole replication",13,0.558030948067271,1.37202340668829,0.114754098360656,0.648312119535141,0.648312119535141,1203,"tags=31%, list=12%, signal=27%","RBM14/STIL/SPICE1/ALMS1",0.151148761385484
"GO:0014009","glial cell proliferation",15,0.543838163884156,1.37190447300336,0.113975576662144,0.648312119535141,0.648312119535141,180,"tags=13%, list=2%, signal=13%","MYB/SOX4",0.151148761385484
"GO:0030193","regulation of blood coagulation",19,0.506185523612517,1.37169244388092,0.101694915254237,0.622709837603159,0.622709837603159,1798,"tags=32%, list=18%, signal=26%","APOE/CAV1/FGB/TFPI/NOS3/TBXA2R",0.157402899305283
"GO:1900046","regulation of hemostasis",19,0.506185523612517,1.37169244388092,0.101694915254237,0.622709837603159,0.622709837603159,1798,"tags=32%, list=18%, signal=26%","APOE/CAV1/FGB/TFPI/NOS3/TBXA2R",0.157402899305283
"GO:0034198","cellular response to amino acid starvation",36,-0.352985986755179,-1.3716364137182,0.073071294437199,0.543511247194785,0.543511247194785,598,"tags=17%, list=6%, signal=16%","EIF2AK2/MIOS/RRAGA/NPRL3/MAP1LC3A/ATF3",0.287805130535564
"GO:0007286","spermatid development",44,0.432331036508586,1.37159942052272,0.0808561236623068,0.561559841615777,0.561559841615777,1350,"tags=18%, list=13%, signal=16%","PLN/IFT81/TUBG1/SLC26A6/TTLL5/BBS2/DZIP1/DNAH1",0.169570644405628
"GO:0006536","glutamate metabolic process",10,0.593119055547591,1.37116755604808,0.103004291845494,0.623850026993378,0.623850026993378,2783,"tags=60%, list=28%, signal=43%","ALDH18A1/GOT2/ALDH5A1/TAT/BLOC1S6/GOT1",0.16440575583821
"GO:0030326","embryonic limb morphogenesis",14,0.547117149473355,1.37114128405203,0.0994475138121547,0.622709837603159,0.622709837603159,14,"tags=7%, list=0%, signal=7%","TFAP2A",0.16440575583821
"GO:0035113","embryonic appendage morphogenesis",14,0.547117149473355,1.37114128405203,0.0994475138121547,0.622709837603159,0.622709837603159,14,"tags=7%, list=0%, signal=7%","TFAP2A",0.16440575583821
"GO:0050900","leukocyte migration",159,-0.257063783022307,-1.37027580866207,0.0184944015104699,0.311369819480461,0.311369819480461,1258,"tags=21%, list=13%, signal=19%","AKIRIN1/SERPINE1/DDT/CCL4/F2RL1/AIF1/CORO1C/ADAM8/PYCARD/ADAM17/SBDS/TNFRSF14/DUSP1/CD81/WNK1/CCL4L1/CXCL13/CXCR4/CKLF/GCSAML/NEDD9/KLRC4-KLRK1/VCAM1/NCKAP1L/LGALS3/SELL/LGALS9/ITGB1/PDE4B/CCR5/ITGA2/ANXA1/CD200R1/CCR1",0.352487857583619
"GO:0061008","hepaticobiliary system development",38,-0.33809987332302,-1.37027033706601,0.103193701232167,0.623850026993378,0.623850026993378,873,"tags=18%, list=9%, signal=17%","PKD2/PCK2/DUT/CAD/PHF2/CITED2/ITGA2",0.287805130535564
"GO:0031670","cellular response to nutrient",20,0.513087127863747,1.36868651195357,0.108753315649867,0.632440476190476,0.632440476190476,1286,"tags=20%, list=13%, signal=17%","PHEX/KANK2/CDON/PRMT1",0.153158808683073
"GO:1901661","quinone metabolic process",14,0.545987797693085,1.3683109928582,0.0994475138121547,0.622709837603159,0.622709837603159,3108,"tags=50%, list=31%, signal=35%","COQ7/PPTC7/RTN4IP1/NQO1/ADH4/PDSS2/COQ6",0.16440575583821
"GO:0032964","collagen biosynthetic process",19,0.504906220328296,1.36822570971619,0.106910039113429,0.628062057702776,0.628062057702776,1025,"tags=26%, list=10%, signal=24%","MYB/PLOD1/PLOD3/TRAM2/CIITA",0.153158808683073
"GO:0031640","killing of cells of another organism",26,-0.389417315753231,-1.36758215935113,0.0882092905842393,0.58557550984323,0.58557550984323,1746,"tags=42%, list=17%, signal=35%","GBP1/RPS19/RPL30/F2RL1/MICA/GZMA/CXCL13/GZMB/GBP3/LGALS3/GZMH",0.287805130535564
"GO:0141061","disruption of cell in another organism",26,-0.389417315753231,-1.36758215935113,0.0882092905842393,0.58557550984323,0.58557550984323,1746,"tags=42%, list=17%, signal=35%","GBP1/RPS19/RPL30/F2RL1/MICA/GZMA/CXCL13/GZMB/GBP3/LGALS3/GZMH",0.287805130535564
"GO:0010874","regulation of cholesterol efflux",15,0.54173680285569,1.36660350888242,0.116689280868385,0.651656662988184,0.651656662988184,2920,"tags=47%, list=29%, signal=33%","APOE/CAV1/NR1H2/ABCA7/ADIPOQ/MAPK3/SREBF2",0.149207542435322
"GO:2000765","regulation of cytoplasmic translation",30,-0.363131259765813,-1.36580534974087,0.101117967255104,0.622709837603159,0.622709837603159,2539,"tags=43%, list=25%, signal=32%","PABPC1/NPM1/GAPDH/RPL13A/EEF2/MTOR/FMR1/UNK/YTHDF2/EIF2AK2/SYNCRIP/DHX36/PARP16",0.287805130535564
"GO:0001516","prostaglandin biosynthetic process",13,0.555295571498384,1.36529797202984,0.120218579234973,0.657497971866342,0.657497971866342,2890,"tags=38%, list=29%, signal=27%","DAGLB/PTGES2/PIBF1/SIGMAR1/PLAA",0.147331213699377
"GO:1902017","regulation of cilium assembly",39,-0.351020240736614,-1.36464650813717,0.0454628245489561,0.455113470814853,0.455113470814853,1413,"tags=28%, list=14%, signal=24%","SYNE1/RAB11B/HTT/CEP120/LUZP1/ATG5/LIMA1/LIMK2/BBS4/WDR44/IFT20",0.321775918075361
"GO:0051153","regulation of striated muscle cell differentiation",29,0.460620063493271,1.36342217791773,0.100636942675159,0.622709837603159,0.622709837603159,834,"tags=24%, list=8%, signal=22%","MYOG/MAPK14/RGS4/HDAC5/LMOD3/PIEZO1/FRS2",0.156312403073186
"GO:0098586","cellular response to virus",37,-0.335734077098156,-1.36278837250217,0.066871385243363,0.526127042084849,0.526127042084849,2086,"tags=43%, list=21%, signal=34%","OAS1/CCL5/EIF5A/CALR/FMR1/LGALS8/IFNGR1/IL10RB/IFNG/SMAD3/IFIH1/IRF3/ZC3H12A/BAX/LGALS9/IFI6",0.287805130535564
"GO:0032239","regulation of nucleobase-containing compound transport",15,-0.432275756769112,-1.36202999880718,0.116981132075472,0.651656662988184,0.651656662988184,2592,"tags=47%, list=26%, signal=35%","TPR/KHDRBS1/CPSF6/AKAP8L/WNK1/NRDE2/SETD2",0.257206466468838
"GO:0046831","regulation of RNA export from nucleus",15,-0.432275756769112,-1.36202999880718,0.116981132075472,0.651656662988184,0.651656662988184,2592,"tags=47%, list=26%, signal=35%","TPR/KHDRBS1/CPSF6/AKAP8L/WNK1/NRDE2/SETD2",0.257206466468838
"GO:0021545","cranial nerve development",13,0.5537822086677,1.36157708659561,0.12431693989071,0.669959232206557,0.669959232206557,2599,"tags=54%, list=26%, signal=40%","TFAP2A/CHD7/CNGB1/PLXNA3/ERBB3/ATP8B1/NRP1",0.144630528034484
"GO:0006457","protein folding",153,-0.271688703446836,-1.36123742080429,0.00360095790567688,0.175250363283597,0.175250363283597,2266,"tags=31%, list=23%, signal=25%","ERP29/HYPK/TCP1/HSPA5/DNAJB1/PFDN5/HSPE1/PPIA/CHORDC1/HSPA9/HSP90AB1/HSPA8/TBCB/SDF2L1/CALR/DNAJB13/FKBP5/FKBP8/AHSA1/PBDC1/HSPH1/DNAJC10/NFYC/PEX19/TBCC/ERP44/CCT5/GRPEL1/DNAJB11/WDR83OS/PFDN4/DNAJA2/COX14/DNAJC7/CDC123/NGLY1/LTBP4/TUBA1A/PPIL3/TBCA/UNC45B/SIL1/DNAJA1/ALG12/MPDU1/PDCD5/TBCD/NUDCD2",0.431707695803346
"GO:0060419","heart growth",22,0.48963216420017,1.3605803065429,0.0868421052631579,0.580682227829849,0.580682227829849,1961,"tags=36%, list=20%, signal=29%","KCNK2/RGS4/FGF2/TGFBR1/FGFR2/ACACB/PPARA/PIM1",0.172324344900946
"GO:0043616","keratinocyte proliferation",14,-0.457833366245815,-1.36021993298327,0.115107913669065,0.648312119535141,0.648312119535141,882,"tags=29%, list=9%, signal=26%","ZFP36/SRSF6/CASK/NFKBIZ",0.252961123069611
"GO:0043009","chordate embryonic development",74,0.398673024093965,1.36002914010862,0.0542035398230089,0.490547076188682,0.490547076188682,1117,"tags=19%, list=11%, signal=17%","TFAP2A/CHD7/TET1/WNT7B/BMP7/PPP2R3A/TGFBR1/FGFR1/FGFR2/HDAC3/STIL/TAF10/TCOF1/MTHFD1",0.20207170902116
"GO:0090077","foam cell differentiation",15,0.538908778832731,1.35946944021179,0.118046132971506,0.652623865477078,0.652623865477078,2347,"tags=33%, list=23%, signal=26%","MSR1/NR1H2/PPARA/IL18/ADIPOQ",0.148261500475107
"GO:0009304","tRNA transcription",10,-0.503196194575037,-1.35886352578127,0.135313531353135,0.703594327475357,0.703594327475357,1596,"tags=30%, list=16%, signal=25%","GTF3C3/POLR2F/GTF3C6",0.222056046145248
"GO:0046328","regulation of JNK cascade",71,-0.299407957247049,-1.35872432494471,0.0924743480806747,0.597964981202214,0.597964981202214,1322,"tags=27%, list=13%, signal=23%","TAOK1/DUSP22/GSTP1/F2RL1/MAPK8IP3/PYCARD/ERN1/ZNF675/FLT4/MINK1/TRIB1/DNAJA1/HIPK2/AIDA/RASSF2/PER1/ZNF622/GADD45B/MAP4K4",0.287805130535564
"GO:0038095","Fc-epsilon receptor signaling pathway",15,0.538447527553883,1.35830587219717,0.118046132971506,0.652623865477078,0.652623865477078,1032,"tags=27%, list=10%, signal=24%","PLCG2/MAP2K4/SOS1/SYK",0.148261500475107
"GO:0043303","mast cell degranulation",18,-0.417072720383792,-1.35825401112792,0.12890625,0.683448641591132,0.683448641591132,1449,"tags=28%, list=14%, signal=24%","PDPK1/VAMP8/SPHK2/LGALS9/NR4A3",0.248911114434702
"GO:0006641","triglyceride metabolic process",41,0.436365147364893,1.35809250653025,0.0778443113772455,0.556175311143671,0.55617531114367,3231,"tags=51%, list=32%, signal=35%","APOE/CAV1/MOGAT3/DAGLB/SREBF1/ABHD5/ACSL1/NR1H2/LMF1/PNPLA3/PNPLA5/KAT5/TMX1/PNPLA1/FABP2/PLIN5/SLC27A1/GPAT2/LPGAT1/AGMO/LPIN1",0.173747838999571
"GO:0000388","spliceosome conformational change to release U4 (or U4atac) and U1 (or U11)",30,-0.361007699295359,-1.35781823716644,0.105971528518511,0.628062057702776,0.628062057702776,2175,"tags=40%, list=22%, signal=31%","SNRNP35/SNRPF/PHF5A/PRPF3/SNRNP40/ZMAT5/SF3B2/DDX23/SNRNP48/SNRPD1/PDCD7/SNRPE",0.287805130535564
"GO:0051180","vitamin transport",21,0.494429042068961,1.35747307365716,0.108834827144686,0.632440476190476,0.632440476190476,2212,"tags=48%, list=22%, signal=37%","CUBN/ABCC5/SLC44A4/TTPA/SLC2A1/RTBDN/SLC2A11/SLC2A4/SLC2A3/SLC47A1",0.150169802128406
"GO:0032743","positive regulation of interleukin-2 production",34,-0.346999036652613,-1.3544622113269,0.0588564725430905,0.502885842396713,0.502885842396713,634,"tags=15%, list=6%, signal=14%","SPTBN1/PSMB8/PDE4B/PNP/ANXA1",0.321775918075361
"GO:0070232","regulation of T cell apoptotic process",16,-0.438313666252051,-1.35380067508399,0.118518518518519,0.652623865477078,0.652623865477078,1092,"tags=31%, list=11%, signal=28%","ADAM8/TSC22D3/LGALS3/LGALS9/ZC3H8",0.252961123069611
"GO:0006813","potassium ion transport",73,0.395744039703302,1.35367684028547,0.0735455543358946,0.544405431920277,0.544405431920277,3901,"tags=49%, list=39%, signal=30%","KCNK2/SLC24A1/CAV1/KCNJ14/KCNA3/RGS4/ATP1A2/ABCB8/GNB2/CNGB1/KCNN3/KCNJ11/TMEM38A/KCNK5/BIN1/KCNA7/SLC12A8/DLG1/KCNE4/SLC12A9/ATP1B4/OPRK1/KCNRG/ATP1B2/SLC9A8/SLC9A7/KCNJ2/KCNJ5/TMEM43/STK39/NEDD4L/ATP1A1/GHITM/P2RX7/WWP2/SLC9A4",0.170932335370056
"GO:0019079","viral genome replication",85,-0.28781549164434,-1.35184302706286,0.0271308336956913,0.370440229306554,0.370440229306554,2371,"tags=46%, list=24%, signal=35%","NOTCH1/IFIT5/TMEM39A/SMC6/IFITM2/FAM111A/BST2/APOBEC3D/OAS1/PPIA/APOBEC3H/CCL5/RNASEL/APOBEC3F/STAU1/FMR1/LAMTOR5/ZC3HAV1/N4BP1/SMARCB1/ISG20/CTBP1/SRPK1/APOBEC3G/RAD23A/APOBEC3C/PLSCR1/ISG15/IFIH1/OASL/EIF2AK2/BCL2/OAS3/ZC3H12A/CXCR6/IFIT1/MX1/RSAD2/VAPB",0.352487857583619
"GO:0030224","monocyte differentiation",13,-0.454238909284438,-1.34980870459148,0.12962962962963,0.683448641591132,0.683448641591132,2084,"tags=62%, list=21%, signal=49%","CSF1/MYH9/HLA-DRB1/THOC5/FOXP1/IRF7/CDK6/FASN",0.241339976815091
"GO:0061158","3'-UTR-mediated mRNA destabilization",18,-0.414423225899856,-1.34962557216659,0.13671875,0.704117933723197,0.704117933723197,882,"tags=22%, list=9%, signal=20%","ZFP36/ZFP36L2/DHX36/ZC3H12A",0.241339976815091
"GO:0060294","cilium movement involved in cell motility",47,0.410410834811536,1.34939671945326,0.0844553243574051,0.570584847085929,0.570584847085929,1600,"tags=26%, list=16%, signal=22%","IFT81/CYB5D1/CEP78/TEX101/TTLL5/CCNYL1/BBS2/DYDC1/DZIP1/DNAH1/EFHC1/FBXL13",0.16823816568964
"GO:0032785","negative regulation of DNA-templated transcription, elongation",21,-0.409291168229856,-1.3492596384394,0.126696832579186,0.676814132998248,0.676814132998248,850,"tags=19%, list=8%, signal=17%","NELFA/ZC3H4/HEXIM1/ZC3H8",0.271288554688953
"GO:1903409","reactive oxygen species biosynthetic process",29,0.455543024373091,1.3483942877253,0.115923566878981,0.649471346717963,0.649471346717963,1996,"tags=34%, list=20%, signal=28%","PLCG2/MAOB/ARG2/ABCD2/NOX4/ABCB7/PIKFYVE/PPARA/HIF1A/SLC5A3",0.144630528034484
"GO:0055117","regulation of cardiac muscle contraction",32,0.450070442401871,1.34763370121779,0.1044957472661,0.628062057702776,0.628062057702776,1088,"tags=19%, list=11%, signal=17%","PLN/PKP2/CAV1/DSG2/ATP1A2/RNF207",0.149207542435322
"GO:0070252","actin-mediated cell contraction",45,0.418763922287378,1.34615006118646,0.0907990314769976,0.594916473016234,0.594916473016234,1414,"tags=20%, list=14%, signal=17%","PLN/PKP2/CAV1/DSG2/ATP1A2/SCN9A/RNF207/PDPN/CAMK2D",0.160801401070022
"GO:0019218","regulation of steroid metabolic process",38,0.436375964962494,1.34578608996212,0.103202846975089,0.623850026993378,0.623850026993378,2009,"tags=29%, list=20%, signal=23%","APOE/SCAP/SREBF1/STUB1/SEC14L2/LDLRAP1/ACADVL/ERLIN2/MC2R/PRKAA1/ARV1",0.148261500475107
"GO:0009887","animal organ morphogenesis",163,0.365166917403838,1.3456061947299,0.0268317853457172,0.369079215470313,0.369079215470313,1164,"tags=22%, list=12%, signal=20%","TFAP2A/CHD7/PKP2/CAV1/MAPK14/MAGED1/SOX4/BBS7/ENG/WNT7B/PDZD7/FGF2/BMP7/PPP2R3A/TGFBR1/GDNF/ITGAX/FGFR1/BCOR/AGTPBP1/FGFR2/BBS2/PBX3/STIL/ID3/TAF10/SEMA6A/LEMD2/AQP6/SLC44A4/SYK/RNF207/MTHFD1/KLHL3/ABI2/BBS5",0.282013350011725
"GO:2001026","regulation of endothelial cell chemotaxis",11,0.574763741436586,1.34538697690218,0.13768115942029,0.706284911501447,0.706284911501447,704,"tags=36%, list=7%, signal=34%","MET/FGF2/LGMN/FGFR1",0.141225119642531
"GO:0007389","pattern specification process",61,0.40545187695303,1.34527753133893,0.0849377123442809,0.571865115007615,0.571865115007615,2197,"tags=41%, list=22%, signal=32%","BBS7/RFX3/NBL1/ENG/WNT7B/PPP2R3A/TGFBR1/BCOR/FGFR2/PBX3/STIL/TAF10/SMAD5/RNF207/BBS5/TDRD1/APC/NEK8/FBXL15/GPR161/LMX1B/BMPR2/NPHP3/TLL2/PLD6",0.160801401070022
"GO:0032727","positive regulation of interferon-alpha production",15,-0.426881271427561,-1.34503286041054,0.120754716981132,0.659414057858924,0.659414057858924,1245,"tags=40%, list=12%, signal=35%","ZC3HAV1/IRF7/IFIH1/IRF3/SETD2/DHX36",0.252961123069611
"GO:0006265","DNA topological change",10,0.581801429128038,1.34500356416009,0.118741058655222,0.652623865477078,0.652623865477078,937,"tags=20%, list=9%, signal=18%","TOP2A/TOP1MT",0.152144922367565
"GO:0048167","regulation of synaptic plasticity",62,0.406370602139511,1.34449088581844,0.0797687861271676,0.561559841615777,0.561559841615777,654,"tags=15%, list=7%, signal=14%","APOE/SLC24A1/DBN1/LZTS1/EIF2AK4/SYNGAP1/CNTN4/LGMN/YWHAH",0.16823816568964
"GO:0071168","protein localization to chromatin",28,0.460741137507408,1.34330006814051,0.1275,0.67916980694533,0.67916980694533,1677,"tags=32%, list=17%, signal=27%","CDK2/TNRC18/MMS22L/HLTF/TONSL/LEMD2/JAK2/VCPIP1/INTS8",0.135740943810425
"GO:0044829","host-mediated activation of viral genome replication",10,-0.497425342205693,-1.34327954306854,0.141914191419142,0.714049024770881,0.714049024770881,1863,"tags=40%, list=19%, signal=33%","NUCKS1/YTHDC2/ZFYVE1/VAPB",0.216542836735348
"GO:0032526","response to retinoic acid",36,0.4429727322731,1.34305271428965,0.104679802955665,0.628062057702776,0.628062057702776,2624,"tags=42%, list=26%, signal=31%","MYB/PTK7/SREBF1/WNT7B/FGFR2/HTRA2/TAT/SNRNP70/PTK6/LRAT/ATM/TRIM16/CD38/FZD4/SLC6A4",0.150169802128406
"GO:1903706","regulation of hemopoiesis",212,-0.246618317854561,-1.34295031860154,0.00716375358849976,0.205694542375673,0.205694542375673,1123,"tags=19%, list=11%, signal=18%","PSMA5/ETS1/CORO1C/ADAM8/IRF7/SMARCB1/SCIN/GPR137B/ARID1A/ZNF675/ZFP36/IFNG/IL4R/KLF13/JUNB/TNFSF4/DDRGK1/ISG15/NKAP/GPR65/ZFP36L2/CASP8/NEDD9/PRDM1/SMARCA2/NCKAP1L/CDKN2A/PSMB8/ZC3H12A/TRIB1/BRD1/LGALS9/CDK6/NFKBIZ/BRD4/ZC3H8/LGALS1/PNP/PPP3CA/ANXA1/CCR1",0.407017918923954
"GO:0016072","rRNA metabolic process",217,-0.241917892174631,-1.34294054339674,0.0043347059735195,0.18590151986236,0.18590151986236,2358,"tags=40%, list=23%, signal=31%","POLR1E/RPS27L/RPP30/POLR2K/DDX27/NOP10/PWP2/NAT10/WDR74/EXOSC7/RPL7A/RPL7/POP5/WDR43/PES1/TRMT112/NSA2/MTOR/XRN2/RPL11/RPS27/RPS14/FBL/RNASEL/RPS6/TAF1B/RPL35/RPL14/RPS19/GTF3C3/UTP18/DEDD2/NOP56/RPS13/USP36/BMS1/TSR1/RPL37/RPS24/RPS15/RPS25/RPS7/WBP11/POLR1D/UTP15/RPS16/IMP4/RPUSD4/DNTTIP2/POLR2F/PIN4/RRP7A/RPS28/RPS21/SMARCB1/NHP2/RPL27/POLR1A/RRP1/SBDS/NSUN4/ISG20/LAS1L/DDX11/RPL26/FRG1/NOL7/GTF3C6/CREBBP/YTHDF2/WDR3/POLR1B/RPL35A/FTSJ3/SLFN12/RPS17/NOC4L/DROSHA/C1D/EXOSC1/CDKN2A/REXO1/LSM6/ERI1/EBNA1BP2/METTL5/PELP1",0.407017918923954
"GO:0009792","embryo development ending in birth or egg hatching",82,0.3875617566935,1.34249811577238,0.064659977703456,0.515651701102998,0.515651701102998,1117,"tags=18%, list=11%, signal=16%","TFAP2A/CHD7/TET1/WNT7B/FGF2/BMP7/PPP2R3A/TGFBR1/FGFR1/FGFR2/HDAC3/STIL/TAF10/TCOF1/MTHFD1",0.184706471207739
"GO:2000134","negative regulation of G1/S transition of mitotic cell cycle",27,0.464605688335501,1.34200283227114,0.105732484076433,0.628062057702776,0.628062057702776,1813,"tags=30%, list=18%, signal=24%","CDK2/GPNMB/RB1/KANK2/PRMT2/RFWD3/APC/CRLF3",0.152144922367565
"GO:0048738","cardiac muscle tissue development",52,0.41733434397035,1.34087143712114,0.0743801652892562,0.544405431920277,0.544405431920277,1286,"tags=25%, list=13%, signal=22%","PKP2/KCNK2/RGS4/ENG/NEBL/DSG2/FGF2/BMP7/TGFBR1/FGFR2/FRS2/SMAD5/PRMT1",0.176694268938498
"GO:0072331","signal transduction by p53 class mediator",101,-0.272415137635613,-1.33989912347267,0.0276312698765807,0.37335677809013,0.37335677809013,1371,"tags=27%, list=14%, signal=23%","RPL37/EP300/RPS15/CD44/RPS7/CDKN1B/TP53RK/HINT1/PYCARD/SGK1/PPP1R15A/RPL26/RPS20/PSMD10/CDIP1/RPL23/SNW1/USP7/BCL2/CDKN2A/RBM38/HEXIM1/AEN/PDCD5/HIPK2/TAF9B/PMAIP1",0.352487857583619
"GO:2001238","positive regulation of extrinsic apoptotic signaling pathway",21,-0.406328162668562,-1.33949186399752,0.126696832579186,0.676814132998248,0.676814132998248,402,"tags=19%, list=4%, signal=18%","ITM2C/FASLG/PMAIP1/ATF3",0.271288554688953
"GO:0046580","negative regulation of Ras protein signal transduction",12,0.546547298719019,1.33938907252301,0.140845070422535,0.712518170906042,0.712518170906042,929,"tags=33%, list=9%, signal=30%","SPRY2/SYNGAP1/MAPKAP1/MFN2",0.137250779610133
"GO:0150079","negative regulation of neuroinflammatory response",10,-0.495872770732591,-1.33908687871871,0.141914191419142,0.714049024770881,0.714049024770881,1084,"tags=20%, list=11%, signal=18%","CST7/CD200R1",0.216542836735348
"GO:0098901","regulation of cardiac muscle cell action potential",14,0.534309721024635,1.33904433021776,0.12292817679558,0.666714625537139,0.666714625537139,392,"tags=21%, list=4%, signal=21%","PKP2/CAV1/DSG2",0.14641623786055
"GO:0045940","positive regulation of steroid metabolic process",16,0.519973290498618,1.33885982218008,0.12568306010929,0.673479066959859,0.673479066959859,1980,"tags=38%, list=20%, signal=30%","APOE/SCAP/SREBF1/LDLRAP1/MC2R/PRKAA1",0.143758989039275
"GO:0046636","negative regulation of alpha-beta T cell activation",23,-0.37856967981394,-1.33830112957467,0.117924528301887,0.652623865477078,0.652623865477078,1535,"tags=39%, list=15%, signal=33%","RUNX3/SLC4A2/TNFRSF14/TNFSF4/ZC3H12A/LGALS3/LGALS9/LGALS1/ANXA1",0.287857117255149
"GO:2000147","positive regulation of cell motility",250,-0.239831645083203,-1.33656556397904,0.00372491169079093,0.175250363283597,0.175250363283597,2029,"tags=32%, list=20%, signal=26%","SEMA4A/TGFBR3/RHOA/CFL1/CCL5/AKT3/MTOR/CIB1/HSPA8/DNM1L/SP1/EGF/HMOX1/CLASP1/CALR/FOXP1/CAPN7/RREB1/ACTN4/STX4/DAPK2/FLNA/NUMB/CASS4/ROCK2/PDPK1/PDCD6/EZH2/F2R/TRADD/AGO2/AKIRIN1/CDC42/SERPINE1/SUN2/SOD2/IQSEC1/ITGB1BP1/CCL4/F2RL1/AIF1/ETS1/ADAM8/PYCARD/ADAM17/TNFRSF14/CD151/IFNG/WNK1/CCDC25/S100A11/SMAD3/CCL4L1/DDRGK1/CXCL13/KIF20B/FERMT3/CXCR4/FLT4/SMURF2/CASP8/NSMF/PHPT1/NEDD9/NCKAP1L/ZC3H12A/PRDM14/LGALS3/MYADM/LGALS9/ITGB1/NR4A3/SRGAP2C/SPOCK2/ITGA2/MAP4K4/AKAP12/PPP3CA/ANXA1/CCR1",0.431707695803346
"GO:0045724","positive regulation of cilium assembly",13,-0.449746465106739,-1.33645903301557,0.137037037037037,0.704117933723197,0.704117933723197,1147,"tags=31%, list=11%, signal=27%","HTT/CEP120/BBS4/IFT20",0.234392647294686
"GO:0072595","maintenance of protein localization in organelle",32,-0.35354781428197,-1.33565671805878,0.141745420987666,0.714049024770881,0.714049024770881,2159,"tags=44%, list=21%, signal=34%","HSPA5/RER1/PARK7/SP100/SKP1/SYNE1/INSIG2/SUN2/GPAA1/TSPO/KDELR2/INSIG1/BBS4/BARD1",0.249246554383295
"GO:0010878","cholesterol storage",11,0.570602724619872,1.33564701344887,0.147826086956522,0.722425,0.722425,1733,"tags=27%, list=17%, signal=23%","MSR1/NR1H2/PPARA",0.135740943810425
"GO:0001503","ossification",123,-0.256035097890383,-1.33499305261831,0.02036136239505,0.321180488430435,0.321180488430435,565,"tags=14%, list=6%, signal=13%","ATP2B1/SYNCRIP/SETD2/DHX36/RBPJ/PTEN/CRIM1/RXRB/BCAP29/CHSY1/CDK6/RUNX2/FHL2/FASN/PPP3CA/EBP/CCR1",0.352487857583619
"GO:0140888","interferon-mediated signaling pathway",68,-0.289314768394524,-1.33498806450467,0.0534632824370088,0.490547076188682,0.490547076188682,1337,"tags=24%, list=13%, signal=21%","AZI2/ZBP1/PARP14/IFNGR1/IRF7/IL10RB/IFNG/YTHDF2/ISG15/OASL/IRF3/TRAF3/OAS3/UBE2K/TXK/USP18",0.321775918075361
"GO:0060420","regulation of heart growth",20,0.500107893459128,1.33406373133725,0.124668435013263,0.670565067116791,0.670565067116791,1961,"tags=40%, list=20%, signal=32%","KCNK2/RGS4/FGF2/TGFBR1/FGFR2/ACACB/PPARA/PIM1",0.142056643575821
"GO:0060326","cell chemotaxis",123,-0.255639145210853,-1.33292851505806,0.0207217311657195,0.324973334145119,0.324973334145119,1258,"tags=24%, list=13%, signal=22%","AKIRIN1/SERPINE1/GSTP1/DDT/CCL4/F2RL1/AIF1/CORO1C/ADAM8/ADAM17/SBDS/DUSP1/RHOG/WNK1/CCL4L1/CXCL13/CXCR4/CKLF/NEDD9/KLRC4-KLRK1/VCAM1/NCKAP1L/CXCR6/LGALS3/LGALS9/ITGA1/PDE4B/CCR5/ANXA1/CCR1",0.352487857583619
"GO:0009267","cellular response to starvation",112,-0.261850457437725,-1.33269596652908,0.0318173718807832,0.40209332425391,0.40209332425391,891,"tags=16%, list=9%, signal=15%","ATG5/MAP1LC3B2/ZFYVE1/FOXO1/GABARAPL1/EIF2AK2/MIOS/FOS/RRAGA/NPRL3/PRKAG2/ZC3H12A/STK24/PRKAA2/PMAIP1/PLIN2/MAP1LC3A/ATF3",0.321775918075361
"GO:0046457","prostanoid biosynthetic process",14,0.531637264364363,1.33234683287141,0.12707182320442,0.677889985810464,0.677889985810464,1119,"tags=21%, list=11%, signal=19%","DAGLB/PTGES2/PIBF1",0.143758989039275
"GO:0045907","positive regulation of vasoconstriction",10,0.576101149732307,1.33182570704231,0.121602288984263,0.660440804566826,0.660440804566826,2503,"tags=60%, list=25%, signal=45%","CAV1/FGB/HRH1/TBXA2R/ADRA1A/CD38",0.150169802128406
"GO:0007626","locomotory behavior",36,0.43902545897457,1.33108494351869,0.110837438423645,0.640266563675052,0.640266563675052,741,"tags=14%, list=7%, signal=13%","PLN/APOE/GDNF/ATP1A2/GRM6",0.14551614609036
"GO:0071805","potassium ion transmembrane transport",66,0.3957861417278,1.33020998945159,0.0901826484018265,0.591870994973332,0.591870994973332,3901,"tags=52%, list=39%, signal=32%","KCNK2/SLC24A1/CAV1/KCNJ14/KCNA3/RGS4/ATP1A2/ABCB8/GNB2/KCNN3/KCNJ11/TMEM38A/KCNK5/BIN1/KCNA7/SLC12A8/DLG1/KCNE4/SLC12A9/OPRK1/KCNRG/ATP1B2/SLC9A8/SLC9A7/KCNJ2/KCNJ5/TMEM43/STK39/NEDD4L/ATP1A1/GHITM/P2RX7/WWP2/SLC9A4",0.156312403073186
"GO:0046632","alpha-beta T cell differentiation",85,-0.283172367589122,-1.33003469825479,0.0304958346587882,0.395635330041754,0.395635330041754,764,"tags=16%, list=8%, signal=15%","JUNB/TNFSF4/NKAP/GPR65/PRDM1/NCKAP1L/PSMB8/ZC3H12A/NFKBIZ/BRD4/LGALS1/RSAD2/PNP/ANXA1",0.352487857583619
"GO:0046823","negative regulation of nucleocytoplasmic transport",18,-0.408318127400844,-1.3297434889726,0.14453125,0.718059200063613,0.718059200063613,2779,"tags=56%, list=28%, signal=40%","YWHAE/RANGAP1/TPR/MDFIC/PARK7/SP100/RBM10/YWHAB/UFM1/BARD1",0.234392647294686
"GO:0072009","nephron epithelium development",20,0.498472412428895,1.32970100090596,0.129973474801061,0.683448641591132,0.683448641591132,1148,"tags=30%, list=11%, signal=27%","MAGED1/WNT7B/FGF2/GDNF/CD24/KLHL3",0.13880510939114
"GO:0007099","centriole replication",24,0.472681869809232,1.32948279455745,0.130039011703511,0.683448641591132,0.683448641591132,1203,"tags=25%, list=12%, signal=22%","CDK2/RBM14/STIL/SPICE1/CCP110/ALMS1",0.137250779610133
"GO:0098534","centriole assembly",24,0.472681869809232,1.32948279455745,0.130039011703511,0.683448641591132,0.683448641591132,1203,"tags=25%, list=12%, signal=22%","CDK2/RBM14/STIL/SPICE1/CCP110/ALMS1",0.137250779610133
"GO:0032633","interleukin-4 production",14,-0.447468593158586,-1.32942626001509,0.133093525179856,0.694826491747778,0.694826491747778,761,"tags=29%, list=8%, signal=26%","TNFSF4/CLECL1/LGALS9/DDIT3",0.234392647294686
"GO:0032673","regulation of interleukin-4 production",14,-0.447468593158586,-1.32942626001509,0.133093525179856,0.694826491747778,0.694826491747778,761,"tags=29%, list=8%, signal=26%","TNFSF4/CLECL1/LGALS9/DDIT3",0.234392647294686
"GO:0098659","inorganic cation import across plasma membrane",50,0.416488517518192,1.3287240378812,0.101754385964912,0.622709837603159,0.622709837603159,741,"tags=14%, list=7%, signal=13%","MS4A1/SLC24A1/KCNJ14/TRPM1/SLC30A8/ATP1A2/GRM6",0.148261500475107
"GO:0099587","inorganic ion import across plasma membrane",50,0.416488517518192,1.3287240378812,0.101754385964912,0.622709837603159,0.622709837603159,741,"tags=14%, list=7%, signal=13%","MS4A1/SLC24A1/KCNJ14/TRPM1/SLC30A8/ATP1A2/GRM6",0.148261500475107
"GO:1990928","response to amino acid starvation",39,-0.341698552411261,-1.32840697563488,0.0595823439026864,0.506771475449346,0.506771475449346,598,"tags=15%, list=6%, signal=15%","EIF2AK2/MIOS/RRAGA/NPRL3/MAP1LC3A/ATF3",0.321775918075361
"GO:0050818","regulation of coagulation",21,0.483181236938996,1.32659181203512,0.12932138284251,0.683448641591132,0.683448641591132,1798,"tags=29%, list=18%, signal=24%","APOE/CAV1/FGB/TFPI/NOS3/TBXA2R",0.136490437780413
"GO:0022409","positive regulation of cell-cell adhesion",180,-0.251944595078875,-1.32632602818237,0.00465551225658896,0.18590151986236,0.18590151986236,1572,"tags=27%, list=16%, signal=23%","AMBRA1/RUNX3/SMARCC2/CD3E/SIRPB1/HSPH1/PDPK1/SKAP1/VAV1/EP300/CD44/CD55/AIF1/ETS1/ICOS/ADAM8/HLA-DRB5/SMARCB1/PYCARD/CSK/TNFRSF14/ARID1A/CD81/HLA-DQA1/RASAL3/HLA-DQB1/TNFSF4/CXCL13/NKAP/GPR65/KLRC4-KLRK1/CLECL1/VCAM1/SMARCA2/NCKAP1L/HLA-DQB2/LGALS9/NFKBIZ/BRD4/HLA-DQA2/NR4A3/FUT3/CITED2/PNP/PPP3CA/ADAM19/ANXA1/PTPN23",0.407017918923954
"GO:1901889","negative regulation of cell junction assembly",14,-0.445745207927762,-1.32430609377994,0.140287769784173,0.711459403905447,0.711459403905447,1792,"tags=43%, list=18%, signal=35%","RPS6/ROCK2/DUSP22/ITGB1BP1/CORO1C/PTEN",0.227987202850442
"GO:0050795","regulation of behavior",23,0.484613072105427,1.32393714601703,0.118987341772152,0.652623865477078,0.652623865477078,1240,"tags=26%, list=12%, signal=23%","PCSK1N/APOE/PER3/EIF2AK4/ADA/LEPR",0.142056643575821
"GO:0019915","lipid storage",42,0.420373147044164,1.323684316699,0.101992966002345,0.622709837603159,0.622709837603159,2019,"tags=31%, list=20%, signal=25%","MSR1/APOE/CAV1/HILPDA/SQLE/BSCL2/NR1H2/ACACB/IKBKE/PTPN2/PPARA/FTO/LRAT",0.148261500475107
"GO:0170062","nutrient storage",42,0.420373147044164,1.323684316699,0.101992966002345,0.622709837603159,0.622709837603159,2019,"tags=31%, list=20%, signal=25%","MSR1/APOE/CAV1/HILPDA/SQLE/BSCL2/NR1H2/ACACB/IKBKE/PTPN2/PPARA/FTO/LRAT",0.148261500475107
"GO:0045580","regulation of T cell differentiation",111,-0.266703180923621,-1.32335717961538,0.0221256756998618,0.333203581081823,0.333203581081823,2695,"tags=44%, list=27%, signal=33%","CD69/CBFB/CLPTM1/HMGB1/RC3H1/PSMB2/CD2/BATF/IL2RG/BRD2/PSMB4/ZBTB1/CTLA4/HLA-DRA/PRELID1/ARID2/PSMA3/LAG3/RHOA/TOX/HLA-DRB1/CD27/SOD1/AMBRA1/RUNX3/SMARCC2/METTL14/SLC4A2/EP300/PSMA5/ADAM8/SMARCB1/ARID1A/JUNB/TNFSF4/NKAP/GPR65/PRDM1/SMARCA2/NCKAP1L/CDKN2A/PSMB8/ZC3H12A/NFKBIZ/BRD4/ZC3H8/LGALS1/PNP/ANXA1",0.352487857583619
"GO:0045103","intermediate filament-based process",18,0.499566017392573,1.32325650670923,0.132707774798928,0.694826491747778,0.694826491747778,69,"tags=11%, list=1%, signal=11%","DST/PKP2",0.138022242496643
"GO:0002701","negative regulation of production of molecular mediator of immune response",17,0.497040364523548,1.32314570647832,0.147606382978723,0.722425,0.722425,1477,"tags=29%, list=15%, signal=25%","FCGR2B/TBX21/SLAMF1/FCRL3/XCL1",0.129442887745046
"GO:1902969","mitotic DNA replication",12,0.539856620044195,1.32299264731732,0.146478873239437,0.722425,0.722425,3812,"tags=75%, list=38%, signal=47%","BCL6/RECQL5/CDT1/GINS1/LIG1/PCNA/RAD51/MCM4/MCM3",0.134273452883202
"GO:0019076","viral release from host cell",23,-0.374197956052632,-1.32284642424586,0.117924528301887,0.652623865477078,0.652623865477078,2753,"tags=43%, list=27%, signal=32%","CHMP2B/ARL8B/CHMP3/PPIA/CHMP2A/CHMP7/VPS37B/CHMP4A/TRIM25/VAPB",0.287857117255149
"GO:0035891","exit from host cell",23,-0.374197956052632,-1.32284642424586,0.117924528301887,0.652623865477078,0.652623865477078,2753,"tags=43%, list=27%, signal=32%","CHMP2B/ARL8B/CHMP3/PPIA/CHMP2A/CHMP7/VPS37B/CHMP4A/TRIM25/VAPB",0.287857117255149
"GO:0061723","glycophagy",11,-0.472664450656991,-1.32184712236943,0.169871794871795,0.763744048587711,0.763744048587711,2012,"tags=45%, list=20%, signal=36%","WIPI1/RB1CC1/WIPI2/ATG12/GABARAPL1",0.193813302725311
"GO:0001895","retina homeostasis",19,0.487513819484408,1.32109471978142,0.136897001303781,0.704117933723197,0.704117933723197,1441,"tags=42%, list=14%, signal=36%","CDHR1/CDH23/BBS2/SLC28A2/NXNL2/CNGB1/SLC2A1/MAK",0.133554954557592
"GO:0036037","CD8-positive, alpha-beta T cell activation",28,-0.360058558097379,-1.32108239166119,0.114112894973594,0.648312119535141,0.648312119535141,3401,"tags=64%, list=34%, signal=43%","PSMA4/PSMB10/PSMA2/CRTAM/PSMB9/PSMA7/CBFB/PSMB2/PSMB4/HLA-E/HLA-A/PSMA3/TOX/RUNX3/SLC4A2/TNFSF8/PSMA5/NCKAP1L",0.287805130535564
"GO:1903514","release of sequestered calcium ion into cytosol by endoplasmic reticulum",16,-0.427127622834584,-1.31925082118694,0.137037037037037,0.704117933723197,0.704117933723197,2434,"tags=56%, list=24%, signal=43%","CALM2/CCL3/ITPR1/GSTM2/CALM1/SRI/FASLG/CCR5/ASPH",0.234392647294686
"GO:0071398","cellular response to fatty acid",12,0.538315528037378,1.31921599011213,0.153521126760563,0.733782129742962,0.733782129742962,686,"tags=25%, list=7%, signal=23%","KCNK2/SREBF1/IRS1",0.130777137971974
"GO:2000106","regulation of leukocyte apoptotic process",39,-0.339307971108587,-1.31911321405502,0.0604919804733133,0.508602150537634,0.508602150537634,1092,"tags=28%, list=11%, signal=25%","ADAM8/IRF7/ADAM17/ORMDL3/TSC22D3/CDKN2A/LGALS3/LGALS9/ZC3H8/CCR5/ANXA1",0.321775918075361
"GO:0034330","cell junction organization",285,0.343505790440614,1.3190169008852,0.0152136665882453,0.283437929613492,0.283437929613492,1911,"tags=20%, list=19%, signal=17%","DSG3/DST/SLITRK4/RAB13/GABRA2/PKP2/APOE/CAV1/DBN1/PTK7/MAPK14/MAP2K4/LZTS1/FNTA/POTEE/FCGR2B/DSG2/SYNGAP1/WNT7B/AGRN/CD2AP/MAP2K1/SORBS1/CNTN4/CAMK1/ECT2/LGMN/LSR/TGFBR1/FGFR1/FLOT1/DIXDC1/MPP7/CDHR3/ZDHHC12/POF1B/GNA13/UBE3B/ABI2/PCDHB9/MYO9A/PPFIA1/DIP2A/CLDN18/APC/PCDHB16/PSEN1/ZDHHC15/PKN2/VSIG10/IGSF11/LDB1/CLDN11/PLXNA3/NF1/DCTN1/CRIPT",0.380730400722792
"GO:1904950","negative regulation of establishment of protein localization",55,-0.294204633862353,-1.31900618373832,0.066667549743062,0.525932892417489,0.525932892417489,2267,"tags=44%, list=23%, signal=34%","MDFIC/ERP29/DERL2/GDI1/ALDH7A1/PARK7/SP100/SNX3/YWHAB/LYPLA1/RHBDF2/F2R/UFM1/UBE2J1/KLF7/ITGB1BP1/CSK/FOXO1/ERLEC1/RAB11FIP1/SVIP/BARD1/RSAD2/MIDN",0.287805130535564
"GO:0018198","peptidyl-cysteine modification",11,0.562711378621596,1.31717522518023,0.160869565217391,0.742548052215027,0.742548052215027,2995,"tags=55%, list=30%, signal=38%","ZDHHC18/ZDHHC12/ZDHHC15/ZDHHC3/ZDHHC2/ZDHHC21",0.129442887745046
"GO:0006898","receptor-mediated endocytosis",124,0.366001844095452,1.31716010539273,0.0572916666666667,0.500501025354213,0.500501025354213,2943,"tags=32%, list=29%, signal=23%","MSR1/DGKD/PLCG2/APOE/CAV1/CUBN/FCGR2B/DNAJC13/SCARF1/CLTB/PIK3CB/LDLRAP1/FLOT1/SYK/CCR7/RALBP1/SCYL2/STON1/USP46/PIKFYVE/SNX9/DNM2/GAS7/STON2/RIN3/PDLIM7/HIP1R/CXCL16/ADIPOQ/INPP5F/SCARB2/RAC1/RABEP1/ATXN2/CLN3/SDCBP/AP3M1/CXCR2/PI4KB/UBQLN2",0.190023305279108
"GO:0042475","odontogenesis of dentin-containing tooth",10,-0.487739714408248,-1.31712384777487,0.155115511551155,0.73665977825606,0.73665977825606,1614,"tags=40%, list=16%, signal=34%","CTNNA1/SLC4A2/SERPINE1/ANKRD11",0.206587922696891
"GO:0034162","toll-like receptor 9 signaling pathway",19,0.485986559128653,1.31695605640188,0.138200782268579,0.707305445293317,0.707305445293317,1138,"tags=21%, list=11%, signal=19%","MSR1/SYK/PIK3AP1/FCRL3",0.132846300606183
"GO:0009126","purine nucleoside monophosphate metabolic process",31,-0.350903792000415,-1.31647685467984,0.115162129373868,0.648312119535141,0.648312119535141,337,"tags=16%, list=3%, signal=16%","CASK/GMPS/AMPD2/NUDT2/PNP",0.287805130535564
"GO:0032740","positive regulation of interleukin-17 production",13,0.535215456112006,1.31592725448356,0.14344262295082,0.716294151798558,0.716294151798558,1814,"tags=38%, list=18%, signal=32%","LY9/NOD2/OPA1/ARID5A/IL18",0.133554954557592
"GO:0002832","negative regulation of response to biotic stimulus",85,-0.2801397772777,-1.3157908990659,0.0342814677769896,0.415742644935231,0.415742644935231,2101,"tags=31%, list=21%, signal=24%","HLA-B/OAS1/LAG3/PDCD1/GRB2/MUL1/USP15/RPS19/TNFAIP3/HLA-F/ATG12/PARP14/CEP63/ATG5/MICA/SMAD3/YTHDF2/ISG15/OAS3/CARD16/TRIB1/LGALS9/TREX1/NMI/KIR2DL4/USP18",0.321775918075361
"GO:0050877","nervous system process",267,0.34416135362344,1.31549097347783,0.022301136065689,0.333662591327645,0.333662591327645,2019,"tags=26%, list=20%, signal=21%","PLN/TFAP2A/MMP24/CHD7/KCNK2/APOE/SLC24A1/TRPM1/CCDC50/RP9/RGS4/BBS7/TAS2R20/EIF2AK4/NMB/SERPINB6/PDZD7/RGR/MET/VN1R2/TBL1X/TYR/LGMN/BBS9/GNAL/STAC2/ITGAX/ATP1A2/GRM6/AGTPBP1/CDH23/OR11A1/BBS2/SCN9A/RP2/CABP5/EIF2AK3/TMC7/TNNI1/AIPL1/PDE6D/BBS5/HTR3B/NXNL2/WDR36/CNGB1/OPRM1/FAM161A/PPEF2/MYO9A/NOS3/TMPRSS3/DGCR2/PSEN1/OPA1/P2RX5/KCNJ11/GPR171/CHM/EYA3/SLC26A4/NF1/DCTN1/UBA5/DCDC2/CRX/SLC2A4/ABAT/LRAT",0.352487857583619
"GO:1903902","positive regulation of viral life cycle",17,-0.414421924502494,-1.31490271984451,0.14,0.710923276983095,0.710923276983095,1513,"tags=35%, list=15%, signal=30%","TRIM38/FMR1/VPS37B/TRIM11/LGALS9/LGALS1",0.241339976815091
"GO:2000179","positive regulation of neural precursor cell proliferation",12,-0.457033831833686,-1.31456490928548,0.136986301369863,0.704117933723197,0.704117933723197,2515,"tags=58%, list=25%, signal=44%","CTNNB1/NOTCH1/KDM1A/NAP1L1/TOX/FLNA/RYK",0.224966093540314
"GO:0072676","lymphocyte migration",60,-0.299424090634598,-1.31420508290124,0.0706311935236237,0.535562739242234,0.535562739242234,1141,"tags=23%, list=11%, signal=21%","CCL4/AIF1/ADAM8/PYCARD/ADAM17/TNFRSF14/WNK1/CXCL13/CKLF/GCSAML/NEDD9/KLRC4-KLRK1/LGALS9/CD200R1",0.287805130535564
"GO:1903707","negative regulation of hemopoiesis",57,-0.30514341730002,-1.31414080394004,0.0556218654873118,0.493644056199892,0.493644056199892,1123,"tags=21%, list=11%, signal=19%","PSMA5/GPR137B/ZNF675/TNFSF4/CDKN2A/PSMB8/ZC3H12A/TRIB1/CDK6/ZC3H8/LGALS1/ANXA1",0.321775918075361
"GO:0071333","cellular response to glucose stimulus",53,-0.295641471632262,-1.31358123548959,0.0819430069774923,0.561559841615777,0.561559841615777,1289,"tags=25%, list=13%, signal=21%","GPX1/RAB11B/KLF7/SMARCB1/ERN1/PTPRN2/SRI/SMAD3/PCK2/PHPT1/ZNF236/PPP3CB/PRKAA2",0.287805130535564
"GO:0006091","generation of precursor metabolites and energy",263,-0.234241123904885,-1.31349620990251,0.00514145048530982,0.18590151986236,0.18590151986236,2017,"tags=32%, list=20%, signal=26%","RHOA/WIPI1/PPP1CB/RB1CC1/SLC25A13/MTOR/PARK7/TP53/NDUFA5/H6PD/NDUFB8/NDUFC2/DYRK2/NDUFA8/ACAT1/COX7C/COX6C/NDUFA13/NDUFB5/UQCRH/COX6B1/NDUFA2/ADHFE1/PLEC/COX7A2/DLD/WIPI2/COX8A/NDUFA6/PRPS2/COX4I1/NDUFS7/EP300/ATG12/ETFA/NDUFA12/PFKFB3/CHCHD5/CYC1/ACADM/NDUFB7/AGL/NDUFV2/NDUFS4/TALDO1/UQCRB/IL10RB/NDUFAB1/NDUFA3/IFNG/TKT/C2orf69/BLOC1S1/COX5A/ZBTB7A/UGP2/POR/GABARAPL1/COX7B/COX7A2L/SUCLA2/NDUFB2/ENOX2/UQCR10/NDUFA1/UQCR11/PGM2/ISCU/RBPJ/COX6A1/PRKAG2/BPGM/NDUFB4/NDUFS8/HIGD2A/NDUFB1/DLST/NDUFB6/PGD/NR4A3/NDUFB9/PRKAA2/CROT",0.407017918923954
"GO:0043371","negative regulation of CD4-positive, alpha-beta T cell differentiation",15,-0.416764713831586,-1.31315724695175,0.135849056603774,0.704117933723197,0.704117933723197,761,"tags=27%, list=8%, signal=25%","TNFSF4/ZC3H12A/LGALS1/ANXA1",0.237793834423688
"GO:0048872","homeostasis of number of cells",131,-0.25747944575317,-1.31135997162824,0.0314286577721525,0.40209332425391,0.40209332425391,2138,"tags=32%, list=21%, signal=26%","BCL10/PSMA3/PACS1/TGFBR3/HSPA9/PTBP3/RPS14/HMOX1/ZNHIT1/SOD1/ID2/RPS19/TNFAIP3/ANKRD54/F2R/DOCK11/SLC25A5/RPS24/MAEA/PSMA5/ETS1/ADAM17/ZFP36/KLF13/ZBTB7A/OCIAD2/ISG15/RPS17/TSC22D3/TUBA1A/NCKAP1L/PSMB8/BRD1/LGALS9/UBAP2/CDK6/NFKBIZ/HIPK2/ZC3H8/PDE4B/ANXA1/PMAIP1",0.321775918075361
"GO:0072678","T cell migration",42,-0.32441140461581,-1.31047459391294,0.0739780779999797,0.544405431920277,0.544405431920277,2299,"tags=38%, list=23%, signal=29%","CD99/CCL3/SLC12A2/RHOA/CCL5/PLEC/MYO1G/AIF1/ADAM8/PYCARD/ADAM17/TNFRSF14/WNK1/CXCL13/LGALS9/CD200R1",0.287805130535564
"GO:0017004","cytochrome complex assembly",27,-0.358599487087447,-1.31036713483903,0.107753296587625,0.628963562293987,0.628963562293987,1374,"tags=33%, list=14%, signal=29%","COX16/COX20/COX10/OCIAD2/COX14/COA4/PET117/COA6/COX17",0.287805130535564
"GO:0060291","long-term synaptic potentiation",30,0.441711717436523,1.30915690991295,0.143036386449184,0.715883668903803,0.715883668903803,544,"tags=13%, list=5%, signal=13%","APOE/SLC24A1/EIF2AK4/LGMN",0.127505315300183
"GO:0001731","formation of translation preinitiation complex",10,-0.484768043332201,-1.30909895513976,0.161716171617162,0.744695342175727,0.744695342175727,508,"tags=20%, list=5%, signal=19%","SYNCRIP/DHX29",0.20207170902116
"GO:1902807","negative regulation of cell cycle G1/S phase transition",29,0.44179512839978,1.30770090991721,0.142675159235669,0.715883668903803,0.715883668903803,1813,"tags=28%, list=18%, signal=23%","CDK2/GPNMB/RB1/KANK2/PRMT2/RFWD3/APC/CRLF3",0.128788713061714
"GO:0045623","negative regulation of T-helper cell differentiation",11,-0.467499657832407,-1.30740333138129,0.173076923076923,0.764817419426705,0.764817419426705,761,"tags=36%, list=8%, signal=34%","TNFSF4/ZC3H12A/LGALS1/ANXA1",0.191892240384838
"GO:0071466","cellular response to xenobiotic stimulus",57,0.402888965323784,1.30736012125234,0.109302325581395,0.634213345312554,0.634213345312554,2633,"tags=42%, list=26%, signal=31%","SULT1A1/CYP3A5/ABCC5/ACSL1/SLC28A2/BPHL/ADA/UGT2B15/EFTUD2/VKORC1/SULT1A3/SULT1A4/ARNT/CMBL/PRKAA1/CYP3A4/NQO1/AIM2/ADIPOQ/RBBP9/CYB5B/GSTM3/CYP2B6/ABCB1",0.142056643575821
"GO:0086001","cardiac muscle cell action potential",36,0.430753913124557,1.30600637480358,0.124384236453202,0.669959232206557,0.669959232206557,3015,"tags=44%, list=30%, signal=31%","PKP2/CAV1/DSG2/ATP1A2/SCN9A/RNF207/CAMK2D/SCN11A/BIN1/TMEM161B/GPD1L/SCN2B/DLG1/KCNE4/SCN3B/GJC1",0.136490437780413
"GO:0015849","organic acid transport",128,0.357021220238667,1.30579971943614,0.0693703308431163,0.532777244871519,0.532777244871519,3071,"tags=39%, list=31%, signal=27%","KCNK2/APOE/RGS4/SLC7A2/ABCC5/NMB/SLC38A10/SLC27A2/SLC26A6/ACSL1/ATP1A2/SLC16A1/SLC7A14/TTYH3/ACSL3/SLC44A4/SYK/GOT2/ABCD2/KMO/SLC6A17/SLC2A1/SLC7A5P1/SLC25A17/SLC25A45/CPT1B/PPARA/LRRC8B/SLC6A20/SLC26A4/ABAT/SLC43A1/SLC16A12/PER2/SLC7A11/SLC47A1/SLC36A2/CPT2/FABP2/ATP8B1/ABCB1/PLA2G12A/VPS54/CLN3/SLC27A1/SLC38A9/FIS1/RBP1/PRAF2/NCOA2",0.173747838999571
"GO:0046942","carboxylic acid transport",128,0.357021220238667,1.30579971943614,0.0693703308431163,0.532777244871519,0.532777244871519,3071,"tags=39%, list=31%, signal=27%","KCNK2/APOE/RGS4/SLC7A2/ABCC5/NMB/SLC38A10/SLC27A2/SLC26A6/ACSL1/ATP1A2/SLC16A1/SLC7A14/TTYH3/ACSL3/SLC44A4/SYK/GOT2/ABCD2/KMO/SLC6A17/SLC2A1/SLC7A5P1/SLC25A17/SLC25A45/CPT1B/PPARA/LRRC8B/SLC6A20/SLC26A4/ABAT/SLC43A1/SLC16A12/PER2/SLC7A11/SLC47A1/SLC36A2/CPT2/FABP2/ATP8B1/ABCB1/PLA2G12A/VPS54/CLN3/SLC27A1/SLC38A9/FIS1/RBP1/PRAF2/NCOA2",0.173747838999571
"GO:1903008","organelle disassembly",55,-0.291064222974533,-1.30492679509602,0.0757288907975089,0.549667878372253,0.549667878372253,1457,"tags=20%, list=15%, signal=17%","VRK1/STX5/RRP7A/TRIP4/DDRGK1/UFSP2/NEDD9/SAYSD1/PELO/PRKAA2/PLIN2",0.287805130535564
"GO:0016601","Rac protein signal transduction",28,0.447482054482613,1.3046429444744,0.15625,0.73665977825606,0.73665977825606,1382,"tags=29%, list=14%, signal=25%","STMN3/FNTA/SOS1/PIK3CB/KBTBD6/CCR7/ABI2/FARP2",0.120985142145252
"GO:1903077","negative regulation of protein localization to plasma membrane",17,-0.411181344253147,-1.30462081260986,0.148,0.722425,0.722425,2233,"tags=65%, list=22%, signal=50%","PICALM/ALDH7A1/GBP1/ABI3/TMEM59/LYPLA1/NUMB/BCL2L1/CSK/WNK1/TMBIM1",0.234392647294686
"GO:0050907","detection of chemical stimulus involved in sensory perception",10,0.564226090180844,1.30437304601109,0.148783977110157,0.724487374058152,0.724487374058152,1281,"tags=30%, list=13%, signal=26%","TAS2R20/OR11A1/CNGB1",0.134273452883202
"GO:0072599","establishment of protein localization to endoplasmic reticulum",39,-0.335350272480986,-1.30372703689019,0.0686787199796701,0.532777244871519,0.532777244871519,2527,"tags=49%, list=25%, signal=37%","SRP19/SGTA/RAB10/SPCS2/HSPA5/SRP72/SRP9/SSR4/ZFAND2A/RAB3GAP1/SSR2/SSR3/SPCS1/SEC61B/CHMP4A/SEC61G/HERPUD1/ZFAND2B/UBL4A",0.287805130535564
"GO:0048565","digestive tract development",13,0.530152835388771,1.30347985500595,0.157103825136612,0.73665977825606,0.73665977825606,2346,"tags=46%, list=23%, signal=35%","BBS7/FGFR2/PTK6/CBFA2T2/NPHP3/CHD8",0.126875729929857
"GO:0006743","ubiquinone metabolic process",13,0.529882224935549,1.30281450861754,0.157103825136612,0.73665977825606,0.73665977825606,3108,"tags=46%, list=31%, signal=32%","COQ7/PPTC7/RTN4IP1/NQO1/PDSS2/COQ6",0.126875729929857
"GO:1905476","negative regulation of protein localization to membrane",19,-0.386917712442374,-1.30273602429482,0.127659574468085,0.67916980694533,0.67916980694533,2233,"tags=58%, list=22%, signal=45%","PICALM/ALDH7A1/GBP1/ABI3/TMEM59/LYPLA1/NUMB/BCL2L1/CSK/WNK1/TMBIM1",0.261663521711573
"GO:0009116","nucleoside metabolic process",22,-0.375213221824103,-1.30240953862321,0.107438016528926,0.628062057702776,0.628062057702776,2416,"tags=50%, list=24%, signal=38%","MTAP/DERA/TK2/TYMP/DNPH1/HPRT1/ERH/DTYMK/NUDT1/PGM2/PNP",0.282013350011725
"GO:0090596","sensory organ morphogenesis",41,0.41840578477273,1.30219785979743,0.110179640718563,0.637409625194056,0.637409625194056,1161,"tags=22%, list=12%, signal=19%","TFAP2A/CHD7/SOX4/PDZD7/PPP2R3A/AGTPBP1/FGFR2/SLC44A4/ABI2",0.143758989039275
"GO:0003205","cardiac chamber development",32,0.43489529592754,1.30219517230533,0.139732685297691,0.710489760530579,0.710489760530579,798,"tags=22%, list=8%, signal=20%","PKP2/KCNK2/SOX4/ENG/BMP7/TGFBR1/FGFR2",0.126875729929857
"GO:0010830","regulation of myotube differentiation",17,0.488564837353646,1.30058343953699,0.166223404255319,0.754042155129503,0.754042155129503,832,"tags=29%, list=8%, signal=27%","MYOG/MAPK14/HDAC5/LMOD3/PIEZO1",0.120985142145252
"GO:0010613","positive regulation of cardiac muscle hypertrophy",15,-0.412644508177348,-1.30017515481623,0.139622641509434,0.710489760530579,0.710489760530579,97,"tags=13%, list=1%, signal=13%","NR4A3/PPP3CA",0.234392647294686
"GO:0014742","positive regulation of muscle hypertrophy",15,-0.412644508177348,-1.30017515481623,0.139622641509434,0.710489760530579,0.710489760530579,97,"tags=13%, list=1%, signal=13%","NR4A3/PPP3CA",0.234392647294686
"GO:0042303","molting cycle",18,-0.399126493687365,-1.29980968426664,0.15625,0.73665977825606,0.73665977825606,1554,"tags=28%, list=15%, signal=24%","RHBDF2/TRADD/BCL2/PER1/CLOCK",0.224966093540314
"GO:0042633","hair cycle",18,-0.399126493687365,-1.29980968426664,0.15625,0.73665977825606,0.73665977825606,1554,"tags=28%, list=15%, signal=24%","RHBDF2/TRADD/BCL2/PER1/CLOCK",0.224966093540314
"GO:0099010","modification of postsynaptic structure",15,-0.412517868093748,-1.29977613268692,0.139622641509434,0.710489760530579,0.710489760530579,2017,"tags=53%, list=20%, signal=43%","RHOA/CFL1/AGAP1/ABI3/STAU1/CAP1/STRN4/SARM1",0.234392647294686
"GO:0042461","photoreceptor cell development",13,-0.437331066379273,-1.29956564292772,0.155555555555556,0.73665977825606,0.73665977825606,291,"tags=23%, list=3%, signal=22%","BBS4/RPGRIP1L/MYO7A",0.219250346703755
"GO:0032418","lysosome localization",37,-0.320074861042641,-1.29922557379135,0.0986275073412886,0.622709837603159,0.622709837603159,3105,"tags=57%, list=31%, signal=39%","SNX4/SYTL4/RAC2/TMEM106B/STXBP2/UNC13D/SNAPIN/CBL/CD84/ARL8B/KXD1/MYH9/RNF167/NDEL1/PDPK1/PLEKHM1/VAMP8/SPHK2/BLOC1S1/LGALS9/NR4A3",0.287805130535564
"GO:0017148","negative regulation of translation",91,-0.282039229221162,-1.2990763477679,0.0232970667704843,0.335701275788713,0.335701275788713,1508,"tags=23%, list=15%, signal=20%","DDX6/FMR1/TNRC6B/OTUD6B/AGO2/EIF3E/UNK/ZFP36/NANOS1/ZFP36L2/EIF2AK2/PAIP2/SYNCRIP/DHX36/GZMB/TNRC6C/GIGYF1/MRPL13/TOB1/PARP16/ENC1",0.352487857583619
"GO:0046631","alpha-beta T cell activation",116,-0.263208198346375,-1.29887616198335,0.0467456651851475,0.459803079465997,0.459803079465997,1535,"tags=27%, list=15%, signal=23%","RUNX3/CD3E/HSPH1/SLC4A2/CD3D/TNFSF8/EP300/CD44/CD55/PSMA5/ICOS/CLEC2B/TNFRSF14/CD81/RASAL3/JUNB/TNFSF4/NKAP/GPR65/PRDM1/NCKAP1L/PSMB8/ZC3H12A/LGALS3/LGALS9/NFKBIZ/BRD4/LGALS1/RSAD2/PNP/ANXA1",0.321775918075361
"GO:0044788","host-mediated perturbation of viral process",56,-0.293912435952206,-1.29818341929424,0.100605405384549,0.622709837603159,0.622709837603159,2260,"tags=41%, list=23%, signal=32%","EEA1/SMC6/CCL3/APOBEC3H/CFL1/CCL5/NUCKS1/SP1/YTHDC2/ROCK2/FMR1/JUN/EP300/CDC42/RAB5A/CCL4/SMARCB1/ZFYVE1/SNW1/ZC3H12A/BRD4/FASN/VAPB",0.287805130535564
"GO:0033627","cell adhesion mediated by integrin",33,-0.332719956788544,-1.29815340723949,0.165832409655692,0.754042155129503,0.754042155129503,1512,"tags=39%, list=15%, signal=34%","CD3E/SKAP1/SERPINE1/ITGB1BP1/ADAM17/WNK1/CXCL13/FERMT3/ITGAD/VCAM1/NCKAP1L/ITGB1/ITGA2",0.249246554383295
"GO:0043537","negative regulation of blood vessel endothelial cell migration",18,0.490079991032582,1.29812980539918,0.148793565683646,0.724487374058152,0.724487374058152,1798,"tags=33%, list=18%, signal=27%","APOE/HDAC5/FGF2/SPRED1/MMRN2/TBXA2R",0.129442887745046
"GO:0032781","positive regulation of ATP-dependent activity",13,-0.436531936674092,-1.29719096253354,0.155555555555556,0.73665977825606,0.73665977825606,1582,"tags=31%, list=16%, signal=26%","AHSA1/DNAJB11/PLSCR1/DNAJC9",0.219250346703755
"GO:0032011","ARF protein signal transduction",14,-0.436533492526027,-1.29693814764453,0.151079136690647,0.729250962641506,0.729250962641506,2849,"tags=57%, list=28%, signal=41%","ARFGEF2/FBXO8/GBF1/GIT1/PSD4/IQSEC1/CYTH1/MAP4K4",0.219250346703755
"GO:0032012","regulation of ARF protein signal transduction",14,-0.436533492526027,-1.29693814764453,0.151079136690647,0.729250962641506,0.729250962641506,2849,"tags=57%, list=28%, signal=41%","ARFGEF2/FBXO8/GBF1/GIT1/PSD4/IQSEC1/CYTH1/MAP4K4",0.219250346703755
"GO:0045624","positive regulation of T-helper cell differentiation",16,-0.419864193853422,-1.29681657873632,0.151851851851852,0.730985221674877,0.730985221674877,761,"tags=31%, list=8%, signal=29%","TNFSF4/GPR65/NFKBIZ/BRD4/ANXA1",0.222056046145248
"GO:0001570","vasculogenesis",21,0.472150946441078,1.29630774481511,0.145966709346991,0.721743947858348,0.721743947858348,2766,"tags=43%, list=28%, signal=31%","CAV1/ENG/WNT7B/ITGB8/SPRED1/ASB4/CUL7/NRP1/EMP2",0.127505315300183
"GO:0060993","kidney morphogenesis",15,0.513578015688596,1.29556920376309,0.16146540027137,0.744418403848526,0.744418403848526,1148,"tags=40%, list=11%, signal=35%","MAGED1/SOX4/WNT7B/FGF2/GDNF/KLHL3",0.124434168630393
"GO:0030970","retrograde protein transport, ER to cytosol",22,-0.372854307994527,-1.29422146929694,0.107438016528926,0.628062057702776,0.628062057702776,1479,"tags=27%, list=15%, signal=23%","SEC61B/BCAP31/UBE2J1/HERPUD1/ERLEC1/SVIP",0.282013350011725
"GO:1903513","endoplasmic reticulum to cytosol transport",22,-0.372854307994527,-1.29422146929694,0.107438016528926,0.628062057702776,0.628062057702776,1479,"tags=27%, list=15%, signal=23%","SEC61B/BCAP31/UBE2J1/HERPUD1/ERLEC1/SVIP",0.282013350011725
"GO:0120162","positive regulation of cold-induced thermogenesis",52,0.402587240560018,1.29348983522597,0.107438016528926,0.628062057702776,0.628062057702776,2493,"tags=40%, list=25%, signal=31%","CAV1/HADH/KSR2/ACSL1/HDAC3/BSCL2/MFN2/SCD/SYK/ALMS1/LEPR/APC/PLAC8/JAK2/STAT6/IL18/DIO2/PER2/ADIPOQ/SMARCA4/CPT2",0.144630528034484
"GO:0010288","response to lead ion",10,-0.478947692118128,-1.29338130254757,0.171617161716172,0.764817419426705,0.764817419426705,817,"tags=20%, list=8%, signal=18%","PLSCR1/MAP1LC3A",0.195789002148949
"GO:0002825","regulation of T-helper 1 type immune response",21,0.470811908464561,1.29263136692655,0.149807938540333,0.725806451612903,0.725806451612903,2330,"tags=57%, list=23%, signal=44%","IL12RB2/TBX21/SLAMF1/SLC11A1/SOCS5/IL18BP/IL27RA/XCL1/ARID5A/IL18/IL1RL1/CD80",0.12563992130984
"GO:0051384","response to glucocorticoid",43,-0.313802179642993,-1.2926043680051,0.0748479439389961,0.545300785600335,0.545300785600335,1338,"tags=30%, list=13%, signal=26%","CBX3/GSTP1/AGL/DUSP1/ZFP36/PDCD7/POR/PCK2/ZFP36L2/FOS/FOSB/CAD/ANXA1",0.287805130535564
"GO:0000045","autophagosome assembly",82,-0.28156963469396,-1.29253851807518,0.042693977459969,0.44584671317892,0.44584671317892,2012,"tags=30%, list=20%, signal=25%","WIPI1/RB1CC1/MTOR/UBXN2B/SEC22B/MAP1LC3B/RAB3GAP1/AMBRA1/WIPI2/ATG12/NSFL1C/RAB5A/ATP2A2/ATG5/MAP1LC3B2/ATG9A/GABARAPL1/PIP4K2C/TOM1/SNX18/UBXN2A/MTM1/EMC6/IFT20/MAP1LC3A",0.321775918075361
"GO:0031589","cell-substrate adhesion",141,-0.256206212855747,-1.2923464301831,0.0144547617541629,0.27881516919203,0.27881516919203,1773,"tags=29%, list=18%, signal=24%","PXN/ILK/GBP1/CLASP1/CALR/RREB1/ACTN4/FLNA/CASS4/TLN1/CD3E/ROCK2/PIP5K1A/SKAP1/FREM2/CD44/DUSP22/CDC42/SERPINE1/ITGB1BP1/CORO1C/SMAD3/RASA1/FERMT3/ITGAD/NEDD9/VCAM1/MINK1/CDKN2A/PTEN/S100A10/CASK/MYADM/ITGA1/CDK6/ITGB1/TBCD/ITGAE/SPOCK2/ITGA2/MAP4K4",0.380730400722792
"GO:0002690","positive regulation of leukocyte chemotaxis",42,-0.319753554513939,-1.29165899700756,0.0864016534060895,0.579722433936047,0.579722433936047,1258,"tags=29%, list=13%, signal=25%","AKIRIN1/SERPINE1/CCL4/F2RL1/AIF1/ADAM17/WNK1/CXCL13/NEDD9/NCKAP1L/LGALS9/CCR1",0.287805130535564
"GO:0033574","response to testosterone",15,0.512021631803237,1.29164301734251,0.162822252374491,0.748263473053892,0.748263473053892,4,"tags=7%, list=0%, signal=7%","PLN",0.12384217120105
"GO:0032691","negative regulation of interleukin-1 beta production",15,-0.409901424616672,-1.2915321484936,0.147169811320755,0.722425,0.722425,2360,"tags=40%, list=24%, signal=31%","GIT1/RAD21/TNFAIP3/GSTP1/CARD16/ZC3H12A",0.227987202850442
"GO:0034329","cell junction assembly",174,0.350242365286089,1.29146642751432,0.0523613963039014,0.490338735172027,0.490338735172027,1822,"tags=19%, list=18%, signal=16%","DSG3/DST/SLITRK4/RAB13/GABRA2/PKP2/CAV1/LZTS1/DSG2/AGRN/SORBS1/ECT2/LSR/FGFR1/FLOT1/MPP7/CDHR3/ZDHHC12/POF1B/GNA13/UBE3B/ABI2/PCDHB9/MYO9A/CLDN18/APC/PCDHB16/PKN2/VSIG10/IGSF11/LDB1/CLDN11/PLXNA3",0.197822021315103
"GO:0007229","integrin-mediated signaling pathway",44,-0.316479842257324,-1.2908500121373,0.0883236812542029,0.58557550984323,0.58557550984323,2208,"tags=43%, list=22%, signal=34%","FN1/PLEK/MYH9/ZYX/ILK/FLNA/TLN1/CDC42/SERPINE1/ITGB1BP1/SLC2A10/ISG15/FERMT3/ITGAD/NEDD9/ITGA1/ITGB1/ITGAE/ITGA2",0.287805130535564
"GO:0010508","positive regulation of autophagy",114,-0.259368039354047,-1.29082473962536,0.0382737525515099,0.430837824945565,0.430837824945565,891,"tags=17%, list=9%, signal=15%","ATG5/IFNG/DDRGK1/CAMKK2/FOXO1/ORMDL3/VDAC1/PIP4K2C/SCOC/SETD2/TOM1/SNX18/NPRL3/ZC3H12A/CCNY/UVRAG/NOD1/SVIP/PRKAA2",0.321775918075361
"GO:0014706","striated muscle tissue development",81,0.37169250649175,1.29081592933607,0.102535832414553,0.622709837603159,0.622709837603159,1286,"tags=22%, list=13%, signal=20%","PKP2/KCNK2/CAV1/MYOG/RGS4/ENG/NEBL/DSG2/FGF2/BMP7/TGFBR1/LMOD3/FGFR2/FRS2/LEMD2/SMAD5/IGSF8/PRMT1",0.142901149386948
"GO:0015693","magnesium ion transport",11,0.551379069033559,1.29064894901002,0.184057971014493,0.780606717226436,0.780606717226435,2045,"tags=36%, list=20%, signal=29%","ZDHHC13/SLC41A2/TRPM6/CLDN16",0.119887845115423
"GO:1903830","magnesium ion transmembrane transport",11,0.551379069033559,1.29064894901002,0.184057971014493,0.780606717226436,0.780606717226435,2045,"tags=36%, list=20%, signal=29%","ZDHHC13/SLC41A2/TRPM6/CLDN16",0.119887845115423
"GO:0097696","cell surface receptor signaling pathway via STAT",88,0.372224974348931,1.29050292771079,0.0887185104052574,0.586202678735246,0.586202678735246,1975,"tags=25%, list=20%, signal=20%","IL12RB2/CAV1/IL5RA/IL31RA/USP1/PIAS2/BCL3/GBP7/STAT5A/SOCS5/PIBF1/LEPR/IL27RA/NLK/PTPN2/JAK2/SOCS1/STAT6/CRLF3/IL18/PTK6/IL13RA1",0.154190966581424
"GO:0070213","protein auto-ADP-ribosylation",11,-0.461394833393917,-1.290330660472,0.192307692307692,0.79140492989438,0.79140492989438,210,"tags=27%, list=2%, signal=27%","TIPARP/PARP8/PARP16",0.181383128498408
"GO:0010561","negative regulation of glycoprotein biosynthetic process",10,-0.47761026276466,-1.2897696218824,0.174917491749175,0.765754266009561,0.765754266009561,2394,"tags=50%, list=24%, signal=38%","FAM20B/ITM2B/AGO2/SLC2A10/ITM2C",0.193813302725311
"GO:0043372","positive regulation of CD4-positive, alpha-beta T cell differentiation",21,-0.391207141548019,-1.28964426142603,0.149321266968326,0.725806451612903,0.725806451612903,761,"tags=29%, list=8%, signal=26%","TNFSF4/GPR65/NCKAP1L/NFKBIZ/BRD4/ANXA1",0.248911114434702
"GO:0001959","regulation of cytokine-mediated signaling pathway",100,-0.273258983271392,-1.28963309023771,0.027929131621137,0.374787831548247,0.374787831548247,1271,"tags=22%, list=13%, signal=19%","ZBP1/PARP14/GSTP1/F2RL1/MAPKAPK2/PYCARD/ADAM17/USP25/CASP1/ZNF675/TRIM27/YTHDF2/MIB2/ISG15/CXCR4/CASP8/USP7/OAS3/CARD16/UBE2K/TXK/USP18",0.352487857583619
"GO:0045776","negative regulation of blood pressure",12,0.525937299133845,1.28888144346001,0.18169014084507,0.778814489571899,0.778814489571899,2347,"tags=58%, list=23%, signal=45%","PRCP/ADM2/NOS3/PPARA/ABAT/BMPR2/ADIPOQ",0.118815039412263
"GO:0071045","nuclear histone mRNA catabolic process",10,-0.476912255403624,-1.28788467769191,0.178217821782178,0.772955739199898,0.772955739199898,2162,"tags=40%, list=22%, signal=31%","SNRPF/SYMPK/LSM10/SNRPE",0.191892240384838
"GO:0006085","acetyl-CoA biosynthetic process",15,0.509724595082553,1.28584843512847,0.170963364993216,0.764817419426705,0.764817419426705,1418,"tags=27%, list=14%, signal=23%","PDK1/PDHX/ACSS1/DIP2A",0.120433371642259
"GO:0120033","negative regulation of plasma membrane bounded cell projection assembly",20,-0.380557382500157,-1.28420845468405,0.157258064516129,0.73665977825606,0.73665977825606,1114,"tags=25%, list=11%, signal=22%","LUZP1/LIMA1/LIMK2/WDR44/SRGAP2C",0.227987202850442
"GO:0014074","response to purine-containing compound",60,-0.292457177246944,-1.28362653804608,0.0878279627057922,0.585269956256175,0.585269956256175,1025,"tags=23%, list=10%, signal=21%","NDUFS4/ALAS1/DUSP1/CARM1/PKD2/FOS/FOSB/ADORA2A/RAPGEF1/CRTC1/CAD/AKAP7/PER1/ASPH",0.287805130535564
"GO:0014850","response to muscle activity",10,-0.475124578862322,-1.28305712042089,0.181518151815182,0.778814489571899,0.778814489571899,199,"tags=30%, list=2%, signal=29%","METRNL/ITGB1/ITGA2",0.190023305279108
"GO:1904376","negative regulation of protein localization to cell periphery",18,-0.393688398037687,-1.2820997865244,0.1640625,0.750192110655738,0.750192110655738,2233,"tags=61%, list=22%, signal=48%","PICALM/ALDH7A1/GBP1/ABI3/TMEM59/LYPLA1/NUMB/BCL2L1/CSK/WNK1/TMBIM1",0.219250346703755
"GO:0046326","positive regulation of D-glucose import across plasma membrane",16,0.497918382019664,1.28207146134713,0.163934426229508,0.750192110655738,0.750192110655738,3484,"tags=56%, list=35%, signal=37%","SORBS1/IRS1/CREBL2/ADIPOQ/PRKCI/AKT1/IGF1/OCLN/OSBPL8",0.12384217120105
"GO:0072091","regulation of stem cell proliferation",15,0.508144325143416,1.28186199294396,0.173677069199457,0.764817419426705,0.764817419426705,3049,"tags=60%, list=30%, signal=42%","TGFBR1/FBLN1/AGO3/LTBP3/PIM1/TSC22D1/KAT7/NANOG/HMGB2",0.119348440591015
"GO:0040017","positive regulation of locomotion",256,-0.235345576822786,-1.28177605197881,0.00655670077172707,0.198692423917675,0.198692423917675,2029,"tags=31%, list=20%, signal=26%","SEMA4A/TGFBR3/RHOA/CFL1/CCL5/AKT3/MTOR/CIB1/HSPA8/DNM1L/SP1/EGF/HMOX1/CLASP1/CALR/FOXP1/CAPN7/RREB1/ACTN4/STX4/DAPK2/FLNA/NUMB/CASS4/ROCK2/PDPK1/PDCD6/EZH2/F2R/TRADD/AGO2/AKIRIN1/CDC42/SERPINE1/SUN2/SOD2/IQSEC1/ITGB1BP1/CCL4/F2RL1/AIF1/ETS1/ADAM8/PYCARD/ADAM17/TNFRSF14/CD151/IFNG/WNK1/CCDC25/S100A11/SMAD3/CCL4L1/DDRGK1/CXCL13/KIF20B/FERMT3/CXCR4/FLT4/SMURF2/CASP8/NSMF/PHPT1/NEDD9/NCKAP1L/ZC3H12A/PRDM14/LGALS3/MYADM/LGALS9/ITGB1/NR4A3/SRGAP2C/SPOCK2/ITGA2/MAP4K4/AKAP12/PPP3CA/ANXA1/CCR1",0.407017918923954
"GO:0043173","nucleotide salvage",14,-0.431289203335557,-1.281357398802,0.158273381294964,0.73665977825606,0.73665977825606,1456,"tags=29%, list=14%, signal=24%","HPRT1/DCK/AMPD2/PNP",0.213927855492356
"GO:1903076","regulation of protein localization to plasma membrane",63,-0.278881972323126,-1.28060302141609,0.106253135137209,0.628062057702776,0.628062057702776,1746,"tags=35%, list=17%, signal=29%","GBP1/RANGRF/ABI3/TMEM59/LYPLA1/STX4/NUMB/PDPK1/STX8/VAMP8/ATP2B4/ZDHHC5/BCL2L1/CSK/RHOG/IFNG/WNK1/SPTBN1/TMBIM1/LGALS3/PTPN9/ITGB1",0.287805130535564
"GO:0051224","negative regulation of protein transport",51,-0.291460527385885,-1.2803264989981,0.156141472354432,0.73665977825606,0.73665977825606,2267,"tags=43%, list=23%, signal=34%","MDFIC/ERP29/DERL2/ALDH7A1/PARK7/SP100/SNX3/YWHAB/LYPLA1/RHBDF2/F2R/UFM1/UBE2J1/KLF7/CSK/FOXO1/ERLEC1/RAB11FIP1/SVIP/BARD1/RSAD2/MIDN",0.249246554383295
"GO:0035022","positive regulation of Rac protein signal transduction",12,0.52240299112348,1.28022013722154,0.184507042253521,0.780606717226436,0.780606717226435,1060,"tags=33%, list=11%, signal=30%","FNTA/SOS1/PIK3CB/CCR7",0.11776578836269
"GO:0046337","phosphatidylethanolamine metabolic process",12,0.522383082470067,1.28017134833741,0.184507042253521,0.780606717226436,0.780606717226435,3748,"tags=67%, list=37%, signal=42%","CHKB/CHKA/ALOX15/NAPEPLD/PLA2G4E/LPIN1/PLA2G6/NAAA",0.11776578836269
"GO:0006620","post-translational protein targeting to endoplasmic reticulum membrane",17,-0.403338468841948,-1.27973646745373,0.152,0.730985221674877,0.730985221674877,2159,"tags=47%, list=21%, signal=37%","HSPA5/SSR4/SSR2/SSR3/SEC61B/CHMP4A/SEC61G/UBL4A",0.231126709673834
"GO:0003179","heart valve morphogenesis",15,0.507030634325894,1.27905255896972,0.176390773405699,0.769615609105311,0.769615609105311,2002,"tags=33%, list=20%, signal=27%","SOX4/RB1/NFATC1/NOS3/BMPR2",0.118287526124085
"GO:0001960","negative regulation of cytokine-mediated signaling pathway",43,-0.310335572110379,-1.27832482398181,0.0826750737321318,0.561559841615777,0.561559841615777,1208,"tags=23%, list=12%, signal=21%","PARP14/GSTP1/F2RL1/USP25/ZNF675/YTHDF2/ISG15/OAS3/CARD16/USP18",0.287805130535564
"GO:0014002","astrocyte development",12,-0.444299267258911,-1.27793652302824,0.181506849315068,0.778814489571899,0.778814489571899,1125,"tags=33%, list=11%, signal=30%","IFNGR1/IFNG/ADORA2A/CDK6",0.193813302725311
"GO:0046034","ATP metabolic process",126,-0.25122943124367,-1.27704558525359,0.0357222209281215,0.422065500186706,0.422065500186706,1985,"tags=31%, list=20%, signal=25%","SLC25A13/MTOR/NDUFA5/HSPA8/NDUFB8/DNM1L/NDUFC2/NDUFA8/NDUFA13/NDUFB5/NDUFA2/NUDT5/NDUFA6/NDUFS7/EP300/NDUFA12/PFKFB3/NDUFB7/ATP6V0C/NDUFV2/NDUFS4/NDUFAB1/SPHK2/NDUFA3/IFNG/TSPO/ZBTB7A/NDUFB2/NDUFA1/PRKAG2/BPGM/NDUFB4/NDUFS8/NDUFB1/AMPD2/NDUFB6/NUDT2/NDUFB9/PRKAA2",0.321775918075361
"GO:0042551","neuron maturation",10,0.552310763266494,1.276827295235,0.171673819742489,0.764817419426705,0.764817419426705,2095,"tags=50%, list=21%, signal=40%","AGRN/SCARF1/SRRM4/FARP2/B4GALT5",0.12384217120105
"GO:1905818","regulation of chromosome separation",43,-0.309877267249157,-1.27643698857491,0.0826750737321318,0.561559841615777,0.561559841615777,960,"tags=28%, list=10%, signal=25%","DUSP1/ANAPC11/PLSCR1/ANAPC15/SMC2/NSMCE2/IK/DYNLT1/CHFR/DYNC1LI1/ANAPC7/GEN1",0.287805130535564
"GO:0042059","negative regulation of epidermal growth factor receptor signaling pathway",22,0.458943813888767,1.27530411734036,0.152631578947368,0.732548687199939,0.732548687199939,1665,"tags=27%, list=17%, signal=23%","SPRY2/RNF126/SOCS5/ZFYVE28/PTPN2/PTPN3",0.126253987849115
"GO:0033344","cholesterol efflux",19,0.47054918860618,1.27512292702287,0.168187744458931,0.759275308800145,0.759275308800145,3096,"tags=42%, list=31%, signal=29%","APOE/CAV1/NR1H2/ABCA7/ADIPOQ/MAPK3/SREBF2/STX12",0.118815039412263
"GO:0007254","JNK cascade",96,-0.271978214775805,-1.27434332612028,0.0314831102845196,0.40209332425391,0.40209332425391,1322,"tags=23%, list=13%, signal=20%","TAOK1/DUSP22/GSTP1/F2RL1/MAPK8IP3/PYCARD/ERN1/ZNF675/SMAD3/FLT4/MINK1/TRIB1/DNAJA1/GPS1/HIPK2/AIDA/RASSF2/PER1/ZNF622/GADD45B/MAP4K4/MAP1LC3A",0.321775918075361
"GO:0071300","cellular response to retinoic acid",23,0.466428682633525,1.27425836084745,0.160759493670886,0.742548052215027,0.742548052215027,2624,"tags=48%, list=26%, signal=35%","MYB/PTK7/WNT7B/FGFR2/HTRA2/TAT/SNRNP70/PTK6/ATM/FZD4/SLC6A4",0.119887845115423
"GO:0043010","camera-type eye development",58,0.388770406204678,1.27409398435038,0.118993135011442,0.652623865477078,0.652623865477078,2651,"tags=38%, list=26%, signal=28%","TFAP2A/CHD7/SOX4/SPRY2/WNT7B/TTLL5/FGF2/DTNB/ABI2/FLT1/SPRED1/PSEN1/RDH13/NF1/SNTB1/BMPR2/PER2/CLDN19/SMARCA4/NRP1/FZD4/MAF",0.134273452883202
"GO:1900037","regulation of cellular response to hypoxia",15,0.504835248553576,1.27351440486244,0.183175033921303,0.780606717226436,0.780606717226435,692,"tags=20%, list=7%, signal=19%","KCNK2/MAP2K1/PIK3CB",0.115734447701689
"GO:1901888","regulation of cell junction assembly",97,0.365625726159284,1.27242702984272,0.104925053533191,0.628062057702776,0.628062057702776,421,"tags=5%, list=4%, signal=5%","DSG3/SLITRK4/CAV1/LZTS1/AGRN",0.13880510939114
"GO:0032612","interleukin-1 production",58,-0.289096226156506,-1.27227734555804,0.143809120361093,0.716294151798558,0.716294151798558,1680,"tags=28%, list=17%, signal=23%","FOXP1/TNFAIP3/F2R/GSTP1/F2RL1/PYCARD/CASP1/IFNG/SMAD3/CASP8/EGR1/CARD16/ZC3H12A/NOD1/LGALS9/ANXA1",0.249246554383295
"GO:0032652","regulation of interleukin-1 production",58,-0.289096226156506,-1.27227734555804,0.143809120361093,0.716294151798558,0.716294151798558,1680,"tags=28%, list=17%, signal=23%","FOXP1/TNFAIP3/F2R/GSTP1/F2RL1/PYCARD/CASP1/IFNG/SMAD3/CASP8/EGR1/CARD16/ZC3H12A/NOD1/LGALS9/ANXA1",0.249246554383295
"GO:1903426","regulation of reactive oxygen species biosynthetic process",24,0.452139265704677,1.27170389408168,0.170351105331599,0.763744048587711,0.763744048587711,1996,"tags=33%, list=20%, signal=27%","PLCG2/ARG2/ABCD2/ABCB7/PIKFYVE/PPARA/HIF1A/SLC5A3",0.11776578836269
"GO:0007005","mitochondrion organization",217,-0.229047941617151,-1.27149655783706,0.0159881854930118,0.287713660600051,0.287713660600051,1983,"tags=27%, list=20%, signal=22%","AKT3/TMEM70/PARK7/TP53/HSPA9/DNM1L/NDUFC2/MUL1/LYRM2/NDUFA13/TNFSF10/HUWE1/PLEC/ROMO1/TIMM10/NDUFA6/SLC25A5/NDUFS7/COX16/EP300/APOOL/COX20/GPX1/HSD17B10/SOD2/TIMM9/TIMM8B/BCL2L1/PYCARD/TOMM22/NDUFS4/TIMM13/CASP1/SAMM50/PSMD10/RAP1GDS1/SMAD3/PRDX3/OCIAD2/COX14/COX7A2L/COA4/MFF/PET117/TMEM126A/BCL2/TOMM5/MTX1/NDUFS8/COA6/COX17/HIGD2A/MTM1/BAX/PLSCR3/IFI6/TMEM242/ACAA2/PMAIP1",0.352487857583619
"GO:0170041","non-proteinogenic amino acid metabolic process",27,0.440169751804987,1.27142019228963,0.159235668789809,0.738497965111881,0.738497965111881,1364,"tags=37%, list=14%, signal=32%","CTH/ALDH18A1/BPHL/GOT2/MTHFD1/ALDH5A1/HOGA1/KMO/NOX4/ALDH8A1",0.120985142145252
"GO:0032731","positive regulation of interleukin-1 beta production",35,-0.330395585792099,-1.27047537166003,0.0989654161624729,0.622709837603159,0.622709837603159,1132,"tags=26%, list=11%, signal=23%","F2RL1/PYCARD/CASP1/IFNG/SMAD3/CASP8/EGR1/NOD1/LGALS9",0.287805130535564
"GO:0036196","zymosterol metabolic process",12,0.518390413201171,1.27038676500585,0.188732394366197,0.787205027866714,0.787205027866714,717,"tags=17%, list=7%, signal=15%","LSS/SQLE",0.116234148779716
"GO:0036197","zymosterol biosynthetic process",12,0.518390413201171,1.27038676500585,0.188732394366197,0.787205027866714,0.787205027866714,717,"tags=17%, list=7%, signal=15%","LSS/SQLE",0.116234148779716
"GO:1900034","regulation of cellular response to heat",13,-0.427476630775246,-1.2702823677937,0.188888888888889,0.787205027866714,0.787205027866714,2109,"tags=54%, list=21%, signal=43%","DNAJB1/CHORDC1/MTOR/EP300/MAPKAPK2/CREBBP/DNAJC7",0.197822021315103
"GO:0072175","epithelial tube formation",22,0.456890782905946,1.26959919489411,0.157894736842105,0.73665977825606,0.73665977825606,1583,"tags=32%, list=16%, signal=27%","FGF2/BMP7/GDNF/FGFR2/STIL/MTHFD1/MMRN2",0.12384217120105
"GO:0002092","positive regulation of receptor internalization",11,0.542306939389563,1.2694132234486,0.194202898550725,0.79140492989438,0.79140492989438,1032,"tags=18%, list=10%, signal=16%","PLCG2/SYK",0.116234148779716
"GO:0030851","granulocyte differentiation",13,-0.427121185265584,-1.26922613189417,0.188888888888889,0.787205027866714,0.787205027866714,353,"tags=15%, list=4%, signal=15%","TRIB1/FASN",0.197822021315103
"GO:0071166","ribonucleoprotein complex localization",10,-0.469924302145946,-1.26901395707817,0.194719471947195,0.79140492989438,0.79140492989438,1854,"tags=40%, list=18%, signal=33%","RBM10/AKAP8L/WNK1/SETD2",0.183023938384487
"GO:0055119","relaxation of cardiac muscle",11,0.54211524721935,1.26896451708321,0.194202898550725,0.79140492989438,0.79140492989438,1414,"tags=27%, list=14%, signal=23%","PLN/ATP1A2/CAMK2D",0.116234148779716
"GO:1902254","negative regulation of intrinsic apoptotic signaling pathway by p53 class mediator",11,-0.453731795374625,-1.26890031016677,0.208333333333333,0.805486798679868,0.805486798679868,2923,"tags=64%, list=29%, signal=45%","MIF/MDM2/CD74/KDM1A/CD44/BCL2/TAF9B",0.173747838999571
"GO:0042659","regulation of cell fate specification",12,0.517692857065861,1.26867730807998,0.190140845070423,0.791156660219115,0.791156660219115,2107,"tags=25%, list=21%, signal=20%","FGF2/CHD3/MTA3",0.115734447701689
"GO:0009187","cyclic nucleotide metabolic process",15,-0.402349838711952,-1.26773834007447,0.158490566037736,0.736792452830189,0.736792452830189,1031,"tags=27%, list=10%, signal=24%","ADCY7/CNP/AMPD2/PDE4B",0.219250346703755
"GO:0046596","regulation of viral entry into host cell",11,-0.453140541517528,-1.26724681748606,0.208333333333333,0.805486798679868,0.805486798679868,1513,"tags=45%, list=15%, signal=39%","TRIM38/TRIM11/TRIM25/LGALS9/LGALS1",0.173747838999571
"GO:0001578","microtubule bundle formation",22,0.455869875996954,1.26676231869041,0.159210526315789,0.738497965111881,0.738497965111881,1651,"tags=27%, list=16%, signal=23%","AAAS/TTLL5/BBS2/NAV1/DNAH1/NUMA1",0.123257226381337
"GO:2001224","positive regulation of neuron migration",10,-0.468969892959111,-1.26643660882585,0.194719471947195,0.79140492989438,0.79140492989438,680,"tags=30%, list=7%, signal=28%","KIF20B/NSMF/SRGAP2C",0.183023938384487
"GO:0061448","connective tissue development",76,0.369840432009255,1.26569780788349,0.128888888888889,0.683448641591132,0.683448641591132,2002,"tags=28%, list=20%, signal=22%","MAPK14/RB1/NFIA/WNT7B/AGRN/FGF2/BMP7/TGFBR1/PGRMC2/EIF2AK3/ITGB8/MBOAT2/PDGFD/CUL4B/HYAL1/BMP8B/OXCT1/FTO/ABHD15/PRKAA1/BMPR2",0.126253987849115
"GO:0002688","regulation of leukocyte chemotaxis",52,-0.295813439955619,-1.26548545439531,0.091742662464043,0.597964981202214,0.597964981202214,1258,"tags=29%, list=13%, signal=25%","AKIRIN1/SERPINE1/DDT/CCL4/F2RL1/AIF1/ADAM17/DUSP1/WNK1/CXCL13/NEDD9/KLRC4-KLRK1/NCKAP1L/LGALS9/CCR1",0.287805130535564
"GO:0051058","negative regulation of small GTPase mediated signal transduction",32,0.422168538581357,1.26408778845801,0.176184690157959,0.769576303206743,0.769576303206743,929,"tags=22%, list=9%, signal=20%","STMN3/SPRY2/ARHGAP12/SYNGAP1/CD2AP/MAPKAP1/MFN2",0.11101149245045
"GO:0015918","sterol transport",53,0.388862450146471,1.26390634297745,0.138987043580683,0.710398436102837,0.710398436102837,2683,"tags=32%, list=27%, signal=24%","MSR1/APOE/CAV1/TMEM97/LDLRAP1/NR1H2/GRAMD1A/DCTN1/OSBPL7/ARV1/VPS52/ABCA7/ADIPOQ/VPS51/MAPK3/OSBPL3/VPS54",0.125033367555272
"GO:0031648","protein destabilization",35,-0.328657102269184,-1.2637903534731,0.102531642670499,0.622709837603159,0.622709837603159,1888,"tags=34%, list=19%, signal=28%","PIN1/CCDC88C/RNF139/MUL1/GGA3/SERF2/EP300/HTT/RAD23A/CREBBP/CDKN2A/ISOC2",0.287805130535564
"GO:0007215","glutamate receptor signaling pathway",11,0.53968653811029,1.26327947926603,0.2,0.799385875127943,0.799385875127943,1638,"tags=36%, list=16%, signal=30%","TRPM1/GRM6/HOMER3/CPEB4",0.114266502484433
"GO:0045040","protein insertion into mitochondrial outer membrane",11,-0.451440390336787,-1.26249219728407,0.211538461538462,0.808864411432694,0.808864411432694,1034,"tags=36%, list=10%, signal=33%","TOMM22/SAMM50/TOMM5/MTX1",0.172324344900946
"GO:0070670","response to interleukin-4",15,0.500443136619962,1.26243471533749,0.194029850746269,0.79140492989438,0.79140492989438,1975,"tags=40%, list=20%, signal=32%","TCF7/STAT5A/XCL1/PTPN2/STAT6/IL13RA1",0.111918316325105
"GO:0071353","cellular response to interleukin-4",15,0.500443136619962,1.26243471533749,0.194029850746269,0.79140492989438,0.79140492989438,1975,"tags=40%, list=20%, signal=32%","TCF7/STAT5A/XCL1/PTPN2/STAT6/IL13RA1",0.111918316325105
"GO:0008207","C21-steroid hormone metabolic process",10,-0.467144285219866,-1.26150661969639,0.194719471947195,0.79140492989438,0.79140492989438,1283,"tags=30%, list=13%, signal=26%","HSD17B10/TSPO/EGR1",0.183023938384487
"GO:0032543","mitochondrial translation",111,-0.25418522343187,-1.26124420119698,0.0486703086723539,0.470439493479064,0.470439493479064,1890,"tags=24%, list=19%, signal=20%","MRPS12/MRPL22/MRPL24/MRPL39/MRPL19/MRPL16/MRPL4/MRPS28/MRPL37/MTRF1L/RPUSD4/MRPL33/MRPL42/IARS2/MRPS18C/MRPL41/MRPL17/MRPS34/MRPS24/MRPS15/MRPL43/MRPL21/HARS2/MRPL32/MRPL47/MRPL13/MRPL36",0.321775918075361
"GO:0016032","viral process",255,-0.230969267036477,-1.26116934540676,0.00879424925393595,0.222997034653376,0.222997034653376,2277,"tags=33%, list=23%, signal=26%","NPC1/MDFIC/SMC6/IFITM2/FAM111A/BST2/APOBEC3D/RSF1/RAN/OAS1/MGAT4A/PPIA/APOBEC3H/MYH9/CCL5/SP100/TP53/HSP90AB1/CHMP2A/EIF3G/EIF3A/RNASEL/ST3GAL2/IL32/CCNT2/APOBEC3F/SELPLG/LARP7/STAU1/SPCS1/CHMP7/RPSA/TRIM38/DDX6/FUT8/FMR1/JUN/LAMTOR5/ATG12/GALNT1/VAMP8/CD55/VPS28/RNASEK/ZC3HAV1/N4BP1/VPS37B/IRF7/SMARCB1/ISG20/TNFRSF14/CTBP1/CD81/TRIM11/TRIM27/SRPK1/ATG5/ZFP36/APOBEC3G/RAD23A/APOBEC3C/PLSCR1/CHMP4A/ISG15/IFIH1/CXCR4/OASL/EIF2AK2/BCL2/TRIM25/DYNLT1/OAS3/ZC3H12A/CXCR6/HEXIM1/LGALS9/IFIT1/MX1/ITGB1/CCR5/LGALS1/PARP16/RSAD2/ITGA2/VAPB",0.380730400722792
"GO:0060761","negative regulation of response to cytokine stimulus",44,-0.309186887925789,-1.26110369363489,0.106092752563038,0.628062057702776,0.628062057702776,1208,"tags=23%, list=12%, signal=20%","PARP14/GSTP1/F2RL1/USP25/ZNF675/YTHDF2/ISG15/OAS3/CARD16/USP18",0.287805130535564
"GO:0048548","regulation of pinocytosis",11,0.538755164666433,1.26109935269982,0.201449275362319,0.801895433526866,0.801895433526866,2946,"tags=64%, list=29%, signal=45%","CAV1/NR1H2/AXL/PROM2/STX1B/CLN3/ANKFY1",0.11378726182188
"GO:0003007","heart morphogenesis",54,0.389760817849726,1.26067088663728,0.125727590221187,0.673479066959859,0.673479066959859,1460,"tags=26%, list=15%, signal=22%","CHD7/PKP2/SOX4/BBS7/ENG/BMP7/TGFBR1/FGFR2/STIL/LEMD2/RNF207/BBS5/NOS3/APC",0.131457611642763
"GO:0045599","negative regulation of fat cell differentiation",19,-0.374238738656246,-1.26004644102913,0.157446808510638,0.73665977825606,0.73665977825606,1888,"tags=42%, list=19%, signal=34%","PIN1/SIRT2/EP300/RBX1/SMAD3/APPBP2/FOXO1/ZFP36L2",0.234392647294686
"GO:0032611","interleukin-1 beta production",51,-0.28677702067155,-1.25975281168482,0.173370616631909,0.764817419426705,0.764817419426705,1680,"tags=29%, list=17%, signal=25%","FOXP1/TNFAIP3/F2R/GSTP1/F2RL1/PYCARD/CASP1/IFNG/SMAD3/CASP8/EGR1/CARD16/ZC3H12A/NOD1/LGALS9",0.249246554383295
"GO:0032651","regulation of interleukin-1 beta production",51,-0.28677702067155,-1.25975281168482,0.173370616631909,0.764817419426705,0.764817419426705,1680,"tags=29%, list=17%, signal=25%","FOXP1/TNFAIP3/F2R/GSTP1/F2RL1/PYCARD/CASP1/IFNG/SMAD3/CASP8/EGR1/CARD16/ZC3H12A/NOD1/LGALS9",0.249246554383295
"GO:0046040","IMP metabolic process",12,-0.437914180275115,-1.25957111830983,0.188356164383562,0.787205027866714,0.787205027866714,250,"tags=17%, list=2%, signal=16%","AMPD2/PNP",0.190023305279108
"GO:0008202","steroid metabolic process",120,0.34865640628834,1.2595094120491,0.111227701993704,0.641571899978456,0.641571899978456,1612,"tags=22%, list=16%, signal=18%","SULT1A1/APOE/CUBN/CYP3A5/SCAP/SREBF1/HSD17B12/SLC27A2/LSS/SCARF1/STUB1/LGMN/SEC14L2/YWHAH/SQLE/LDLRAP1/APOF/SULT1E1/UGT2B15/ACADVL/HSD17B4/ERLIN2/MC2R/AKR1D1/SULT1A3/SULT1A4",0.132846300606183
"GO:0048483","autonomic nervous system development",15,0.499107874065345,1.25906633703496,0.198100407055631,0.797507308816741,0.797507308816741,2624,"tags=47%, list=26%, signal=35%","TFAP2A/SOX4/GDNF/PLXNA3/NF1/NRP1/SLC6A4",0.110564716336619
"GO:2000402","negative regulation of lymphocyte migration",10,-0.466209609869511,-1.25898256197151,0.194719471947195,0.79140492989438,0.79140492989438,543,"tags=20%, list=5%, signal=19%","KLRC4-KLRK1/CD200R1",0.183023938384487
"GO:0006086","pyruvate decarboxylation to acetyl-CoA",10,0.544505659654829,1.25878352351024,0.190271816881259,0.791156660219115,0.791156660219115,577,"tags=20%, list=6%, signal=19%","PDK1/PDHX",0.116739204791222
"GO:1900745","positive regulation of p38MAPK cascade",12,-0.437625540031283,-1.25874090332459,0.188356164383562,0.787205027866714,0.787205027866714,439,"tags=25%, list=4%, signal=24%","MINK1/ZC3H12A/GADD45B",0.190023305279108
"GO:0045742","positive regulation of epidermal growth factor receptor signaling pathway",15,0.49892983732198,1.25861721554846,0.198100407055631,0.797507308816741,0.797507308816741,589,"tags=20%, list=6%, signal=19%","DGKD/SPRY2/SOS1",0.110564716336619
"GO:0044403","biological process involved in symbiotic interaction",105,-0.254455883037418,-1.25844129536029,0.0553440448555154,0.493421221828282,0.493421221828282,1560,"tags=24%, list=16%, signal=20%","CHMP7/RPSA/TRIM38/FMR1/VAMP8/CD55/RNASEK/EXOC2/F2RL1/VPS37B/TNFRSF14/CD81/TRIM11/PLSCR1/CHMP4A/CXCR4/TRIM25/DYNLT1/LGALS9/IFIT1/ITGB1/CCR5/LGALS1/ITGA2/VAPB",0.321775918075361
"GO:0099149","regulation of postsynaptic neurotransmitter receptor internalization",14,-0.423570798760111,-1.25842606935251,0.183453237410072,0.780606717226436,0.780606717226435,1540,"tags=21%, list=15%, signal=18%","NUMB/IQSEC1/GSG1L",0.197822021315103
"GO:0099170","postsynaptic modulation of chemical synaptic transmission",11,-0.449908913129752,-1.25820928847576,0.21474358974359,0.808864411432694,0.808864411432694,891,"tags=18%, list=9%, signal=17%","ATG5/PPP3CA",0.170932335370056
"GO:1904063","negative regulation of cation transmembrane transport",30,0.424483252874124,1.25809472944839,0.174404015056462,0.76511222381057,0.76511222381057,215,"tags=10%, list=2%, signal=10%","PLN/CAV1/RGS4",0.11378726182188
"GO:0007259","cell surface receptor signaling pathway via JAK-STAT",84,0.365115582227643,1.2579028125128,0.123333333333333,0.667984281091077,0.667984281091077,1975,"tags=24%, list=20%, signal=19%","IL12RB2/CAV1/IL5RA/IL31RA/USP1/PIAS2/BCL3/GBP7/STAT5A/SOCS5/PIBF1/IL27RA/PTPN2/JAK2/SOCS1/STAT6/CRLF3/IL18/PTK6/IL13RA1",0.129442887745046
"GO:1900271","regulation of long-term synaptic potentiation",18,0.474861128040524,1.25781789710713,0.179624664879357,0.775922916320672,0.775922916320672,544,"tags=17%, list=5%, signal=16%","APOE/EIF2AK4/LGMN",0.116234148779716
"GO:0048515","spermatid differentiation",49,0.389144883176307,1.25717443417514,0.171098265895954,0.764817419426705,0.764817419426705,2466,"tags=29%, list=25%, signal=22%","PLN/IFT81/TUBG1/SLC26A6/TTLL5/BBS2/DZIP1/DNAH1/BRDT/CCR6/PLD6/RHBDD1/KAT5/CCDC159",0.109684061970549
"GO:0046683","response to organophosphorus",51,-0.286043368947837,-1.25653002967956,0.175524261364253,0.767550101486458,0.767550101486458,1025,"tags=24%, list=10%, signal=21%","NDUFS4/ALAS1/DUSP1/CARM1/PKD2/FOS/FOSB/RAPGEF1/CRTC1/AKAP7/PER1/ASPH",0.249246554383295
"GO:0006098","pentose-phosphate shunt",15,-0.398409057613399,-1.25532158528101,0.173584905660377,0.764817419426705,0.764817419426705,2239,"tags=53%, list=22%, signal=42%","DERA/MTOR/TP53/H6PD/PRPS2/TALDO1/TKT/PGD",0.208955027549354
"GO:0071276","cellular response to cadmium ion",11,-0.448849148748104,-1.25524556548724,0.21474358974359,0.808864411432694,0.808864411432694,2663,"tags=64%, list=27%, signal=47%","DAXX/PPP5C/SOD1/MT1F/MT1X/MT2A/MT1E",0.170932335370056
"GO:2000515","negative regulation of CD4-positive, alpha-beta T cell activation",18,-0.385240613213617,-1.25458842684622,0.18359375,0.780606717226436,0.780606717226435,761,"tags=28%, list=8%, signal=26%","TNFSF4/ZC3H12A/LGALS9/LGALS1/ANXA1",0.206587922696891
"GO:0032272","negative regulation of protein polymerization",36,0.413541523044746,1.25381998604444,0.166256157635468,0.754042155129503,0.754042155129503,2186,"tags=33%, list=22%, signal=26%","TUBB4A/KANK2/CAPG/LMOD3/TRIOBP/VILL/SSH2/FKBP4/RDX/SPTAN1/HIP1R/TMOD3",0.115734447701689
"GO:1990845","adaptive thermogenesis",78,0.363427301441665,1.25361504926838,0.10567296996663,0.628062057702776,0.628062057702776,1918,"tags=28%, list=19%, signal=23%","CAV1/HADH/THADA/RB1/SLC25A4/KSR2/ACSL1/LAMA4/HDAC3/BSCL2/MFN2/SCD/SYK/NR1H2/ALMS1/LEPR/APC/PLAC8/JAK2/STAT6/IL18/DIO2",0.141225119642531
"GO:0051385","response to mineralocorticoid",14,-0.421745227842506,-1.2530023101111,0.190647482014388,0.791156660219115,0.791156660219115,457,"tags=14%, list=5%, signal=14%","FOS/FOSB",0.193813302725311
"GO:0090288","negative regulation of cellular response to growth factor stimulus",29,0.423152338310514,1.25251878590549,0.178343949044586,0.772955739199898,0.772955739199898,1247,"tags=31%, list=12%, signal=27%","CAV1/SPRY2/NBL1/UBE2D1/FGF2/PIK3CB/SEMA6A/MTMR4/LEMD3",0.11331290842208
"GO:0030301","cholesterol transport",50,0.392485039600175,1.25214570075808,0.168421052631579,0.759450589522305,0.759450589522304,102,"tags=8%, list=1%, signal=8%","MSR1/APOE/CAV1/TMEM97",0.11146266692298
"GO:0038093","Fc receptor signaling pathway",31,0.425539052836993,1.2515799319297,0.158150851581509,0.73665977825606,0.73665977825606,1123,"tags=26%, list=11%, signal=23%","PLCG2/MAP2K4/FCGR2B/SOS1/FCGR2A/YES1/SYK/FCGR2C",0.118287526124085
"GO:0001787","natural killer cell proliferation",11,0.534544729600536,1.25124371272749,0.207246376811594,0.803671401637811,0.803671401637811,2766,"tags=55%, list=28%, signal=40%","IL12RB2/SLAMF1/IL18/PTPN22/IL23R/EMP2",0.111918316325105
"GO:0010884","positive regulation of lipid storage",13,0.508860761026471,1.25112930974819,0.209016393442623,0.805734468305472,0.805734468305472,1481,"tags=38%, list=15%, signal=33%","MSR1/HILPDA/NR1H2/ACACB/IKBKE",0.107554375265169
"GO:0002826","negative regulation of T-helper 1 type immune response",11,0.534494817752912,1.2511268808104,0.207246376811594,0.803671401637811,0.803671401637811,2020,"tags=55%, list=20%, signal=44%","IL12RB2/IL18BP/IL27RA/XCL1/IL18/IL1RL1",0.111918316325105
"GO:0003002","regionalization",55,0.377846343691,1.25092802690861,0.147935779816514,0.722425,0.722425,2197,"tags=38%, list=22%, signal=30%","BBS7/RFX3/NBL1/ENG/WNT7B/PPP2R3A/TGFBR1/PBX3/STIL/TAF10/RNF207/BBS5/TDRD1/NEK8/FBXL15/GPR161/LMX1B/BMPR2/NPHP3/TLL2/PLD6",0.118815039412263
"GO:0030858","positive regulation of epithelial cell differentiation",22,0.450165132525251,1.25091008881462,0.180263157894737,0.776124543505322,0.776124543505322,691,"tags=18%, list=7%, signal=17%","RFX3/FGF2/GDNF/CD24",0.114750719227023
"GO:0032607","interferon-alpha production",18,-0.384062966302639,-1.25075325959036,0.1875,0.786452738990333,0.786452738990333,1245,"tags=33%, list=12%, signal=29%","ZC3HAV1/IRF7/IFIH1/IRF3/SETD2/DHX36",0.204294756516886
"GO:0032647","regulation of interferon-alpha production",18,-0.384062966302639,-1.25075325959036,0.1875,0.786452738990333,0.786452738990333,1245,"tags=33%, list=12%, signal=29%","ZC3HAV1/IRF7/IFIH1/IRF3/SETD2/DHX36",0.204294756516886
"GO:0016188","synaptic vesicle maturation",17,0.469606748204052,1.25011608104516,0.204787234042553,0.803671401637811,0.803671401637811,1655,"tags=35%, list=16%, signal=30%","ATP6V1B2/ATP6V1C1/CLCN3/ATP6V1H/ZDHHC15/ATP6V1A",0.107140237276725
"GO:2000772","regulation of cellular senescence",22,-0.360055414405298,-1.24979499356296,0.136363636363636,0.704117933723197,0.704117933723197,420,"tags=14%, list=4%, signal=13%","PTEN/CDK6/KIR2DL4",0.248911114434702
"GO:0006869","lipid transport",177,0.3384280108835,1.24931236385168,0.082051282051282,0.561559841615777,0.561559841615777,2923,"tags=33%, list=29%, signal=24%","MSR1/PITPNM3/MYB/APOE/CAV1/TMEM97/PRAP1/NMB/HILPDA/SLC27A2/ACSL1/VAT1/LDLRAP1/APOF/ESYT2/PRELID2/ACSL3/CHKA/SLC44A4/SYK/TTPA/GOT2/NR1H2/ABCD2/SLC2A1/SLC25A17/CPT1B/TNFAIP8L3/PPARA/GRAMD1A/DCTN1/OSBPL7/SPNS3/ARV1/VPS52/ABCA7/VPS13D/SIGMAR1/ADIPOQ/APOLD1/ATP11B/CPT2/ATP9A/FABP2/ATP8B1/VPS51/MAPK3/OSBPL3/SCARB2/ABCB1/PLA2G12A/VPS54/CLN3/ESYT1/ABCA9/SLC27A1/SREBF2/FIS1",0.155241966228839
"GO:0045744","negative regulation of G protein-coupled receptor signaling pathway",27,-0.34178075742374,-1.24890940443327,0.165898617511521,0.754042155129503,0.754042155129503,2313,"tags=48%, list=23%, signal=37%","RGS2/CRTC3/RGS19/PLEK/CCL5/YWHAB/MGRN1/ATP2B4/SERPINE1/RGS1/RPGRIP1L/PDE4B/PPP3CA",0.237793834423688
"GO:0009123","nucleoside monophosphate metabolic process",46,-0.304656769532533,-1.24878726779407,0.0866174291918808,0.580173346473918,0.580173346473918,563,"tags=15%, list=6%, signal=14%","DUT/CASK/GMPS/AMPD2/CAD/NUDT2/PNP",0.287805130535564
"GO:0031998","regulation of fatty acid beta-oxidation",10,0.540149624344465,1.24871327836349,0.198855507868383,0.799385875127943,0.799385875127943,3749,"tags=70%, list=37%, signal=44%","IRS1/ABCD2/ACACB/PPARA/PLIN5/AKT1/CPT1A",0.11378726182188
"GO:0014075","response to amine",13,-0.420205296087298,-1.24867499190587,0.218518518518519,0.809415236051502,0.809415236051502,452,"tags=23%, list=5%, signal=22%","FOSB/CAD/ITGA2",0.183023938384487
"GO:0043588","skin development",57,-0.289862754883005,-1.24833259424273,0.0823652462123478,0.561559841615777,0.561559841615777,1616,"tags=26%, list=16%, signal=22%","PLEC/RHBDF2/ROCK2/PIP5K1A/TRADD/SLC2A10/ZFP36/SRSF6/BCL2/KRT10/NFKBIZ/SLC39A7/ITGA2/PPP3CA/ANXA1",0.287805130535564
"GO:0098900","regulation of action potential",25,0.449267863546005,1.2472127825358,0.186528497409326,0.786452738990333,0.786452738990333,2260,"tags=32%, list=23%, signal=25%","PKP2/CAV1/DSG2/RNF207/CAMK2D/ADRA1A/BIN1/TMEM161B",0.11146266692298
"GO:0097401","synaptic vesicle lumen acidification",13,0.507175861242288,1.24698666864589,0.213114754098361,0.808864411432694,0.808864411432694,1655,"tags=38%, list=16%, signal=32%","ATP6V1B2/ATP6V1C1/CLCN3/ATP6V1H/ATP6V1A",0.106323255932708
"GO:0043271","negative regulation of monoatomic ion transport",41,0.400605773884563,1.24679916091105,0.154491017964072,0.736614682722467,0.736614682722467,962,"tags=15%, list=10%, signal=13%","PLN/CAV1/RGS4/PXK/ATP1A2/GOPC",0.118815039412263
"GO:0030216","keratinocyte differentiation",30,-0.33143112940657,-1.24657516377434,0.131707317073171,0.691286388670338,0.691286388670338,1616,"tags=30%, list=16%, signal=25%","PLEC/ROCK2/PIP5K1A/ZFP36/SRSF6/KRT10/NFKBIZ/PPP3CA/ANXA1",0.276500599254472
"GO:0061014","positive regulation of mRNA catabolic process",91,-0.270593957381534,-1.24635927723238,0.0364966655496413,0.422347744780619,0.422347744780618,1791,"tags=27%, list=18%, signal=23%","CNOT2/GTPBP1/ELAVL1/LSM7/DDX6/ROCK2/METTL14/TNRC6B/AGO2/CNOT6L/ZC3HAV1/PAN3/ZFP36/YTHDF2/DCPS/PRR5L/NANOS1/ZFP36L2/CNOT3/SYNCRIP/DHX36/TNRC6C/ZC3H12A/LSM6/TOB1",0.321775918075361
"GO:0008306","associative learning",17,0.468075975141278,1.24604108844865,0.206117021276596,0.803671401637811,0.803671401637811,2820,"tags=47%, list=28%, signal=34%","PLN/LGMN/NF1/ABCA7/SIGMAR1/ADCY3/SLC6A4/CLN3",0.106729884364606
"GO:1901605","alpha-amino acid metabolic process",96,0.353066521417955,1.24557758390851,0.124056094929881,0.669959232206557,0.669959232206557,2820,"tags=38%, list=28%, signal=27%","SDSL/HNMT/CTH/GCAT/TYR/ALDH18A1/ARG2/SEPSECS/AASS/BPHL/GOT2/MTHFD1/CSAD/ALDH5A1/HOGA1/KMO/NOX4/SEPHS1/RIMKLB/ALDH8A1/NOS3/TAT/AZIN1/QPRT/ASL/SMS/IDO1/ACADSB/BCAT1/HIBADH/AFMID/BLOC1S6/SCLY/GOT1/ICMT/CLN3",0.126875729929857
"GO:0045047","protein targeting to ER",36,-0.320419053782282,-1.24508750575907,0.178947368421053,0.773853237745527,0.773853237745527,2527,"tags=47%, list=25%, signal=35%","SRP19/SGTA/SPCS2/HSPA5/SRP72/SRP9/SSR4/ZFAND2A/SSR2/SSR3/SPCS1/SEC61B/CHMP4A/SEC61G/HERPUD1/ZFAND2B/UBL4A",0.245041785430996
"GO:1901799","negative regulation of proteasomal protein catabolic process",35,-0.323769231101,-1.24499494516237,0.115013458182683,0.648312119535141,0.648312119535141,1963,"tags=34%, list=20%, signal=28%","PARK7/HSP90AB1/RPL11/FBXO32/UBXN1/WAC/N4BP1/USP25/DDRGK1/USP7/UBXN2A/SVIP",0.287805130535564
"GO:0022407","regulation of cell-cell adhesion",263,-0.221973702879494,-1.24470721694722,0.0155328340428393,0.283437929613492,0.283437929613492,1123,"tags=19%, list=11%, signal=17%","PSMA5/AIF1/ETS1/ICOS/ADAM8/HLA-DRB5/SMARCB1/PYCARD/CSK/AKNA/TNFRSF14/ARID1A/CD81/HLA-DQA1/WNK1/RASAL3/HLA-DQB1/YTHDF2/TNFSF4/CXCL13/FERMT3/NKAP/GPR65/KLRC4-KLRK1/CLECL1/VCAM1/SMARCA2/NCKAP1L/MINK1/CDKN2A/HLA-DQB2/PSMB8/ZC3H12A/LGALS3/MYADM/LGALS9/NFKBIZ/BRD4/HLA-DQA2/ZC3H8/LGALS1/NR4A3/FUT3/CITED2/PNP/PPP3CA/ADAM19/ANXA1/PTPN23",0.380730400722792
"GO:0030168","platelet activation",61,0.375063151911763,1.24444862579464,0.152887882219706,0.732548687199939,0.732548687199939,1596,"tags=20%, list=16%, signal=17%","DGKD/PLCG2/APOE/MAPK14/FGB/PIK3CB/SYK/PDPN/AXL/GP6/NOS3/JAK2",0.115734447701689
"GO:0031342","negative regulation of cell killing",24,-0.35755651358168,-1.24412707656721,0.163090128755365,0.74837479763772,0.74837479763772,2837,"tags=54%, list=28%, signal=39%","HLA-G/HAVCR2/SERPINB9/HLA-E/HLA-A/HLA-B/GRB2/HLA-F/CD59/MICA/NCKAP1L/LGALS9/KIR2DL4",0.231126709673834
"GO:0002475","antigen processing and presentation via MHC class Ib",12,0.507561704979692,1.24384953118293,0.207042253521127,0.803671401637811,0.803671401637811,542,"tags=17%, list=5%, signal=16%","ULBP1/CD1D",0.110122263835536
"GO:0086010","membrane depolarization during action potential",11,0.531315819307014,1.243685591807,0.21304347826087,0.808864411432694,0.808864411432694,3378,"tags=73%, list=34%, signal=48%","YWHAH/ATP1A2/SCN9A/PTPN3/SCN11A/SCN2B/SCN3B/KCNJ2",0.110122263835536
"GO:1903313","positive regulation of mRNA metabolic process",105,-0.251383408596126,-1.24324601408125,0.0658854744934993,0.521871760440395,0.521871760440395,1791,"tags=25%, list=18%, signal=21%","CNOT2/GTPBP1/ELAVL1/LSM7/DDX6/ROCK2/METTL14/TNRC6B/AGO2/CNOT6L/ZC3HAV1/PAN3/ZFP36/YTHDF2/DCPS/PRR5L/SNW1/NANOS1/ZFP36L2/CNOT3/SYNCRIP/DHX36/TNRC6C/ZC3H12A/LSM6/TOB1",0.287805130535564
"GO:0038094","Fc-gamma receptor signaling pathway",16,0.482758284720473,1.24303629253151,0.191256830601093,0.79140492989438,0.79140492989438,1123,"tags=31%, list=11%, signal=28%","FCGR2B/FCGR2A/YES1/SYK/FCGR2C",0.11331290842208
"GO:0060999","positive regulation of dendritic spine development",15,0.492737223291287,1.2429955187782,0.21438263229308,0.808864411432694,0.808864411432694,509,"tags=20%, list=5%, signal=19%","APOE/DBN1/CAMK1",0.105520936843198
"GO:1904892","regulation of receptor signaling pathway via STAT",54,0.384251370667797,1.24285072784851,0.135040745052387,0.703112145906092,0.703112145906092,1837,"tags=24%, list=18%, signal=20%","IL12RB2/CAV1/USP1/PIAS2/BCL3/GBP7/PIBF1/NLK/PTPN2/JAK2/SOCS1/CRLF3/PTK6",0.126253987849115
"GO:0006879","intracellular iron ion homeostasis",41,-0.306496765323779,-1.24273441871348,0.116182903137527,0.649991743197768,0.649991743197768,1788,"tags=29%, list=18%, signal=24%","HMOX1/SOD1/SKP1/RBX1/IFNG/ATP6V0D1/BOLA2B/BOLA2/ISCU/BOLA3/SLC46A1/CISD1",0.287805130535564
"GO:0006040","amino sugar metabolic process",21,0.452627457445055,1.24270528953651,0.185659411011524,0.783783783783784,0.783783783783784,1769,"tags=33%, list=18%, signal=28%","CHST3/SLC35A1/GNPDA2/ST6GAL1/UAP1L1/CTBS/GNPNAT1",0.11101149245045
"GO:0007008","outer mitochondrial membrane organization",12,-0.43194793830088,-1.24241043611663,0.202054794520548,0.802633801001702,0.802633801001702,1034,"tags=33%, list=10%, signal=30%","TOMM22/SAMM50/TOMM5/MTX1",0.183023938384487
"GO:0007131","reciprocal meiotic recombination",28,0.426000132313105,1.24201196763087,0.2,0.799385875127943,0.799385875127943,4162,"tags=57%, list=41%, signal=34%","TOP2A/RNF212/BRIP1/RAD51C/TEX11/SFR1/ATM/FANCM/ERCC4/REC8/ANKLE1/DMC1/RAD51/RMI1/TRIP13/RAD54B",0.104732821580651
"GO:0140527","reciprocal homologous recombination",28,0.426000132313105,1.24201196763087,0.2,0.799385875127943,0.799385875127943,4162,"tags=57%, list=41%, signal=34%","TOP2A/RNF212/BRIP1/RAD51C/TEX11/SFR1/ATM/FANCM/ERCC4/REC8/ANKLE1/DMC1/RAD51/RMI1/TRIP13/RAD54B",0.104732821580651
"GO:0007281","germ cell development",72,0.366833113226617,1.24198885824275,0.15565509518477,0.73665977825606,0.73665977825606,1892,"tags=25%, list=19%, signal=20%","PLN/IFT81/TUBG1/RNF2/SLC26A6/TTLL5/BBS2/METTL3/DZIP1/PRMT7/TDRD1/DNAH1/CTCFL/CTCF/PAQR5/ZNF830/PIWIL2/BRDT",0.11378726182188
"GO:0006364","rRNA processing",181,-0.23705476708664,-1.24157467728911,0.0437795610327467,0.446423556197628,0.446423556197628,2336,"tags=40%, list=23%, signal=31%","RPS27L/RPP30/DDX27/NOP10/PWP2/NAT10/WDR74/EXOSC7/RPL7A/RPL7/POP5/WDR43/PES1/TRMT112/NSA2/XRN2/RPL11/RPS27/RPS14/FBL/RNASEL/RPS6/RPL35/RPL14/RPS19/UTP18/NOP56/RPS13/USP36/BMS1/TSR1/RPL37/RPS24/RPS15/RPS25/RPS7/WBP11/UTP15/RPS16/IMP4/RPUSD4/DNTTIP2/PIN4/RRP7A/RPS28/RPS21/NHP2/RPL27/RRP1/SBDS/NSUN4/ISG20/LAS1L/RPL26/FRG1/NOL7/YTHDF2/WDR3/RPL35A/FTSJ3/RPS17/NOC4L/DROSHA/C1D/EXOSC1/CDKN2A/REXO1/LSM6/ERI1/EBNA1BP2/METTL5/PELP1",0.321775918075361
"GO:2000378","negative regulation of reactive oxygen species metabolic process",22,0.446317049953461,1.24021711202932,0.186842105263158,0.786452738990333,0.786452738990333,1939,"tags=32%, list=19%, signal=26%","TFAP2A/SIRT3/ABCD2/ABCB7/PPARA/HIF1A/HDAC6",0.112378519110475
"GO:1903039","positive regulation of leukocyte cell-cell adhesion",162,-0.243337658740735,-1.2401747689409,0.0271104496553437,0.370440229306554,0.370440229306554,1572,"tags=27%, list=16%, signal=23%","AMBRA1/RUNX3/SMARCC2/CD3E/SIRPB1/HSPH1/PDPK1/SKAP1/VAV1/EP300/CD44/CD55/AIF1/ETS1/ICOS/ADAM8/HLA-DRB5/SMARCB1/PYCARD/CSK/TNFRSF14/ARID1A/CD81/HLA-DQA1/RASAL3/HLA-DQB1/TNFSF4/NKAP/GPR65/KLRC4-KLRK1/CLECL1/VCAM1/SMARCA2/NCKAP1L/HLA-DQB2/LGALS9/NFKBIZ/BRD4/HLA-DQA2/NR4A3/PNP/PPP3CA/ANXA1",0.352487857583619
"GO:0072522","purine-containing compound biosynthetic process",151,-0.247681470258401,-1.23996248427949,0.0232697182832245,0.335701275788713,0.335701275788713,2117,"tags=32%, list=21%, signal=26%","NDUFA11/NAMPT/TMSB4X/PCCA/PRPS1/SLC25A13/NDUFA5/NDUFB8/NDUFC2/IMPDH1/NDUFA8/ACAT1/PRPSAP1/NDUFA13/NDUFB5/NDUFA2/COASY/DLD/HPRT1/NDUFA6/DCK/PRPS2/NDUFS7/ELOVL5/NDUFA12/NDUFB7/ATP6V0C/NDUFV2/ADCY7/NDUFS4/NDUFAB1/SPHK2/NDUFA3/ACSF3/NDUFB2/NDUFA1/PGM2/PRKAG2/NDUFB4/NDUFS8/GMPS/NDUFB1/DLST/AMPD2/NDUFB6/NUDT2/NDUFB9/PNP/FASN",0.352487857583619
"GO:0031960","response to corticosteroid",50,-0.289473885228319,-1.23991064327377,0.147783424124454,0.722425,0.722425,1338,"tags=26%, list=13%, signal=23%","CBX3/GSTP1/AGL/DUSP1/ZFP36/PDCD7/POR/PCK2/ZFP36L2/FOS/FOSB/CAD/ANXA1",0.249246554383295
"GO:0086064","cell communication by electrical coupling involved in cardiac conduction",13,0.504250973428288,1.23979528516322,0.217213114754098,0.809367569765987,0.809367569765987,1414,"tags=31%, list=14%, signal=26%","PKP2/CAV1/ATP1A2/CAMK2D",0.105125131597001
"GO:0045494","photoreceptor cell maintenance",14,0.494654746846709,1.23966420245955,0.196132596685083,0.792841214222526,0.792841214222526,1441,"tags=43%, list=14%, signal=37%","CDHR1/CDH23/BBS2/NXNL2/SLC2A1/MAK",0.112378519110475
"GO:1903539","protein localization to postsynaptic membrane",19,-0.36816387217661,-1.23959261544475,0.165957446808511,0.754042155129503,0.754042155129503,195,"tags=16%, list=2%, signal=16%","VPS26B/RAB8A/GPHN",0.227987202850442
"GO:2000278","regulation of DNA biosynthetic process",54,0.382958472213563,1.23866888255779,0.140861466821886,0.712518170906042,0.712518170906042,2460,"tags=28%, list=24%, signal=21%","KCNK2/USP1/RFC4/FGF2/ACD/RFC5/RFC2/SMG5/NOX4/CHTF8/SH2B1/EXOSC10/ATM/TERF1/KAT7",0.123257226381337
"GO:0034308","primary alcohol metabolic process",41,0.397763161482357,1.23795214224854,0.162874251497006,0.748263473053892,0.748263473053892,3427,"tags=46%, list=34%, signal=31%","SULT1A1/CYP3A5/SULT1E1/ACSS1/ALDH3B1/SULT1A3/SULT1A4/RDH13/RDH14/LRAT/CYP3A4/ADH4/AKR1A1/NAPEPLD/AKR1B10/IGF1/ALDH1B1/PECR/CYP1A2",0.115240003147781
"GO:0048729","tissue morphogenesis",119,0.343553418457715,1.23790864381928,0.108602150537634,0.632440476190476,0.632440476190476,1460,"tags=21%, list=15%, signal=18%","TFAP2A/PKP2/MAGED1/BBS7/ENG/ARHGAP12/WNT7B/MET/FGF2/BMP7/TGFBR1/GDNF/ITGAX/FGFR2/STIL/TAF10/TIMELESS/RNF207/MTHFD1/KLHL3/BBS5/PDPN/MYO9A/NOS3/APC",0.136490437780413
"GO:0043409","negative regulation of MAPK cascade",86,0.358410464403112,1.23790043782986,0.143176733780761,0.715883668903803,0.715883668903803,928,"tags=12%, list=9%, signal=11%","DSG3/APOE/CAV1/MECOM/SPRY2/SIRT3/PIK3CB/FBLN1/HDAC3/SEMA6A",0.119348440591015
"GO:0006937","regulation of muscle contraction",51,0.382743176626427,1.23776801919341,0.158018867924528,0.73665977825606,0.73665977825606,1088,"tags=18%, list=11%, signal=16%","PLN/PKP2/CAV1/DSG2/MAP2K1/STUB1/ATP1A2/TNNI1/RNF207",0.116234148779716
"GO:0008535","respiratory chain complex IV assembly",20,-0.366608941289083,-1.23713879592393,0.173387096774194,0.764817419426705,0.764817419426705,1374,"tags=40%, list=14%, signal=35%","COX16/COX20/COX10/COX14/COA4/PET117/COA6/COX17",0.216542836735348
"GO:0043328","protein transport to vacuole involved in ubiquitin-dependent protein catabolic process via the multivesicular body sorting pathway",14,-0.416319897473658,-1.23688368911317,0.201438848920863,0.801895433526866,0.801895433526866,1538,"tags=36%, list=15%, signal=30%","STAM2/STAM/VPS28/VPS37B/PTPN23",0.188204146308491
"GO:0051154","negative regulation of striated muscle cell differentiation",15,0.490119643013505,1.23639232258858,0.217096336499322,0.809367569765987,0.809367569765987,2713,"tags=40%, list=27%, signal=29%","RGS4/HDAC5/FRS2/PPARA/CEACAM5/CTDP1",0.104732821580651
"GO:0070050","neuron cellular homeostasis",24,0.43936489431299,1.23577421693246,0.202860858257477,0.802633801001702,0.802633801001702,2303,"tags=38%, list=23%, signal=29%","ATP6V1B2/ATP6V1C1/SV2B/CLCN3/ATP6V1H/ATP6V1A/DCTN1/PRKAA1/AIM2",0.106323255932708
"GO:0008630","intrinsic apoptotic signaling pathway in response to DNA damage",57,-0.286882249212297,-1.23549664925362,0.0942161691868416,0.60512194189904,0.60512194189904,2691,"tags=47%, list=27%, signal=35%","BCL2L11/TNFRSF1B/CRIP1/DDIT4/KDM1A/TMEM109/RPS27L/CASP2/RPS3/BIRC2/TP53/DYRK2/BIRC3/EP300/TRADD/TPT1/CD44/BCL2L1/PYCARD/RPL26/CDIP1/SNW1/BCL2/BAX/AEN/HIPK2/TAF9B",0.287805130535564
"GO:0009168","purine ribonucleoside monophosphate biosynthetic process",14,-0.415463941359386,-1.23434064910291,0.20863309352518,0.805734468305472,0.805734468305472,297,"tags=21%, list=3%, signal=21%","GMPS/AMPD2/NUDT2",0.184706471207739
"GO:0009124","nucleoside monophosphate biosynthetic process",28,-0.336278441925158,-1.23383132641007,0.173267326732673,0.764817419426705,0.764817419426705,1456,"tags=29%, list=14%, signal=24%","HPRT1/DCK/PRPS2/DUT/GMPS/AMPD2/CAD/NUDT2",0.241339976815091
"GO:0001782","B cell homeostasis",11,-0.441102434437744,-1.23358120717822,0.233974358974359,0.834279267015455,0.834279267015454,2923,"tags=55%, list=29%, signal=39%","MIF/CD74/BCL10/TNFAIP3/DOCK11/NCKAP1L",0.163180127180689
"GO:0051204","protein insertion into mitochondrial membrane",25,-0.344200583687994,-1.23287025718681,0.182608695652174,0.780606717226436,0.780606717226435,1750,"tags=44%, list=17%, signal=36%","NDUFA13/ROMO1/TIMM10/TIMM9/TIMM8B/TOMM22/TIMM13/SAMM50/TMEM126A/TOMM5/MTX1",0.219250346703755
"GO:0030278","regulation of ossification",32,-0.326299723510738,-1.23271704760209,0.17877094972067,0.773853237745527,0.773853237745527,837,"tags=25%, list=8%, signal=23%","SMAD3/ISG15/ATP2B1/SETD2/RBPJ/RXRB/CHSY1/CCR1",0.252961123069611
"GO:0048009","insulin-like growth factor receptor signaling pathway",24,0.438037270610129,1.23204009260204,0.205461638491547,0.803671401637811,0.803671401637811,936,"tags=21%, list=9%, signal=19%","IGFBP4/MAP2K1/SOS1/IRS1/EIF2AK3",0.105520936843198
"GO:2000319","regulation of T-helper 17 cell differentiation",19,-0.365867465244597,-1.23186070775335,0.174468085106383,0.76511222381057,0.76511222381057,764,"tags=26%, list=8%, signal=24%","JUNB/ZC3H12A/NFKBIZ/BRD4/LGALS1",0.222056046145248
"GO:0002371","dendritic cell cytokine production",10,0.532690029023313,1.2314682497475,0.213161659513591,0.808864411432694,0.808864411432694,1057,"tags=20%, list=11%, signal=18%","PLCG2/NOD2",0.109250039480711
"GO:0002730","regulation of dendritic cell cytokine production",10,0.532690029023313,1.2314682497475,0.213161659513591,0.808864411432694,0.808864411432694,1057,"tags=20%, list=11%, signal=18%","PLCG2/NOD2",0.109250039480711
"GO:0021675","nerve development",19,0.454398157944077,1.23135587781532,0.209908735332464,0.807579912781549,0.807579912781549,3595,"tags=63%, list=36%, signal=41%","TFAP2A/CHD7/CNGB1/PLXNA3/DICER1/ERBB3/ATP8B1/NRP1/SIX4/DAG1/EGR2/FBXO45",0.104343952581949
"GO:0033077","T cell differentiation in thymus",39,-0.31671310008969,-1.23127209192188,0.151351351351351,0.729662996329663,0.729662996329663,3150,"tags=56%, list=31%, signal=39%","ZFP36L1/PTPRC/PSMB9/RIPK3/PSMA7/RASGRP1/CLPTM1/PSMB2/PSMB4/CD3G/PSMA3/TOX/SOD1/CD3E/CD3D/PSMA5/ADAM8/ADAM17/NFATC3/ZFP36L2/CDKN2A/ZC3H8",0.271288554688953
"GO:0045664","regulation of neuron differentiation",40,0.395298568529618,1.23118293322436,0.194477791116447,0.79140492989438,0.79140492989438,833,"tags=20%, list=8%, signal=18%","EIF2AK4/NBL1/CNTN4/ECT2/BMP7/YWHAH/FGFR1/DIXDC1",0.103958471559957
"GO:0045666","positive regulation of neuron differentiation",15,0.487581893827946,1.22999051100153,0.222523744911805,0.815300602225171,0.815300602225171,1353,"tags=27%, list=13%, signal=23%","NBL1/ECT2/FGFR1/MMD2",0.103197466945307
"GO:0032602","chemokine production",41,-0.303220977804001,-1.22945227560532,0.149700598802395,0.725806451612903,0.725806451612903,1202,"tags=29%, list=12%, signal=26%","GSTP1/F2RL1/AIF1/PYCARD/ADAM17/IFNG/IL4R/TNFSF4/EIF2AK2/EGR1/OAS3/LGALS9",0.287857117255149
"GO:0032642","regulation of chemokine production",41,-0.303220977804001,-1.22945227560532,0.149700598802395,0.725806451612903,0.725806451612903,1202,"tags=29%, list=12%, signal=26%","GSTP1/F2RL1/AIF1/PYCARD/ADAM17/IFNG/IL4R/TNFSF4/EIF2AK2/EGR1/OAS3/LGALS9",0.287857117255149
"GO:0001912","positive regulation of leukocyte mediated cytotoxicity",35,0.405808515242785,1.22894679177313,0.196078431372549,0.792841214222526,0.792841214222526,1588,"tags=23%, list=16%, signal=19%","ULBP1/CADM1/KLRC3/CD1D/KLRC2/STX7/XCL1/LAMP1",0.104732821580651
"GO:0006359","regulation of transcription by RNA polymerase III",24,-0.352762656243911,-1.22744672678034,0.171673819742489,0.764817419426705,0.764817419426705,476,"tags=12%, list=5%, signal=12%","DHX36/TBP/ZC3H8",0.224966093540314
"GO:0055090","acylglycerol homeostasis",12,0.50045084880444,1.22642340341734,0.214084507042254,0.808864411432694,0.808864411432694,456,"tags=17%, list=5%, signal=16%","APOE/MAP2K1",0.107972360317345
"GO:0070328","triglyceride homeostasis",12,0.50045084880444,1.22642340341734,0.214084507042254,0.808864411432694,0.808864411432694,456,"tags=17%, list=5%, signal=16%","APOE/MAP2K1",0.107972360317345
"GO:0032801","receptor catabolic process",19,0.452463259402464,1.22611257158589,0.21251629726206,0.808864411432694,0.808864411432694,544,"tags=16%, list=5%, signal=15%","APOE/ZNRF3/LGMN",0.103576326612592
"GO:0007602","phototransduction",10,0.530190935759537,1.22569086733029,0.218884120171674,0.809415236051502,0.809415236051502,4574,"tags=90%, list=46%, signal=49%","RGR/CABP5/GNGT2/NMT1/PDE6B/NMT2/SLC24A2/GNAT1/CABP4",0.107554375265169
"GO:0032615","interleukin-12 production",32,0.409326408848285,1.2256349482063,0.206561360874848,0.803671401637811,0.803671401637811,1119,"tags=19%, list=11%, signal=17%","PLCG2/MAPK14/SLAMF1/SYK/CCR7/PIBF1",0.100990587455923
"GO:0032655","regulation of interleukin-12 production",32,0.409326408848285,1.2256349482063,0.206561360874848,0.803671401637811,0.803671401637811,1119,"tags=19%, list=11%, signal=17%","PLCG2/MAPK14/SLAMF1/SYK/CCR7/PIBF1",0.100990587455923
"GO:0031343","positive regulation of cell killing",36,0.404146814025184,1.22533608956634,0.194581280788177,0.79140492989438,0.79140492989438,1588,"tags=22%, list=16%, signal=19%","ULBP1/CADM1/KLRC3/CD1D/KLRC2/STX7/XCL1/LAMP1",0.105520936843198
"GO:0060074","synapse maturation",12,-0.4259222333001,-1.22507872061551,0.208904109589041,0.805734468305472,0.805734468305472,5771,"tags=100%, list=57%, signal=43%","VPS35/ROCK1/ANAPC2/CLSTN1/SEMA7A/DLGAP4/SNX27/DISC1/YWHAZ/PFN1/AGO2/PTEN",0.179782316298324
"GO:1903037","regulation of leukocyte cell-cell adhesion",219,-0.228325913322526,-1.22500988830196,0.0320114881216876,0.402483486157019,0.402483486157019,1572,"tags=24%, list=16%, signal=20%","AMBRA1/RUNX3/SMARCC2/CD3E/SIRPB1/HSPH1/PDPK1/SLC4A2/SKAP1/VAV1/EP300/CD44/CD55/PSMA5/AIF1/ETS1/ICOS/ADAM8/HLA-DRB5/SMARCB1/PYCARD/CSK/TNFRSF14/ARID1A/CD81/HLA-DQA1/WNK1/RASAL3/HLA-DQB1/TNFSF4/NKAP/GPR65/KLRC4-KLRK1/CLECL1/VCAM1/SMARCA2/NCKAP1L/CDKN2A/HLA-DQB2/PSMB8/ZC3H12A/LGALS3/LGALS9/NFKBIZ/BRD4/HLA-DQA2/ZC3H8/LGALS1/NR4A3/PNP/PPP3CA/ANXA1",0.321775918075361
"GO:0045619","regulation of lymphocyte differentiation",126,-0.240971649737682,-1.22490338789291,0.06457102366475,0.515651701102998,0.515651701102998,2695,"tags=41%, list=27%, signal=31%","CD69/CBFB/CLPTM1/HMGB1/RC3H1/PSMB2/CD2/BATF/IL2RG/BRD2/PSMB4/ZBTB1/CTLA4/HLA-DRA/PRELID1/ARID2/PSMA3/LAG3/RHOA/TOX/HLA-DRB1/CD27/SOD1/ID2/AMBRA1/RUNX3/SMARCC2/METTL14/SLC4A2/EP300/PSMA5/ADAM8/SMARCB1/ARID1A/JUNB/TNFSF4/DDRGK1/NKAP/GPR65/ZFP36L2/PRDM1/SMARCA2/NCKAP1L/CDKN2A/PSMB8/ZC3H12A/NFKBIZ/BRD4/ZC3H8/LGALS1/PNP/ANXA1",0.287805130535564
"GO:0071985","multivesicular body sorting pathway",37,-0.301707473120352,-1.22466995253871,0.147368421052632,0.722425,0.722425,1896,"tags=27%, list=19%, signal=22%","CHMP2A/VTA1/CHMP7/STAM2/STAM/VPS28/VPS37B/CHMP4A/UVRAG/PTPN23",0.271288554688953
"GO:0010762","regulation of fibroblast migration",18,-0.376032370901669,-1.22460053398156,0.19921875,0.799385875127943,0.799385875127943,1144,"tags=28%, list=11%, signal=25%","ITGB1BP1/CORO1C/PRR5L/ITGB1/AKAP12",0.197822021315103
"GO:0002548","monocyte chemotaxis",18,-0.375950430664677,-1.22433368446077,0.19921875,0.799385875127943,0.799385875127943,1230,"tags=33%, list=12%, signal=29%","SERPINE1/AIF1/DUSP1/LGALS3/ANXA1/CCR1",0.197822021315103
"GO:0060337","type I interferon-mediated signaling pathway",53,-0.275504442044842,-1.22410926777649,0.163398692810458,0.748910675381264,0.748910675381264,1337,"tags=21%, list=13%, signal=18%","AZI2/ZBP1/IRF7/YTHDF2/ISG15/OASL/IRF3/TRAF3/OAS3/UBE2K/USP18",0.287857117255149
"GO:0019058","viral life cycle",190,-0.230900150422142,-1.22401642258289,0.0451874304164531,0.453616750067479,0.453616750067479,1585,"tags=25%, list=16%, signal=21%","STAU1/SPCS1/CHMP7/RPSA/TRIM38/DDX6/FMR1/LAMTOR5/VAMP8/CD55/VPS28/RNASEK/ZC3HAV1/N4BP1/VPS37B/SMARCB1/ISG20/TNFRSF14/CTBP1/CD81/TRIM11/SRPK1/APOBEC3G/RAD23A/APOBEC3C/PLSCR1/CHMP4A/ISG15/IFIH1/CXCR4/OASL/EIF2AK2/BCL2/TRIM25/DYNLT1/OAS3/ZC3H12A/CXCR6/LGALS9/IFIT1/MX1/ITGB1/CCR5/LGALS1/RSAD2/ITGA2/VAPB",0.321775918075361
"GO:0006911","phagocytosis, engulfment",23,0.447941853866826,1.22375332760525,0.213924050632911,0.808864411432694,0.808864411432694,396,"tags=13%, list=4%, signal=13%","MSR1/PLCG2/ARHGAP12",0.101350743797099
"GO:0042402","biogenic amine catabolic process",11,0.522560878499849,1.22319233084369,0.233333333333333,0.833638304361086,0.833638304361086,1612,"tags=45%, list=16%, signal=38%","SULT1A1/HNMT/MAOB/SULT1A3/SULT1A4",0.104343952581949
"GO:0043462","regulation of ATP-dependent activity",20,0.458382200593332,1.22275828256268,0.205570291777188,0.803671401637811,0.803671401637811,616,"tags=10%, list=6%, signal=9%","PLN/PXK",0.106729884364606
"GO:0060537","muscle tissue development",85,0.353846375060687,1.22217553127089,0.153503893214683,0.733782129742962,0.733782129742962,1128,"tags=20%, list=11%, signal=18%","PKP2/KCNK2/CAV1/MYOG/RGS4/ENG/NEBL/DSG2/FGF2/BMP7/TGFBR1/LMOD3/FGFR2/FRS2/LEMD2/SMAD5/IGSF8",0.114266502484433
"GO:0060416","response to growth hormone",23,0.447359748877207,1.22216304772425,0.217721518987342,0.809415236051502,0.809415236051502,3225,"tags=39%, list=32%, signal=27%","PHEX/STAT5A/JAK2/STAT6/PTPN1/TRIM16/MBD5/AKT1/IGF1",0.10027910675413
"GO:0019722","calcium-mediated signaling",89,-0.268392193974846,-1.2221493351107,0.0567634166931405,0.499236806726833,0.499236806726833,1147,"tags=20%, list=11%, signal=18%","HTT/CCL4/ATP2A2/CALM1/HINT1/PPP3CC/NFATC3/PKD2/CAMKK2/CXCR4/CHERP/CXCR6/PPP3CB/CCR5/ASPH/FHL2/PPP3CA/CCR1",0.321775918075361
"GO:0060048","cardiac muscle contraction",49,0.378209460727009,1.22184637482113,0.2,0.799385875127943,0.799385875127943,1088,"tags=16%, list=11%, signal=15%","PLN/PKP2/CAV1/DSG2/ATP1A2/SCN9A/TNNI1/RNF207",0.0999276973731092
"GO:0045682","regulation of epidermis development",17,-0.384986253023572,-1.22150745719148,0.204,0.80304435483871,0.80304435483871,1499,"tags=29%, list=15%, signal=25%","ROCK2/KLF7/ZFP36/SRSF6/KRT10",0.197822021315103
"GO:0043243","positive regulation of protein-containing complex disassembly",17,-0.384830236728357,-1.22101243933941,0.204,0.80304435483871,0.80304435483871,1132,"tags=29%, list=11%, signal=26%","F2RL1/WNK1/TOM1/UVRAG/JMJD4",0.197822021315103
"GO:0006637","acyl-CoA metabolic process",59,0.365535903831217,1.22072940468801,0.15967365967366,0.739650819721994,0.739650819721994,1418,"tags=24%, list=14%, signal=20%","PDK1/HSD17B12/SLC27A2/ACSL1/PDHX/BCKDHA/AASS/ACSL3/ACOT2/ACACB/ACOT7/HSD17B4/ACSS1/DIP2A",0.114750719227023
"GO:0034163","regulation of toll-like receptor 9 signaling pathway",11,0.521295104030813,1.2202294499875,0.234782608695652,0.834279267015455,0.834279267015454,1138,"tags=27%, list=11%, signal=24%","MSR1/SYK/FCRL3",0.103958471559957
"GO:0034113","heterotypic cell-cell adhesion",30,0.411645466278558,1.22004575685805,0.212045169385194,0.808864411432694,0.808864411432694,944,"tags=27%, list=9%, signal=24%","PKP2/FGB/DSG2/CD1D/BMP7/ICAM4/ITGAX/GCNT2",0.101350743797099
"GO:0030048","actin filament-based movement",59,0.36514426754733,1.21942151147514,0.160839160839161,0.742548052215027,0.742548052215027,1501,"tags=20%, list=15%, signal=17%","PLN/PKP2/CAV1/DSG2/MYO5C/ATP1A2/SCN9A/RNF207/MYO5A/PDPN/CAMK2D/MYO19",0.114266502484433
"GO:1905515","non-motile cilium assembly",21,-0.369878189514997,-1.21933173982233,0.20814479638009,0.805486798679868,0.805486798679868,291,"tags=19%, list=3%, signal=19%","BBS4/C2CD3/RPGRIP1L/TMEM80",0.208955027549354
"GO:0050890","cognition",76,0.356260283024794,1.21922272481325,0.177777777777778,0.772955739199898,0.772955739199898,544,"tags=9%, list=5%, signal=9%","PLN/CHD7/KCNK2/APOE/RP9/EIF2AK4/LGMN",0.104732821580651
"GO:0046835","carbohydrate phosphorylation",10,0.527291960544898,1.21898904124172,0.23032904148784,0.82775490823685,0.82775490823685,19,"tags=10%, list=0%, signal=10%","PFKFB2",0.104343952581949
"GO:0001754","eye photoreceptor cell differentiation",12,-0.423658477309341,-1.21856748669504,0.215753424657534,0.809325474008778,0.809325474008778,766,"tags=33%, list=8%, signal=31%","NKD1/BBS4/RPGRIP1L/MYO7A",0.176694268938498
"GO:0010761","fibroblast migration",22,-0.350988749426791,-1.21832352543585,0.15702479338843,0.73665977825606,0.73665977825606,1144,"tags=27%, list=11%, signal=24%","ITGB1BP1/CORO1C/IQGAP1/PRR5L/ITGB1/AKAP12",0.231126709673834
"GO:0018345","protein palmitoylation",11,0.520350499127183,1.21801835168042,0.23768115942029,0.834279267015455,0.834279267015454,2995,"tags=55%, list=30%, signal=38%","ZDHHC18/ZDHHC12/ZDHHC15/ZDHHC3/ZDHHC2/ZDHHC21",0.103197466945307
"GO:0016078","tRNA decay",14,0.485838192010622,1.21756885719299,0.212707182320442,0.808864411432694,0.808864411432694,2436,"tags=50%, list=24%, signal=38%","EXOSC3/EXOSC10/TRDMT1/DICER1/EXOSC8/EXOSC2/TRNT1",0.107140237276725
"GO:0050860","negative regulation of T cell receptor signaling pathway",25,-0.339853894224574,-1.21730112566687,0.18695652173913,0.786452738990333,0.786452738990333,2959,"tags=56%, list=29%, signal=40%","LAPTM5/EZR/CBL/SLA2/DGKZ/CTLA4/UBASH3A/LAG3/PDCD1/GBP1/DUSP22/CSK/PHPT1/LGALS3",0.216542836735348
"GO:1905037","autophagosome organization",87,-0.249919028675106,-1.21688519920934,0.118611515706942,0.652623865477078,0.652623865477078,2012,"tags=30%, list=20%, signal=24%","WIPI1/RB1CC1/MTOR/UBXN2B/SEC22B/MAP1LC3B/RAB3GAP1/ELAVL1/AMBRA1/WIPI2/ATG12/NSFL1C/RAB5A/ATP2A2/ATG5/MAP1LC3B2/ATG9A/GABARAPL1/PIP4K2C/TOM1/SNX18/UBXN2A/MTM1/EMC6/IFT20/MAP1LC3A",0.287805130535564
"GO:0046425","regulation of receptor signaling pathway via JAK-STAT",52,0.378649786964975,1.21658016252172,0.194805194805195,0.79140492989438,0.79140492989438,1837,"tags=23%, list=18%, signal=19%","IL12RB2/CAV1/USP1/PIAS2/BCL3/GBP7/PIBF1/PTPN2/JAK2/SOCS1/CRLF3/PTK6",0.102821842840815
"GO:0030856","regulation of epithelial cell differentiation",51,0.376111283125694,1.21632088131297,0.1875,0.786452738990333,0.786452738990333,1651,"tags=24%, list=16%, signal=20%","CAV1/RFX3/SPRY2/FOXJ2/DSG2/FGF2/GDNF/CD24/ZNF800/MAFF/SPRED1/NUMA1",0.105125131597001
"GO:0001911","negative regulation of leukocyte mediated cytotoxicity",22,-0.350243034212201,-1.21573505959273,0.15702479338843,0.73665977825606,0.73665977825606,2837,"tags=55%, list=28%, signal=39%","HLA-G/HAVCR2/SERPINB9/HLA-E/HLA-A/HLA-B/GRB2/HLA-F/MICA/NCKAP1L/LGALS9/KIR2DL4",0.231126709673834
"GO:0019369","arachidonate metabolic process",16,0.472143328163547,1.21570423700491,0.219945355191257,0.811320754716981,0.811320754716981,3427,"tags=56%, list=34%, signal=37%","DAGLB/FAAH2/PTGES2/ALOX15/SIGMAR1/CYP2B6/CYP4F11/ABHD12/CYP1A2",0.104343952581949
"GO:0009141","nucleoside triphosphate metabolic process",155,-0.240105428738796,-1.21561385704274,0.0367276485216679,0.423072175448711,0.423072175448711,2129,"tags=32%, list=21%, signal=25%","RAN/NDUFA11/TMSB4X/CTPS1/SLC25A13/MTOR/NDUFA5/HSPA8/NDUFB8/DNM1L/NDUFC2/IMPDH1/NDUFA8/NDUFA13/NDUFB5/GTPBP1/NDUFA2/NUDT5/ITPA/NDUFA6/NDUFS7/EP300/NDUFA12/PFKFB3/NDUFB7/ATP6V0C/DTYMK/NDUFV2/NDUFS4/NDUFAB1/SPHK2/NDUFA3/IFNG/TSPO/ZBTB7A/NDUFB2/DUT/NDUFA1/PRKAG2/BPGM/NDUFB4/NDUFS8/NDUFB1/AMPD2/NDUFB6/CAD/NUDT2/NDUFB9/PRKAA2",0.321775918075361
"GO:0032735","positive regulation of interleukin-12 production",17,0.456435976087851,1.21505484292367,0.231382978723404,0.829706640876854,0.829706640876854,1060,"tags=24%, list=11%, signal=21%","PLCG2/MAPK14/SYK/CCR7",0.0995791200495904
"GO:0140053","mitochondrial gene expression",135,-0.2382307116638,-1.21502625055645,0.0780496979530682,0.556175311143671,0.55617531114367,1890,"tags=24%, list=19%, signal=20%","MRPS12/MRPL22/MTO1/MRPL24/MRPL39/MRPL19/MRPL16/MRPL4/MRPS28/HSD17B10/MRPL37/MTRF1L/RPUSD4/MRPL33/MRPL42/IARS2/MRPS18C/MRPL41/MRPL17/SLIRP/POLRMT/CDK5RAP1/MRPS34/MRPS24/MRPS15/MRPL43/MRPL21/HARS2/MRPL32/MRPL47/MRPL13/MRPL36",0.287805130535564
"GO:0032897","negative regulation of viral transcription",12,-0.422342064452311,-1.21478109271838,0.215753424657534,0.809325474008778,0.809325474008778,1958,"tags=50%, list=19%, signal=40%","SP100/LARP7/TRIM11/TRIM27/ZFP36/HEXIM1",0.176694268938498
"GO:0046889","positive regulation of lipid biosynthetic process",52,0.377902979515838,1.21418071279503,0.195985832349469,0.792841214222526,0.792841214222526,3343,"tags=44%, list=33%, signal=30%","APOE/SCAP/SREBF1/SORBS1/SIRT3/ACSL3/CREBL2/NR1H2/ABCD2/MC2R/PPARA/MLST8/PRKAA1/KAT5/PLIN5/SLC27A1/PLAA/SREBF2/LPGAT1/ZBTB20/HSD17B13/AKT1/PLA2G6",0.102449405629826
"GO:0071616","acyl-CoA biosynthetic process",36,0.400414547674925,1.21402020015156,0.200738916256158,0.801518883415435,0.801518883415435,1418,"tags=25%, list=14%, signal=22%","PDK1/HSD17B12/SLC27A2/ACSL1/PDHX/ACSL3/ACACB/ACSS1/DIP2A",0.103576326612592
"GO:0051928","positive regulation of calcium ion transport",35,-0.315512038649861,-1.21324343243232,0.150537634408602,0.728437995496396,0.728437995496396,1449,"tags=34%, list=14%, signal=29%","PDPK1/F2R/CCL4/PPP3CC/SRI/TSPO/ATP2B1/PPP3CB/LGALS3/ASPH/PPP3CA/CCR1",0.271288554688953
"GO:0009649","entrainment of circadian clock",18,-0.372435231249777,-1.21288595970714,0.2109375,0.808864411432694,0.808864411432694,247,"tags=17%, list=2%, signal=16%","CRTC1/PER1/SIK1",0.191892240384838
"GO:0043153","entrainment of circadian clock by photoperiod",18,-0.372435231249777,-1.21288595970714,0.2109375,0.808864411432694,0.808864411432694,247,"tags=17%, list=2%, signal=16%","CRTC1/PER1/SIK1",0.191892240384838
"GO:0010817","regulation of hormone levels",164,0.328095845005915,1.21279016302638,0.118257261410788,0.652623865477078,0.652623865477078,2172,"tags=26%, list=22%, signal=21%","MYB/SULT1A1/CHD7/PLA2G7/HADH/SOX4/CYP3A5/FGB/RFX3/HSD17B12/NMB/SLC30A8/CTSK/PASK/SIRT3/STUB1/PRCP/IRS1/SLC16A1/SULT1E1/UGT2B15/HSD17B4/ALDH8A1/PIM3/MC2R/AKR1D1/JAK2/SULT1A3/SULT1A4/RDH13/KCNJ11/OXCT1/ARNT/HIF1A/DIO2/RDH14/ZBED6/SRD5A3/ABAT/LRAT/CYP3A4/ADH4/PER2",0.127505315300183
"GO:0045637","regulation of myeloid cell differentiation",85,-0.25800004252581,-1.21180259088147,0.0733666017549768,0.544405431920277,0.544405431920277,1099,"tags=21%, list=11%, signal=19%","ETS1/CORO1C/IRF7/SCIN/GPR137B/ZNF675/ZFP36/IFNG/KLF13/ISG15/CASP8/NEDD9/NCKAP1L/TRIB1/BRD1/CDK6/PPP3CA/CCR1",0.287805130535564
"GO:0010876","lipid localization",188,0.32435004941901,1.21168781482277,0.121552604698672,0.660440804566826,0.660440804566826,2923,"tags=33%, list=29%, signal=24%","MSR1/PITPNM3/MYB/APOE/CAV1/TMEM97/PRAP1/NMB/HILPDA/SLC27A2/ACSL1/VAT1/LDLRAP1/APOF/ESYT2/PRELID2/ACSL3/CHKA/SLC44A4/SYK/TTPA/GOT2/NR1H2/ABCD2/ACACB/SLC2A1/SLC25A17/IKBKE/PTPN2/CPT1B/TNFAIP8L3/PPARA/GRAMD1A/DCTN1/OSBPL7/SPNS3/ARV1/VPS52/ABCA7/VPS13D/SIGMAR1/ADIPOQ/APOLD1/ATP11B/CPT2/ATP9A/FABP2/ATP8B1/VPS51/MAPK3/OSBPL3/SCARB2/ABCB1/PLA2G12A/VPS54/PLIN5/CLN3/ESYT1/ABCA9/SLC27A1/SREBF2/FIS1",0.124434168630393
"GO:0009952","anterior/posterior pattern specification",16,0.470555987919287,1.21161705384377,0.224043715846995,0.819186058410593,0.819186058410593,2197,"tags=44%, list=22%, signal=34%","PPP2R3A/TGFBR1/PBX3/TAF10/TDRD1/BMPR2/PLD6",0.103197466945307
"GO:0019217","regulation of fatty acid metabolic process",41,0.389253194211996,1.21146670258755,0.203592814371257,0.80304435483871,0.80304435483871,1363,"tags=22%, list=14%, signal=19%","CAV1/PDK1/IRS1/NR1H2/ABCD2/PIBF1/ACADVL/ACACB/ERLIN2",0.100990587455923
"GO:0003206","cardiac chamber morphogenesis",23,0.443205066075232,1.21081267521458,0.227848101265823,0.824726511546147,0.824726511546147,798,"tags=26%, list=8%, signal=24%","PKP2/SOX4/ENG/BMP7/TGFBR1/FGFR2",0.09754492162472
"GO:0019320","hexose catabolic process",27,0.419180920977904,1.21079443775589,0.202547770700637,0.802633801001702,0.802633801001702,4112,"tags=52%, list=41%, signal=31%","FOXK2/PGM1/FUT4/GLB1/GLB1L3/FUT6/FOXK1/PFKL/ENO2/GALM/GLB1L/HK2/FUT9/FUT2",0.105125131597001
"GO:0009156","ribonucleoside monophosphate biosynthetic process",23,-0.34249158833394,-1.21075961435266,0.193396226415094,0.79140492989438,0.79140492989438,2038,"tags=39%, list=20%, signal=31%","PRPS1/IMPDH1/HPRT1/DCK/PRPS2/GMPS/AMPD2/CAD/NUDT2",0.222056046145248
"GO:0070542","response to fatty acid",23,0.443060548288155,1.21041786030433,0.229113924050633,0.825783226784339,0.825783226784339,1228,"tags=22%, list=12%, signal=19%","KCNK2/SREBF1/ACSL1/IRS1/ALAD",0.0972150808846466
"GO:2000191","regulation of fatty acid transport",11,0.517042241529291,1.21027449734939,0.243478260869565,0.838762496249236,0.838762496249236,3222,"tags=45%, list=32%, signal=31%","ACSL1/SYK/PPARA/FIS1/AKT1",0.101713902282311
"GO:0015936","coenzyme A metabolic process",14,-0.407146728260927,-1.20963026345286,0.226618705035971,0.824726511546147,0.824726511546147,110,"tags=14%, list=1%, signal=14%","NUDT7/CROT",0.176694268938498
"GO:1902099","regulation of metaphase/anaphase transition of cell cycle",55,-0.269805234245619,-1.20961647579432,0.14414789534496,0.717066918881618,0.717066918881618,1073,"tags=25%, list=11%, signal=23%","SMARCB1/ARID1A/DUSP1/ANAPC11/BCL7B/ANAPC15/NSMCE2/IK/SMARCA2/DYNLT1/CHFR/DYNC1LI1/ANAPC7/GEN1",0.249246554383295
"GO:0006906","vesicle fusion",79,-0.255075634674758,-1.20955325769663,0.123786984206801,0.669512705439832,0.669512705439832,1588,"tags=22%, list=16%, signal=18%","STX4/VPS39/CHMP7/VPS16/STX5/PLEKHM1/STX8/VAMP8/YKT6/CHMP4A/TOM1/STX6/RAB14/UVRAG/C2CD5/RAB8A/ANXA1",0.287805130535564
"GO:0009127","purine nucleoside monophosphate biosynthetic process",16,-0.391608015769121,-1.20954292995206,0.185185185185185,0.782627865961199,0.782627865961199,1855,"tags=38%, list=18%, signal=31%","IMPDH1/HPRT1/DCK/GMPS/AMPD2/NUDT2",0.199915231309662
"GO:0043087","regulation of GTPase activity",65,-0.275525808922294,-1.2091276797146,0.0848685845144496,0.571865115007615,0.571865115007615,1421,"tags=29%, list=14%, signal=25%","EZH2/DOCK11/ARHGAP11A/ITGB1BP1/F2RL1/CORO1C/ZC3H15/GPR137B/ALS2/RHOG/RGS1/KLRC4-KLRK1/RGS10/SNX18/RAPGEF1/S100A10/FGD2/SNX13/ITGB1",0.287805130535564
"GO:0099072","regulation of postsynaptic membrane neurotransmitter receptor levels",54,-0.278840632631863,-1.20905664780329,0.0994413474260606,0.622709837603159,0.622709837603159,1209,"tags=17%, list=12%, signal=15%","ZDHHC5/IQSEC1/ALS2/ATG5/DLG3/VPS26B/RAB8A/GPHN/GSG1L",0.287805130535564
"GO:0001936","regulation of endothelial cell proliferation",54,0.373788418944546,1.20900859179552,0.176949941792782,0.771193663728588,0.771193663728588,1917,"tags=24%, list=19%, signal=20%","APOE/CAV1/ENG/FGF2/TGFBR1/FGFR1/STAT5A/FLT1/MMRN2/SEMA5A/ARNT/NF1/HIF1A",0.107972360317345
"GO:0070536","protein K63-linked deubiquitination",19,-0.359068961512616,-1.20897042530273,0.217021276595745,0.809367569765987,0.809367569765987,1591,"tags=26%, list=16%, signal=22%","TNFAIP3/USP25/BRCC3/USP7/PSMD14",0.197822021315103
"GO:0043031","negative regulation of macrophage activation",10,0.522675431750232,1.20831658948755,0.237482117310443,0.834279267015455,0.834279267015454,251,"tags=20%, list=2%, signal=20%","IL31RA/FCGR2B",0.102449405629826
"GO:0014037","Schwann cell differentiation",17,0.453827339782577,1.2081105257747,0.238031914893617,0.834279267015455,0.834279267015454,3408,"tags=65%, list=34%, signal=43%","MAP2K1/SOS1/NDRG1/NF1/DICER1/MAP2K2/ERBB3/MAPK3/DAG1/NCMAP/EGR2",0.0978773277424561
"GO:0034766","negative regulation of monoatomic ion transmembrane transport",33,0.409648198897331,1.20810081482967,0.216149068322981,0.809325474008778,0.809325474008778,962,"tags=15%, list=10%, signal=14%","PLN/CAV1/RGS4/ATP1A2/GOPC",0.0995791200495904
"GO:0001659","temperature homeostasis",89,0.34934443596283,1.20784705119005,0.182713347921225,0.780606717226436,0.780606717226435,1998,"tags=29%, list=20%, signal=24%","CAV1/HADH/THADA/RB1/SLC25A4/KSR2/ACSL1/LAMA4/HDAC3/BSCL2/MFN2/SCD/SYK/NOD2/NR1H2/ALMS1/ACADVL/LEPR/APC/PLAC8/JAK2/STAT6/FTO/IL18/DIO2/ABAT",0.102080107662747
"GO:0006790","sulfur compound metabolic process",144,0.328861642680615,1.20752306124146,0.129668049792531,0.683448641591132,0.683448641591132,1418,"tags=22%, list=14%, signal=19%","SULT1A1/CHST3/AHCYL2/PDK1/CTH/HSD17B12/SLC27A2/GAL3ST4/ACSL1/SULT1C2/PDHX/BCKDHA/HLCS/AASS/BPHL/ACSL3/SULT1E1/STAT5A/SUOX/MTHFD1/CSAD/ACOT2/NOX4/ACACB/ACOT7/PANK4/HSD17B4/HAGH/ETHE1/ACSS1/DIP2A",0.120985142145252
"GO:0019229","regulation of vasoconstriction",21,0.439738174425241,1.20731729014851,0.2202304737516,0.811320754716981,0.811320754716981,2503,"tags=48%, list=25%, signal=36%","CAV1/FGB/MAP2K1/STUB1/HRH1/TBXA2R/ADRA1A/BMPR2/PER2/CD38",0.10027910675413
"GO:0036260","RNA capping",12,-0.419687368924014,-1.20714540069021,0.215753424657534,0.809325474008778,0.809325474008778,1214,"tags=25%, list=12%, signal=22%","LSM10/SNRPD1/SNRPE",0.176694268938498
"GO:0042100","B cell proliferation",36,0.397959252701682,1.20657597088428,0.206896551724138,0.803671401637811,0.803671401637811,251,"tags=8%, list=2%, signal=8%","MS4A1/IL12RB2/FCGR2B",0.101713902282311
"GO:0008053","mitochondrial fusion",21,0.439459247399703,1.20655148576716,0.2202304737516,0.811320754716981,0.811320754716981,2277,"tags=38%, list=23%, signal=30%","VAT1/MFN2/BCL2A1/MTCH2/OPA1/MSTO1/PLD6/BNIP3",0.10027910675413
"GO:0043506","regulation of JUN kinase activity",11,-0.431418009566538,-1.20649787326129,0.240384615384615,0.834279267015455,0.834279267015454,284,"tags=18%, list=3%, signal=18%","DNAJA1/AIDA",0.160801401070022
"GO:0009395","phospholipid catabolic process",23,0.441567580245442,1.20633915099305,0.234177215189873,0.834279267015455,0.834279267015454,3343,"tags=43%, list=33%, signal=29%","PLCG2/PLA2G7/SMPD4/GPCPD1/ENPP6/INPP5F/NAPEPLD/ABHD12/PLA2G4E/PLA2G6",0.0959206777921745
"GO:0007159","leukocyte cell-cell adhesion",245,-0.210635116051434,-1.20630790356345,0.0744928260003073,0.544405431920277,0.544405431920277,1535,"tags=22%, list=15%, signal=19%","RUNX3/SMARCC2/CD3E/SIRPB1/HSPH1/PDPK1/SLC4A2/SKAP1/VAV1/EP300/CD44/CD55/PSMA5/AIF1/ETS1/ICOS/ADAM8/HLA-DRB5/SMARCB1/PYCARD/CSK/TNFRSF14/ARID1A/CD81/HLA-DQA1/WNK1/RASAL3/HLA-DQB1/TNFSF4/FERMT3/NKAP/GPR65/KLRC4-KLRK1/CLECL1/VCAM1/SMARCA2/NCKAP1L/CDKN2A/HLA-DQB2/PSMB8/ZC3H12A/LGALS3/SELL/LGALS9/NFKBIZ/ITGB1/BRD4/HLA-DQA2/ZC3H8/LGALS1/NR4A3/PNP/PPP3CA/ANXA1",0.287805130535564
"GO:0050849","negative regulation of calcium-mediated signaling",11,-0.43125870949427,-1.20605237679582,0.240384615384615,0.834279267015455,0.834279267015454,2465,"tags=55%, list=25%, signal=41%","SLA2/PLEK/ITPR1/DYRK2/ATP2B4/FHL2",0.160801401070022
"GO:0050868","negative regulation of T cell activation",71,-0.265629613791223,-1.20543695966638,0.211806962593851,0.808864411432694,0.808864411432694,1123,"tags=17%, list=11%, signal=15%","PSMA5/CSK/TNFRSF14/TNFSF4/CDKN2A/PSMB8/ZC3H12A/LGALS3/LGALS9/ZC3H8/LGALS1/ANXA1",0.249246554383295
"GO:1902001","fatty acid transmembrane transport",14,0.480945442704498,1.20530703982426,0.225138121546961,0.821648938916714,0.821648938916714,4328,"tags=71%, list=43%, signal=41%","ACSL1/ABCD2/SLC2A1/CPT1B/CPT2/SLC27A1/AKT1/CPT1A/SLC22A9/ABCD3",0.103576326612592
"GO:0033260","nuclear DNA replication",23,0.440628831232721,1.20377453860377,0.236708860759494,0.834279267015455,0.834279267015454,3812,"tags=65%, list=38%, signal=41%","BLM/BCL6/RECQL5/CDT1/WRN/GINS1/LIG1/TERF1/AICDA/NUGGC/PCNA/RAD51/MCM4/DBF4/MCM3",0.0952879846194844
"GO:0044786","cell cycle DNA replication",23,0.440628831232721,1.20377453860377,0.236708860759494,0.834279267015455,0.834279267015454,3812,"tags=65%, list=38%, signal=41%","BLM/BCL6/RECQL5/CDT1/WRN/GINS1/LIG1/TERF1/AICDA/NUGGC/PCNA/RAD51/MCM4/DBF4/MCM3",0.0952879846194844
"GO:0042254","ribosome biogenesis",248,-0.217929602183425,-1.20359620263998,0.0350453481071825,0.422065500186706,0.422065500186706,2213,"tags=36%, list=22%, signal=29%","PWP2/NAT10/WDR74/ISG20L2/EXOSC7/RAN/RPL7A/RPL7/RPS4X/POP5/WDR43/PES1/TRMT112/NSA2/XRN2/RPS9/RPL11/RBM10/RPS27/RPS14/FBL/RNASEL/RPS6/RPS19BP1/RPL35/RPL14/RPS19/EIF2A/UTP18/NOP56/RPSA/RPS13/RPS27A/USP36/BMS1/FAU/RPS8/TSR1/SURF6/RPS15A/RPL37/RPS12/RPS24/RPS15/RPS25/RPS7/RPS11/WBP11/UTP15/RPS16/IMP4/RPUSD4/DNTTIP2/RPS23/PIN4/RRP7A/RPS28/RPS21/NHP2/RPL27/RRP1/SBDS/NSUN4/ISG20/LAS1L/RPL26/NDUFAB1/FRG1/RPS5/NOL7/YTHDF2/WDR3/NIP7/RPL35A/FTSJ3/RPS17/NOC4L/DROSHA/C1D/EXOSC1/CDKN2A/REXO1/LSM6/ERI1/EBNA1BP2/DHX29/METTL5/PELP1/ZNF622",0.321775918075361
"GO:0003018","vascular process in circulatory system",94,0.339507084511781,1.20316048602865,0.166123778501629,0.754042155129503,0.754042155129503,2172,"tags=30%, list=22%, signal=24%","APOE/CAV1/FGB/SLC7A2/ABCC5/MAP2K1/GPR4/STUB1/ATP1A2/SLC16A1/HRH1/SLC28A2/YES1/LEPR/SLC6A17/SLC2A1/NOS3/SLC15A2/SLC6A20/TBXA2R/ADRA1A/SLC2A4/PRKAA1/SLC5A3/BMPR2/SLC2A3/SLC16A12/PER2",0.107554375265169
"GO:0001954","positive regulation of cell-matrix adhesion",30,-0.319709141209124,-1.20248654909546,0.165853658536585,0.754042155129503,0.754042155129503,2084,"tags=33%, list=21%, signal=26%","CSF1/CFL1/CIB1/CD3E/SKAP1/ITGB1BP1/SMAD3/S100A10/CDK6/MAP4K4",0.245041785430996
"GO:0061436","establishment of skin barrier",10,0.52008132956663,1.20231956626269,0.240343347639485,0.834279267015455,0.834279267015454,1973,"tags=50%, list=20%, signal=40%","HRNR/LSR/HDAC3/IL18/FLG2",0.101713902282311
"GO:0042158","lipoprotein biosynthetic process",29,0.406115143374228,1.20208917750008,0.228025477707006,0.824726511546147,0.824726511546147,3047,"tags=45%, list=30%, signal=31%","APOE/ZDHHC18/ATG13/ZDHHC12/ZDHHC15/PPM1A/UGCG/ATG7/ZDHHC3/NMT1/ZDHHC2/ZDHHC21/RABL3",0.0978773277424561
"GO:0006112","energy reserve metabolic process",47,0.365600698761373,1.20206471587175,0.217870257037944,0.809415236051502,0.809415236051502,1240,"tags=21%, list=12%, signal=19%","PHKG1/PGM1/PASK/SORBS1/IRS1/MRAP2/PPP1R3E/GYS1/PPP1R3B/LEPR",0.0982123351217438
"GO:0032365","intracellular lipid transport",32,0.401446916061035,1.20204159697014,0.232077764277035,0.830672474337143,0.830672474337143,2683,"tags=34%, list=27%, signal=25%","TMEM97/LDLRAP1/ABCD2/CPT1B/GRAMD1A/DCTN1/ARV1/VPS52/CPT2/VPS51/VPS54",0.0940503465727813
"GO:0032732","positive regulation of interleukin-1 production",39,-0.309186224649709,-1.20201017738157,0.167567567567568,0.758334886900323,0.758334886900323,1132,"tags=23%, list=11%, signal=21%","F2RL1/PYCARD/CASP1/IFNG/SMAD3/CASP8/EGR1/NOD1/LGALS9",0.257206466468838
"GO:0090075","relaxation of muscle",13,0.488851120422033,1.20193186762819,0.240437158469945,0.834279267015455,0.834279267015454,729,"tags=15%, list=7%, signal=14%","PLN/ATP1A2",0.0988903007520636
"GO:0009310","amine catabolic process",12,0.490344301493851,1.2016559238955,0.245070422535211,0.840997770345596,0.840997770345597,1612,"tags=42%, list=16%, signal=35%","SULT1A1/HNMT/MAOB/SULT1A3/SULT1A4",0.0995791200495904
"GO:0017156","calcium-ion regulated exocytosis",20,-0.356084952070578,-1.20162510849362,0.205645161290323,0.803671401637811,0.803671401637811,2577,"tags=40%, list=26%, signal=30%","ARL8B/VAMP2/MYH9/ORAI1/RAB3GAP1/SCIN/PPP3CB/PPP3CA",0.197822021315103
"GO:0001523","retinoid metabolic process",28,0.412045250387511,1.20132622825245,0.235,0.834279267015455,0.834279267015454,2135,"tags=32%, list=21%, signal=25%","APOE/CYP3A5/RGR/ALDH8A1/RDH13/RDH14/LRAT/CYP3A4/ADH4",0.0949751525905595
"GO:0006760","folic acid-containing compound metabolic process",16,-0.388709980505246,-1.20059189237617,0.192592592592593,0.79140492989438,0.79140492989438,846,"tags=25%, list=8%, signal=23%","GCH1/AASDHPPT/MTHFD2/SLC46A1",0.195789002148949
"GO:0006749","glutathione metabolic process",23,-0.339553489167704,-1.20037298900298,0.193396226415094,0.79140492989438,0.79140492989438,1719,"tags=35%, list=17%, signal=29%","SOD1/GSTM2/MMACHC/GPX1/GSTP1/GSTM4/GSS/GSTM1",0.222056046145248
"GO:1990849","vacuolar localization",38,-0.296089429358992,-1.20000802775162,0.182389937106918,0.780606717226436,0.780606717226435,3105,"tags=55%, list=31%, signal=38%","SNX4/SYTL4/RAC2/TMEM106B/STXBP2/UNC13D/SNAPIN/CBL/CD84/ARL8B/KXD1/MYH9/RNF167/NDEL1/PDPK1/PLEKHM1/VAMP8/SPHK2/BLOC1S1/LGALS9/NR4A3",0.266350657088526
"GO:0071634","regulation of transforming growth factor beta production",15,0.475641811836957,1.19987005793426,0.248303934871099,0.843887611550602,0.843887611550602,2372,"tags=40%, list=24%, signal=31%","MYB/CD24/FBLN1/XCL1/HIF1A/CD200",0.0965629554309422
"GO:0002720","positive regulation of cytokine production involved in immune response",48,-0.283291052251111,-1.19953706894281,0.194444444444444,0.79140492989438,0.79140492989438,1399,"tags=27%, list=14%, signal=23%","HLA-F/CD55/F2RL1/TNFRSF14/CD81/SPHK2/TNFSF4/DENND1B/DHX36/SECTM1/NR4A3/RSAD2/KIR2DL4",0.271288554688953
"GO:0055088","lipid homeostasis",70,0.352350884373106,1.19952472462512,0.196209587513935,0.792841214222526,0.792841214222526,2565,"tags=31%, list=26%, signal=24%","APOE/CAV1/TMEM97/THADA/ABHD5/MAP2K1/CD24/HSDL2/LDLRAP1/NR1H2/ACACB/MTCH2/PNPLA3/IL18/DCTN1/PRKAA1/PNPLA5/MYLIP/SLC25A46/PNPLA1/BLOC1S6/RAB30",0.0988903007520636
"GO:0010883","regulation of lipid storage",25,0.432079254584812,1.19949547500082,0.24740932642487,0.843048359240069,0.843048359240069,1811,"tags=32%, list=18%, signal=26%","MSR1/HILPDA/NR1H2/ACACB/IKBKE/PTPN2/PPARA/FTO",0.0940503465727813
"GO:0002009","morphogenesis of an epithelium",101,0.338546986295154,1.19870327764292,0.156989247311828,0.73665977825606,0.73665977825606,1388,"tags=20%, list=14%, signal=17%","TFAP2A/MAGED1/BBS7/ENG/ARHGAP12/WNT7B/MET/FGF2/BMP7/GDNF/ITGAX/FGFR2/STIL/TIMELESS/RNF207/MTHFD1/KLHL3/BBS5/PDPN/MYO9A",0.110564716336619
"GO:0006882","intracellular zinc ion homeostasis",16,-0.387974621755882,-1.19832062125695,0.192592592592593,0.79140492989438,0.79140492989438,1470,"tags=31%, list=15%, signal=27%","MT1F/MT1X/MT2A/MT1E/SLC39A7",0.195789002148949
"GO:0090130","tissue migration",43,-0.290856307127499,-1.19808642974553,0.174418604651163,0.76511222381057,0.76511222381057,1691,"tags=26%, list=17%, signal=21%","CLASP1/CAPN7/RREB1/IQSEC1/CORO1C/IFNG/NANOS1/PTEN/ITGA2/MAP4K4/PTPN23",0.261663521711573
"GO:0016311","dephosphorylation",87,-0.245923113673111,-1.19742861821587,0.142941541041112,0.715883668903803,0.715883668903803,1276,"tags=18%, list=13%, signal=16%","PPP6C/DUSP2/PPP3CC/PTPRN2/DUSP1/PTPRE/SYNJ1/PTEN/DUSP6/MTMR6/DUSP4/PPP3CB/MTM1/PTPN9/PTPN4/PPP3CA",0.249246554383295
"GO:0000956","nuclear-transcribed mRNA catabolic process",112,-0.235044781296303,-1.1962676523557,0.135570744224098,0.703994356642424,0.703994356642424,1936,"tags=25%, list=19%, signal=20%","XRN2/SYMPK/CNOT2/CASC3/LSM7/DDX6/MAGOH/TNRC6B/N4BP2/AGO2/CNOT6L/LSM10/PAN3/EIF3E/MAGOHB/ZFP36/DCPS/ZFP36L2/SNRPE/CNOT3/SYNCRIP/ZCCHC7/DHX36/TNRC6C/ZC3H12A/PELO/LSM6/TOB1",0.249246554383295
"GO:0032608","interferon-beta production",39,-0.307521232710005,-1.1955372588062,0.172972972972973,0.764817419426705,0.764817419426705,1351,"tags=23%, list=13%, signal=20%","TRADD/ZC3HAV1/IRF7/PYCARD/ISG15/IFIH1/IRF3/TRAF3/OAS3",0.252961123069611
"GO:0032648","regulation of interferon-beta production",39,-0.307521232710005,-1.1955372588062,0.172972972972973,0.764817419426705,0.764817419426705,1351,"tags=23%, list=13%, signal=20%","TRADD/ZC3HAV1/IRF7/PYCARD/ISG15/IFIH1/IRF3/TRAF3/OAS3",0.252961123069611
"GO:0010635","regulation of mitochondrial fusion",10,0.517116925840297,1.19546648310079,0.246065808297568,0.840997770345596,0.840997770345597,2840,"tags=60%, list=28%, signal=43%","VAT1/MTCH2/MSTO1/PLD6/BNIP3/OMA1",0.10027910675413
"GO:0016042","lipid catabolic process",159,0.326205322501106,1.19537218157166,0.158110882956879,0.73665977825606,0.73665977825606,2695,"tags=35%, list=27%, signal=26%","DGKD/PLCG2/PLA2G7/HADH/DAGLB/SLC27A2/ABHD5/SCARF1/FAAH2/YWHAH/IRS1/PLCXD2/BSCL2/SULT1E1/ABCD2/EHHADH/ACADVL/AOAH/ACACB/ACOT7/ACAD10/HSD17B4/ALDH3B1/SMPD4/SLC25A17/AKR1D1/PNPLA3/CPT1B/BDH2/OXCT1/PPARA/HACL1/ABHD15/PRKAA1/SRD5A3/GLB1/GALC/ECHDC1/CYP3A4/PLD6/GPCPD1/PNPLA5/HCAR1/SGPP2/ADIPOQ/ENPP6/HADHA/LYPLA2/CPT2/PNPLA1/INPP5F/FABP2/SCARB2/PLA2G12A/VPS54/NAPEPLD",0.107140237276725
"GO:0007528","neuromuscular junction development",20,0.447848415448145,1.19465886461769,0.229442970822281,0.825783226784339,0.825783226784339,456,"tags=20%, list=5%, signal=19%","MAP2K4/FNTA/AGRN/MAP2K1",0.0999276973731092
"GO:1903169","regulation of calcium ion transmembrane transport",53,0.367453971788224,1.19432309681858,0.215547703180212,0.809325474008778,0.809325474008778,87,"tags=6%, list=1%, signal=6%","MS4A1/PLN/CAV1",0.0965629554309422
"GO:0050680","negative regulation of epithelial cell proliferation",40,0.383404787092452,1.19413898244202,0.228091236494598,0.824726511546147,0.824726511546147,1868,"tags=22%, list=19%, signal=18%","APOE/CAV1/MAGED1/ENG/FGFR2/MCC/FLT1/MMRN2/NF1",0.0943563635421779
"GO:0061157","mRNA destabilization",87,-0.245123781515938,-1.19353657575527,0.144969046875826,0.718406253870685,0.718406253870685,1791,"tags=25%, list=18%, signal=21%","CNOT2/ELAVL1/LSM7/DDX6/ROCK2/METTL14/TNRC6B/AGO2/CNOT6L/PAN3/ZFP36/YTHDF2/DCPS/NANOS1/ZFP36L2/CNOT3/SYNCRIP/DHX36/TNRC6C/ZC3H12A/LSM6/TOB1",0.249246554383295
"GO:0007596","blood coagulation",94,0.3364297271172,1.19225480839347,0.173724212812161,0.764817419426705,0.764817419426705,1923,"tags=22%, list=19%, signal=18%","DGKD/PLCG2/APOE/CAV1/MAPK14/FGB/PIK3CB/TFPI/FBLN1/SYK/PRRG1/PDPN/AXL/GP6/LMAN1/VKORC1/NOS3/JAK2/TBXA2R/SERPINA10/DGKB",0.104732821580651
"GO:0050817","coagulation",94,0.3364297271172,1.19225480839347,0.173724212812161,0.764817419426705,0.764817419426705,1923,"tags=22%, list=19%, signal=18%","DGKD/PLCG2/APOE/CAV1/MAPK14/FGB/PIK3CB/TFPI/FBLN1/SYK/PRRG1/PDPN/AXL/GP6/LMAN1/VKORC1/NOS3/JAK2/TBXA2R/SERPINA10/DGKB",0.104732821580651
"GO:0007162","negative regulation of cell adhesion",135,-0.233719047307792,-1.19201582260631,0.103398630941155,0.624067471136337,0.624067471136337,1256,"tags=20%, list=13%, signal=18%","DUSP22/SERPINE1/ITGB1BP1/PSMA5/CORO1C/CSK/AKNA/TNFRSF14/DUSP1/PLXNC1/WNK1/YTHDF2/RASA1/TNFSF4/CDKN2A/PTEN/PSMB8/ZC3H12A/CASK/LGALS3/MYADM/LGALS9/TBCD/ZC3H8/LGALS1/MAP4K4/ANXA1",0.287805130535564
"GO:0170039","proteinogenic amino acid metabolic process",74,0.349334706316754,1.19171689963677,0.20353982300885,0.80304435483871,0.80304435483871,2380,"tags=31%, list=24%, signal=24%","SDSL/HNMT/CTH/GCAT/TYR/ALDH18A1/SEPSECS/AASS/GOT2/MTHFD1/CSAD/KMO/SEPHS1/NOS3/TAT/AZIN1/QPRT/ASL/IDO1/ACADSB/BCAT1/HIBADH/AFMID",0.096240602328129
"GO:0032613","interleukin-10 production",29,0.402543763885644,1.19151799663669,0.236942675159236,0.834279267015455,0.834279267015454,1477,"tags=24%, list=15%, signal=21%","PLCG2/FCGR2B/SYK/NOD2/PIBF1/IL27RA/XCL1",0.0956031492204301
"GO:0032653","regulation of interleukin-10 production",29,0.402543763885644,1.19151799663669,0.236942675159236,0.834279267015455,0.834279267015454,1477,"tags=24%, list=15%, signal=21%","PLCG2/FCGR2B/SYK/NOD2/PIBF1/IL27RA/XCL1",0.0956031492204301
"GO:0007599","hemostasis",97,0.342176482715539,1.19082048781787,0.184154175588865,0.780606717226436,0.780606717226435,1923,"tags=23%, list=19%, signal=19%","DGKD/PLCG2/APOE/CAV1/MAPK14/FGB/PIK3CB/TFPI/FBLN1/HPS4/SYK/PRRG1/PDPN/AXL/GP6/LMAN1/VKORC1/NOS3/JAK2/TBXA2R/SERPINA10/DGKB",0.10027910675413
"GO:0043921","host-mediated perturbation of viral transcription",24,-0.342235430657636,-1.19081697485156,0.206008583690987,0.803671401637811,0.803671401637811,2404,"tags=46%, list=24%, signal=35%","POU2F3/CCL3/CCL5/NUCKS1/SP1/JUN/EP300/CCL4/SMARCB1/SNW1/BRD4",0.204294756516886
"GO:0007097","nuclear migration",18,-0.365341637290284,-1.18978470666923,0.23828125,0.834279267015455,0.834279267015454,1413,"tags=33%, list=14%, signal=29%","SYNE1/SUN2/CEP120/TACC1/SYNE3/LMNB1",0.179782316298324
"GO:0050671","positive regulation of lymphocyte proliferation",69,-0.260153252163223,-1.18937794923583,0.245839652767762,0.840997770345596,0.840997770345597,1113,"tags=22%, list=11%, signal=19%","AIF1/PRLR/PYCARD/FLT3LG/CD81/RASAL3/TNFSF4/CLECL1/VCAM1/BCL2/NCKAP1L/LGALS9/PNP/PPP3CA/ANXA1",0.249246554383295
"GO:0050729","positive regulation of inflammatory response",84,-0.250649030614153,-1.18878388771473,0.132813522589735,0.694826491747778,0.694826491747778,2496,"tags=42%, list=25%, signal=32%","GSDMD/HLA-E/CASP3/NKG7/C2CD4A/IL15/NLRP6/CCL3/FEM1A/GZMK/CCL5/GPSM3/PARK7/IFI35/GBP1/RPS19/TRADD/VAMP8/ZBP1/SERPINE1/ZDHHC5/DDT/ETS1/ADAM8/PYCARD/CASP1/CD81/IFNG/TNFSF4/GBP3/NFKBIZ/LGALS1/CLOCK/NMI/CCR1",0.249246554383295
"GO:0033628","regulation of cell adhesion mediated by integrin",18,-0.364574882141747,-1.18728766429471,0.2421875,0.838423925088652,0.838423925088652,1993,"tags=56%, list=20%, signal=45%","CCL5/CIB1/CD3E/SKAP1/SERPINE1/ITGB1BP1/WNK1/CXCL13/FERMT3/NCKAP1L",0.178219874951973
"GO:0045055","regulated exocytosis",86,-0.251587848129112,-1.18695511136625,0.105178696303856,0.628062057702776,0.628062057702776,3031,"tags=51%, list=30%, signal=36%","DTNBP1/CALM3/RAC2/STXBP2/UNC13D/ITGB2/SNAPIN/SNAP47/CBL/NAPA/RAB27A/CD84/ARL8B/NKG7/VAMP2/GIT1/RAB10/VPS18/CCL3/PLEK/CORO1A/MYH9/ORAI1/RAP1A/RAB3GAP1/STX4/PDPK1/FMR1/HLA-F/SYNGR2/VAMP8/RAB5A/RAB11B/F2RL1/SCIN/SPHK2/SYNJ1/NCKAP1L/RAB11FIP1/CASK/PPP3CB/LGALS9/NR4A3/PPP3CA",0.287805130535564
"GO:0015980","energy derivation by oxidation of organic compounds",229,-0.225285266265703,-1.1864219676917,0.0281402432353962,0.375043173495639,0.375043173495639,2017,"tags=31%, list=20%, signal=25%","RHOA/WIPI1/PPP1CB/RB1CC1/SLC25A13/MTOR/PARK7/NDUFA5/NDUFB8/NDUFC2/DYRK2/NDUFA8/COX7C/COX6C/NDUFA13/NDUFB5/UQCRH/COX6B1/NDUFA2/PLEC/COX7A2/DLD/WIPI2/COX8A/NDUFA6/COX4I1/NDUFS7/EP300/ATG12/ETFA/NDUFA12/PFKFB3/CHCHD5/CYC1/ACADM/NDUFB7/AGL/NDUFV2/NDUFS4/UQCRB/IL10RB/NDUFAB1/NDUFA3/IFNG/C2orf69/BLOC1S1/COX5A/ZBTB7A/UGP2/GABARAPL1/COX7B/COX7A2L/SUCLA2/NDUFB2/UQCR10/NDUFA1/UQCR11/PGM2/ISCU/COX6A1/PRKAG2/BPGM/NDUFB4/NDUFS8/HIGD2A/NDUFB1/DLST/NDUFB6/NR4A3/NDUFB9/PRKAA2",0.352487857583619
"GO:0031503","protein-containing complex localization",38,-0.292592012949223,-1.18583350022053,0.20125786163522,0.801895433526866,0.801895433526866,531,"tags=13%, list=5%, signal=13%","MIOS/VPS26B/RAB8A/GPHN/LMNB1",0.252961123069611
"GO:0003143","embryonic heart tube morphogenesis",16,0.460489988113386,1.18569848657031,0.243169398907104,0.838762496249236,0.838762496249236,1164,"tags=31%, list=12%, signal=28%","BBS7/ENG/STIL/RNF207/BBS5",0.0982123351217438
"GO:0097529","myeloid leukocyte migration",81,-0.262277906753159,-1.18567059732418,0.0669616235380716,0.526127042084849,0.526127042084849,1258,"tags=22%, list=13%, signal=20%","AKIRIN1/SERPINE1/DDT/CCL4/AIF1/CORO1C/ADAM8/DUSP1/CD81/CCL4L1/CXCL13/CKLF/NCKAP1L/LGALS3/PDE4B/ANXA1/CD200R1/CCR1",0.287805130535564
"GO:0016925","protein sumoylation",49,-0.276106608838803,-1.18425544842498,0.206988189035529,0.803671401637811,0.803671401637811,939,"tags=18%, list=9%, signal=17%","TRIM28/TRIM27/SAE1/IFIH1/NSMCE2/SUMO3/EGR1/CDKN2A/UBA2",0.249246554383295
"GO:0045063","T-helper 1 cell differentiation",28,-0.322384337045975,-1.18285279280494,0.222772277227723,0.815300602225171,0.815300602225171,1123,"tags=18%, list=11%, signal=16%","PSMA5/TNFSF4/PSMB8/NFKBIZ/ANXA1",0.211400189384923
"GO:0071320","cellular response to cAMP",18,-0.363167460662178,-1.1827042049205,0.24609375,0.840997770345596,0.840997770345597,873,"tags=22%, list=9%, signal=20%","PKD2/RAPGEF1/CRTC1/AKAP7",0.176694268938498
"GO:0010631","epithelial cell migration",42,-0.292557757535219,-1.18180034070036,0.167785234899329,0.758334886900323,0.758334886900323,1691,"tags=26%, list=17%, signal=22%","CLASP1/CAPN7/RREB1/IQSEC1/CORO1C/IFNG/NANOS1/PTEN/ITGA2/MAP4K4/PTPN23",0.287857117255149
"GO:0090132","epithelium migration",42,-0.292557757535219,-1.18180034070036,0.167785234899329,0.758334886900323,0.758334886900323,1691,"tags=26%, list=17%, signal=22%","CLASP1/CAPN7/RREB1/IQSEC1/CORO1C/IFNG/NANOS1/PTEN/ITGA2/MAP4K4/PTPN23",0.287857117255149
"GO:0051701","biological process involved in interaction with host",97,-0.253980534037155,-1.18064590625627,0.0809925734919681,0.561559841615777,0.561559841615777,1274,"tags=21%, list=13%, signal=18%","VAMP8/CD55/RNASEK/EXOC2/VPS37B/TNFRSF14/CD81/TRIM11/PLSCR1/CHMP4A/CXCR4/TRIM25/DYNLT1/LGALS9/IFIT1/ITGB1/CCR5/LGALS1/ITGA2/VAPB",0.287805130535564
"GO:0002696","positive regulation of leukocyte activation",198,-0.225123325437363,-1.18044116948306,0.0630991492181243,0.515651701102998,0.515651701102998,1572,"tags=24%, list=16%, signal=21%","AMBRA1/RUNX3/SMARCC2/AKIRIN2/CD3E/SIRPB1/HSPH1/PDPK1/VAV1/EP300/CD55/AIF1/ICOS/ADAM8/HLA-DRB5/SMARCB1/PRLR/PYCARD/CSK/FLT3LG/TNFRSF14/ARID1A/CD81/HLA-DQA1/SPHK2/IL4R/RASAL3/HLA-DQB1/TNFSF4/DDRGK1/NKAP/GPR65/KLRC4-KLRK1/CLECL1/VCAM1/JUND/BCL2/SMARCA2/NCKAP1L/HLA-DQB2/LGALS9/NFKBIZ/BRD4/HLA-DQA2/NR4A3/PNP/PPP3CA/ANXA1",0.287805130535564
"GO:0061900","glial cell activation",19,-0.350420384219659,-1.17985102126378,0.238297872340426,0.834279267015455,0.834279267015454,1125,"tags=26%, list=11%, signal=23%","IFNGR1/AIF1/CST7/IFNG/ADORA2A",0.188204146308491
"GO:0051851","host-mediated perturbation of symbiont process",73,-0.259408127723032,-1.17963422928139,0.216859387354703,0.809367569765987,0.809367569765987,2265,"tags=41%, list=23%, signal=32%","NLRP6/EEA1/SMC6/IFITM2/CCL3/APOBEC3H/CFL1/CCL5/NUCKS1/SNX3/SP1/YTHDC2/ROCK2/FMR1/JUN/EP300/CDC42/RAB5A/CCL4/SMARCB1/LY6E/TRIM11/ZFYVE1/SNW1/TRIM25/ZC3H12A/TRIM26/BRD4/FASN/VAPB",0.249246554383295
"GO:0032509","endosome transport via multivesicular body sorting pathway",33,-0.302204702375933,-1.17909387780559,0.203045685279188,0.802633801001702,0.802633801001702,1896,"tags=27%, list=19%, signal=22%","CHMP2A/VTA1/CHMP7/STAM2/STAM/VPS28/VPS37B/CHMP4A/PTPN23",0.224966093540314
"GO:0050954","sensory perception of mechanical stimulus",41,0.37836881584779,1.17759141996259,0.231137724550898,0.829588983797112,0.829588983797112,991,"tags=22%, list=10%, signal=20%","TFAP2A/KCNK2/CCDC50/SERPINB6/PDZD7/TBL1X/CDH23/SCN9A/TMC7",0.0934449219410994
"GO:0045663","positive regulation of myoblast differentiation",22,0.423734990936404,1.17746652694473,0.243421052631579,0.838762496249236,0.838762496249236,180,"tags=14%, list=2%, signal=13%","MYOG/MAPK14/SOX4",0.0959206777921745
"GO:0045070","positive regulation of viral genome replication",27,0.407569474265082,1.17725504130296,0.240764331210191,0.834279267015455,0.834279267015454,682,"tags=15%, list=7%, signal=14%","TOP2A/TARBP2/ADARB1/GBP7",0.0946646223153342
"GO:0006900","vesicle budding from membrane",74,-0.256836187530815,-1.17713825889354,0.146820368231057,0.722425,0.722425,1422,"tags=22%, list=14%, signal=19%","PDCD6/TMED9/PPP6C/GOLPH3L/ARFGAP3/CHMP4A/INSIG1/TRAPPC5/TRAPPC6B/SEC24D/TRAPPC6A/S100A10/CERS2/MX2/MX1/VAPB",0.249246554383295
"GO:0030335","positive regulation of cell migration",243,-0.223088292124473,-1.17622631843316,0.0411401186882582,0.44584671317892,0.44584671317892,2029,"tags=31%, list=20%, signal=25%","SEMA4A/TGFBR3/RHOA/CCL5/AKT3/MTOR/CIB1/HSPA8/DNM1L/SP1/EGF/HMOX1/CLASP1/CALR/FOXP1/CAPN7/RREB1/ACTN4/STX4/DAPK2/FLNA/NUMB/CASS4/ROCK2/PDPK1/PDCD6/EZH2/F2R/TRADD/AGO2/AKIRIN1/CDC42/SERPINE1/SUN2/SOD2/IQSEC1/ITGB1BP1/CCL4/F2RL1/AIF1/ETS1/ADAM8/PYCARD/ADAM17/TNFRSF14/CD151/IFNG/WNK1/S100A11/SMAD3/CCL4L1/DDRGK1/CXCL13/KIF20B/FERMT3/CXCR4/FLT4/SMURF2/CASP8/NSMF/NEDD9/NCKAP1L/ZC3H12A/LGALS3/MYADM/LGALS9/ITGB1/NR4A3/SRGAP2C/ITGA2/MAP4K4/AKAP12/PPP3CA/ANXA1/CCR1",0.321775918075361
"GO:1903828","negative regulation of protein localization",102,-0.241997374687162,-1.1757952358007,0.100485975143119,0.622709837603159,0.622709837603159,2267,"tags=40%, list=23%, signal=31%","MDFIC/ERP29/DERL2/PICALM/ALDH7A1/BTF3/LATS1/MTOR/PARK7/SP100/UBXN2B/SNX3/GBP1/ABI3/TMEM59/YWHAB/LYPLA1/CTNNA1/RHBDF2/NUMB/ROCK2/NACA/F2R/NSFL1C/UFM1/ANKRD13A/UBE2J1/KLF7/BCL2L1/POLR1A/CSK/WNK1/FOXO1/TMBIM1/ERLEC1/RAB11FIP1/DNAJA1/SVIP/BARD1/RSAD2/MIDN",0.287805130535564
"GO:0050808","synapse organization",184,0.315909360887533,1.17500810726201,0.170124481327801,0.763744048587711,0.763744048587711,1911,"tags=20%, list=19%, signal=17%","SLITRK4/GABRA2/APOE/DBN1/PTK7/MAPK14/MAP2K4/LZTS1/FNTA/POTEE/FCGR2B/SYNGAP1/WNT7B/AGRN/CD2AP/MAP2K1/CNTN4/CAMK1/LGMN/FGFR1/DIXDC1/ZDHHC12/GNA13/UBE3B/ABI2/PCDHB9/PPFIA1/DIP2A/PCDHB16/PSEN1/ZDHHC15/VSIG10/IGSF11/PLXNA3/NF1/DCTN1/CRIPT",0.103197466945307
"GO:0009144","purine nucleoside triphosphate metabolic process",146,-0.23166727952504,-1.17459626861034,0.115723218019766,0.649280411447108,0.649280411447108,2129,"tags=31%, list=21%, signal=25%","RAN/NDUFA11/TMSB4X/SLC25A13/MTOR/NDUFA5/HSPA8/NDUFB8/DNM1L/NDUFC2/IMPDH1/NDUFA8/NDUFA13/NDUFB5/GTPBP1/NDUFA2/NUDT5/ITPA/NDUFA6/NDUFS7/EP300/NDUFA12/PFKFB3/NDUFB7/ATP6V0C/NDUFV2/NDUFS4/NDUFAB1/SPHK2/NDUFA3/IFNG/TSPO/ZBTB7A/NDUFB2/NDUFA1/PRKAG2/BPGM/NDUFB4/NDUFS8/NDUFB1/AMPD2/NDUFB6/NUDT2/NDUFB9/PRKAA2",0.287805130535564
"GO:0009205","purine ribonucleoside triphosphate metabolic process",141,-0.232770956333101,-1.17413512777211,0.0676401788087418,0.53039136194405,0.53039136194405,2129,"tags=31%, list=21%, signal=25%","RAN/NDUFA11/TMSB4X/SLC25A13/MTOR/NDUFA5/HSPA8/NDUFB8/DNM1L/NDUFC2/IMPDH1/NDUFA8/NDUFA13/NDUFB5/GTPBP1/NDUFA2/NUDT5/NDUFA6/NDUFS7/EP300/NDUFA12/PFKFB3/NDUFB7/ATP6V0C/NDUFV2/NDUFS4/NDUFAB1/SPHK2/NDUFA3/IFNG/TSPO/ZBTB7A/NDUFB2/NDUFA1/PRKAG2/BPGM/NDUFB4/NDUFS8/NDUFB1/AMPD2/NDUFB6/NUDT2/NDUFB9/PRKAA2",0.287805130535564
"GO:0030258","lipid modification",96,0.332765146526212,1.17395669675635,0.196332254584682,0.792841214222526,0.792841214222526,2518,"tags=33%, list=25%, signal=25%","DGKD/PLA2G7/HADH/CYP3A5/SLC27A2/IRS1/SACM1L/ABCD2/EHHADH/ACADVL/MBOAT2/MTMR4/ACACB/MTMR8/ACAD10/HSD17B4/SLC25A17/CPT1B/BDH2/ALOX15/PPARA/MTMR1/HACL1/DGKB/ECHDC1/CYP3A4/ADH4/SGPP2/ADIPOQ/HADHA/CPT2/INPP5F",0.096887770327544
"GO:0170033","L-amino acid metabolic process",81,0.337996645729523,1.17379674529304,0.211686879823594,0.808864411432694,0.808864411432694,2820,"tags=37%, list=28%, signal=27%","SDSL/HNMT/CTH/GCAT/TYR/ALDH18A1/SEPSECS/AASS/GOT2/MTHFD1/CSAD/HOGA1/KMO/SEPHS1/RIMKLB/ALDH8A1/NOS3/TAT/AZIN1/QPRT/ASL/IDO1/ACADSB/BCAT1/HIBADH/AFMID/BLOC1S6/GOT1/ICMT/CLN3",0.0937465422491719
"GO:0033273","response to vitamin",34,0.384710485220788,1.17375381294339,0.238566131025958,0.834279267015455,0.834279267015454,740,"tags=21%, list=7%, signal=19%","PHEX/SCAP/KANK2/TYR/BMP7/HLCS/CDON",0.0934449219410994
"GO:0035821","modulation of process of another organism",76,-0.252701966889769,-1.1735127674758,0.180466347119803,0.776124543505322,0.776124543505322,2265,"tags=41%, list=23%, signal=32%","NLRP6/EEA1/SMC6/IFITM2/CCL3/APOBEC3H/CFL1/CCL5/NUCKS1/SNX3/SP1/YTHDC2/ROCK2/FMR1/JUN/EP300/CDC42/RAB5A/CCL4/F2RL1/SMARCB1/LY6E/TRIM11/ZFYVE1/SNW1/TRIM25/ZC3H12A/TRIM26/BRD4/FASN/VAPB",0.249246554383295
"GO:1902018","negative regulation of cilium assembly",15,-0.372373577256742,-1.17328805755287,0.245283018867925,0.840997770345596,0.840997770345597,1114,"tags=27%, list=11%, signal=24%","LUZP1/LIMA1/LIMK2/WDR44",0.173747838999571
"GO:0090087","regulation of peptide transport",65,0.35293992102339,1.17328526500001,0.214446952595937,0.808864411432694,0.808864411432694,797,"tags=17%, list=8%, signal=16%","CHD7/HADH/SOX4/FGB/RFX3/SLC30A8/SLC26A6/PASK/SIRT3/IRS1/SLC16A1",0.0943563635421779
"GO:1902904","negative regulation of supramolecular fiber organization",73,0.342976263187858,1.17318008021836,0.203073545554336,0.802633801001702,0.802633801001702,2272,"tags=26%, list=23%, signal=20%","TUBB4A/APOE/KANK2/CAPG/LMOD3/TRIOBP/VBP1/VILL/SWAP70/SSH2/PPFIA1/APC/IAPP/FKBP4/RDX/SPTAN1/HIP1R/TMOD3/F11R",0.0959206777921745
"GO:0006520","amino acid metabolic process",131,0.322442070056546,1.17237284478596,0.191897654584222,0.79140492989438,0.79140492989438,2820,"tags=34%, list=28%, signal=25%","SDSL/HNMT/CTH/GCAT/TYR/CARS2/ALDH18A1/BCKDHA/ARG2/EARS2/SEPSECS/ENOSF1/AASS/BPHL/GOT2/MTHFD1/CSAD/ALDH5A1/HOGA1/KMO/NOX4/SEPHS1/RIMKLB/ALDH8A1/NOS3/TAT/AZIN1/QPRT/AARS2/ASL/SMS/ABAT/FARS2/AARSD1/IDO1/ACADSB/BCAT1/HIBADH/AFMID/BLOC1S6/RARS2/SCLY/GOT1/ICMT/CLN3",0.09754492162472
"GO:0120161","regulation of cold-induced thermogenesis",72,0.346244024504686,1.1722802690451,0.22508398656215,0.821648938916714,0.821648938916714,1918,"tags=28%, list=19%, signal=23%","CAV1/HADH/RB1/KSR2/ACSL1/LAMA4/HDAC3/BSCL2/MFN2/SCD/SYK/NR1H2/ALMS1/LEPR/APC/PLAC8/JAK2/STAT6/IL18/DIO2",0.0911073131586733
"GO:1901293","nucleoside phosphate biosynthetic process",180,-0.222682427838155,-1.17227956395779,0.0436329051827983,0.446423556197628,0.446423556197628,2117,"tags=31%, list=21%, signal=25%","NDUFA11/NAMPT/TMSB4X/PCCA/PRPS1/CTPS1/FLAD1/SLC25A13/NDUFA5/NDUFB8/NDUFC2/IMPDH1/NDUFA8/ACAT1/PRPSAP1/NDUFA13/NDUFB5/NDUFA2/COASY/DLD/RRM1/HPRT1/NDUFA6/DCK/PRPS2/NDUFS7/ELOVL5/NDUFA12/NDUFB7/ATP6V0C/DTYMK/NDUFV2/ADCY7/NDUFS4/PGM3/NDUFAB1/SPHK2/NDUFA3/ACSF3/NDUFB2/DUT/NDUFA1/NANP/PRKAG2/NDUFB4/NDUFS8/GMPS/NDUFB1/DLST/AMPD2/NDUFB6/CAD/NUDT2/NDUFB9/PNP/FASN",0.321775918075361
"GO:0031146","SCF-dependent proteasomal ubiquitin-dependent protein catabolic process",51,0.362294282157706,1.1716375454268,0.25,0.847439236111111,0.847439236111111,3647,"tags=55%, list=36%, signal=35%","LMO7/FBXO25/FBXO48/FBXL12/SKP2/FBXW8/FBXL15/FBXL13/FBXO28/STYX/FBXO3/CUL7/FBXO17/CUL5/FBXO44/BTRC/NCCRP1/FBXO34/TSPAN17/FBXO21/FBXL22/FBXL18/FBXO42/FBXO38/FBXL20/CUL1/FBXO33/FBXO27",0.0880945010398517
"GO:0071806","protein transmembrane transport",50,-0.273449001596869,-1.17127086336345,0.19047619047619,0.791156660219115,0.791156660219115,2159,"tags=30%, list=21%, signal=24%","HSPA5/PEX16/SSR4/SSR2/SSR3/ROMO1/SEC61B/GRPEL1/TOMM22/SAMM50/TIMM44/DNAJC19/SEC61G/ZFAND2B/C2CD5",0.271288554688953
"GO:0099173","postsynapse organization",86,0.339107000240991,1.17122892817481,0.222595078299776,0.815300602225171,0.815300602225171,3222,"tags=40%, list=32%, signal=27%","APOE/DBN1/LZTS1/FNTA/POTEE/FCGR2B/SYNGAP1/LGMN/FGFR1/ZDHHC12/GNA13/UBE3B/ABI2/DIP2A/PSEN1/ZDHHC15/NF1/CRIPT/HIP1R/SIGMAR1/ENAH/PTPN1/POTEF/NRP1/RAC1/ZNF365/DLG1/NUMBL/ZDHHC2/DAG1/NRXN3/FYN/CYFIP2/AKT1",0.0916795246008379
"GO:0032946","positive regulation of mononuclear cell proliferation",70,-0.256985652716093,-1.17079481178133,0.216372802782373,0.809325474008778,0.809325474008778,1113,"tags=21%, list=11%, signal=19%","AIF1/PRLR/PYCARD/FLT3LG/CD81/RASAL3/TNFSF4/CLECL1/VCAM1/BCL2/NCKAP1L/LGALS9/PNP/PPP3CA/ANXA1",0.249246554383295
"GO:0046329","negative regulation of JNK cascade",24,-0.336403622408946,-1.17052504819956,0.244635193133047,0.84093347639485,0.84093347639485,1202,"tags=29%, list=12%, signal=26%","GSTP1/F2RL1/ZNF675/TRIB1/DNAJA1/AIDA/PER1",0.186432558434075
"GO:0051100","negative regulation of binding",17,-0.368819536888703,-1.17021273130985,0.248,0.843588850174216,0.843588850174216,2130,"tags=47%, list=21%, signal=37%","RSF1/SYMPK/JUN/MITD1/PEX19/ITGB1BP1/DDX11/BAX",0.178219874951973
"GO:0033013","tetrapyrrole metabolic process",34,-0.299777790130594,-1.17014067947822,0.196891191709845,0.794276966556759,0.794276966556759,1798,"tags=35%, list=18%, signal=29%","MTRR/HMOX1/MMADHC/MMACHC/ALAS1/COX10/TSPO/SUCLA2/HMOX2/SLC25A39/SLC46A1/BLVRA",0.231126709673834
"GO:0035710","CD4-positive, alpha-beta T cell activation",84,-0.246574694854194,-1.16946003598185,0.146012219925248,0.721743947858348,0.721743947858348,1357,"tags=20%, list=14%, signal=18%","EP300/CD55/PSMA5/ICOS/CD81/JUNB/TNFSF4/GPR65/NCKAP1L/PSMB8/ZC3H12A/LGALS9/NFKBIZ/BRD4/LGALS1/RSAD2/ANXA1",0.249246554383295
"GO:0046639","negative regulation of alpha-beta T cell differentiation",17,-0.368551504523905,-1.16936230215869,0.248,0.843588850174216,0.843588850174216,1535,"tags=35%, list=15%, signal=30%","RUNX3/SLC4A2/TNFSF4/ZC3H12A/LGALS1/ANXA1",0.178219874951973
"GO:0006066","alcohol metabolic process",148,0.319035740653185,1.16713983811612,0.180310880829016,0.776124543505322,0.776124543505322,2332,"tags=26%, list=23%, signal=20%","SULT1A1/APOE/CUBN/ISYNA1/MOGAT3/CYP3A5/SCAP/SREBF1/LSS/SCARF1/SEC14L2/SQLE/LDLRAP1/APOF/SULT1E1/IDH3A/ACADVL/ERLIN2/ACSS1/ALDH3B1/NOS3/NUDT4/AKR1D1/SULT1A3/SULT1A4/RDH13/CD244/RDH14/PRKAA1/SRD5A3/ARV1/LRAT/MINPP1/CYP3A4/ADH4/AKR1A1/IDH2/SGPP2",0.0995791200495904
"GO:0046883","regulation of hormone secretion",77,0.342694057986938,1.16662144459929,0.219347581552306,0.810361689651613,0.810361689651613,797,"tags=16%, list=8%, signal=14%","MYB/CHD7/HADH/SOX4/FGB/RFX3/NMB/SLC30A8/PASK/SIRT3/IRS1/SLC16A1",0.0928481214159878
"GO:0043242","negative regulation of protein-containing complex disassembly",39,0.378499948724238,1.16650236940699,0.243574051407589,0.838762496249236,0.838762496249236,2186,"tags=33%, list=22%, signal=26%","CLEC16A/CAPG/LMOD3/TRIOBP/VILL/SWAP70/UBQLN4/APC/SCAF4/HDAC6/RDX/SPTAN1/TMOD3",0.0916795246008379
"GO:0106106","cold-induced thermogenesis",73,0.341020400410874,1.16648988181142,0.218441273326015,0.809415236051502,0.809415236051502,1918,"tags=27%, list=19%, signal=22%","CAV1/HADH/RB1/KSR2/ACSL1/LAMA4/HDAC3/BSCL2/MFN2/SCD/SYK/NR1H2/ALMS1/LEPR/APC/PLAC8/JAK2/STAT6/IL18/DIO2",0.0916795246008379
"GO:0002367","cytokine production involved in immune response",55,-0.260059535082217,-1.16592363080876,0.205377499702416,0.803671401637811,0.803671401637811,1399,"tags=24%, list=14%, signal=20%","HLA-F/CD55/F2RL1/TNFRSF14/CD81/SPHK2/TNFSF4/DENND1B/DHX36/SECTM1/NR4A3/RSAD2/KIR2DL4",0.249246554383295
"GO:0002718","regulation of cytokine production involved in immune response",55,-0.260059535082217,-1.16592363080876,0.205377499702416,0.803671401637811,0.803671401637811,1399,"tags=24%, list=14%, signal=20%","HLA-F/CD55/F2RL1/TNFRSF14/CD81/SPHK2/TNFSF4/DENND1B/DHX36/SECTM1/NR4A3/RSAD2/KIR2DL4",0.249246554383295
"GO:1901184","regulation of ERBB signaling pathway",44,0.36743319941342,1.1657066480034,0.235434007134364,0.834279267015455,0.834279267015454,1837,"tags=25%, list=18%, signal=21%","DGKD/SPRY2/RNF126/LGMN/SOS1/SOCS5/ZFYVE28/SH3TC2/PTPN2/PTPN3/PTK6",0.0919686140000427
"GO:0071331","cellular response to hexose stimulus",55,-0.259979959180057,-1.16556686855914,0.210479981461016,0.808864411432694,0.808864411432694,1289,"tags=24%, list=13%, signal=21%","GPX1/RAB11B/KLF7/SMARCB1/ERN1/PTPRN2/SRI/SMAD3/PCK2/PHPT1/ZNF236/PPP3CB/PRKAA2",0.249246554383295
"GO:0060338","regulation of type I interferon-mediated signaling pathway",31,-0.310632258013877,-1.16539116223549,0.238888888888889,0.834279267015455,0.834279267015454,834,"tags=16%, list=8%, signal=15%","YTHDF2/ISG15/OAS3/UBE2K/USP18",0.216542836735348
"GO:0031669","cellular response to nutrient levels",144,-0.228885706708664,-1.16436965356683,0.133699113452394,0.697056125542854,0.697056125542854,891,"tags=15%, list=9%, signal=14%","ATG5/CREBBP/MAP1LC3B2/ZFYVE1/FOXO1/GABARAPL1/SNW1/EIF2AK2/MIOS/FOS/RRAGA/NPRL3/PRKAG2/ZC3H12A/STK24/PRR5/PRKAB1/PRKAA2/PMAIP1/PLIN2/MAP1LC3A/ATF3",0.249246554383295
"GO:0097581","lamellipodium organization",38,-0.287160981008004,-1.16382230602644,0.232704402515723,0.832152648190384,0.832152648190384,2116,"tags=34%, list=21%, signal=27%","ARPC2/CFL1/ABI3/RREB1/CD44/ACTR3/AKIRIN1/CDC42/CORO1C/MYO9B/LIMA1/PHPT1/ITGB1",0.234392647294686
"GO:0007584","response to nutrient",70,0.341613361754622,1.16297047023462,0.231884057971014,0.830672474337143,0.830672474337143,2019,"tags=29%, list=20%, signal=23%","PHEX/SCAP/SREBF1/KANK2/ACSL1/TYR/BMP7/CCL28/HLCS/CDON/SLC16A1/NOD2/ALAD/PRMT1/NNT/OXCT1/PPARA/TBXA2R/PIM1/LRAT",0.0891647117820678
"GO:0034502","protein localization to chromosome",60,0.351330954248302,1.16175249538144,0.240462427745665,0.834279267015455,0.834279267015454,1677,"tags=23%, list=17%, signal=20%","CDK2/RB1/KNTC1/ACD/TNRC18/MMS22L/HLTF/TONSL/LEMD2/TOPBP1/CTCF/JAK2/VCPIP1/INTS8",0.0891647117820678
"GO:0070059","intrinsic apoptotic signaling pathway in response to endoplasmic reticulum stress",41,-0.286442201492368,-1.16142035753815,0.227544910179641,0.824726511546147,0.824726511546147,2009,"tags=34%, list=20%, signal=27%","ITPR1/PARK7/TP53/NCK2/HYOU1/DNAJC10/BCL2L1/ERN1/PPP1R15A/HERPUD1/BCL2/BAX/DDIT3/PMAIP1",0.231126709673834
"GO:0022412","cellular process involved in reproduction in multicellular organism",78,0.336211115817973,1.15973487090479,0.221357063403782,0.813935341423511,0.813935341423511,2466,"tags=29%, list=25%, signal=22%","PLN/IFT81/TUBG1/RNF2/SLC26A6/TTLL5/BBS2/METTL3/DZIP1/PRMT7/TDRD1/DNAH1/CTCFL/CTCF/PAQR5/ZNF830/PIWIL2/BRDT/CCR6/PLD6/RHBDD1/KAT5/CCDC159",0.0916795246008379
"GO:0070979","protein K11-linked ubiquitination",31,-0.309046878070166,-1.15944333251877,0.238888888888889,0.834279267015455,0.834279267015454,1894,"tags=29%, list=19%, signal=24%","UBE2W/CDC16/ANAPC4/CDC27/ANAPC11/ANAPC15/UBE2B/TRIM26/ANAPC7",0.216542836735348
"GO:0042440","pigment metabolic process",34,0.379949198942029,1.1592271022378,0.247218788627936,0.843048359240069,0.843048359240069,519,"tags=9%, list=5%, signal=8%","TYRP1/PMEL/TYR",0.0913924325943768
"GO:1903038","negative regulation of leukocyte cell-cell adhesion",76,-0.249475552819323,-1.15852974953006,0.193472590679196,0.79140492989438,0.79140492989438,1123,"tags=17%, list=11%, signal=15%","PSMA5/CSK/TNFRSF14/WNK1/TNFSF4/CDKN2A/PSMB8/ZC3H12A/LGALS3/LGALS9/ZC3H8/LGALS1/ANXA1",0.249246554383295
"GO:0033119","negative regulation of RNA splicing",31,-0.3084383758,-1.15716042998835,0.238888888888889,0.834279267015455,0.834279267015454,2162,"tags=32%, list=22%, signal=25%","SNRPF/SRSF7/PTBP3/SFSWAP/RPS13/SNRPD1/SRSF6/SNRPE/RPS26/U2AF2",0.216542836735348
"GO:0050863","regulation of T cell activation",222,-0.218543573256844,-1.15689257882775,0.053473697727012,0.490547076188682,0.490547076188682,1572,"tags=23%, list=16%, signal=20%","AMBRA1/RUNX3/SMARCC2/CD3E/SIRPB1/METTL14/HSPH1/PDPK1/SLC4A2/VAV1/TNFSF8/EP300/CD55/PSMA5/AIF1/ICOS/ADAM8/HLA-DRB5/SMARCB1/PYCARD/CSK/TNFRSF14/ARID1A/CD81/HLA-DQA1/RASAL3/HLA-DQB1/JUNB/TNFSF4/NKAP/GPR65/KLRC4-KLRK1/CLECL1/VCAM1/PRDM1/SMARCA2/NCKAP1L/CDKN2A/HLA-DQB2/PSMB8/ZC3H12A/LGALS3/LGALS9/NFKBIZ/BRD4/HLA-DQA2/ZC3H8/LGALS1/PNP/PPP3CA/ANXA1",0.321775918075361
"GO:0051250","negative regulation of lymphocyte activation",79,-0.243661031408692,-1.15542589824347,0.1801848691812,0.776124543505322,0.776124543505322,1123,"tags=18%, list=11%, signal=16%","PSMA5/CSK/TNFRSF14/MICA/TNFSF4/SAMSN1/CDKN2A/PSMB8/ZC3H12A/LGALS3/LGALS9/ZC3H8/LGALS1/ANXA1",0.249246554383295
"GO:0044282","small molecule catabolic process",196,0.309522840866587,1.15422103203746,0.177914110429448,0.772955739199898,0.772955739199898,2406,"tags=32%, list=24%, signal=25%","SULT1A1/SDSL/HADH/FOXK2/PGM1/HNMT/SLC27A2/GCAT/SCARF1/BCKDHA/IRS1/SLC16A1/GNPDA2/FUT4/AASS/SULT1E1/ADA/GOT2/ABCD2/CSAD/ALDH5A1/HOGA1/EHHADH/KMO/ACADVL/ACACB/ACOT7/ACAD10/HSD17B4/HAGH/ALDH8A1/ACSS1/ALDH3B1/NOS3/TAT/SLC25A17/AKR1D1/SULT1A3/SULT1A4/CPT1B/BDH2/OXCT1/PPARA/QPRT/HACL1/SRD5A3/ABAT/GLB1/ECHDC1/CYP3A4/ADH4/IDO1/ACADSB/DCXR/BCAT1/AKR1A1/HIBADH/NAGK/ADIPOQ/ENTPD4/AFMID/HADHA",0.0995791200495904
"GO:0042102","positive regulation of T cell proliferation",54,-0.266190176537737,-1.15420410391834,0.20979020979021,0.807579912781549,0.807579912781549,1269,"tags=24%, list=13%, signal=21%","CD55/AIF1/PYCARD/CD81/RASAL3/TNFSF4/CLECL1/VCAM1/NCKAP1L/LGALS9/PNP/PPP3CA/ANXA1",0.261663521711573
"GO:0090231","regulation of spindle checkpoint",16,-0.373147602481183,-1.15252504094751,0.237037037037037,0.834279267015455,0.834279267015454,960,"tags=31%, list=10%, signal=28%","DUSP1/ANAPC15/DYNLT1/DYNC1LI1/GEN1",0.175204047558551
"GO:0090266","regulation of mitotic cell cycle spindle assembly checkpoint",16,-0.373147602481183,-1.15252504094751,0.237037037037037,0.834279267015455,0.834279267015454,960,"tags=31%, list=10%, signal=28%","DUSP1/ANAPC15/DYNLT1/DYNC1LI1/GEN1",0.175204047558551
"GO:1903504","regulation of mitotic spindle checkpoint",16,-0.373147602481183,-1.15252504094751,0.237037037037037,0.834279267015455,0.834279267015454,960,"tags=31%, list=10%, signal=28%","DUSP1/ANAPC15/DYNLT1/DYNC1LI1/GEN1",0.175204047558551
"GO:1903078","positive regulation of protein localization to plasma membrane",34,-0.295235985353025,-1.15241237970602,0.238341968911917,0.834279267015455,0.834279267015454,1731,"tags=32%, list=17%, signal=27%","RANGRF/STX4/PDPK1/ATP2B4/ZDHHC5/RHOG/IFNG/SPTBN1/LGALS3/PTPN9/ITGB1",0.208955027549354
"GO:0050870","positive regulation of T cell activation",151,-0.23011455248119,-1.15201759689878,0.0708758426594128,0.536376289893425,0.536376289893425,1572,"tags=26%, list=16%, signal=22%","AMBRA1/RUNX3/SMARCC2/CD3E/SIRPB1/HSPH1/PDPK1/VAV1/EP300/CD55/AIF1/ICOS/ADAM8/HLA-DRB5/SMARCB1/PYCARD/CSK/TNFRSF14/ARID1A/CD81/HLA-DQA1/RASAL3/HLA-DQB1/TNFSF4/NKAP/GPR65/KLRC4-KLRK1/CLECL1/VCAM1/SMARCA2/NCKAP1L/HLA-DQB2/LGALS9/NFKBIZ/BRD4/HLA-DQA2/PNP/PPP3CA/ANXA1",0.287805130535564
"GO:0032496","response to lipopolysaccharide",146,-0.227073918187101,-1.151307070848,0.153922064041092,0.73479909545289,0.73479909545289,1269,"tags=23%, list=13%, signal=20%","CD55/TAB2/SERPINE1/GSTP1/SOD2/MAPKAPK2/PYCARD/ADAM17/CASP1/ZFP36/GCH1/VIM/TSPO/SMAD3/PRDX3/HNRNPA0/TNFSF4/CXCL13/CASP8/VCAM1/JUND/FOS/GBP3/CARD16/ZC3H12A/TRIB1/FASLG/PLSCR3/LGALS9/NFKBIZ/PDE4B/CCR5/AKAP12",0.249246554383295
"GO:1905475","regulation of protein localization to membrane",81,0.331340829173751,1.15068238629232,0.249173098125689,0.845370067924254,0.845370067924254,1014,"tags=10%, list=10%, signal=9%","DSG3/MAP2K1/SORBS1/STAC2/LDLRAP1/MRAP2/ACSL3/STX7",0.0845557442441281
"GO:0048638","regulation of developmental growth",93,0.325758603140844,1.15067931021422,0.235359116022099,0.834279267015455,0.834279267015454,3075,"tags=34%, list=31%, signal=24%","KCNK2/APOE/RGS4/AGRN/CPNE8/FGF2/TGFBR1/FGFR2/BBS2/STAT5A/ACACB/P2RX5/SEMA5A/PPARA/DNM2/FTO/PLXNA3/RUFY3/PIM1/BMPR2/CAPN3/NRP1/SLC6A4/CTDP1/SIN3A/ZFYVE27/LIMK1/PLAA/MBD5/ADNP/MAP3K13/SIX4",0.0878312634480124
"GO:0097553","calcium ion transmembrane import into cytosol",67,0.340328036246465,1.15018125097317,0.240761478163494,0.834279267015455,0.834279267015454,1614,"tags=19%, list=16%, signal=16%","MS4A1/PLCG2/SLC24A1/CAV1/TRPM1/FGF2/ATP1A2/GRM6/CCR7/ITPR2/CAMK2D/XCL1/P2RX5",0.0873098257637931
"GO:1901976","regulation of cell cycle checkpoint",34,-0.29429726178733,-1.14874820354899,0.243523316062176,0.838762496249236,0.838762496249236,1482,"tags=32%, list=15%, signal=28%","RPA2/SKP1/RBX1/DUSP1/BRCC3/ANAPC15/DYNLT1/DYNC1LI1/GEN1/BARD1/BRD4",0.206587922696891
"GO:0030177","positive regulation of Wnt signaling pathway",70,0.337429742288242,1.14872797727969,0.246376811594203,0.840997770345596,0.840997770345597,2139,"tags=26%, list=21%, signal=20%","PTK7/CCDC134/SOX4/TMEM9/TBL1X/PPP2R3A/FGFR2/DIXDC1/GSKIP/CSNK1D/AMER1/USP46/SEMA5A/WDR20/PRDM15/MLLT3/PPM1A/PCDH11Y",0.0857844408075645
"GO:0150115","cell-substrate junction organization",51,-0.261393032507593,-1.14824614219493,0.220779220779221,0.812575737175172,0.812575737175172,1691,"tags=29%, list=17%, signal=25%","CLASP1/PLEC/TLN1/ROCK2/PIP5K1A/LAMTOR2/DUSP22/IQSEC1/ITGB1BP1/CORO1C/SMAD3/PTEN/S100A10/ITGA2/MAP4K4",0.245041785430996
"GO:0042180","ketone metabolic process",88,0.330292701530204,1.14512385707538,0.24315443592552,0.838762496249236,0.838762496249236,3108,"tags=36%, list=31%, signal=25%","CAV1/COQ7/PDK1/IRS1/NR1H2/ABCD2/PIBF1/KMO/ACADVL/ACACB/HAGH/ERLIN2/ALDH8A1/VKORC1/PPARA/PPTC7/RTN4IP1/NQO1/ADH4/AKR1A1/ADIPOQ/CYP2B6/CYP4F11/SIRT5/PDSS2/PLIN5/NMT1/PLAA/LPGAT1/AKR1B10/HSD17B1/COQ6",0.0855356947987884
"GO:0097479","synaptic vesicle localization",30,-0.304342925477423,-1.14469130539993,0.239024390243902,0.834279267015455,0.834279267015454,1147,"tags=23%, list=11%, signal=21%","HTT/CTBP1/BLOC1S1/SYNJ1/PTEN/MX2/MX1",0.20207170902116
"GO:0043367","CD4-positive, alpha-beta T cell differentiation",75,-0.253339470858385,-1.1445805867918,0.178232575109466,0.772955739199898,0.772955739199898,764,"tags=15%, list=8%, signal=14%","JUNB/TNFSF4/GPR65/NCKAP1L/PSMB8/ZC3H12A/NFKBIZ/BRD4/LGALS1/RSAD2/ANXA1",0.249246554383295
"GO:0045324","late endosome to vacuole transport",33,-0.292700995590054,-1.14201383768845,0.228426395939086,0.825166582925192,0.825166582925192,1896,"tags=27%, list=19%, signal=22%","CHMP2A/VTA1/CHMP7/STAM2/STAM/VPS28/VPS37B/CHMP4A/PTPN23",0.211400189384923
"GO:0015711","organic anion transport",171,0.310315154125324,1.14167486582648,0.214799588900308,0.808864411432694,0.808864411432694,3071,"tags=35%, list=31%, signal=25%","KCNK2/APOE/RGS4/SLC7A2/ABCC5/SLC25A4/NMB/SLC35B1/SLC38A10/SLC27A2/SLC26A6/ACSL1/SLC35A1/ATP1A2/SLC16A1/SLC7A14/TTYH3/ACSL3/SLC44A4/SYK/GOT2/ABCD2/KMO/SLC6A17/SLC2A1/SLC7A5P1/RTBDN/SLC25A17/SLC25A45/SLC2A11/CPT1B/PPARA/LRRC8B/SLC6A20/SLC26A4/SLC2A4/ABAT/SLC2A3/SLC43A1/SLC16A12/PER2/SLC7A11/SLC47A1/SLC36A2/SLC35B2/SLC37A1/CPT2/FABP2/ATP8B1/ABCB1/PLA2G12A/VPS54/CLN3/SLC27A1/SLC38A9/FIS1/SLC25A24/RBP1/PRAF2/NCOA2",0.088894528862045
"GO:0070588","calcium ion transmembrane transport",120,0.315000260605006,1.1379277302073,0.248688352570829,0.844459145033989,0.844459145033989,2203,"tags=23%, list=22%, signal=18%","MS4A1/PLN/PLCG2/SLC24A1/CAV1/TRPM1/FGF2/ATP1A2/GRM6/ORAI3/MICU1/CCR7/ITPR2/TRPM6/CNGB1/OPRM1/CAMK2D/XCL1/PSEN1/TMEM165/P2RX5/IBTK/AFG3L2/TMEM38A/SCN11A/CACNB1/BIN1/CAPN3",0.0819778796501272
"GO:0051251","positive regulation of lymphocyte activation",185,-0.211249631813162,-1.13484430792081,0.0715525233739081,0.539406570994423,0.539406570994423,1572,"tags=24%, list=16%, signal=20%","AMBRA1/RUNX3/SMARCC2/AKIRIN2/CD3E/SIRPB1/HSPH1/PDPK1/VAV1/EP300/CD55/AIF1/ICOS/ADAM8/HLA-DRB5/SMARCB1/PRLR/PYCARD/CSK/FLT3LG/TNFRSF14/ARID1A/CD81/HLA-DQA1/RASAL3/HLA-DQB1/TNFSF4/DDRGK1/NKAP/GPR65/KLRC4-KLRK1/CLECL1/VCAM1/BCL2/SMARCA2/NCKAP1L/HLA-DQB2/LGALS9/NFKBIZ/BRD4/HLA-DQA2/PNP/PPP3CA/ANXA1",0.287805130535564
"GO:0019221","cytokine-mediated signaling pathway",266,-0.20697061258913,-1.13464175120688,0.0434213541831525,0.446423556197628,0.446423556197628,1351,"tags=19%, list=13%, signal=17%","TRADD/AZI2/CD44/PLP2/ZBP1/PARP14/GSTP1/CCL4/F2RL1/IFNGR1/IRF7/MAPKAPK2/PRLR/PYCARD/ADAM17/USP25/TNFRSF14/CASP1/IL10RB/ZNF675/TRIM27/IFNG/IL4R/WNK1/YTHDF2/CCL4L1/MIB2/ISG15/CXCL13/CXCR4/OASL/CASP8/IRF3/USP7/EGR1/TRAF3/RRAGA/OAS3/CARD16/CXCR6/BBS4/TXNDC17/NFKBIZ/MX1/UBE2K/COMMD7/CCR5/TXK/USP18/CCR1",0.321775918075361
"GO:0008360","regulation of cell shape",57,-0.263436705825314,-1.13452529123449,0.225352112676056,0.821661998132586,0.821661998132586,1007,"tags=14%, list=10%, signal=13%","CDC42SE1/PLXNC1/RHOG/RASA1/FGD2/SYNE3/FMNL1/ANXA1",0.252961123069611
"GO:2001233","regulation of apoptotic signaling pathway",167,-0.224820942718581,-1.1344573022769,0.114631314081609,0.648312119535141,0.648312119535141,1815,"tags=28%, list=18%, signal=23%","SP1/EIF5A/NCK2/HMOX1/TNFSF10/SOD1/PEA15/SGMS1/NR4A2/TNFAIP3/STX4/DEDD2/DAPK2/TAF6/SLC25A5/TRAF7/HYOU1/TPT1/CD44/RPS7/GPX1/SERPINE1/BCAP31/GSTP1/SOD2/HTT/BCL2L1/PYCARD/SFPQ/RPL26/PSMD10/HERPUD1/TMBIM1/BCL2/ITM2C/LGALS3/DNAJA1/FASLG/BAX/IFI6/DDIT3/PDCD5/ACAA2/TAF9B/PMAIP1/ATF3",0.287805130535564
"GO:0018205","peptidyl-lysine modification",74,-0.247326128401244,-1.13355150987121,0.218290849203867,0.809415236051502,0.809415236051502,1054,"tags=19%, list=10%, signal=17%","HINT1/TRIM28/NDUFAB1/TRIM27/SAE1/IFIH1/NSMCE2/SUMO3/SETD2/EGR1/CDKN2A/UBA2/JMJD4/SETD6",0.249246554383295
"GO:0050779","RNA destabilization",88,-0.240149439992878,-1.13352697299159,0.221732632014359,0.814549320805336,0.814549320805336,1791,"tags=25%, list=18%, signal=21%","CNOT2/ELAVL1/LSM7/DDX6/ROCK2/METTL14/TNRC6B/AGO2/CNOT6L/PAN3/ZFP36/YTHDF2/DCPS/NANOS1/ZFP36L2/CNOT3/SYNCRIP/DHX36/TNRC6C/ZC3H12A/LSM6/TOB1",0.249246554383295
"GO:0002698","negative regulation of immune effector process",61,-0.253631719901689,-1.13327939613348,0.218487394957983,0.809415236051502,0.809415236051502,1399,"tags=21%, list=14%, signal=18%","HLA-F/CD59/CD55/TNFRSF14/MICA/TNFSF4/NCKAP1L/ZC3H12A/LGALS3/LGALS9/LGALS1/KIR2DL4/ANXA1",0.282013350011725
"GO:0046928","regulation of neurotransmitter secretion",29,-0.30441751246114,-1.13318062577178,0.230414746543779,0.82775490823685,0.82775490823685,436,"tags=14%, list=4%, signal=13%","ADORA2A/PNKD/CASK/PPP3CA",0.199915231309662
"GO:0097191","extrinsic apoptotic signaling pathway",110,-0.234035385045131,-1.13255917179155,0.152879590230088,0.732548687199939,0.732548687199939,1963,"tags=31%, list=20%, signal=25%","PARK7/BIRC2/SP100/CIB1/CD27/HMOX1/TNFSF10/PEA15/TNFAIP3/STX4/DEDD2/BIRC3/PDPK1/CASP7/TRADD/GPX1/SERPINE1/GSTP1/HTT/BCL2L1/PYCARD/IFNG/SMAD3/TMBIM1/CASP8/BCL2/ITM2C/LGALS3/FASLG/BAX/IFI6/NFKBIZ/PMAIP1/ATF3",0.249246554383295
"GO:0010506","regulation of autophagy",249,-0.208761850973238,-1.13089310766648,0.107167342146331,0.628062057702776,0.628062057702776,2012,"tags=28%, list=20%, signal=23%","WIPI1/ITPR1/RB1CC1/MTOR/PARK7/ATP6V0E1/DNM1L/EXOC1/MUL1/SEC22B/RAB3GAP1/ELAVL1/TMEM59/WAC/HUWE1/LYPLA1/FKBP8/DAPK2/AMBRA1/USP36/SIRT2/SKP1/SLC25A5/EP300/ATG12/ATP6V1E1/TPT1/VPS26A/TAB2/KDM4A/RBX1/HTT/ATP6V0C/BCL2L1/ERN1/GPR137B/TRIM27/ATG5/IFNG/WNK1/TSPO/DDRGK1/DRAM2/CAMKK2/FOXO1/ORMDL3/VDAC1/ATP6V0D1/PIP4K2C/SCOC/SETD2/BCL2/TOM1/SNX18/RRAGA/PSMD14/NPRL3/FBXL4/ZC3H12A/CCNY/MTM1/UVRAG/NOD1/DDIT3/SVIP/VPS26B/CISD1/RAB8A/ATP6V0E2/PRKAA2",0.287805130535564
"GO:0044088","regulation of vacuole organization",39,-0.290219745010408,-1.12827499858644,0.227027027027027,0.824726511546147,0.824726511546147,2012,"tags=28%, list=20%, signal=23%","WIPI1/MTOR/ANXA2/SEC22B/RAB3GAP1/RAB5A/PIP4K2C/SNX18/PPP3CB/MTM1/IFT20",0.219250346703755
"GO:0044784","metaphase/anaphase transition of cell cycle",59,-0.252927245411404,-1.12434992336739,0.222222222222222,0.815300602225171,0.815300602225171,1073,"tags=24%, list=11%, signal=21%","SMARCB1/ARID1A/DUSP1/ANAPC11/BCL7B/ANAPC15/NSMCE2/IK/SMARCA2/DYNLT1/CHFR/DYNC1LI1/ANAPC7/GEN1",0.252961123069611
"GO:0007015","actin filament organization",223,0.299526525680634,1.12275871573618,0.225609756097561,0.821834046232253,0.821834046232253,1746,"tags=17%, list=17%, signal=14%","DSG3/CALD1/DBN1/MSRB2/RGS4/RHOJ/KANK2/FHOD1/NEBL/ARHGAP12/CD2AP/MYO5C/SORBS1/MARCKSL1/CAPG/TGFBR1/LMOD3/TRIOBP/VILL/SWAP70/JMY/SHROOM1/CCR7/POF1B/SSH2/ABI2/ALMS1/MYO5A/WIPF3/PPFIA1/MYO19/MICAL3/JAK2/SEMA5A/ALOX15/MAD2L2/SNX9/DNM2",0.0855356947987884
"GO:0033157","regulation of intracellular protein transport",95,-0.234347153473623,-1.12244031503111,0.20299393582424,0.802633801001702,0.802633801001702,2267,"tags=33%, list=23%, signal=26%","MDFIC/DERL2/TENM1/MLLT6/RAN/ALDH7A1/SEC31A/PARK7/SP100/RBM22/YWHAB/NDEL1/FLNA/EP300/UFM1/BCAP31/UBE2J1/CD81/TRIM28/SMAD3/B3GAT3/KIF20B/PRR5L/ERLEC1/DMAP1/CDKN2A/SEC24D/ZC3H12A/SVIP/BARD1/ASPH",0.249246554383295
"GO:0034976","response to endoplasmic reticulum stress",189,-0.208298931128691,-1.12051443710287,0.211209196038912,0.808864411432694,0.808864411432694,2044,"tags=28%, list=20%, signal=22%","AMFR/CREBRF/ITPR1/AKT3/PARK7/TP53/RNF185/RNF139/NCK2/TMEM33/RNF121/SHISA5/UBXN1/CALR/EDEM3/TMCO1/SEC61B/JUN/HYOU1/DNAJC10/UFM1/BCAP31/TMEM258/UBE2J1/NRBF2/ERP44/ATP2A2/BCL2L1/ERN1/USP25/RNF145/PPP1R15A/DDRGK1/RNF103/HERPUD1/UBE2J2/ERLEC1/BCL2/USP19/TRIM25/UBXN2A/BAX/NOD1/DDIT3/PARP8/SVIP/SIK2/PARP16/FAF1/VAPB/PMAIP1/ATF3",0.249246554383295
"GO:0006890","retrograde vesicle-mediated transport, Golgi to endoplasmic reticulum",45,-0.274893903350214,-1.11944725384603,0.244318181818182,0.840583700440529,0.840583700440529,2323,"tags=31%, list=23%, signal=24%","COPB2/ERGIC1/ARF4/RER1/SEC22B/STX5/HTT/COPZ1/GOLPH3L/COG3/KDELR2/SCYL1/PSMD14/UVRAG",0.216542836735348
"GO:1900180","regulation of protein localization to nucleus",79,-0.235475048190451,-1.11660846010713,0.240776628406253,0.834279267015455,0.834279267015454,2592,"tags=44%, list=26%, signal=33%","TPR/MCRS1/UBR5/CCT6A/NPM1/CCT8/MDFIC/TCP1/RAN/DTX3L/LATS1/MTOR/PARK7/PIN1/RBM22/YWHAB/LARP7/CTNNA1/FLNA/LAMTOR5/EP300/UFM1/CCT5/IPO7/POLR1A/TRIM28/CREBBP/SMAD3/ORMDL3/SUMO3/LIMK2/DMAP1/CDKN2A/ZC3H12A/PPP3CB",0.249246554383295
"GO:0006941","striated muscle contraction",103,-0.227009005580758,-1.11566829123525,0.121206197526558,0.660125803823165,0.660125803823165,2218,"tags=48%, list=22%, signal=37%","RPL13A/RPL13/RPL15/RPLP2/RPL10/EEF2/RPL7A/RPL7/RPLP1/RPL18A/RPL6/RPL9/RPL19/RPL11/RPL29/RPL27A/RPL32/RANGRF/RPL23A/RPL41/RPL36/RPL35/RPL31/RPL14/RPL30/FLNA/UBA52/GSTM2/RPL17/RPL36A/RPL37/RPL34/RPL39/RPL10A/RPL12/TTN/ATP2A2/CALM1/RPL27/RPL24/RPL37A/SRI/RPL38/RPL35A/RPL23/RPL28/ZC3H12A/PDE4B/ASPH",0.287805130535564
"GO:0010810","regulation of cell-substrate adhesion",97,-0.239990783564488,-1.1156135931,0.144775820642296,0.718360329870607,0.718360329870607,1762,"tags=31%, list=18%, signal=26%","ILK/GBP1/CLASP1/CALR/RREB1/ACTN4/FLNA/CASS4/TLN1/CD3E/ROCK2/SKAP1/DUSP22/CDC42/SERPINE1/ITGB1BP1/CORO1C/SMAD3/RASA1/NEDD9/MINK1/CDKN2A/PTEN/S100A10/CASK/MYADM/CDK6/TBCD/SPOCK2/MAP4K4",0.249246554383295
"GO:0009117","nucleotide metabolic process",263,-0.198079741840407,-1.11072294150829,0.120906649277078,0.659414057858924,0.659414057858924,2147,"tags=29%, list=21%, signal=24%","TYMP/PDE7A/RAN/NDUFA11/NAMPT/TMSB4X/PRPS1/CTPS1/FLAD1/SLC25A13/MTOR/TP53/NDUFA5/HSPA8/H6PD/NDUFB8/DNM1L/NEIL2/NDUFC2/IMPDH1/NDUFA8/PRPSAP1/NDUFA13/NDUFB5/GTPBP1/NDUFA2/NUDT5/DNPH1/ITPA/RRM1/REXO2/HPRT1/NDUFA6/DCK/PRPS2/NDUFS7/EP300/NDUFA12/PFKFB3/PARP14/NDUFB7/ATP6V0C/DTYMK/HINT1/NDUFV2/ADCY7/NDUFS4/TALDO1/NDUFAB1/SPHK2/NDUFA3/IFNG/TKT/SARM1/TSPO/ZBTB7A/TDG/CNP/NDUFB2/DUT/NDUFA1/PRKAG2/BPGM/NDUFB4/CASK/NDUFS8/GMPS/NDUFB1/AMPD2/NDUFB6/PGD/CAD/NUDT2/PDE4B/NDUFB9/PRKAA2/PNP",0.287805130535564
"GO:0061025","membrane fusion",100,-0.235311111631952,-1.11053987110752,0.142078384698329,0.714049024770881,0.714049024770881,1962,"tags=25%, list=20%, signal=20%","ANXA2/UBXN2B/CHMP2A/SEC22B/HUWE1/STX4/VPS39/CHMP7/VPS16/STX5/PLEKHM1/STX8/NSFL1C/VAMP8/RAB5A/YKT6/CHMP4A/TOM1/STX6/UBXN2A/RAB14/UVRAG/C2CD5/RAB8A/ANXA1",0.249246554383295
"GO:0002237","response to molecule of bacterial origin",149,-0.21696166387159,-1.10143154716184,0.227365281764642,0.824726511546147,0.824726511546147,1269,"tags=22%, list=13%, signal=20%","CD55/TAB2/SERPINE1/GSTP1/SOD2/MAPKAPK2/PYCARD/ADAM17/CASP1/ZFP36/GCH1/VIM/TSPO/SMAD3/PRDX3/HNRNPA0/TNFSF4/CXCL13/CASP8/VCAM1/JUND/FOS/GBP3/CARD16/ZC3H12A/TRIB1/FASLG/PLSCR3/LGALS9/NFKBIZ/PDE4B/CCR5/AKAP12",0.249246554383295
"GO:0050867","positive regulation of cell activation",207,-0.209502367410662,-1.10132814642312,0.228093375792532,0.824726511546147,0.824726511546147,1572,"tags=24%, list=16%, signal=20%","AMBRA1/FLNA/RUNX3/SMARCC2/AKIRIN2/CD3E/SIRPB1/HSPH1/PDPK1/VAV1/EP300/CD55/AIF1/ICOS/ADAM8/HLA-DRB5/SMARCB1/PRLR/PYCARD/CSK/FLT3LG/TNFRSF14/ARID1A/CD81/HLA-DQA1/SPHK2/IL4R/RASAL3/HLA-DQB1/TNFSF4/DDRGK1/NKAP/GPR65/KLRC4-KLRK1/CLECL1/VCAM1/JUND/BCL2/SMARCA2/NCKAP1L/HLA-DQB2/LGALS9/NFKBIZ/BRD4/HLA-DQA2/NR4A3/PNP/PPP3CA/ANXA1",0.249246554383295
"GO:1902117","positive regulation of organelle assembly",47,-0.2601074527107,-1.09887007335041,0.216216216216216,0.809325474008778,0.809325474008778,1272,"tags=19%, list=13%, signal=17%","CNOT6L/PAN3/HTT/CEP120/ATG5/PIP4K2C/SNX18/BBS4/IFT20",0.224966093540314
"GO:0032609","type II interferon production",67,-0.244906844422139,-1.09743551321289,0.229357798165138,0.825783226784339,0.825783226784339,1132,"tags=19%, list=11%, signal=17%","F2RL1/PSMA5/PYCARD/TNFRSF14/TNFSF4/ISG15/UFSP2/PSMB8/ZC3H12A/LGALS9/DDIT3/PDE4B/TXK",0.287857117255149
"GO:0032649","regulation of type II interferon production",67,-0.244906844422139,-1.09743551321289,0.229357798165138,0.825783226784339,0.825783226784339,1132,"tags=19%, list=11%, signal=17%","F2RL1/PSMA5/PYCARD/TNFRSF14/TNFSF4/ISG15/UFSP2/PSMB8/ZC3H12A/LGALS9/DDIT3/PDE4B/TXK",0.287857117255149
"GO:0070201","regulation of establishment of protein localization",226,-0.206198999135169,-1.09530899643101,0.0678437505959088,0.530921535224497,0.530921535224497,2334,"tags=34%, list=23%, signal=27%","ATP2C1/APBB1/DYNLL1/MDFIC/ERP29/DERL2/TENM1/SLC12A2/TCP1/GDI1/MLLT6/RAN/ALDH7A1/SEC31A/PPIA/GAPVD1/CCL5/PARK7/SP100/CIB1/HSPA8/DNM1L/RBM22/HLA-DRB1/SNX3/YWHAB/CTSD/LYPLA1/STX4/NDEL1/RHBDF2/FLNA/F2R/EP300/UFM1/VPS28/BCAP31/UBE2J1/CEP120/KLF7/ITGB1BP1/F2RL1/ADAM8/GOLPH3L/CSK/CD81/TRIM28/SRI/IFNG/SMAD3/FOXO1/B3GAT3/KIF20B/PRR5L/APBB3/PHPT1/ERLEC1/USP7/DMAP1/ADORA2A/CDKN2A/RAB11FIP1/ENSA/SEC24D/ZC3H12A/PPP3CB/DNAJA1/SVIP/C2CD5/BARD1/RAB8A/CLOCK/G6PC2/ASPH/RSAD2/PTPN23/MIDN",0.287805130535564
"GO:0090174","organelle membrane fusion",81,-0.241689561331274,-1.09259758131427,0.18329043628793,0.780606717226436,0.780606717226435,1588,"tags=21%, list=16%, signal=18%","STX4/VPS39/CHMP7/VPS16/STX5/PLEKHM1/STX8/VAMP8/YKT6/CHMP4A/TOM1/STX6/RAB14/UVRAG/C2CD5/RAB8A/ANXA1",0.249246554383295
"GO:0031667","response to nutrient levels",243,-0.20675541599541,-1.09011171969844,0.141197910858474,0.713296043858137,0.713296043858137,1616,"tags=24%, list=16%, signal=21%","PLEC/EIF2A/STX4/AMBRA1/WIPI2/METTL14/SIRT2/COX4I1/LIPG/EP300/GPX1/VAMP8/MGRN1/GSTP1/SOD2/AGL/ITFG2/MBD2/FADS1/ALAS1/BRCC3/ATG5/ZFP36/CREBBP/MAP1LC3B2/TSPO/FOXO3B/ZFYVE1/FOXO1/POR/PCK2/GABARAPL1/SNW1/EIF2AK2/MIOS/VCAM1/FOS/TRIM25/ENSA/RRAGA/NPRL3/PRKAG2/ZC3H12A/STK24/CHSY1/BBS4/PRR5/DDIT3/CAD/PRKAB1/NFKBIZ/PRKAA2/FASN/ITGA2/PMAIP1/PLIN2/MAP1LC3A/ATF3",0.249246554383295
"GO:0061061","muscle structure development",235,-0.19808835535914,-1.08895155552738,0.170346080353239,0.763744048587711,0.763744048587711,2345,"tags=39%, list=23%, signal=31%","KDM1A/SRA1/CD53/RGS2/POU6F1/ARID2/RPL13A/RPL13/RBM4/RPL15/CACYBP/RPLP2/RPL10/EEF2/RPL7A/RPL7/RPLP1/RPL18A/RPL6/RPL9/TGFBR3/VAMP5/RPL19/RPL11/RPL29/ZNHIT1/RPL27A/RPL32/RPL23A/CCNT2/CALR/FOXP1/ID2/RPL41/RPL36/MYL6/RPL35/RPL31/RPL14/PLEC/RPL30/ACTN4/BTG1/SMARCC2/AKIRIN2/UBA52/NACA/RPL17/SIRT2/RPL36A/SYNE1/CASP7/EVC/RPL37/RPL34/TMEM119/RPL39/CSRP1/AKIRIN1/RPL10A/RPL12/TTN/SMARCB1/RPL27/RPL24/MEF2D/RPL37A/ARID1A/CD81/TRIP4/RPL38/NFATC3/FRG1/FBXO40/NKD1/RPL35A/RPL23/FBXO22/RPL28/MECP2/SMARCA2/RBPJ/USP19/KDM6B/RBM38/PPP3CB/UNC45B/DDIT3/ITGB1/FHL2/PPP3CA/SIK1",0.249246554383295
"GO:0002274","myeloid leukocyte activation",96,-0.231480550461786,-1.08459309820379,0.236589998974198,0.834279267015455,0.834279267015454,1132,"tags=19%, list=11%, signal=17%","F2RL1/IFNGR1/AIF1/CST7/PYCARD/GPR137B/SPHK2/IFNG/IL4R/PTPRE/PLSCR1/JUND/ZC3H12A/LGALS9/NFKBIZ/NMI/NR4A3/ANXA1",0.249246554383295
"GO:0032388","positive regulation of intracellular transport",98,-0.217694108597656,-1.06713896231993,0.246312868827893,0.840997770345596,0.840997770345597,959,"tags=14%, list=10%, signal=13%","CD81/TRIM28/SMAD3/B3GAT3/NRDE2/KIF20B/PRR5L/DMAP1/DYNLT1/DYNC1LI1/SEC24D/ZC3H12A/ASPH/PTPN23",0.249246554383295
"GO:0051249","regulation of lymphocyte activation",280,-0.194135889080715,-1.06575762223279,0.129149896992507,0.683448641591132,0.683448641591132,1591,"tags=22%, list=16%, signal=19%","TNFAIP3/AMBRA1/RUNX3/SMARCC2/AKIRIN2/CD3E/SIRPB1/METTL14/HSPH1/PDPK1/SLC4A2/VAV1/TNFSF8/EP300/CD55/RBX1/PSMA5/AIF1/ICOS/ADAM8/HLA-DRB5/SMARCB1/PRLR/PYCARD/CSK/FLT3LG/TNFRSF14/ARID1A/CD81/HLA-DQA1/RASAL3/MICA/HLA-DQB1/JUNB/TNFSF4/DDRGK1/NKAP/SAMSN1/GPR65/ZFP36L2/NEDD9/KLRC4-KLRK1/CLECL1/VCAM1/PRDM1/BCL2/SMARCA2/NCKAP1L/CDKN2A/HLA-DQB2/PSMB8/ZC3H12A/LGALS3/LGALS9/NFKBIZ/BRD4/HLA-DQA2/ZC3H8/LGALS1/PNP/PPP3CA/ANXA1",0.249246554383295
"GO:0061013","regulation of mRNA catabolic process",151,-0.212838650605126,-1.06552961624336,0.201690980467638,0.802039998702775,0.802039998702775,1791,"tags=25%, list=18%, signal=20%","CNOT2/CASC3/GTPBP1/ELAVL1/LSM7/DDX6/ROCK2/METTL14/MAGOH/FMR1/TNRC6B/ADARB2/AGO2/CNOT6L/ZC3HAV1/PAN3/MAPKAPK2/ZFP36/VIM/YTHDF2/HNRNPA0/DCPS/CARHSP1/NRDE2/PRR5L/SNW1/NANOS1/ZFP36L2/CNOT3/SYNCRIP/SLIRP/DHX36/TNRC6C/RBM38/ZC3H12A/LSM6/TOB1",0.249246554383295
"GO:0010720","positive regulation of cell development",185,-0.196501790319134,-1.05561811552479,0.16948123695779,0.763349746620725,0.763349746620725,1093,"tags=15%, list=11%, signal=14%","CORO1C/ADAM8/SMARCB1/ARID1A/PLXNC1/IFNG/IL4R/VIM/TSPO/TNFSF4/DDRGK1/CXCR4/NKAP/SNW1/GPR65/CASP8/NEDD9/DHX36/SMARCA2/NCKAP1L/TRIB1/LGALS9/NFKBIZ/BRD4/PNP/PPP3CA/ANXA1/CCR1",0.249246554383295
"GO:0006401","RNA catabolic process",260,-0.192608076980307,-1.05110546129192,0.194963263139153,0.79140492989438,0.79140492989438,1695,"tags=22%, list=17%, signal=18%","GTPBP1/ELAVL1/GRSF1/LSM7/DEDD2/RNASEH1/DDX6/ROCK2/REXO2/METTL14/MAGOH/FMR1/INTS6/TNRC6B/N4BP2/ADARB2/AGO2/CNOT6L/ZC3HAV1/LSM10/PAN3/EIF3E/RBX1/MAPKAPK2/MAGOHB/ERN1/NSUN4/ISG20/ZFP36/VIM/YTHDF2/HNRNPA0/DCPS/CARHSP1/SLFN12/NRDE2/PRR5L/SNW1/NANOS1/ZFP36L2/SNRPE/CNOT3/SYNCRIP/SLIRP/ZCCHC7/DHX36/EXOSC1/TNRC6C/INTS2/RBM38/ZC3H12A/PELO/GIGYF1/ZC3H4/LSM6/TOB1",0.249246554383295
"GO:0007249","canonical NF-kappaB signal transduction",226,-0.197736911924217,-1.05035921350474,0.136915737608831,0.704117933723197,0.704117933723197,2188,"tags=30%, list=22%, signal=24%","BST2/TNIP3/TANK/BCL10/NAMPT/TMSB4X/TGFBR3/RHOA/APOL3/SLC20A1/TERF2IP/BIRC2/NR2C2/PELI1/MUL1/ANKRD17/HMOX1/ILK/TNFSF10/SHISA5/HUWE1/TNFAIP3/FLNA/BIRC3/TRIM38/PDPK1/F2R/LAMTOR5/EP300/TRADD/AZI2/NKIRAS1/TAB2/ZC3HAV1/GSTP1/S100A4/TMEM9B/RBX1/F2RL1/ADAM8/PYCARD/CASP1/ZNF675/TRIM28/SPHK2/TAB1/CREBBP/PRDX3/MIB2/DDRGK1/EIF2AK2/CASP8/IRF3/DHX36/TRAF3/MAP3K3/TRIM25/CARD16/ZC3H12A/TMEM101/FASLG/SECTM1/NOD1/LGALS9/BRD4/LGALS1/PER1/FAF1",0.249246554383295
"GO:1901990","regulation of mitotic cell cycle phase transition",187,-0.193784765837216,-1.04456508368125,0.24578708305653,0.840997770345596,0.840997770345597,1687,"tags=24%, list=17%, signal=20%","CDC16/ID2/WAC/ANAPC4/AMBRA1/CCNH/SMARCC2/RRM1/RPA2/SIRT2/PSME2/TAOK1/CDKN1B/LSM10/ERCC3/PSMA5/AIF1/SMARCB1/ADAM17/PSMB6/ARID1A/DUSP1/BRCC3/PKD2/FOXN3/ANAPC11/BCL7B/ANAPC15/CCND2/NSMCE2/INO80/ZFP36L2/IK/SMARCA2/DYNLT1/CDKN2A/PTEN/CHFR/DYNC1LI1/ORC1/ANAPC7/GEN1/BARD1/BRD4/CDKN2C",0.249246554383295
"GO:0141188","nucleic acid catabolic process",274,-0.190971482042354,-1.04402769277267,0.146997481282407,0.722425,0.722425,1695,"tags=21%, list=17%, signal=18%","GTPBP1/ELAVL1/GRSF1/LSM7/DEDD2/RNASEH1/DDX6/ROCK2/REXO2/METTL14/MAGOH/FMR1/INTS6/TNRC6B/N4BP2/ADARB2/AGO2/CNOT6L/ZC3HAV1/LSM10/PAN3/EIF3E/RBX1/MAPKAPK2/MAGOHB/ERN1/NSUN4/ISG20/ZFP36/VIM/YTHDF2/HNRNPA0/DCPS/CARHSP1/SLFN12/NRDE2/PRR5L/SNW1/NANOS1/ZFP36L2/SNRPE/CNOT3/SYNCRIP/SLIRP/ZCCHC7/DHX36/EXOSC1/TNRC6C/INTS2/RBM38/ZC3H12A/PELO/GIGYF1/ZC3H4/BAX/LSM6/TREX1/TOB1",0.249246554383295
"GO:0034504","protein localization to nucleus",196,-0.197695600891098,-1.04009104097678,0.218805737303098,0.809415236051502,0.809415236051502,2129,"tags=29%, list=21%, signal=23%","RAN/GPN1/DTX3L/LATS1/CFL1/MTOR/PARK7/SP100/RPL11/PIN1/RBM22/ASF1A/NUP50/ELAVL1/CALR/YWHAB/LARP7/CTNNA1/RGPD5/FLNA/AKIRIN2/KPNB1/SKP1/SYNE1/LAMTOR5/EP300/FAM53B/UFM1/SUN2/RRP7A/CCT5/IPO7/POLR1A/TRIM28/RAP1GDS1/CREBBP/SMAD3/ZBTB7A/TOR1B/ORMDL3/NUP133/RPL23/SUMO3/LIMK2/RGPD1/DMAP1/FAM53C/CDKN2A/RGPD2/ZC3H12A/RGPD6/PPP3CB/BBS4/BARD1/SNUPN/LMNB1",0.249246554383295
"GO:0016236","macroautophagy",270,-0.186753585260234,-1.0221417967657,0.174574901770862,0.76511222381057,0.76511222381057,2012,"tags=28%, list=20%, signal=23%","WIPI1/RB1CC1/MTOR/UBXN2B/ATP6V0E1/CHMP2A/DNM1L/MTMR14/EXOC1/MUL1/SEC22B/MAP1LC3B/RAB3GAP1/HDAC10/ELAVL1/RNF213/WAC/VTA1/HUWE1/LYPLA1/FKBP8/STX4/VPS39/AMBRA1/CHMP7/STAM2/WIPI2/USP36/VPS16/SKP1/LGALS8/SLC25A5/ATG12/ATP6V1E1/VPS26A/PLEKHM1/NIPSNAP1/NSFL1C/UFM1/VAMP8/STAM/VPS28/RAB5A/RBX1/HTT/ATP6V0C/ATP2A2/VPS37B/CALM1/EI24/ERN1/ATG5/MAP1LC3B2/TSPO/CHMP4A/DDRGK1/ZFYVE1/ATG9A/GABARAPL1/VDAC1/ATP6V0D1/PIP4K2C/SCOC/TOM1/SNX18/UBXN2A/PSMD14/FBXL4/MTM1/UVRAG/EMC6/VPS26B/ATP6V0E2/IFT20/PRKAA2/MAP1LC3A",0.249246554383295
"GO:0000375","RNA splicing, via transesterification reactions",266,-0.185434173006671,-1.01657598710194,0.239835230754786,0.834279267015455,0.834279267015454,2557,"tags=33%, list=25%, signal=25%","CCNL2/PABPC1/HNRNPM/ZCRB1/HNRNPUL1/KHDRBS1/SAP18/EIF4A3/TRA2B/ARGLU1/HNRNPK/CDK11A/SRRM1/SON/CDK11B/SNRNP35/RBM4/SNRPF/PHF5A/SAP30BP/SRSF7/HNRNPA3/HNRNPL/PRPF3/SNRPN/CTNNBL1/SNRNP40/HSPA8/WBP4/CD2BP2/RBM22/NSRP1/RBM10/HNRNPH1/SFSWAP/SYF2/CASC3/HNRNPH3/RBM6/ZMAT5/CRNKL1/PQBP1/LARP7/PRPF18/LSM7/HTATSF1/SNRPC/METTL14/SF3B2/MAGOH/DDX23/FMR1/DHX38/BUD31/PPWD1/SNRNP48/CWC15/SNRPD1/MAGOHB/TRA2A/SFPQ/WDR70/THUMPD2/UBL5/MFAP1/SRPK1/FRG1/ZMAT2/ZBTB7A/DCPS/PRPF39/PDCD7/SRSF3/SMN2/NKAP/SNW1/SF3A1/SRSF6/SNRPE/IK/SYNCRIP/PPIL3/PLRG1/LSM6/U2AF2/PRKRIP1/SF3A2",0.249246554383295
