"Cell","Cell_Type","Pseudotime"
"Cy72_CD45_H02_S758_comb","B cells",32.0285120468619
"CY58_1_CD45_B02_S974_comb","Melanoma cells",NA
"Cy71_CD45_D08_S524_comb","Fibroblasts",11.979601600191
"Cy81_FNA_CD45_B01_S301_comb","NK cells",NA
"Cy80_II_CD45_B07_S883_comb","Other",NA
"Cy81_Bulk_CD45_B10_S118_comb","NK cells",NA
"Cy72_CD45_D09_S717_comb","Keratinocytes",0.676814956592048
"Cy74_CD45_A03_S387_comb","Melanoma cells",NA
"Cy71_CD45_B05_S497_comb","Fibroblasts",NA
"Cy80_II_CD45_C09_S897_comb","Other",NA
"Cy74_CD45_F09_S453_comb","Endothelial",NA
"CY58_1_CD45_D03_S999_comb","Keratinocytes",1.58463018472227
"Cy72_CD45_C01_S697_comb","Keratinocytes",0.0981030446417569
"Cy71_CD45_D07_S523_comb","Endothelial",NA
"Cy81_FNA_CD45_C12_S228_comb","Endothelial",1.32532698362069
"Cy81_FNA_CD45_E05_S341_comb","NK cells",NA
"Cy74_CD45_D04_S424_comb","Endothelial",NA
"Cy74_CD45_C11_S419_comb","Endothelial",NA
"Cy81_Bulk_CD45_E10_S154_comb","NK cells",NA
"Cy80_II_CD45_H07_S955_comb","Other",NA
"CY58_1_CD45_F01_S1021_comb","Pericytes",25.0859944685023
"Cy81_FNA_CD45_D09_S333_comb","NK cells",NA
"Cy71_CD45_E12_S540_comb","Fibroblasts",11.8509743299316
"Cy81_FNA_CD45_D07_S235_comb","Keratinocytes",0.668454061897354
"Cy72_CD45_D07_S715_comb","Keratinocytes",2.7656241597118
"Cy72_CD45_E08_S728_comb","Keratinocytes",0.941804218518141
"Cy71_CD45_B07_S499_comb","Melanoma cells",NA
"Cy71_CD45_G02_S554_comb","Fibroblasts",11.8770635068371
"Cy71_CD45_E03_S531_comb","Fibroblasts",NA
"Cy74_CD45_H03_S471_comb","Fibroblasts",NA
"Cy81_Bulk_CD45_B11_S119_comb","NK cells",NA
"Cy80_II_CD45_H09_S957_comb","Other",NA
"Cy72_CD45_E02_S722_comb","Keratinocytes",1.81907727201121
"Cy72_CD45_D03_S711_comb","Pericytes",27.4302866769818
"Cy80_II_CD45_B11_S887_comb","Other",NA
"Cy81_Bulk_CD45_B07_S115_comb","NK cells",NA
"Cy81_Bulk_CD45_E04_S148_comb","NK cells",NA
"CY58_1_CD45_A06_S966_comb","Melanoma cells",NA
"Cy80_II_CD45_D11_S911_comb","Other",NA
"Cy81_FNA_CD45_A09_S201_comb","Endothelial",NA
"Cy81_FNA_CD45_B12_S216_comb","Keratinocytes",2.97778416779978
"Cy71_CD45_B08_S500_comb","Keratinocytes",1.32358014186075
"Cy81_FNA_CD45_G10_S370_comb","NK cells",NA
"Cy71_CD45_E11_S539_comb","Fibroblasts",NA
"Cy81_FNA_CD45_C09_S321_comb","NK cells",NA
"CY58_1_CD45_D11_S1007_comb","Endothelial",2.7656241597118
"Cy80_II_CD45_G07_S943_comb","Other",NA
"Cy72_CD45_F12_S744_comb","Keratinocytes",0.836440802485056
"Cy80_II_CD45_G05_S941_comb","Other",16.4849735956718
"Cy72_CD45_C07_S703_comb","Keratinocytes",0.690131272876178
"Cy71_CD45_G08_S560_comb","Other",NA
"Cy72_CD45_H07_S763_comb","Pericytes",26.1474864154212
"Cy74_CD45_F07_S451_comb","Melanoma cells",NA
"Cy71_CD45_F06_S546_comb","Fibroblasts",11.9642898822171
"Cy81_FNA_CD45_B04_S208_comb","Endothelial",NA
"Cy81_Bulk_CD45_D09_S141_comb","NK cells",NA
"Cy74_CD45_C02_S410_comb","Melanoma cells",NA
"Cy81_Bulk_CD45_D01_S133_comb","NK cells",NA
"Cy81_FNA_CD45_G01_S265_comb","Keratinocytes",NA
"Cy81_FNA_CD45_D02_S230_comb","Keratinocytes",0.427095731365921
"Cy81_Bulk_CD45_D10_S142_comb","NK cells",NA
"CY58_1_CD45_A10_S970_comb","Keratinocytes",3.30956593252956
"Cy81_FNA_CD45_C05_S317_comb","NK cells",NA
"Cy72_CD45_D12_S720_comb","Keratinocytes",0.287318710863211
"Cy80_II_CD45_B01_S877_comb","Other",NA
"CY58_1_CD45_F11_S1031_comb","Keratinocytes",1.82094251095528
"Cy81_Bulk_CD45_G12_S180_comb","NK cells",NA
"Cy81_FNA_CD45_F01_S253_comb","NK cells",NA
"Cy74_CD45_A08_S392_comb","Melanoma cells",NA
"Cy71_CD45_G06_S558_comb","Fibroblasts",3.78605352258321
"Cy74_CD45_A04_S388_comb","Endothelial",NA
"CY58_1_CD45_B01_S973_comb","Endothelial",1.43738946882338
"CY58_1_CD45_H12_S1056_comb","Pericytes",24.0548851810157
"Cy81_FNA_CD45_F02_S350_comb","NK cells",NA
"CY58_1_CD45_F05_S1025_comb","Endothelial",1.78462817762965
"Cy71_CD45_H06_S570_comb","Fibroblasts",12.358404431906
"Cy74_CD45_E06_S438_comb","Melanoma cells",NA
"CY58_1_CD45_H02_S1046_comb","Endothelial",NA
"Cy80_II_CD45_B09_S885_comb","Other",NA
"Cy72_CD45_A07_S679_comb","B cells",29.1216256217563
"Cy74_CD45_G02_S458_comb","Fibroblasts",NA
"Cy81_FNA_CD45_H12_S384_comb","NK cells",NA
"Cy71_CD45_H05_S569_comb","B cells",30.3738510864832
"Cy72_CD45_G12_S756_comb","Keratinocytes",0.144312636382137
"Cy72_CD45_B02_S686_comb","Keratinocytes",1.64560978993128
"CY58_1_CD45_B09_S981_comb","Endothelial",2.12581631911266
"Cy81_Bulk_CD45_E08_S152_comb","NK cells",NA
"Cy71_CD45_H07_S571_comb","Fibroblasts",13.1045695572277
"Cy74_CD45_E04_S436_comb","Endothelial",NA
"Cy80_II_CD45_G09_S945_comb","Fibroblasts",NA
"Cy81_FNA_CD45_A02_S194_comb","Fibroblasts",3.59169822338981
"Cy81_FNA_CD45_H12_S288_comb","Endothelial",24.1790332889205
"Cy81_FNA_CD45_A06_S198_comb","Endothelial",1.97084906589012
"Cy80_II_CD45_D09_S909_comb","Other",NA
"Cy74_CD45_F01_S445_comb","Melanoma cells",NA
"Cy72_CD45_E06_S726_comb","Keratinocytes",0.359816353866965
"Cy72_CD45_E11_S731_comb","Keratinocytes",0.0895068173874857
"Cy71_CD45_D11_S527_comb","Fibroblasts",11.4027901076349
"Cy74_CD45_D01_S421_comb","Melanoma cells",NA
"Cy74_CD45_B08_S404_comb","B cells",31.9716340910382
"Cy72_CD45_B07_S691_comb","Keratinocytes",1.81958064915384
"Cy81_FNA_CD45_A03_S195_comb","Melanoma cells",NA
"Cy81_FNA_CD45_G02_S266_comb","Endothelial",NA
"Cy81_FNA_CD45_D11_S239_comb","Endothelial",NA
"Cy81_Bulk_CD45_B09_S117_comb","NK cells",NA
"CY58_1_CD45_F10_S1030_comb","Endothelial",NA
"Cy81_FNA_CD45_C06_S222_comb","Keratinocytes",0.26947551204945
"Cy72_CD45_B06_S690_comb","Keratinocytes",0
"Cy71_CD45_G09_S561_comb","Fibroblasts",12.3736038224869
"Cy71_CD45_F11_S551_comb","Fibroblasts",12.2467127558581
"Cy72_CD45_G09_S753_comb","B cells",31.7117333851982
"Cy81_FNA_CD45_B10_S310_comb","NK cells",NA
"Cy74_CD45_B03_S399_comb","Keratinocytes",3.16097102678185
"Cy74_CD45_F08_S452_comb","Melanoma cells",NA
"Cy71_CD45_H10_S574_comb","Fibroblasts",11.761216742071
"Cy72_CD45_D01_S709_comb","Keratinocytes",1.16338816653335
"Cy74_CD45_H08_S476_comb","Pericytes",23.74403973928
"Cy81_Bulk_CD45_C06_S126_comb","NK cells",NA
"Cy74_CD45_G01_S457_comb","Keratinocytes",3.86737596008245
"Cy74_CD45_F02_S446_comb","Endothelial",NA
"Cy81_FNA_CD45_H10_S382_comb","NK cells",NA
"Cy80_II_CD45_B02_S878_comb","Other",NA
"Cy81_FNA_CD45_B08_S212_comb","Keratinocytes",0.215665502239778
"Cy71_CD45_D12_S528_comb","Endothelial",NA
"Cy74_CD45_C03_S411_comb","B cells",31.0372200027741
"Cy71_CD45_A04_S484_comb","Fibroblasts",11.9401295713381
"Cy81_FNA_CD45_B11_S311_comb","NK cells",NA
"Cy81_Bulk_CD45_B12_S120_comb","NK cells",NA
"Cy74_CD45_H06_S474_comb","Melanoma cells",NA
"Cy72_CD45_H06_S762_comb","Keratinocytes",0.610474183516866
"Cy81_Bulk_CD45_D05_S137_comb","NK cells",NA
"Cy71_CD45_A10_S490_comb","Fibroblasts",12.1222917943521
"Cy72_CD45_A05_S677_comb","B cells",32.1421559650239
"Cy80_II_CD45_F12_S936_comb","Other",NA
"Cy81_Bulk_CD45_B01_S109_comb","NK cells",NA
"Cy80_II_CD45_B06_S882_comb","Other",NA
"Cy71_CD45_F10_S550_comb","Fibroblasts",NA
"Cy71_CD45_D09_S525_comb","Fibroblasts",11.6762649880683
"Cy72_CD45_G01_S745_comb","Endothelial",2.24200383587585
"Cy74_CD45_H12_S480_comb","Endothelial",24.0497190077381
"CY58_1_CD45_G11_S1043_comb","Melanoma cells",NA
"CY58_1_CD45_D04_S1000_comb","Keratinocytes",1.76699366073979
"Cy71_CD45_D04_S520_comb","Fibroblasts",12.810488802237
"Cy72_CD45_A11_S683_comb","Keratinocytes",1.47288174027502
"Cy81_FNA_CD45_C11_S227_comb","Fibroblasts",NA
"Cy71_CD45_F03_S543_comb","Melanoma cells",NA
"Cy80_II_CD45_F07_S931_comb","Other",NA
"Cy72_CD45_E10_S730_comb","Keratinocytes",2.73249218065215
"Cy71_CD45_E10_S538_comb","Fibroblasts",11.5876510844449
"CY58_1_CD45_F09_S1029_comb","Keratinocytes",2.97778416779978
"CY58_1_CD45_B06_S978_comb","Pericytes",26.2521440530086
"Cy80_II_CD45_B12_S888_comb","Other",NA
"CY58_1_CD45_E05_S1013_comb","Melanoma cells",NA
"Cy71_CD45_C01_S505_comb","Fibroblasts",12.6331981920443
"Cy74_CD45_D08_S428_comb","B cells",31.1368046173931
"CY58_1_CD45_F04_S1024_comb","Melanoma cells",NA
"Cy72_CD45_A01_S673_comb","Pericytes",27.6096097735665
"Cy80_II_CD45_A09_S873_comb","Other",NA
"CY58_1_CD45_F12_S1032_comb","Endothelial",2.55310340394492
"CY58_1_CD45_G09_S1041_comb","Keratinocytes",2.94245530074781
"Cy81_FNA_CD45_F04_S256_comb","Melanoma cells",NA
"Cy74_CD45_C10_S418_comb","Pericytes",26.2837159185612
"Cy80_II_CD45_F11_S935_comb","Other",NA
"Cy74_CD45_G04_S460_comb","Endothelial",1.78702391917938
"CY58_1_CD45_C03_S987_comb","Keratinocytes",2.49322041701166
"Cy81_Bulk_CD45_F04_S160_comb","NK cells",NA
"Cy81_Bulk_CD45_E03_S147_comb","NK cells",NA
"Cy72_CD45_F05_S737_comb","Keratinocytes",1.46762840520162
"Cy72_CD45_G03_S747_comb","B cells",32.2557282373717
"Cy74_CD45_D03_S423_comb","Keratinocytes",3.18991164505142
"Cy80_II_CD45_D04_S904_comb","Other",NA
"Cy74_CD45_G03_S459_comb","Keratinocytes",0.354491735868685
"Cy81_FNA_CD45_A07_S199_comb","Endothelial",NA
"Cy71_CD45_B12_S504_comb","Fibroblasts",12.0192168919088
"Cy72_CD45_B05_S689_comb","Keratinocytes",0.587105371250352
"Cy81_Bulk_CD45_A11_S107_comb","NK cells",NA
"Cy81_Bulk_CD45_C09_S129_comb","NK cells",NA
"CY58_1_CD45_A07_S967_comb","Endothelial",NA
"Cy72_CD45_B09_S693_comb","B cells",32.0202708389764
"CY58_1_CD45_F03_S1023_comb","Keratinocytes",2.674184491121
"Cy71_CD45_E02_S530_comb","Fibroblasts",12.0543836393285
"Cy71_CD45_B03_S495_comb","Fibroblasts",11.4733927047704
"Cy81_FNA_CD45_C08_S320_comb","NK cells",NA
"Cy81_Bulk_CD45_G05_S173_comb","NK cells",NA
"Cy74_CD45_G08_S464_comb","Fibroblasts",NA
"Cy81_Bulk_CD45_G08_S176_comb","NK cells",NA
"Cy81_Bulk_CD45_C05_S125_comb","NK cells",NA
"Cy72_CD45_F02_S734_comb","Keratinocytes",1.7604077205044
"Cy74_CD45_E08_S440_comb","Endothelial",NA
"Cy81_FNA_CD45_C02_S218_comb","Keratinocytes",2.97778416779978
"CY58_1_CD45_A04_S964_comb","Melanoma cells",NA
"Cy72_CD45_C10_S706_comb","B cells",32.1686778382396
"Cy71_CD45_F01_S541_comb","Fibroblasts",11.713914982263
"Cy81_Bulk_CD45_B04_S112_comb","NK cells",NA
"Cy74_CD45_G07_S463_comb","Melanoma cells",NA
"Cy71_CD45_G05_S557_comb","Other",NA
"Cy81_Bulk_CD45_B08_S116_comb","NK cells",NA
"Cy81_FNA_CD45_A05_S197_comb","Keratinocytes",0.997098915421655
"Cy81_FNA_CD45_H05_S281_comb","B cells",31.9882128862482
"Cy81_FNA_CD45_A08_S200_comb","Keratinocytes",3.03217598954191
"Cy72_CD45_A06_S678_comb","Pericytes",26.3508629350807
"Cy72_CD45_F10_S742_comb","B cells",29.3846450181836
"Cy74_CD45_B06_S402_comb","Fibroblasts",NA
"Cy74_CD45_H02_S470_comb","Melanoma cells",NA
"CY58_1_CD45_B08_S980_comb","Melanoma cells",NA
"Cy80_II_CD45_C12_S900_comb","Other",22.9498254034865
"Cy74_CD45_A02_S386_comb","Melanoma cells",NA
"Cy72_CD45_F07_S739_comb","Keratinocytes",0.177489467243385
"Cy81_FNA_CD45_F03_S351_comb","NK cells",NA
"Cy71_CD45_C08_S512_comb","Endothelial",1.87727743564945
"CY58_1_CD45_H08_S1052_comb","Pericytes",23.5399159562466
"Cy81_Bulk_CD45_B05_S113_comb","NK cells",NA
"CY58_1_CD45_F08_S1028_comb","Endothelial",NA
"Cy74_CD45_C06_S414_comb","Endothelial",NA
"Cy71_CD45_F07_S547_comb","Fibroblasts",11.9479694802787
"Cy72_CD45_A03_S675_comb","B cells",32.1138751414079
"Cy81_FNA_CD45_F10_S262_comb","Endothelial",NA
"Cy74_CD45_E02_S434_comb","Melanoma cells",NA
"Cy72_CD45_C03_S699_comb","B cells",31.5814923819888
"Cy81_FNA_CD45_G11_S275_comb","Pericytes",27.4377251725829
"Cy81_FNA_CD45_B01_S205_comb","Melanoma cells",NA
"CY58_1_CD45_D06_S1002_comb","Keratinocytes",0.769127016299638
"Cy72_CD45_D04_S712_comb","Endothelial",2.06415731412989
"Cy72_CD45_C06_S702_comb","B cells",32.147185602997
"Cy71_CD45_B04_S496_comb","Fibroblasts",11.9283764707596
"Cy74_CD45_F10_S454_comb","B cells",31.364361962564
"Cy72_CD45_C12_S708_comb","Keratinocytes",0.123565603160933
"Cy72_CD45_E04_S724_comb","Keratinocytes",1.16926481877715
"Cy81_Bulk_CD45_E11_S155_comb","NK cells",NA
"Cy81_FNA_CD45_B02_S206_comb","Endothelial",NA
"Cy80_II_CD45_C02_S890_comb","Other",NA
"Cy80_II_CD45_F01_S925_comb","Other",NA
"Cy74_CD45_D10_S430_comb","Endothelial",1.90047212264963
"Cy72_CD45_D11_S719_comb","Endothelial",1.75670187232869
"Cy72_CD45_H03_S759_comb","Endothelial",2.02261454563299
"Cy80_II_CD45_G10_S946_comb","Other",22.9498254034865
"Cy81_FNA_CD45_H02_S278_comb","Keratinocytes",3.18991164505142
"Cy80_II_CD45_F08_S932_comb","Other",22.9588618873594
"Cy80_II_CD45_E01_S913_comb","Other",NA
"Cy81_FNA_CD45_B02_S302_comb","NK cells",NA
"Cy72_CD45_F04_S736_comb","B cells",31.9511019036161
"CY58_1_CD45_H11_S1055_comb","Melanoma cells",NA
"Cy71_CD45_D05_S521_comb","Melanoma cells",NA
"CY58_1_CD45_A03_S963_comb","Endothelial",NA
"Cy74_CD45_E07_S439_comb","Melanoma cells",NA
"Cy72_CD45_C02_S698_comb","Fibroblasts",3.74456769526564
"Cy81_FNA_CD45_F07_S355_comb","NK cells",NA
"Cy80_II_CD45_H11_S959_comb","Other",NA
"Cy81_FNA_CD45_E04_S340_comb","NK cells",NA
"Cy81_FNA_CD45_F03_S255_comb","Endothelial",NA
"CY58_1_CD45_C02_S986_comb","Melanoma cells",NA
"Cy74_CD45_F04_S448_comb","Melanoma cells",NA
"Cy74_CD45_G10_S466_comb","Melanoma cells",NA
"Cy81_FNA_CD45_H09_S381_comb","NK cells",NA
"Cy81_FNA_CD45_C03_S219_comb","Melanoma cells",NA
"Cy71_CD45_F02_S542_comb","Fibroblasts",12.2692185285138
"Cy80_II_CD45_A01_S865_comb","Other",NA
"Cy72_CD45_F03_S735_comb","Keratinocytes",1.65673968528108
"CY58_1_CD45_C05_S989_comb","Keratinocytes",3.18991164505142
"Cy81_Bulk_CD45_F12_S168_comb","NK cells",NA
"Cy72_CD45_G11_S755_comb","Pericytes",27.5977022494222
"CY58_1_CD45_B11_S983_comb","Melanoma cells",NA
"Cy81_FNA_CD45_E05_S245_comb","Endothelial",NA
"Cy72_CD45_G06_S750_comb","Keratinocytes",1.32729062670189
"Cy71_CD45_E06_S534_comb","Fibroblasts",12.0262505849831
"Cy71_CD45_F04_S544_comb","Melanoma cells",NA
"CY58_1_CD45_D07_S1003_comb","Melanoma cells",NA
"Cy71_CD45_E07_S535_comb","Fibroblasts",3.40208125065572
"CY58_1_CD45_F06_S1026_comb","Fibroblasts",NA
"Cy71_CD45_C12_S516_comb","Other",NA
"Cy81_FNA_CD45_B06_S210_comb","Endothelial",NA
"CY58_1_CD45_B10_S982_comb","Keratinocytes",2.15354810661063
"Cy81_FNA_CD45_A10_S202_comb","Fibroblasts",NA
"Cy72_CD45_A10_S682_comb","Endothelial",1.88358532175781
"Cy72_CD45_A12_S684_comb","Keratinocytes",0.106314587924137
"Cy71_CD45_A06_S486_comb","Other",NA
"CY58_1_CD45_G02_S1034_comb","Endothelial",1.54258725945921
"CY58_1_CD45_A05_S965_comb","Endothelial",NA
"Cy80_II_CD45_E11_S923_comb","Other",NA
"CY58_1_CD45_G03_S1035_comb","Endothelial",1.85184012465758
"Cy72_CD45_D10_S718_comb","Keratinocytes",1.69557938922214
"Cy81_FNA_CD45_C01_S217_comb","Melanoma cells",NA
"Cy81_FNA_CD45_D01_S229_comb","NK cells",NA
"Cy71_CD45_C09_S513_comb","Fibroblasts",11.7815692702497
"Cy71_CD45_E05_S533_comb","Fibroblasts",11.8104394643146
"Cy72_CD45_E01_S721_comb","Keratinocytes",0.200255833152175
"Cy81_Bulk_CD45_A08_S104_comb","NK cells",NA
"Cy74_CD45_A06_S390_comb","Pericytes",24.6811589842245
"Cy81_FNA_CD45_F07_S259_comb","Keratinocytes",2.7656241597118
"Cy72_CD45_B12_S696_comb","Endothelial",NA
"Cy71_CD45_H12_S672_comb","Fibroblasts",12.2634870105581
"Cy71_CD45_H12_S576_comb","Fibroblasts",NA
"Cy81_Bulk_CD45_E07_S151_comb","NK cells",NA
"Cy81_Bulk_CD45_F07_S163_comb","NK cells",NA
"Cy72_CD45_D06_S714_comb","Keratinocytes",0.240575681404138
"Cy80_II_CD45_E08_S920_comb","Other",NA
"CY58_1_CD45_G12_S1044_comb","Endothelial",1.76574985707869
"CY58_1_CD45_A08_S968_comb","Fibroblasts",NA
"Cy72_CD45_H08_S764_comb","Keratinocytes",1.22152473724279
"Cy74_CD45_C07_S415_comb","Pericytes",24.0344081171356
"Cy81_FNA_CD45_H05_S377_comb","NK cells",NA
"Cy72_CD45_G08_S752_comb","B cells",32.0616052978455
"Cy81_FNA_CD45_D12_S336_comb","NK cells",NA
"CY58_1_CD45_C07_S991_comb","Melanoma cells",NA
"Cy81_Bulk_CD45_C07_S127_comb","NK cells",NA
"CY58_1_CD45_G01_S1033_comb","Endothelial",3.05484115221922
"Cy72_CD45_D02_S710_comb","B cells",30.7961889251519
"Cy81_FNA_CD45_G06_S270_comb","Keratinocytes",0.590854272004789
"Cy81_FNA_CD45_A11_S203_comb","Keratinocytes",2.94810033219322
"Cy71_CD45_H09_S573_comb","Keratinocytes",0.459153481427155
"Cy72_CD45_G10_S754_comb","Keratinocytes",0.331158857000443
"Cy74_CD45_G09_S465_comb","Keratinocytes",1.18426155472358
"Cy74_CD45_F11_S455_comb","Endothelial",1.38303345792766
"Cy71_CD45_A07_S487_comb","Fibroblasts",11.9972345467001
"Cy71_CD45_G11_S563_comb","Other",NA
"CY58_1_CD45_H10_S1054_comb","Endothelial",NA
"CY58_1_CD45_A11_S971_comb","Endothelial",NA
"Cy81_Bulk_CD45_F08_S164_comb","NK cells",NA
"Cy80_II_CD45_C03_S891_comb","Other",22.9498254034865
"Cy72_CD45_E03_S723_comb","Keratinocytes",1.16394479864765
"Cy72_CD45_B11_S695_comb","Keratinocytes",1.84693782578275
"Cy74_CD45_D09_S429_comb","Melanoma cells",NA
"Cy72_CD45_H09_S765_comb","Keratinocytes",0.0642893106246766
"Cy81_Bulk_CD45_F05_S161_comb","NK cells",NA
"Cy72_CD45_G07_S751_comb","Keratinocytes",0.164559061347588
"Cy72_CD45_G05_S749_comb","Keratinocytes",0.668208795286118
"Cy72_CD45_E09_S729_comb","B cells",32.0448743941302
"Cy71_CD45_D03_S519_comb","Endothelial",NA
"Cy81_FNA_CD45_F05_S257_comb","Endothelial",2.27614272693331
"Cy72_CD45_B03_S687_comb","Keratinocytes",1.07513631715097
"Cy72_CD45_C11_S707_comb","Keratinocytes",0.640989541035892
"Cy81_Bulk_CD45_E09_S153_comb","NK cells",NA
"Cy81_FNA_CD45_F12_S264_comb","B cells",32.0195844412635
"Cy81_Bulk_CD45_D08_S140_comb","NK cells",NA
"Cy80_II_CD45_A04_S868_comb","Other",22.9498254034865
"CY58_1_CD45_G06_S1038_comb","Keratinocytes",0.622449436058807
"Cy81_FNA_CD45_B04_S304_comb","NK cells",NA
"Cy80_II_CD45_H12_S960_comb","Other",NA
"Cy81_FNA_CD45_H01_S373_comb","NK cells",NA
"Cy72_CD45_F01_S733_comb","Keratinocytes",0.116574011424942
"CY58_1_CD45_G07_S1039_comb","Melanoma cells",NA
"Cy71_CD45_C07_S511_comb","Fibroblasts",11.5201140009306
"Cy81_Bulk_CD45_A12_S108_comb","NK cells",NA
"Cy80_II_CD45_A06_S870_comb","Other",NA
"Cy74_CD45_B02_S398_comb","B cells",31.9184515920641
"Cy71_CD45_H03_S567_comb","Keratinocytes",0.10353044542448
"CY58_1_CD45_A02_S962_comb","Keratinocytes",0.835828329317967
"Cy71_CD45_F12_S552_comb","Melanoma cells",NA
"Cy81_Bulk_CD45_E06_S150_comb","NK cells",NA
"Cy81_Bulk_CD45_A02_S98_comb","NK cells",NA
"Cy74_CD45_A11_S395_comb","Melanoma cells",NA
"Cy81_FNA_CD45_D06_S234_comb","Endothelial",NA
"Cy71_CD45_C10_S514_comb","Other",NA
"Cy81_Bulk_CD45_D06_S138_comb","NK cells",NA
"CY58_1_CD45_C12_S996_comb","Keratinocytes",2.01947366008158
"Cy71_CD45_D10_S526_comb","Endothelial",NA
"Cy71_CD45_C02_S506_comb","Fibroblasts",12.1166229633806
"Cy72_CD45_H01_S757_comb","Keratinocytes",0.122114972845849
"Cy72_CD45_A09_S681_comb","Keratinocytes",0.170756787538462
"Cy71_CD45_F08_S548_comb","Fibroblasts",NA
"Cy71_CD45_C04_S508_comb","Fibroblasts",11.7196421279818
"Cy81_FNA_CD45_D11_S335_comb","NK cells",NA
"Cy71_CD45_F09_S549_comb","Keratinocytes",1.208050375246
"Cy74_CD45_H09_S477_comb","Keratinocytes",0.680175914324805
"Cy71_CD45_H04_S568_comb","Other",NA
"Cy81_FNA_CD45_C10_S322_comb","NK cells",NA
"CY58_1_CD45_C10_S994_comb","Melanoma cells",NA
"CY58_1_CD45_G04_S1036_comb","Melanoma cells",NA
"Cy71_CD45_D01_S517_comb","Fibroblasts",11.713914982263
"Cy81_FNA_CD45_H10_S286_comb","Keratinocytes",0.929965136807724
"Cy71_CD45_E01_S529_comb","Melanoma cells",NA
"Cy71_CD45_A09_S489_comb","Pericytes",24.4611127931089
"Cy71_CD45_C06_S510_comb","Melanoma cells",NA
"Cy71_CD45_B09_S501_comb","Fibroblasts",11.9283764707596
"Cy81_FNA_CD45_D04_S232_comb","Endothelial",NA
"Cy81_FNA_CD45_G12_S276_comb","Keratinocytes",0.541800098837557
"Cy71_CD45_H03_S663_comb","Fibroblasts",12.358404431906
"Cy74_CD45_H11_S479_comb","Melanoma cells",NA
"Cy74_CD45_D02_S422_comb","Endothelial",NA
"Cy81_FNA_CD45_A04_S196_comb","Endothelial",2.78489184280174
"Cy81_Bulk_CD45_G06_S174_comb","NK cells",NA
"Cy71_CD45_H11_S575_comb","Other",NA
"Cy81_FNA_CD45_B05_S209_comb","Endothelial",1.56807350562451
"Cy71_CD45_D06_S522_comb","Fibroblasts",11.5159227812911
"Cy74_CD45_H10_S478_comb","Keratinocytes",2.28843866340542
"Cy80_II_CD45_C08_S896_comb","Other",NA
"Cy72_CD45_G02_S746_comb","Keratinocytes",0.487325426006911
"Cy71_CD45_H01_S565_comb","Fibroblasts",NA
"CY58_1_CD45_H01_S1045_comb","Endothelial",NA
"Cy81_FNA_CD45_E01_S337_comb","NK cells",NA
"Cy71_CD45_B10_S502_comb","Fibroblasts",11.8560708420018
"Cy81_Bulk_CD45_D12_S144_comb","NK cells",NA
"Cy71_CD45_F05_S545_comb","Other",NA
"CY58_1_CD45_B12_S984_comb","Endothelial",2.33987034685064
"Cy74_CD45_C01_S409_comb","Melanoma cells",NA
"CY58_1_CD45_B03_S975_comb","Endothelial",2.29411845165602
"Cy81_Bulk_CD45_G03_S171_comb","NK cells",NA
"Cy72_CD45_D08_S716_comb","Keratinocytes",0.0609947539109493
"Cy72_CD45_A04_S676_comb","B cells",32.0673796676155
"Cy74_CD45_D06_S426_comb","Melanoma cells",NA
"Cy72_CD45_C05_S701_comb","Keratinocytes",1.55418749877181
"Cy81_Bulk_CD45_D11_S143_comb","NK cells",NA
"Cy74_CD45_C04_S412_comb","Melanoma cells",NA
"Cy80_II_CD45_A08_S872_comb","Other",22.9498254034865
"Cy80_II_CD45_G03_S939_comb","Other",NA
"Cy74_CD45_G06_S462_comb","Fibroblasts",NA
"CY58_1_CD45_B04_S976_comb","Melanoma cells",NA
"CY58_1_CD45_F07_S1027_comb","Melanoma cells",NA
"Cy74_CD45_E09_S441_comb","Melanoma cells",NA
"Cy71_CD45_G01_S553_comb","Fibroblasts",12.8421815566026
"Cy71_CD45_C03_S507_comb","Other",NA
"Cy71_CD45_H08_S572_comb","Other",NA
"Cy72_CD45_F08_S740_comb","Keratinocytes",0.341900340327434
"Cy81_FNA_CD45_B12_S312_comb","NK cells",NA
"Cy74_CD45_H07_S475_comb","B cells",30.9366196766589
"Cy81_FNA_CD45_H04_S376_comb","NK cells",NA
"Cy81_FNA_CD45_C04_S220_comb","Endothelial",NA
"Cy72_CD45_D05_S713_comb","B cells",30.3463770787909
"Cy81_Bulk_CD45_D04_S136_comb","NK cells",NA
"Cy81_FNA_CD45_H08_S380_comb","NK cells",NA
"Cy71_CD45_B11_S503_comb","Fibroblasts",12.280348121092
"Cy71_CD45_H02_S566_comb","Fibroblasts",12.0536324557973
"Cy74_CD45_F06_S450_comb","Melanoma cells",NA
"Cy71_CD45_G07_S559_comb","Keratinocytes",0.93482298053822
"Cy71_CD45_D02_S518_comb","Pericytes",24.5519822686339
"Cy80_II_CD45_C01_S889_comb","Fibroblasts",NA
"Cy71_CD45_G03_S555_comb","Other",NA
"Cy72_CD45_F06_S738_comb","B cells",29.3142760733584
"Cy80_II_CD45_E12_S924_comb","Other",NA
"Cy74_CD45_E10_S442_comb","Endothelial",NA
"Cy80_II_CD45_B08_S884_comb","Other",NA
"Cy80_II_CD45_E06_S918_comb","Other",NA
"Cy81_Bulk_CD45_C12_S132_comb","NK cells",NA
"Cy71_CD45_E08_S536_comb","Fibroblasts",12.1232270250821
"Cy74_CD45_C09_S417_comb","Melanoma cells",NA
"Cy72_CD45_H04_S760_comb","Keratinocytes",0.157347622415691
"Cy81_FNA_CD45_D05_S233_comb","Keratinocytes",0.0475695917244626
"Cy74_CD45_C08_S416_comb","Endothelial",NA
"Cy71_CD45_B06_S498_comb","Fibroblasts",12.2378668346274
"Cy72_CD45_E12_S732_comb","Keratinocytes",0.762567737577826
"CY58_1_CD45_C08_S992_comb","Endothelial",NA
"Cy74_CD45_E01_S433_comb","Endothelial",1.75771770384319
"Cy72_CD45_E05_S725_comb","Keratinocytes",0.626404395775255
"Cy80_II_CD45_A02_S866_comb","Other",NA
"Cy80_II_CD45_D07_S907_comb","Other",NA
"CY58_1_CD45_D01_S997_comb","Endothelial",NA
"Cy74_CD45_B10_S406_comb","Melanoma cells",NA
"Cy72_CD45_A08_S680_comb","Keratinocytes",0.158743257748915
"Cy72_CD45_F11_S743_comb","Keratinocytes",0.0440344888435608
"Cy72_CD45_C09_S705_comb","Keratinocytes",0.420848016760614
"Cy80_II_CD45_H03_S951_comb","Other",16.6441198407444
"Cy72_CD45_H05_S761_comb","B cells",32.1246907764628
"CY58_1_CD45_B07_S979_comb","Endothelial",NA
"Cy72_CD45_G04_S748_comb","Endothelial",NA
"Cy81_FNA_CD45_F10_S358_comb","NK cells",NA
"Cy81_Bulk_CD45_C08_S128_comb","NK cells",NA
"Cy71_CD45_E04_S532_comb","Endothelial",NA
"Cy80_II_CD45_F10_S934_comb","Other",NA
"Cy81_Bulk_CD45_G02_S170_comb","NK cells",NA
"Cy80_II_CD45_D12_S912_comb","Fibroblasts",NA
"Cy72_CD45_F09_S741_comb","Keratinocytes",0.527033272161638
"Cy72_CD45_C08_S704_comb","Endothelial",NA
"Cy71_CD45_A03_S483_comb","Fibroblasts",11.6640631635506
"Cy71_CD45_G04_S556_comb","Melanoma cells",NA
"Cy81_FNA_CD45_C02_S314_comb","NK cells",NA
"Cy81_FNA_CD45_G05_S269_comb","Melanoma cells",NA
"Cy81_FNA_CD45_H07_S283_comb","Endothelial",1.60180436874262
"Cy81_Bulk_CD45_E01_S145_comb","NK cells",NA
"Cy71_CD45_G10_S562_comb","Melanoma cells",NA
"CY58_1_CD45_B05_S977_comb","Melanoma cells",NA
"Cy81_FNA_CD45_B07_S211_comb","Keratinocytes",0.252605473642903
"CY58_1_CD45_C06_S990_comb","Keratinocytes",0.0944183136644692
"Cy80_II_CD45_C04_S892_comb","Other",NA
"Cy81_Bulk_CD45_C11_S131_comb","NK cells",NA
"Cy71_CD45_B01_S493_comb","Fibroblasts",11.9112328796871
"Cy72_CD45_A02_S674_comb","Keratinocytes",0.411249510827348
"Cy71_CD45_E09_S537_comb","Fibroblasts",11.713914982263
"Cy74_CD45_B04_S400_comb","Melanoma cells",NA
"Cy72_CD45_H11_S767_comb","Keratinocytes",0.254446533270811
"Cy81_Bulk_CD45_F10_S166_comb","Other",24.1380563769801
"Cy81_FNA_CD45_C07_S319_comb","NK cells",NA
"Cy72_CD45_H12_S864_comb","Pericytes",25.3303951962586
"Cy80_II_CD45_B04_S880_comb","Other",22.9498254034865
"Cy80_II_CD45_B10_S886_comb","Other",NA
"Cy74_CD45_E11_S443_comb","Melanoma cells",NA
"Cy74_CD45_H04_S472_comb","Melanoma cells",NA
"Cy71_CD45_G12_S564_comb","Fibroblasts",11.9283764707596
"Cy72_CD45_E07_S727_comb","Endothelial",2.66798422122815
"Cy74_CD45_G11_S467_comb","Melanoma cells",NA
"Cy81_FNA_CD45_H09_S285_comb","Keratinocytes",0.0827983335192252
"Cy81_FNA_CD45_F05_S353_comb","NK cells",NA
"Cy74_CD45_D07_S427_comb","Endothelial",2.7836443226064
"cy80-Cd45-pos-PD1-pos-B09-S45-comb","Fibroblasts",4.01939459997059
"cy80-Cd45-pos-Pd1-neg-S366-H06-S366-comb","B cells",31.8481263290419
"cy80-Cd45-pos-Pd1-neg-S202-A10-S202-comb","B cells",28.1220194046497
"cy80-Cd45-pos-Pd1-neg-S201-A09-S201-comb","B cells",29.2026550297709
"cy80-Cd45-pos-Pd1-neg-S221-B05-S221-comb","B cells",29.8953515652338
"cy80-Cd45-pos-PD1-pos-A03-S15-comb","B cells",27.7879622489861
"cy80-Cd45-pos-PD1-pos-B11-S47-comb","Keratinocytes",3.26191966429118
"cy80-Cd45-pos-PD1-pos-S189-H09-S189-comb","Fibroblasts",4.4604241740869
"cy80-Cd45-pos-PD1-pos-A05-S17-comb","Fibroblasts",4.65204377698529
"cy80-Cd45-pos-PD1-pos-C02-S62-comb","Fibroblasts",4.4744519305275
"cy80-Cd45-pos-PD1-pos-D12-S96-comb","Pericytes",27.9881431345929
"cy80-Cd45-pos-PD1-pos-S165-G09-S165-comb","Endothelial",NA
"cy80-Cd45-pos-PD1-pos-S115-E07-S115-comb","Endothelial",NA
"cy80-Cd45-pos-Pd1-neg-S294-E06-S294-comb","B cells",28.524628556852
"cy80-Cd45-pos-PD1-pos-C07-S67-comb","Fibroblasts",4.63249161859033
"cy80-Cd45-pos-Pd1-neg-S228-B12-S228-comb","Endothelial",NA
"cy80-Cd45-pos-Pd1-neg-S370-H10-S370-comb","B cells",28.6473175291384
"cy80-Cd45-pos-Pd1-neg-S196-A04-S196-comb","Endothelial",1.60617555237809
"cy80-Cd45-pos-PD1-pos-S120-E12-S120-comb","Keratinocytes",2.79049460846495
"cy80-Cd45-pos-Pd1-neg-S272-D08-S272-comb","Keratinocytes",0.800534827178704
"cy80-Cd45-pos-PD1-pos-S159-G03-S159-comb","Endothelial",NA
"cy80-Cd45-pos-PD1-pos-S138-F06-S138-comb","Fibroblasts",3.57433558716661
"cy80-Cd45-pos-PD1-pos-S191-H11-S191-comb","Melanoma cells",NA
"cy80-Cd45-pos-PD1-pos-S192-H12-S192-comb","Endothelial",NA
"cy80-Cd45-pos-Pd1-neg-S251-C11-S251-comb","Keratinocytes",3.85498758379268
"cy80-Cd45-pos-PD1-pos-S162-G06-S162-comb","Fibroblasts",4.66892313304778
"cy80-Cd45-pos-PD1-pos-D02-S86-comb","Keratinocytes",3.10093922190898
"cy80-Cd45-pos-PD1-pos-S157-G01-S157-comb","Endothelial",NA
"cy80-Cd45-pos-Pd1-neg-S194-A02-S194-comb","Keratinocytes",2.30201818202652
"cy80-Cd45-pos-PD1-pos-S161-G05-S161-comb","Fibroblasts",4.56156313110077
"cy80-Cd45-pos-PD1-pos-B06-S42-comb","Fibroblasts",3.62344637008636
"cy80-Cd45-pos-PD1-pos-S182-H02-S182-comb","Fibroblasts",3.76286590067386
"cy80-Cd45-pos-Pd1-neg-S248-C08-S248-comb","B cells",28.2722402267569
"cy80-Cd45-pos-PD1-pos-A02-S14-comb","B cells",29.4653606921338
"cy80-Cd45-pos-PD1-pos-S137-F05-S137-comb","Melanoma cells",NA
"cy80-Cd45-pos-Pd1-neg-S340-G04-S340-comb","Keratinocytes",1.44725995494536
"cy80-Cd45-pos-Pd1-neg-S222-B06-S222-comb","B cells",28.9055452368864
"cy80-Cd45-pos-Pd1-neg-S224-B08-S224-comb","Endothelial",NA
"cy80-Cd45-pos-Pd1-neg-S204-A12-S204-comb","B cells",28.5094114875311
"cy80-Cd45-pos-PD1-pos-A09-S21-comb","Fibroblasts",4.49475057609164
"cy80-Cd45-pos-Pd1-neg-S197-A05-S197-comb","B cells",28.6605122604329
"cy80-Cd45-pos-PD1-pos-S135-F03-S135-comb","Endothelial",NA
"cy80-Cd45-pos-PD1-pos-B01-S37-comb","Endothelial",NA
"cy80-Cd45-pos-Pd1-neg-S203-A11-S203-comb","B cells",30.0964772490223
"cy80-Cd45-pos-Pd1-neg-S276-D12-S276-comb","B cells",30.9271875812303
"cy80-Cd45-pos-PD1-pos-S140-F08-S140-comb","Endothelial",NA
"cy80-Cd45-pos-PD1-pos-B07-S43-comb","Endothelial",NA
"cy80-Cd45-pos-Pd1-neg-S275-D11-S275-comb","B cells",29.92292191095
"cy80-Cd45-pos-Pd1-neg-S265-D01-S265-comb","Keratinocytes",1.84420016270604
"cy80-Cd45-pos-Pd1-neg-S241-C01-S241-comb","B cells",29.8783230716717
"cy80-Cd45-pos-Pd1-neg-S364-H04-S364-comb","Keratinocytes",2.82891461488523
"cy80-Cd45-pos-Pd1-neg-S339-G03-S339-comb","B cells",30.207636884954
"cy80-Cd45-pos-PD1-pos-S190-H10-S190-comb","Endothelial",NA
"cy80-Cd45-pos-Pd1-neg-S337-G01-S337-comb","Keratinocytes",3.32075337108881
"cy80-Cd45-pos-PD1-pos-C12-S72-comb","Pericytes",27.8456692506715
"cy80-Cd45-pos-PD1-pos-D11-S95-comb","Fibroblasts",4.4604241740869
"cy80-Cd45-pos-PD1-pos-A06-S18-comb","Fibroblasts",4.4604241740869
"cy80-Cd45-pos-Pd1-neg-S243-C03-S243-comb","Keratinocytes",2.41033524906049
"cy80-Cd45-pos-PD1-pos-S136-F04-S136-comb","Pericytes",27.9273112339976
"cy80-Cd45-pos-PD1-pos-A07-S19-comb","Fibroblasts",4.53722252465342
"cy80-Cd45-pos-Pd1-neg-S245-C05-S245-comb","B cells",29.0728756814146
"cy80-Cd45-pos-Pd1-neg-S226-B10-S226-comb","Endothelial",2.12581631911266
"cy80-Cd45-pos-PD1-pos-S166-G10-S166-comb","Fibroblasts",4.39861384929245
"cy80-Cd45-pos-Pd1-neg-S297-E09-S297-comb","B cells",29.97469692719
"cy80-Cd45-pos-Pd1-neg-S225-B09-S225-comb","Keratinocytes",3.52371152172497
"cy80-Cd45-pos-PD1-pos-S144-F12-S144-comb","Fibroblasts",3.56066361865865
"cy80-Cd45-pos-Pd1-neg-S291-E03-S291-comb","B cells",29.1189168699979
"cy80-Cd45-pos-Pd1-neg-S266-D02-S266-comb","B cells",30.1794237523113
"cy80-Cd45-pos-Pd1-neg-S342-G06-S342-comb","B cells",29.7363519279024
"cy80-Cd45-pos-Pd1-neg-S369-H09-S369-comb","B cells",30.6762133956529
"cy80-Cd45-pos-PD1-pos-S142-F10-S142-comb","Keratinocytes",3.11979100682025
"cy80-Cd45-pos-PD1-pos-D01-S85-comb","B cells",32.1620301443942
"cy80-Cd45-pos-PD1-pos-S110-E02-S110-comb","Fibroblasts",3.60332939659002
"cy80-Cd45-pos-Pd1-neg-S267-D03-S267-comb","B cells",29.8073815596024
"cy80-Cd45-pos-PD1-pos-C11-S71-comb","Endothelial",NA
"cy80-Cd45-pos-PD1-pos-D09-S93-comb","Fibroblasts",4.2104204552113
"cy80-Cd45-pos-PD1-pos-B08-S44-comb","Endothelial",NA
"cy80-Cd45-pos-PD1-pos-S184-H04-S184-comb","Endothelial",NA
"cy80-Cd45-pos-Pd1-neg-S290-E02-S290-comb","Keratinocytes",2.40763893908327
"cy80-Cd45-pos-PD1-pos-B12-S48-comb","Fibroblasts",NA
"cy80-Cd45-pos-Pd1-neg-S289-E01-S289-comb","B cells",30.9775134256033
"cy80-Cd45-pos-PD1-pos-S160-G04-S160-comb","Fibroblasts",4.45046420656155
"cy80-Cd45-pos-PD1-pos-S183-H03-S183-comb","Melanoma cells",NA
"cy80-Cd45-pos-Pd1-neg-S343-G07-S343-comb","B cells",28.9843117218988
"cy80-Cd45-pos-Pd1-neg-S271-D07-S271-comb","B cells",28.955270990592
"cy80-Cd45-pos-Pd1-neg-S273-D09-S273-comb","B cells",30.7123039952388
"cy80-Cd45-pos-Pd1-neg-S269-D05-S269-comb","B cells",30.5296262464194
"cy80-Cd45-pos-Pd1-neg-S365-H05-S365-comb","Endothelial",NA
"cy80-Cd45-pos-PD1-pos-S187-H07-S187-comb","Endothelial",NA
"cy80-Cd45-pos-Pd1-neg-S341-G05-S341-comb","B cells",28.5310117323303
"cy80-Cd45-pos-Pd1-neg-S200-A08-S200-comb","B cells",30.3439869401035
"cy80-Cd45-pos-Pd1-neg-S295-E07-S295-comb","Keratinocytes",2.696582204201
"cy80-Cd45-pos-Pd1-neg-S346-G10-S346-comb","B cells",28.2414309956464
"cy80-Cd45-pos-Pd1-neg-S252-C12-S252-comb","B cells",29.053303705028
"cy80-Cd45-pos-Pd1-neg-S299-E11-S299-comb","Keratinocytes",0.829896721596172
"cy80-Cd45-pos-PD1-pos-D05-S89-comb","Fibroblasts",3.56812855832057
"cy80-Cd45-pos-Pd1-neg-S292-E04-S292-comb","B cells",29.1121061890626
"cy80-Cd45-pos-PD1-pos-S118-E10-S118-comb","Fibroblasts",4.64765728097642
"cy80-Cd45-pos-Pd1-neg-S199-A07-S199-comb","B cells",30.7862050340163
"cy80-Cd45-pos-PD1-pos-S167-G11-S167-comb","Fibroblasts",NA
"cy80-Cd45-pos-PD1-pos-D06-S90-comb","Endothelial",NA
"cy80-Cd45-pos-PD1-pos-A08-S20-comb","Endothelial",NA
"cy80-Cd45-pos-PD1-pos-B10-S46-comb","Fibroblasts",4.5332055773483
"cy80-Cd45-pos-PD1-pos-S158-G02-S158-comb","Fibroblasts",3.96141313082277
"cy80-Cd45-pos-PD1-pos-S114-E06-S114-comb","Endothelial",NA
"cy80-Cd45-pos-PD1-pos-B03-S39-comb","Fibroblasts",4.03777588127785
"cy80-Cd45-pos-PD1-pos-B05-S41-comb","Endothelial",NA
"cy80-Cd45-pos-Pd1-neg-S372-H12-S372-comb","Pericytes",27.6417714333591
"cy80-Cd45-pos-PD1-pos-S117-E09-S117-comb","Melanoma cells",NA
"cy80-Cd45-pos-PD1-pos-C04-S64-comb","Fibroblasts",4.49975788694892
"cy80-Cd45-pos-PD1-pos-C01-S61-comb","Keratinocytes",3.51801782449387
"cy80-Cd45-pos-PD1-pos-B02-S38-comb","Keratinocytes",3.10254423945608
"cy80-Cd45-pos-PD1-pos-C05-S65-comb","Fibroblasts",3.9066940322617
"cy80-Cd45-pos-PD1-pos-S181-H01-S181-comb","Endothelial",NA
"cy80-Cd45-pos-PD1-pos-S113-E05-S113-comb","Melanoma cells",NA
"cy80-Cd45-pos-PD1-pos-B04-S40-comb","Fibroblasts",3.99476064954718
"cy80-Cd45-pos-PD1-pos-S139-F07-S139-comb","Fibroblasts",4.4604241740869
"cy80-Cd45-pos-PD1-pos-D08-S92-comb","Melanoma cells",NA
"cy80-Cd45-pos-PD1-pos-D07-S91-comb","Endothelial",NA
"cy80-Cd45-pos-PD1-pos-S111-E03-S111-comb","Endothelial",NA
"cy80-Cd45-pos-Pd1-neg-S293-E05-S293-comb","Endothelial",NA
"cy80-Cd45-pos-PD1-pos-S164-G08-S164-comb","Melanoma cells",NA
"cy80-Cd45-pos-Pd1-neg-S347-G11-S347-comb","Keratinocytes",2.59573375002623
"cy80-Cd45-pos-Pd1-neg-S249-C09-S249-comb","Keratinocytes",2.80988342924475
"cy80-Cd45-pos-PD1-pos-A11-S23-comb","Fibroblasts",4.51636182577028
"cy80-Cd45-pos-Pd1-neg-S217-B01-S217-comb","Keratinocytes",1.2788366769414
"cy80-Cd45-pos-Pd1-neg-S344-G08-S344-comb","Pericytes",28.2372452213032
"cy80-Cd45-pos-PD1-pos-S119-E11-S119-comb","B cells",28.5897561998977
"cy80-Cd45-pos-PD1-pos-C09-S69-comb","Endothelial",NA
"cy80-Cd45-pos-PD1-pos-A12-S24-comb","Fibroblasts",4.5969012958255
"cy80-Cd45-pos-Pd1-neg-S242-C02-S242-comb","Keratinocytes",1.78436936012342
"cy80-Cd45-pos-PD1-pos-S109-E01-S109-comb","Fibroblasts",3.78637096450275
"cy80-Cd45-pos-Pd1-neg-S268-D04-S268-comb","Endothelial",NA
"cy80-Cd45-pos-Pd1-neg-S223-B07-S223-comb","B cells",29.46104518191
"cy80-Cd45-pos-PD1-pos-C03-S63-comb","Endothelial",NA
"cy80-Cd45-pos-PD1-pos-S143-F11-S143-comb","Fibroblasts",3.60453455113268
"cy80-Cd45-pos-Pd1-neg-S219-B03-S219-comb","B cells",28.8625716349851
"cy80-Cd45-pos-Pd1-neg-S227-B11-S227-comb","B cells",29.5828169713259
"cy80-Cd45-pos-PD1-pos-C10-S70-comb","Fibroblasts",4.37255071072798
"cy80-Cd45-pos-Pd1-neg-S361-H01-S361-comb","Keratinocytes",3.32887142259084
"cy80-Cd45-pos-PD1-pos-S116-E08-S116-comb","Endothelial",NA
"cy80-Cd45-pos-PD1-pos-D10-S94-comb","Keratinocytes",3.06028824622787
"cy80-Cd45-pos-PD1-pos-S141-F09-S141-comb","Endothelial",NA
"cy80-Cd45-pos-Pd1-neg-S338-G02-S338-comb","B cells",30.5121062687891
"cy80-Cd45-pos-PD1-pos-C06-S66-comb","Endothelial",NA
"cy80-Cd45-pos-PD1-pos-C08-S68-comb","Pericytes",27.565147139821
"cy80-Cd45-pos-PD1-pos-S112-E04-S112-comb","Endothelial",NA
"cy80-Cd45-pos-Pd1-neg-S247-C07-S247-comb","B cells",29.2229069286382
"cy80-Cd45-pos-Pd1-neg-S368-H08-S368-comb","Keratinocytes",1.50281296414399
"cy80-Cd45-pos-PD1-pos-S133-F01-S133-comb","Endothelial",2.97778416779978
"cy80-Cd45-pos-Pd1-neg-S362-H02-S362-comb","Keratinocytes",1.85456235824262
"cy80-Cd45-pos-PD1-pos-S188-H08-S188-comb","Melanoma cells",NA
"cy80-Cd45-pos-PD1-pos-A04-S16-comb","Endothelial",2.97778416779978
"cy80-Cd45-pos-PD1-pos-S168-G12-S168-comb","Fibroblasts",3.89850730754022
"cy80-Cd45-pos-PD1-pos-D03-S87-comb","Melanoma cells",NA
"cy80-Cd45-pos-Pd1-neg-S296-E08-S296-comb","B cells",29.4370361953917
"cy79-p1-CD45-pos-PD1-neg-AS-C1-R2-C11-S515-comb","Pericytes",27.4971565568225
"cy79-p1-CD45-pos-PD1-neg-AS-C1-R2-B08-S500-comb","B cells",30.5442939657904
"cy79-p3-CD45-pos-PD1-pos-AS-C2-R1-G10-S466-comb","Melanoma cells",NA
"cy79-p3-CD45-pos-PD1-pos-AS-C2-R1-G11-S467-comb","Melanoma cells",NA
"cy79-p1-CD45-neg-PDL1-pos-AS-C1-R1-F07-S67-comb","Macrophages",NA
"cy79-p1-CD45-neg-PDL1-pos-AS-C1-R1-G01-S73-comb","Macrophages",NA
"cy79-p1-CD45-neg-PDL1-neg-AS-C4-R1-D09-S141-comb","Macrophages",NA
"cy79-p1-CD45-neg-PDL1-neg-AS-C4-R1-D06-S138-comb","Macrophages",NA
"cy79-p1-CD45-neg-PDL1-pos-AS-C1-R1-C04-S28-comb","Macrophages",NA
"cy79-p1-CD45-pos-PD1-pos-AS-C5-R1-D05-S233-comb","Fibroblasts",4.06789092563338
"cy79-p1-CD45-pos-PD1-pos-AS-C5-R1-G01-S265-comb","Keratinocytes",2.92723227541482
"cy79-p1-CD45-neg-PDL1-neg-AS-C4-R1-C01-S121-comb","Macrophages",NA
"cy79-p1-CD45-neg-PDL1-neg-AS-C4-R1-D02-S134-comb","Macrophages",NA
"cy79-p1-CD45-neg-PDL1-neg-AS-C4-R1-F07-S163-comb","Macrophages",NA
"cy79-p1-CD45-pos-PD1-neg-AS-C1-R2-G09-S561-comb","Keratinocytes",1.58869373032194
"cy79-p3-CD45-pos-PD1-pos-AS-C2-R1-C08-S416-comb","Keratinocytes",2.49114468025228
"cy79-p3-CD45-neg-PD1-pos-AS-C3-R1-C01-S313-comb","Macrophages",NA
"cy79-p1-CD45-neg-PDL1-pos-AS-C1-R1-A10-S10-comb","Macrophages",NA
"cy79-p1-CD45-neg-PDL1-pos-AS-C1-R1-G10-S82-comb","Macrophages",NA
"cy79-p1-CD45-pos-PD1-pos-AS-C5-R1-H01-S277-comb","Endothelial",NA
"cy79-p1-CD45-neg-PDL1-pos-AS-C1-R1-B07-S19-comb","Macrophages",NA
"cy79-p3-CD45-pos-PD1-pos-AS-C2-R1-B10-S406-comb","Melanoma cells",NA
"cy79-p1-CD45-pos-PD1-neg-AS-C1-R2-H08-S572-comb","Keratinocytes",3.355035902815
"cy79-p1-CD45-pos-PD1-pos-AS-C5-R1-C02-S218-comb","Melanoma cells",NA
"cy79-p1-CD45-pos-PD1-pos-AS-C5-R1-C08-S224-comb","Melanoma cells",NA
"cy79-p1-CD45-neg-PDL1-neg-AS-C4-R1-B10-S118-comb","Macrophages",NA
"cy79-p1-CD45-pos-PD1-neg-AS-C1-R2-B04-S496-comb","B cells",29.3998497956785
"cy79-p1-CD45-neg-PDL1-neg-AS-C4-R1-D12-S144-comb","Macrophages",NA
"cy79-p1-CD45-pos-PD1-pos-AS-C5-R1-H10-S286-comb","Melanoma cells",NA
"cy79-p1-CD45-pos-PD1-neg-AS-C1-R2-H05-S569-comb","B cells",29.4355390564705
"cy79-p1-CD45-neg-PDL1-neg-AS-C4-R1-D05-S137-comb","Macrophages",NA
"cy79-p3-CD45-neg-PD1-pos-AS-C3-R1-B08-S308-comb","Macrophages",NA
"cy79-p1-CD45-neg-PDL1-pos-AS-C1-R1-B12-S24-comb","Macrophages",NA
"cy79-p1-CD45-neg-PDL1-pos-AS-C1-R1-B02-S14-comb","Macrophages",NA
"cy79-p3-CD45-pos-PD1-pos-AS-C2-R1-F08-S452-comb","Keratinocytes",3.08968372377926
"cy79-p1-CD45-pos-PD1-neg-AS-C1-R2-F05-S545-comb","Pericytes",24.0090760441276
"cy79-p1-CD45-neg-PDL1-pos-AS-C1-R1-C08-S32-comb","Macrophages",NA
"cy79-p1-CD45-neg-PDL1-pos-AS-C1-R1-F06-S66-comb","Macrophages",NA
"cy79-p3-CD45-pos-PD1-pos-AS-C2-R1-C01-S409-comb","Melanoma cells",NA
"cy79-p1-CD45-neg-PDL1-pos-AS-C1-R1-E01-S49-comb","Macrophages",NA
"cy79-p1-CD45-neg-PDL1-neg-AS-C4-R1-F01-S157-comb","Macrophages",NA
"cy79-p1-CD45-neg-PDL1-pos-AS-C1-R1-D09-S45-comb","Macrophages",NA
"cy79-p3-CD45-pos-PD1-pos-AS-C2-R1-A08-S392-comb","Melanoma cells",NA
"cy79-p3-CD45-pos-PD1-pos-AS-C2-R1-D12-S432-comb","Fibroblasts",NA
"cy79-p1-CD45-pos-PD1-pos-AS-C5-R1-H03-S279-comb","Melanoma cells",NA
"cy79-p1-CD45-neg-PDL1-neg-AS-C4-R1-H01-S181-comb","Macrophages",NA
"cy79-p1-CD45-neg-PDL1-pos-AS-C1-R1-A04-S4-comb","Macrophages",NA
"cy79-p3-CD45-pos-PD1-pos-AS-C2-R1-C04-S412-comb","Fibroblasts",4.05738137118425
"cy79-p1-CD45-neg-PDL1-pos-AS-C1-R1-B08-S20-comb","Macrophages",NA
"cy79-p3-CD45-neg-PD1-pos-AS-C3-R1-D11-S335-comb","Macrophages",NA
"cy79-p3-CD45-neg-PD1-pos-AS-C3-R1-D10-S334-comb","Macrophages",NA
"cy79-p3-CD45-neg-PD1-pos-AS-C3-R1-H01-S373-comb","Macrophages",NA
"cy79-p1-CD45-neg-PDL1-neg-AS-C4-R1-F03-S159-comb","Macrophages",NA
"cy79-p3-CD45-pos-PD1-pos-AS-C2-R1-C11-S419-comb","Melanoma cells",NA
"cy79-p1-CD45-neg-PDL1-pos-AS-C1-R1-E08-S56-comb","Macrophages",NA
"cy79-p1-CD45-pos-PD1-neg-AS-C1-R2-B12-S504-comb","B cells",30.8384690717297
"cy79-p1-CD45-pos-PD1-pos-AS-C5-R1-G08-S272-comb","Melanoma cells",NA
"cy79-p1-CD45-neg-PDL1-pos-AS-C1-R1-A07-S7-comb","Macrophages",NA
"cy79-p1-CD45-neg-PDL1-neg-AS-C4-R1-B11-S119-comb","Macrophages",NA
"cy79-p3-CD45-neg-PD1-pos-AS-C3-R1-D04-S328-comb","Macrophages",NA
"cy79-p1-CD45-neg-PDL1-neg-AS-C4-R1-G02-S170-comb","Macrophages",NA
"cy79-p1-CD45-pos-PD1-neg-AS-C1-R2-E11-S539-comb","Keratinocytes",3.9248962020994
"cy79-p1-CD45-pos-PD1-neg-AS-C1-R2-E06-S534-comb","B cells",31.0235147490124
"cy79-p3-CD45-pos-PD1-pos-AS-C2-R1-B02-S398-comb","Melanoma cells",NA
"cy79-p3-CD45-pos-PD1-pos-AS-C2-R1-F04-S448-comb","Melanoma cells",NA
"cy79-p1-CD45-pos-PD1-pos-AS-C5-R1-C10-S226-comb","Melanoma cells",NA
"cy79-p1-CD45-pos-PD1-neg-AS-C1-R2-G02-S554-comb","B cells",28.9396675848302
"cy79-p3-CD45-neg-PD1-pos-AS-C3-R1-H03-S375-comb","Macrophages",NA
"cy79-p1-CD45-neg-PDL1-neg-AS-C4-R1-F11-S167-comb","Macrophages",NA
"cy79-p1-CD45-pos-PD1-pos-AS-C5-R1-G09-S273-comb","Melanoma cells",NA
"cy79-p3-CD45-neg-PD1-pos-AS-C3-R1-C04-S316-comb","Macrophages",NA
"cy79-p1-CD45-neg-PDL1-neg-AS-C4-R1-F06-S162-comb","Macrophages",NA
"cy79-p1-CD45-pos-PD1-pos-AS-C5-R1-H05-S281-comb","Fibroblasts",3.01143419370132
"cy79-p1-CD45-pos-PD1-pos-AS-C5-R1-B06-S210-comb","Melanoma cells",NA
"cy79-p1-CD45-pos-PD1-neg-AS-C1-R2-C03-S507-comb","Keratinocytes",1.87600254906989
"cy79-p1-CD45-pos-PD1-pos-AS-C5-R1-D07-S235-comb","Melanoma cells",NA
"cy79-p1-CD45-neg-PDL1-neg-AS-C4-R1-A12-S108-comb","Macrophages",NA
"cy79-p3-CD45-neg-PD1-pos-AS-C3-R1-B04-S304-comb","Macrophages",NA
"cy79-p1-CD45-neg-PDL1-neg-AS-C4-R1-F04-S160-comb","Macrophages",NA
"cy79-p1-CD45-neg-PDL1-neg-AS-C4-R1-C08-S128-comb","Macrophages",NA
"cy79-p3-CD45-pos-PD1-pos-AS-C2-R1-F09-S453-comb","Melanoma cells",NA
"cy79-p1-CD45-neg-PDL1-pos-AS-C1-R1-F03-S63-comb","Macrophages",NA
"cy79-p1-CD45-neg-PDL1-neg-AS-C4-R1-H07-S187-comb","Macrophages",NA
"cy79-p1-CD45-neg-PDL1-neg-AS-C4-R1-B07-S115-comb","Macrophages",NA
"cy79-p1-CD45-neg-PDL1-neg-AS-C4-R1-G04-S172-comb","Macrophages",NA
"cy79-p1-CD45-pos-PD1-neg-AS-C1-R2-F09-S549-comb","B cells",30.0373974586172
"cy79-p1-CD45-neg-PDL1-pos-AS-C1-R1-G07-S79-comb","Macrophages",NA
"cy79-p1-CD45-neg-PDL1-neg-AS-C4-R1-G12-S180-comb","Macrophages",NA
"cy79-p3-CD45-neg-PD1-pos-AS-C3-R1-B10-S310-comb","Macrophages",NA
"cy79-p1-CD45-pos-PD1-pos-AS-C5-R1-G11-S275-comb","Melanoma cells",NA
"cy79-p1-CD45-pos-PD1-neg-AS-C1-R2-E07-S535-comb","B cells",30.1541070400972
"cy79-p1-CD45-pos-PD1-pos-AS-C5-R1-A10-S202-comb","Melanoma cells",NA
"cy79-p1-CD45-neg-PDL1-pos-AS-C1-R1-G03-S75-comb","Macrophages",NA
"cy79-p1-CD45-pos-PD1-pos-AS-C5-R1-C07-S223-comb","Melanoma cells",NA
"cy79-p1-CD45-pos-PD1-pos-AS-C5-R1-F10-S262-comb","Melanoma cells",NA
"cy79-p1-CD45-neg-PDL1-pos-AS-C1-R1-G09-S81-comb","Macrophages",NA
"cy79-p1-CD45-pos-PD1-neg-AS-C1-R2-H04-S568-comb","B cells",28.5927639661203
"cy79-p3-CD45-neg-PD1-pos-AS-C3-R1-B11-S311-comb","Macrophages",NA
"cy79-p1-CD45-neg-PDL1-neg-AS-C4-R1-B04-S112-comb","Macrophages",NA
"cy79-p1-CD45-neg-PDL1-pos-AS-C1-R1-C10-S34-comb","Macrophages",NA
"cy79-p1-CD45-pos-PD1-neg-AS-C1-R2-B03-S495-comb","B cells",29.2653449643645
"cy79-p1-CD45-pos-PD1-neg-AS-C1-R2-E04-S532-comb","B cells",29.2058582745807
"cy79-p3-CD45-pos-PD1-pos-AS-C2-R1-B08-S404-comb","Melanoma cells",NA
"cy79-p1-CD45-neg-PDL1-pos-AS-C1-R1-E11-S59-comb","Macrophages",NA
"cy79-p1-CD45-neg-PDL1-neg-AS-C4-R1-C07-S127-comb","Macrophages",NA
"cy79-p1-CD45-neg-PDL1-pos-AS-C1-R1-D10-S46-comb","Macrophages",NA
"cy79-p1-CD45-neg-PDL1-pos-AS-C1-R1-G06-S78-comb","Macrophages",NA
"cy79-p3-CD45-pos-PD1-pos-AS-C2-R1-F12-S456-comb","Melanoma cells",NA
"cy79-p1-CD45-pos-PD1-neg-AS-C1-R2-G06-S558-comb","B cells",30.1378669975058
"cy79-p1-CD45-pos-PD1-pos-AS-C5-R1-B09-S213-comb","Fibroblasts",3.02401713303413
"cy79-p3-CD45-pos-PD1-pos-AS-C2-R1-B12-S408-comb","Keratinocytes",3.65305401167785
"cy79-p3-CD45-neg-PD1-pos-AS-C3-R1-H02-S374-comb","Macrophages",NA
"cy79-p1-CD45-pos-PD1-pos-AS-C5-R1-H12-S288-comb","Endothelial",NA
"cy79-p1-CD45-neg-PDL1-neg-AS-C4-R1-B09-S117-comb","Macrophages",NA
"cy79-p1-CD45-pos-PD1-neg-AS-C1-R2-C12-S516-comb","B cells",30.8531145507484
"cy79-p3-CD45-pos-PD1-pos-AS-C2-R1-G04-S460-comb","Fibroblasts",4.1838712959364
"cy79-p3-CD45-pos-PD1-pos-AS-C2-R1-B01-S397-comb","Melanoma cells",NA
"cy79-p1-CD45-neg-PDL1-neg-AS-C4-R1-H09-S189-comb","Macrophages",NA
"cy79-p3-CD45-pos-PD1-pos-AS-C2-R1-E01-S433-comb","Melanoma cells",NA
"cy79-p3-CD45-pos-PD1-pos-AS-C2-R1-B03-S399-comb","Endothelial",NA
"cy79-p1-CD45-pos-PD1-pos-AS-C5-R1-B08-S212-comb","Melanoma cells",NA
"cy79-p3-CD45-neg-PD1-pos-AS-C3-R1-B06-S306-comb","Macrophages",NA
"cy79-p1-CD45-pos-PD1-pos-AS-C5-R1-B02-S206-comb","Keratinocytes",1.90728149062981
"cy79-p3-CD45-pos-PD1-pos-AS-C2-R1-C10-S418-comb","Endothelial",NA
"cy79-p3-CD45-neg-PD1-pos-AS-C3-R1-C05-S317-comb","Macrophages",NA
"cy79-p3-CD45-neg-PD1-pos-AS-C3-R1-D07-S331-comb","Macrophages",NA
"cy79-p3-CD45-pos-PD1-pos-AS-C2-R1-D02-S422-comb","Melanoma cells",NA
"cy79-p1-CD45-neg-PDL1-neg-AS-C4-R1-A10-S106-comb","Macrophages",NA
"cy79-p1-CD45-pos-PD1-neg-AS-C1-R2-G03-S555-comb","B cells",30.1085937391062
"cy79-p1-CD45-neg-PDL1-pos-AS-C1-R1-G08-S80-comb","Macrophages",NA
"cy79-p1-CD45-neg-PDL1-pos-AS-C1-R1-E04-S52-comb","Macrophages",NA
"cy79-p1-CD45-pos-PD1-neg-AS-C1-R2-D08-S524-comb","B cells",29.8608377363468
"cy79-p1-CD45-pos-PD1-pos-AS-C5-R1-F09-S261-comb","Melanoma cells",NA
"cy79-p3-CD45-neg-PD1-pos-AS-C3-R1-E11-S347-comb","Macrophages",NA
"cy79-p1-CD45-pos-PD1-pos-AS-C5-R1-D08-S236-comb","Melanoma cells",NA
"cy79-p1-CD45-neg-PDL1-pos-AS-C1-R1-A12-S12-comb","Macrophages",NA
"cy79-p1-CD45-pos-PD1-pos-AS-C5-R1-F05-S257-comb","Melanoma cells",NA
"cy79-p1-CD45-neg-PDL1-pos-AS-C1-R1-B04-S16-comb","Macrophages",NA
"cy79-p3-CD45-pos-PD1-pos-AS-C2-R1-F03-S447-comb","Melanoma cells",NA
"cy79-p3-CD45-pos-PD1-pos-AS-C2-R1-F10-S454-comb","Melanoma cells",NA
"cy79-p1-CD45-pos-PD1-pos-AS-C5-R1-H07-S283-comb","Melanoma cells",NA
"cy79-p1-CD45-pos-PD1-pos-AS-C5-R1-F03-S255-comb","Fibroblasts",3.74845217848251
"cy79-p1-CD45-pos-PD1-neg-AS-C1-R2-H10-S574-comb","Keratinocytes",1.4106411851257
"cy79-p3-CD45-neg-PD1-pos-AS-C3-R1-D08-S332-comb","Macrophages",NA
"cy79-p3-CD45-neg-PD1-pos-AS-C3-R1-F03-S351-comb","Macrophages",NA
"cy79-p1-CD45-pos-PD1-neg-AS-C1-R2-B11-S503-comb","B cells",31.1624119058307
"cy79-p3-CD45-pos-PD1-pos-AS-C2-R1-E05-S437-comb","Fibroblasts",2.99173937390034
"cy79-p1-CD45-neg-PDL1-neg-AS-C4-R1-C05-S125-comb","Macrophages",NA
"cy79-p1-CD45-pos-PD1-neg-AS-C1-R2-G08-S560-comb","B cells",29.2664296722783
"cy79-p3-CD45-pos-PD1-pos-AS-C2-R1-E08-S440-comb","Fibroblasts",3.5145434197765
"cy79-p3-CD45-pos-PD1-pos-AS-C2-R1-E07-S439-comb","Melanoma cells",NA
"cy79-p1-CD45-neg-PDL1-pos-AS-C1-R1-E05-S53-comb","Macrophages",NA
"cy79-p1-CD45-neg-PDL1-neg-AS-C4-R1-E01-S145-comb","Macrophages",NA
"cy79-p1-CD45-neg-PDL1-pos-AS-C1-R1-A11-S11-comb","Macrophages",NA
"cy79-p1-CD45-neg-PDL1-pos-AS-C1-R1-G05-S77-comb","Macrophages",NA
"cy79-p1-CD45-pos-PD1-neg-AS-C1-R2-D02-S518-comb","Keratinocytes",1.80847054367513
"cy79-p1-CD45-pos-PD1-neg-AS-C1-R2-D10-S526-comb","B cells",30.4500267142202
"cy79-p1-CD45-neg-PDL1-pos-AS-C1-R1-G11-S83-comb","Macrophages",NA
"cy79-p3-CD45-neg-PD1-pos-AS-C3-R1-G06-S366-comb","Macrophages",NA
"cy79-p3-CD45-neg-PD1-pos-AS-C3-R1-G01-S361-comb","Macrophages",NA
"cy79-p1-CD45-pos-PD1-pos-AS-C5-R1-C01-S217-comb","Melanoma cells",NA
"cy79-p1-CD45-neg-PDL1-pos-AS-C1-R1-F10-S70-comb","Macrophages",NA
"cy79-p1-CD45-neg-PDL1-pos-AS-C1-R1-F02-S62-comb","Macrophages",NA
"cy79-p1-CD45-neg-PDL1-pos-AS-C1-R1-E02-S50-comb","Macrophages",NA
"cy79-p1-CD45-neg-PDL1-neg-AS-C4-R1-C12-S132-comb","Macrophages",NA
"cy79-p1-CD45-neg-PDL1-pos-AS-C1-R1-A06-S6-comb","Macrophages",NA
"cy79-p1-CD45-neg-PDL1-neg-AS-C4-R1-B05-S113-comb","Macrophages",NA
"cy79-p3-CD45-pos-PD1-pos-AS-C2-R1-A10-S394-comb","Endothelial",2.1856180614198
"cy79-p1-CD45-pos-PD1-pos-AS-C5-R1-D11-S239-comb","Endothelial",NA
"cy79-p1-CD45-pos-PD1-pos-AS-C5-R1-C04-S220-comb","Melanoma cells",NA
"cy79-p3-CD45-pos-PD1-pos-AS-C2-R1-G12-S468-comb","Melanoma cells",NA
"cy79-p1-CD45-pos-PD1-neg-AS-C1-R2-B06-S498-comb","Keratinocytes",1.80993803362871
"cy79-p1-CD45-pos-PD1-neg-AS-C1-R2-E09-S537-comb","B cells",30.2245547632057
"cy79-p1-CD45-neg-PDL1-pos-AS-C1-R1-A09-S9-comb","Macrophages",NA
"cy79-p1-CD45-neg-PDL1-neg-AS-C4-R1-A02-S98-comb","Macrophages",NA
"cy79-p1-CD45-neg-PDL1-neg-AS-C4-R1-G09-S177-comb","Macrophages",NA
"cy79-p3-CD45-neg-PD1-pos-AS-C3-R1-D02-S326-comb","Macrophages",NA
"cy79-p1-CD45-neg-PDL1-neg-AS-C4-R1-C04-S124-comb","Macrophages",NA
"cy79-p1-CD45-pos-PD1-neg-AS-C1-R2-C06-S510-comb","B cells",30.3251432316077
"cy79-p1-CD45-pos-PD1-neg-AS-C1-R2-C04-S508-comb","B cells",30.7565629562926
"cy79-p1-CD45-pos-PD1-neg-AS-C1-R2-F07-S547-comb","Keratinocytes",1.83691827062089
"cy79-p1-CD45-pos-PD1-pos-AS-C5-R1-D02-S230-comb","Melanoma cells",NA
"cy79-p1-CD45-neg-PDL1-neg-AS-C4-R1-B03-S111-comb","Macrophages",NA
"cy79-p3-CD45-pos-PD1-pos-AS-C2-R1-G01-S457-comb","Melanoma cells",NA
"cy79-p1-CD45-pos-PD1-pos-AS-C5-R1-G06-S270-comb","Fibroblasts",4.4604241740869
"cy79-p3-CD45-neg-PD1-pos-AS-C3-R1-E03-S339-comb","Macrophages",NA
"cy79-p1-CD45-pos-PD1-neg-AS-C1-R2-G10-S562-comb","B cells",31.0998070218746
"cy79-p1-CD45-neg-PDL1-neg-AS-C4-R1-C06-S126-comb","Macrophages",NA
"cy79-p1-CD45-neg-PDL1-neg-AS-C4-R1-C09-S129-comb","Macrophages",NA
"cy79-p1-CD45-pos-PD1-pos-AS-C5-R1-G04-S268-comb","Melanoma cells",NA
"cy79-p3-CD45-neg-PD1-pos-AS-C3-R1-C12-S324-comb","Macrophages",NA
"cy79-p1-CD45-neg-PDL1-neg-AS-C4-R1-A08-S104-comb","Macrophages",NA
"cy79-p1-CD45-pos-PD1-pos-AS-C5-R1-D01-S229-comb","Endothelial",NA
"cy79-p1-CD45-neg-PDL1-pos-AS-C1-R1-G02-S74-comb","Macrophages",NA
"cy79-p3-CD45-neg-PD1-pos-AS-C3-R1-D03-S327-comb","Macrophages",NA
"cy79-p3-CD45-pos-PD1-pos-AS-C2-R1-A11-S395-comb","Fibroblasts",3.19046259851989
"cy79-p1-CD45-neg-PDL1-pos-AS-C1-R1-E09-S57-comb","Macrophages",NA
"cy79-p1-CD45-neg-PDL1-neg-AS-C4-R1-G07-S175-comb","Macrophages",NA
"cy79-p1-CD45-pos-PD1-pos-AS-C5-R1-H02-S278-comb","Melanoma cells",NA
"cy79-p1-CD45-pos-PD1-pos-AS-C5-R1-G03-S267-comb","Melanoma cells",NA
"cy79-p1-CD45-pos-PD1-pos-AS-C5-R1-G02-S266-comb","Melanoma cells",NA
"cy79-p3-CD45-neg-PD1-pos-AS-C3-R1-B12-S312-comb","Macrophages",NA
"cy79-p3-CD45-neg-PD1-pos-AS-C3-R1-G11-S371-comb","Macrophages",NA
"cy79-p1-CD45-pos-PD1-neg-AS-C1-R2-H07-S571-comb","B cells",28.6186165445857
"cy79-p3-CD45-pos-PD1-pos-AS-C2-R1-F05-S449-comb","Melanoma cells",NA
"cy79-p3-CD45-neg-PD1-pos-AS-C3-R1-F08-S356-comb","Macrophages",NA
"cy79-p1-CD45-pos-PD1-neg-AS-C1-R2-D03-S519-comb","B cells",29.2442712792568
"cy79-p1-CD45-pos-PD1-neg-AS-C1-R2-D07-S523-comb","B cells",30.5017711550301
"cy79-p3-CD45-neg-PD1-pos-AS-C3-R1-G03-S363-comb","Macrophages",NA
"cy79-p1-CD45-pos-PD1-pos-AS-C5-R1-F04-S256-comb","Endothelial",NA
"cy79-p1-CD45-pos-PD1-neg-AS-C1-R2-D12-S528-comb","Keratinocytes",1.35999133632058
"cy79-p1-CD45-pos-PD1-pos-AS-C5-R1-D03-S231-comb","Fibroblasts",3.97634473857979
"cy79-p1-CD45-neg-PDL1-neg-AS-C4-R1-F08-S164-comb","Macrophages",NA
"cy79-p1-CD45-neg-PDL1-neg-AS-C4-R1-H04-S184-comb","Macrophages",NA
"cy79-p3-CD45-neg-PD1-pos-AS-C3-R1-C09-S321-comb","Macrophages",NA
"cy79-p1-CD45-neg-PDL1-neg-AS-C4-R1-C03-S123-comb","Macrophages",NA
"cy79-p1-CD45-pos-PD1-pos-AS-C5-R1-B04-S208-comb","Melanoma cells",NA
"cy79-p1-CD45-pos-PD1-neg-AS-C1-R2-C02-S506-comb","Keratinocytes",2.14897999192253
"cy79-p1-CD45-neg-PDL1-neg-AS-C4-R1-F12-S168-comb","Macrophages",NA
"cy79-p3-CD45-pos-PD1-pos-AS-C2-R1-C06-S414-comb","Melanoma cells",NA
"cy79-p1-CD45-neg-PDL1-neg-AS-C4-R1-B01-S109-comb","Macrophages",NA
"cy79-p1-CD45-neg-PDL1-neg-AS-C4-R1-D08-S140-comb","Macrophages",NA
"cy79-p1-CD45-neg-PDL1-neg-AS-C4-R1-D10-S142-comb","Macrophages",NA
"cy79-p1-CD45-pos-PD1-neg-AS-C1-R2-C10-S514-comb","B cells",31.1268190308933
"cy79-p1-CD45-neg-PDL1-neg-AS-C4-R1-B06-S114-comb","Macrophages",NA
"cy79-p3-CD45-neg-PD1-pos-AS-C3-R1-G10-S370-comb","Macrophages",NA
"cy79-p1-CD45-pos-PD1-neg-AS-C1-R2-E08-S536-comb","Keratinocytes",3.6589313619099
"cy79-p1-CD45-neg-PDL1-pos-AS-C1-R1-B06-S18-comb","Macrophages",NA
"cy79-p3-CD45-neg-PD1-pos-AS-C3-R1-C08-S320-comb","Macrophages",NA
"cy79-p3-CD45-neg-PD1-pos-AS-C3-R1-F09-S357-comb","Macrophages",NA
"cy79-p1-CD45-pos-PD1-pos-AS-C5-R1-D10-S238-comb","Melanoma cells",NA
"cy79-p3-CD45-pos-PD1-pos-AS-C2-R1-B07-S403-comb","Fibroblasts",4.0323174015887
"cy79-p1-CD45-pos-PD1-pos-AS-C5-R1-H11-S287-comb","Endothelial",NA
"cy79-p1-CD45-pos-PD1-neg-AS-C1-R2-B10-S502-comb","B cells",29.4079691927444
"cy79-p1-CD45-neg-PDL1-pos-AS-C1-R1-G12-S84-comb","Macrophages",NA
"cy79-p3-CD45-neg-PD1-pos-AS-C3-R1-E12-S348-comb","Macrophages",NA
"cy79-p3-CD45-pos-PD1-pos-AS-C2-R1-B06-S402-comb","Keratinocytes",2.93864140183332
"cy79-p3-CD45-pos-PD1-pos-AS-C2-R1-G08-S464-comb","Fibroblasts",3.18991164505142
"cy79-p3-CD45-pos-PD1-pos-AS-C2-R1-F06-S450-comb","Melanoma cells",NA
"cy79-p1-CD45-pos-PD1-neg-AS-C1-R2-C08-S512-comb","B cells",28.8626583103726
"cy79-p1-CD45-neg-PDL1-pos-AS-C1-R1-D07-S43-comb","Macrophages",NA
"cy79-p3-CD45-neg-PD1-pos-AS-C3-R1-C10-S322-comb","Macrophages",NA
"cy79-p1-CD45-pos-PD1-neg-AS-C1-R2-E05-S533-comb","B cells",29.6849804926888
"cy79-p1-CD45-pos-PD1-neg-AS-C1-R2-G11-S563-comb","B cells",29.4852011142834
"cy79-p1-CD45-neg-PDL1-pos-AS-C1-R1-D11-S47-comb","Macrophages",NA
"cy79-p3-CD45-neg-PD1-pos-AS-C3-R1-H06-S378-comb","Macrophages",NA
"cy79-p1-CD45-neg-PDL1-neg-AS-C4-R1-G01-S169-comb","Macrophages",NA
"cy79-p1-CD45-neg-PDL1-neg-AS-C4-R1-A09-S105-comb","Macrophages",NA
"cy79-p3-CD45-pos-PD1-pos-AS-C2-R1-E12-S444-comb","Endothelial",NA
"cy79-p1-CD45-neg-PDL1-neg-AS-C4-R1-C11-S131-comb","Macrophages",NA
"cy79-p1-CD45-pos-PD1-pos-AS-C5-R1-B10-S214-comb","Fibroblasts",3.52984718510244
"cy79-p3-CD45-pos-PD1-pos-AS-C2-R1-D08-S428-comb","Melanoma cells",NA
"cy79-p1-CD45-neg-PDL1-pos-AS-C1-R1-E06-S54-comb","Macrophages",NA
"cy79-p3-CD45-neg-PD1-pos-AS-C3-R1-E06-S342-comb","Macrophages",NA
"cy79-p1-CD45-neg-PDL1-pos-AS-C1-R1-A08-S8-comb","Macrophages",NA
"cy79-p1-CD45-neg-PDL1-pos-AS-C1-R1-A03-S3-comb","Macrophages",NA
"cy79-p1-CD45-neg-PDL1-neg-AS-C4-R1-H12-S192-comb","Macrophages",NA
"cy79-p1-CD45-neg-PDL1-neg-AS-C4-R1-H06-S186-comb","Macrophages",NA
"cy79-p3-CD45-neg-PD1-pos-AS-C3-R1-A03-S291-comb","Macrophages",NA
"cy79-p1-CD45-neg-PDL1-pos-AS-C1-R1-C09-S33-comb","Macrophages",NA
"cy79-p1-CD45-pos-PD1-neg-AS-C1-R2-F03-S543-comb","B cells",28.6084729291194
"cy79-p3-CD45-neg-PD1-pos-AS-C3-R1-E02-S338-comb","Macrophages",NA
"cy79-p1-CD45-neg-PDL1-neg-AS-C4-R1-H08-S188-comb","Macrophages",NA
"cy79-p1-CD45-pos-PD1-neg-AS-C1-R2-E12-S540-comb","B cells",28.6369854528223
"cy79-p3-CD45-pos-PD1-pos-AS-C2-R1-F02-S446-comb","Fibroblasts",4.4604241740869
"cy79-p3-CD45-pos-PD1-pos-AS-C2-R1-G07-S463-comb","Melanoma cells",NA
"cy79-p3-CD45-pos-PD1-pos-AS-C2-R1-B09-S405-comb","Fibroblasts",NA
"cy79-p1-CD45-neg-PDL1-neg-AS-C4-R1-A04-S100-comb","Macrophages",NA
"cy79-p3-CD45-pos-PD1-pos-AS-C2-R1-D01-S421-comb","Melanoma cells",NA
"cy79-p1-CD45-pos-PD1-neg-AS-C1-R2-E03-S531-comb","B cells",29.5359712230385
"cy79-p1-CD45-neg-PDL1-pos-AS-C1-R1-D01-S37-comb","Macrophages",NA
"cy79-p1-CD45-pos-PD1-pos-AS-C5-R1-C03-S219-comb","Fibroblasts",4.05604214142115
"cy79-p1-CD45-neg-PDL1-pos-AS-C1-R1-C07-S31-comb","Macrophages",NA
"cy79-p1-CD45-pos-PD1-pos-AS-C5-R1-C09-S225-comb","Melanoma cells",NA
"cy79-p3-CD45-neg-PD1-pos-AS-C3-R1-C02-S314-comb","Macrophages",NA
"cy79-p1-CD45-pos-PD1-neg-AS-C1-R2-C05-S509-comb","B cells",28.4972142636063
"cy79-p3-CD45-neg-PD1-pos-AS-C3-R1-G12-S372-comb","Macrophages",NA
"cy79-p1-CD45-pos-PD1-neg-AS-C1-R2-E10-S538-comb","Keratinocytes",3.54278986641902
"cy79-p3-CD45-neg-PD1-pos-AS-C3-R1-C07-S319-comb","Other",24.0077220570727
"cy79-p3-CD45-neg-PD1-pos-AS-C3-R1-F12-S360-comb","Macrophages",NA
"cy79-p3-CD45-neg-PD1-pos-AS-C3-R1-E10-S346-comb","Macrophages",NA
"cy79-p1-CD45-pos-PD1-pos-AS-C5-R1-G05-S269-comb","Melanoma cells",NA
"cy79-p1-CD45-neg-PDL1-neg-AS-C4-R1-H10-S190-comb","Macrophages",NA
"cy79-p1-CD45-pos-PD1-neg-AS-C1-R2-C07-S511-comb","B cells",30.8930154934823
"cy79-p1-CD45-neg-PDL1-neg-AS-C4-R1-G10-S178-comb","Macrophages",NA
"cy79-p3-CD45-neg-PD1-pos-AS-C3-R1-A02-S290-comb","Macrophages",NA
"cy79-p1-CD45-pos-PD1-neg-AS-C1-R2-H09-S573-comb","B cells",29.2522951044999
"cy79-p1-CD45-pos-PD1-pos-AS-C5-R1-B05-S209-comb","Melanoma cells",NA
"cy79-p3-CD45-pos-PD1-pos-AS-C2-R1-B05-S401-comb","Melanoma cells",NA
"cy79-p1-CD45-neg-PDL1-neg-AS-C4-R1-G03-S171-comb","Macrophages",NA
"cy79-p1-CD45-pos-PD1-neg-AS-C1-R2-F10-S550-comb","B cells",30.798007199316
"cy79-p1-CD45-neg-PDL1-pos-AS-C1-R1-E03-S51-comb","Macrophages",NA
"cy79-p1-CD45-neg-PDL1-pos-AS-C1-R1-G04-S76-comb","Macrophages",NA
"cy79-p3-CD45-pos-PD1-pos-AS-C2-R1-F11-S455-comb","Fibroblasts",4.32385252195091
"cy79-p1-CD45-pos-PD1-neg-AS-C1-R2-G12-S564-comb","Pericytes",28.1284317589572
"cy79-p1-CD45-pos-PD1-pos-AS-C5-R1-C06-S222-comb","Endothelial",NA
"cy79-p3-CD45-pos-PD1-pos-AS-C2-R1-E09-S441-comb","Melanoma cells",NA
"cy79-p1-CD45-neg-PDL1-pos-AS-C1-R1-B01-S13-comb","Macrophages",NA
"cy79-p3-CD45-neg-PD1-pos-AS-C3-R1-D09-S333-comb","Macrophages",NA
"cy79-p1-CD45-pos-PD1-neg-AS-C1-R2-B07-S499-comb","B cells",30.2147005787482
"cy79-p1-CD45-pos-PD1-neg-AS-C1-R2-E02-S530-comb","B cells",29.1268309671591
"cy79-p3-CD45-pos-PD1-pos-AS-C2-R1-A12-S396-comb","Melanoma cells",NA
"cy79-p1-CD45-pos-PD1-pos-AS-C5-R1-D06-S234-comb","Melanoma cells",NA
"cy79-p1-CD45-pos-PD1-pos-AS-C5-R1-F07-S259-comb","Fibroblasts",4.4604241740869
"cy79-p1-CD45-neg-PDL1-pos-AS-C1-R1-B05-S17-comb","Macrophages",NA
"cy79-p1-CD45-pos-PD1-pos-AS-C5-R1-G12-S276-comb","Melanoma cells",NA
"cy79-p3-CD45-pos-PD1-pos-AS-C2-R1-C09-S417-comb","Melanoma cells",NA
"cy79-p3-CD45-neg-PD1-pos-AS-C3-R1-E09-S345-comb","Macrophages",NA
"cy79-p1-CD45-pos-PD1-pos-AS-C5-R1-A02-S194-comb","Fibroblasts",2.98102533774295
"cy79-p3-CD45-pos-PD1-pos-AS-C2-R1-C12-S420-comb","Melanoma cells",NA
"cy79-p1-CD45-neg-PDL1-pos-AS-C1-R1-D12-S48-comb","Macrophages",NA
"cy79-p1-CD45-neg-PDL1-pos-AS-C1-R1-D08-S44-comb","Macrophages",NA
"cy79-p3-CD45-pos-PD1-pos-AS-C2-R1-F07-S451-comb","Fibroblasts",3.6704827147609
"cy79-p1-CD45-pos-PD1-pos-AS-C5-R1-F11-S263-comb","Melanoma cells",NA
"cy79-p1-CD45-neg-PDL1-neg-AS-C4-R1-B02-S110-comb","Macrophages",NA
"cy79-p3-CD45-neg-PD1-pos-AS-C3-R1-F10-S358-comb","Macrophages",NA
"cy79-p1-CD45-neg-PDL1-neg-AS-C4-R1-H02-S182-comb","Macrophages",NA
"cy79-p3-CD45-pos-PD1-pos-AS-C2-R1-E11-S443-comb","Fibroblasts",3.46432467023544
"cy79-p3-CD45-neg-PD1-pos-AS-C3-R1-A06-S294-comb","Macrophages",NA
"cy79-p3-CD45-neg-PD1-pos-AS-C3-R1-A12-S300-comb","Macrophages",NA
"cy79-p1-CD45-neg-PDL1-pos-AS-C1-R1-F09-S69-comb","Macrophages",NA
"cy79-p3-CD45-neg-PD1-pos-AS-C3-R1-G04-S364-comb","Macrophages",NA
"cy79-p3-CD45-neg-PD1-pos-AS-C3-R1-G05-S365-comb","Macrophages",NA
"cy79-p3-CD45-neg-PD1-pos-AS-C3-R1-B09-S309-comb","Macrophages",NA
"cy79-p1-CD45-pos-PD1-pos-AS-C5-R1-F08-S260-comb","Melanoma cells",NA
"cy79-p1-CD45-neg-PDL1-neg-AS-C4-R1-G06-S174-comb","Macrophages",NA
"cy79-p1-CD45-neg-PDL1-neg-AS-C4-R1-F09-S165-comb","Macrophages",NA
"cy79-p1-CD45-pos-PD1-neg-AS-C1-R2-C01-S505-comb","Keratinocytes",1.63383168510704
"cy79-p3-CD45-neg-PD1-pos-AS-C3-R1-H12-S384-comb","Macrophages",NA
"cy79-p1-CD45-neg-PDL1-neg-AS-C4-R1-A05-S101-comb","Macrophages",NA
"cy79-p1-CD45-pos-PD1-neg-AS-C1-R2-D11-S527-comb","Keratinocytes",2.6687748060915
"cy79-p3-CD45-neg-PD1-pos-AS-C3-R1-C06-S318-comb","Macrophages",NA
"cy79-p1-CD45-pos-PD1-pos-AS-C5-R1-B07-S211-comb","Melanoma cells",NA
"cy79-p1-CD45-pos-PD1-pos-AS-C5-R1-G10-S274-comb","Endothelial",NA
"cy79-p1-CD45-pos-PD1-pos-AS-C5-R1-C12-S228-comb","Melanoma cells",NA
"cy79-p3-CD45-pos-PD1-pos-AS-C2-R1-E06-S438-comb","Endothelial",NA
"cy79-p1-CD45-neg-PDL1-pos-AS-C1-R1-C11-S35-comb","Macrophages",NA
"cy79-p1-CD45-pos-PD1-neg-AS-C1-R2-G01-S553-comb","B cells",29.8943876709002
"cy79-p3-CD45-neg-PD1-pos-AS-C3-R1-B07-S307-comb","Macrophages",NA
"cy79-p3-CD45-pos-PD1-pos-AS-C2-R1-E10-S442-comb","Melanoma cells",NA
"cy79-p1-CD45-pos-PD1-neg-AS-C1-R2-H06-S570-comb","B cells",29.7089454256991
"cy79-p1-CD45-pos-PD1-neg-AS-C1-R2-F04-S544-comb","B cells",29.7882372188342
"cy79-p1-CD45-pos-PD1-pos-AS-C5-R1-C11-S227-comb","Endothelial",NA
"cy79-p3-CD45-neg-PD1-pos-AS-C3-R1-D12-S336-comb","Macrophages",NA
"cy79-p1-CD45-pos-PD1-neg-AS-C1-R2-G04-S556-comb","B cells",28.4932633374984
"cy79-p1-CD45-neg-PDL1-neg-AS-C4-R1-C10-S130-comb","Macrophages",NA
"cy79-p3-CD45-pos-PD1-pos-AS-C2-R1-F01-S445-comb","Pericytes",27.7606033112457
"cy79-p1-CD45-neg-PDL1-pos-AS-C1-R1-F08-S68-comb","Macrophages",NA
"cy79-p1-CD45-pos-PD1-neg-AS-C1-R2-B01-S493-comb","Keratinocytes",1.50669249585361
"cy79-p1-CD45-neg-PDL1-pos-AS-C1-R1-D06-S42-comb","Macrophages",NA
"cy79-p3-CD45-pos-PD1-pos-AS-C2-R1-B11-S407-comb","Melanoma cells",NA
"cy79-p1-CD45-pos-PD1-pos-AS-C5-R1-C05-S221-comb","Melanoma cells",NA
"cy79-p1-CD45-pos-PD1-pos-AS-C5-R1-D09-S237-comb","Fibroblasts",4.57308217443699
"cy79-p1-CD45-neg-PDL1-pos-AS-C1-R1-E07-S55-comb","Macrophages",NA
"cy79-p3-CD45-pos-PD1-pos-AS-C2-R1-C03-S411-comb","Melanoma cells",NA
"cy79-p1-CD45-neg-PDL1-neg-AS-C4-R1-G11-S179-comb","Macrophages",NA
"cy79-p3-CD45-neg-PD1-pos-AS-C3-R1-E07-S343-comb","Macrophages",NA
"cy79-p1-CD45-pos-PD1-neg-AS-C1-R2-F11-S551-comb","Keratinocytes",1.61696869397774
"cy79-p1-CD45-neg-PDL1-neg-AS-C4-R1-F02-S158-comb","Macrophages",NA
"cy79-p1-CD45-pos-PD1-pos-AS-C5-R1-B12-S216-comb","Melanoma cells",NA
"cy79-p3-CD45-neg-PD1-pos-AS-C3-R1-E05-S341-comb","Macrophages",NA
"cy79-p1-CD45-pos-PD1-neg-AS-C1-R2-C09-S513-comb","Keratinocytes",2.65428288008485
"cy79-p1-CD45-neg-PDL1-neg-AS-C4-R1-F10-S166-comb","Macrophages",NA
"cy79-p3-CD45-pos-PD1-pos-AS-C2-R1-G03-S459-comb","Melanoma cells",NA
"cy79-p1-CD45-neg-PDL1-pos-AS-C1-R1-C01-S25-comb","Macrophages",NA
"cy79-p3-CD45-neg-PD1-pos-AS-C3-R1-H11-S383-comb","Macrophages",NA
"cy79-p3-CD45-pos-PD1-pos-AS-C2-R1-D10-S430-comb","Fibroblasts",3.41907564461203
"cy79-p1-CD45-pos-PD1-pos-AS-C5-R1-F12-S264-comb","Melanoma cells",NA
"cy79-p1-CD45-neg-PDL1-pos-AS-C1-R1-B11-S23-comb","Macrophages",NA
"cy79-p1-CD45-neg-PDL1-pos-AS-C1-R1-D04-S40-comb","Macrophages",NA
"cy79-p1-CD45-neg-PDL1-pos-AS-C1-R1-C02-S26-comb","Macrophages",NA
"cy79-p3-CD45-pos-PD1-pos-AS-C2-R1-E02-S434-comb","Melanoma cells",NA
"cy79-p1-CD45-neg-PDL1-neg-AS-C4-R1-D01-S133-comb","Macrophages",NA
"cy79-p3-CD45-pos-PD1-pos-AS-C2-R1-A02-S386-comb","Fibroblasts",NA
"cy79-p1-CD45-pos-PD1-pos-AS-C5-R1-F06-S258-comb","Melanoma cells",NA
"cy79-p3-CD45-neg-PD1-pos-AS-C3-R1-A09-S297-comb","Macrophages",NA
"cy79-p1-CD45-neg-PDL1-neg-AS-C4-R1-H03-S183-comb","Macrophages",NA
"cy79-p1-CD45-pos-PD1-neg-AS-C1-R2-G07-S559-comb","B cells",29.418758907487
"cy79-p1-CD45-pos-PD1-pos-AS-C5-R1-H04-S280-comb","Melanoma cells",NA
"cy79-p3-CD45-neg-PD1-pos-AS-C3-R1-E08-S344-comb","Macrophages",NA
"cy79-p1-CD45-neg-PDL1-neg-AS-C4-R1-D03-S135-comb","Macrophages",NA
"cy79-p1-CD45-pos-PD1-neg-AS-C1-R2-H12-S576-comb","Pericytes",27.5176539284603
"cy79-p3-CD45-pos-PD1-pos-AS-C2-R1-H10-S478-comb","Melanoma cells",NA
"cy79-p1-CD45-neg-PDL1-neg-AS-C4-R1-H05-S185-comb","Macrophages",NA
"cy79-p1-CD45-pos-PD1-neg-AS-C1-R2-F08-S548-comb","B cells",29.6906888267845
"cy79-p1-CD45-pos-PD1-pos-AS-C5-R1-B03-S207-comb","Melanoma cells",NA
"cy79-p1-CD45-neg-PDL1-pos-AS-C1-R1-F01-S61-comb","Macrophages",NA
"cy79-p4-CD45-pos-PD1-pos-G06-S366-comb","Melanoma cells",NA
"cy79-p4-CD45-neg-PDL1-neg-E11-S1115-comb","Macrophages",NA
"cy79-p4-CD45-pos-PD1-pos-C04-S316-comb","Melanoma cells",NA
"cy79-p5-CD45-pos-PD1-pos-G10-S658-comb","Melanoma cells",NA
"cy79-p4-CD45-neg-PDL1-neg-D09-S1101-comb","Keratinocytes",1.77257357423376
"cy79-p4-CD45-neg-PDL1-neg-H11-S1151-comb","Macrophages",NA
"cy79-p5-CD45-neg-PDL1-neg-F10-S838-comb","Macrophages",NA
"cy79-p5-CD45-pos-PD1-pos-C10-S610-comb","Melanoma cells",NA
"cy79-p5-CD45-neg-PDL1-pos-A04-S676-comb","Macrophages",NA
"cy81-FNA-CD45-neg-D04-S1000-comb","NK cells",NA
"cy79-p5-CD45-pos-PD1-pos-C01-S601-comb","Melanoma cells",NA
"cy80-CD45-neg-G01-S937-comb","Other",NA
"cy79-p4-CD45-pos-PD1-pos-A09-S297-comb","Keratinocytes",2.16326828069708
"cy80-CD45-neg-G11-S947-comb","Other",22.9498254034865
"cy79-p5-CD45-neg-PDL1-pos-F04-S736-comb","Macrophages",NA
"cy79-p5-CD45-neg-PDL1-neg-A02-S770-comb","Macrophages",NA
"cy79-p4-CD45-neg-PDL1-neg-D01-S1093-comb","Macrophages",NA
"cy81-Bulk-CD45-neg-A10-S106-comb","NK cells",NA
"cy79-p5-CD45-neg-PDL1-pos-A10-S682-comb","Macrophages",NA
"cy79-p5-CD45-neg-PDL1-neg-C03-S795-comb","Macrophages",NA
"cy81-FNA-CD45-neg-B01-S973-comb","NK cells",NA
"cy79-p5-CD45-neg-PDL1-pos-D05-S713-comb","Macrophages",NA
"cy79-p4-CD45-pos-PD1-pos-B03-S303-comb","Melanoma cells",NA
"cy79-p5-CD45-neg-PDL1-pos-B02-S686-comb","Macrophages",NA
"cy79-p4-CD45-neg-PDL1-neg-B08-S1076-comb","Macrophages",NA
"cy82-CD45-pos-3-A03-S3-comb","Other",22.5170536184562
"cy79-p4-CD45-neg-PDL1-neg-C12-S1092-comb","Macrophages",NA
"cy79-p4-CD45-pos-PD1-pos-G07-S367-comb","Melanoma cells",NA
"cy81-Bulk-CD45-neg-G01-S169-comb","NK cells",NA
"cy79-p5-CD45-pos-PD1-pos-E08-S632-comb","Melanoma cells",NA
"cy81-Bulk-CD45-neg-C03-S123-comb","NK cells",NA
"cy79-p5-CD45-neg-PDL1-neg-D04-S808-comb","Macrophages",NA
"cy79-p4-CD45-neg-PDL1-neg-C03-S1083-comb","Macrophages",NA
"cy81-FNA-CD45-neg-C09-S993-comb","NK cells",NA
"cy80-CD45-neg-G04-S940-comb","Other",NA
"cy80-CD45-neg-A09-S873-comb","Other",NA
"cy79-p4-CD45-pos-PD1-pos-A04-S292-comb","Melanoma cells",NA
"cy79-p4-CD45-neg-PDL1-pos-G08-S464-comb","Macrophages",NA
"cy81-FNA-CD45-neg-F09-S1029-comb","NK cells",NA
"cy79-p5-CD45-pos-PD1-pos-A04-S580-comb","Melanoma cells",NA
"cy82-CD45-neg-2-B02-S206-comb","Other",22.5170536184562
"cy80-CD45-neg-D04-S904-comb","Other",NA
"cy80-CD45-neg-B11-S887-comb","Pericytes",24.4077277459258
"cy79-p4-CD45-neg-PDL1-pos-A02-S386-comb","Macrophages",NA
"cy80-CD45-neg-E02-S914-comb","Other",NA
"cy81-FNA-CD45-neg-E04-S1012-comb","NK cells",NA
"cy81-Bulk-CD45-neg-E04-S148-comb","NK cells",NA
"cy79-p5-CD45-pos-PD1-pos-F06-S642-comb","Melanoma cells",NA
"cy81-Bulk-CD45-neg-C11-S131-comb","NK cells",NA
"cy81-Bulk-CD45-neg-D09-S141-comb","NK cells",NA
"cy80-CD45-neg-G02-S938-comb","Other",NA
"cy79-p5-CD45-neg-PDL1-neg-E02-S818-comb","Macrophages",NA
"cy82-CD45-pos-3-B11-S23-comb","Other",22.5170536184562
"cy79-p4-CD45-neg-PDL1-neg-G08-S1136-comb","Macrophages",NA
"cy79-p4-CD45-pos-PD1-pos-C11-S323-comb","Melanoma cells",NA
"cy81-FNA-CD45-neg-F08-S1028-comb","NK cells",NA
"cy79-p5-CD45-neg-PDL1-neg-D03-S807-comb","Macrophages",NA
"cy79-p4-CD45-neg-PDL1-neg-F08-S1124-comb","Macrophages",NA
"cy81-FNA-CD45-neg-G12-S1044-comb","NK cells",NA
"cy79-p5-CD45-pos-PD1-pos-B04-S592-comb","Melanoma cells",NA
"cy79-p5-CD45-pos-PD1-pos-F10-S646-comb","Melanoma cells",NA
"cy79-p5-CD45-neg-PDL1-pos-A11-S683-comb","Macrophages",NA
"cy79-p5-CD45-neg-PDL1-pos-G11-S755-comb","Macrophages",NA
"cy79-p5-CD45-neg-PDL1-pos-C10-S706-comb","Macrophages",NA
"cy80-CD45-neg-G07-S943-comb","Other",23.0603121765586
"cy80-CD45-neg-H08-S956-comb","Other",NA
"cy79-p4-CD45-pos-PD1-pos-A03-S291-comb","Melanoma cells",NA
"cy80-CD45-neg-D12-S912-comb","Other",16.4515562562998
"cy79-p5-CD45-neg-PDL1-pos-H06-S762-comb","Macrophages",NA
"cy79-p4-CD45-neg-PDL1-neg-F12-S1128-comb","Macrophages",NA
"cy81-Bulk-CD45-neg-E02-S146-comb","NK cells",NA
"cy80-CD45-neg-A05-S869-comb","Other",NA
"cy79-p4-CD45-pos-PD1-pos-D08-S332-comb","Melanoma cells",NA
"cy79-p4-CD45-neg-PDL1-pos-D03-S423-comb","Macrophages",NA
"cy79-p4-CD45-neg-PDL1-pos-A04-S388-comb","Macrophages",NA
"cy79-p5-CD45-neg-PDL1-neg-C02-S794-comb","Macrophages",NA
"cy80-CD45-neg-F05-S929-comb","Other",NA
"cy81-FNA-CD45-neg-F06-S1026-comb","NK cells",NA
"cy79-p4-CD45-neg-PDL1-pos-C02-S410-comb","Macrophages",NA
"cy79-p5-CD45-neg-PDL1-pos-C11-S707-comb","Macrophages",NA
"cy79-p5-CD45-neg-PDL1-pos-F09-S741-comb","Macrophages",NA
"cy79-p5-CD45-pos-PD1-pos-D02-S614-comb","Melanoma cells",NA
"cy79-p4-CD45-neg-PDL1-pos-E10-S442-comb","Macrophages",NA
"cy82-CD45-pos-1-A04-S484-comb","Fibroblasts",0.22547668990258
"cy79-p4-CD45-neg-PDL1-neg-B04-S1072-comb","Macrophages",NA
"cy79-p4-CD45-neg-PDL1-neg-H01-S1141-comb","Macrophages",NA
"cy82-CD45-pos-1-G02-S554-comb","Pericytes",24.501382561573
"cy79-p4-CD45-neg-PDL1-pos-H11-S479-comb","Macrophages",NA
"cy79-p5-CD45-pos-PD1-pos-A07-S583-comb","Melanoma cells",NA
"cy81-FNA-CD45-neg-H09-S1053-comb","NK cells",NA
"cy79-p5-CD45-neg-PDL1-pos-E10-S730-comb","Macrophages",NA
"cy79-p5-CD45-neg-PDL1-pos-G02-S746-comb","Macrophages",NA
"cy79-p5-CD45-pos-PD1-pos-G04-S652-comb","Melanoma cells",NA
"cy82-CD45-pos-3-G08-S80-comb","Melanoma cells",NA
"cy79-p5-CD45-neg-PDL1-neg-G04-S844-comb","Macrophages",NA
"cy79-p4-CD45-neg-PDL1-pos-B11-S407-comb","Macrophages",NA
"cy79-p5-CD45-pos-PD1-pos-C11-S611-comb","Melanoma cells",NA
"cy79-p4-CD45-pos-PD1-pos-D02-S326-comb","Melanoma cells",NA
"cy79-p4-CD45-pos-PD1-pos-G08-S368-comb","Melanoma cells",NA
"cy81-FNA-CD45-neg-F02-S1022-comb","NK cells",NA
"cy79-p4-CD45-neg-PDL1-pos-D05-S425-comb","Macrophages",NA
"cy79-p4-CD45-neg-PDL1-pos-D01-S421-comb","Macrophages",NA
"cy79-p5-CD45-pos-PD1-pos-F08-S644-comb","Melanoma cells",NA
"cy80-CD45-neg-C06-S894-comb","Other",23.0362538735312
"cy79-p5-CD45-pos-PD1-pos-F12-S648-comb","Melanoma cells",NA
"cy79-p4-CD45-neg-PDL1-neg-H09-S1149-comb","Macrophages",NA
"cy81-FNA-CD45-neg-B04-S976-comb","NK cells",NA
"cy79-p4-CD45-neg-PDL1-neg-F03-S1119-comb","Macrophages",NA
"cy79-p4-CD45-neg-PDL1-pos-C04-S412-comb","Macrophages",NA
"cy79-p5-CD45-neg-PDL1-pos-G05-S749-comb","Macrophages",NA
"cy79-p4-CD45-neg-PDL1-pos-F06-S450-comb","Macrophages",NA
"cy82-CD45-pos-3-C11-S35-comb","Other",22.5170536184562
"cy79-p4-CD45-pos-PD1-pos-A10-S298-comb","Melanoma cells",NA
"cy79-p5-CD45-pos-PD1-pos-H02-S662-comb","Melanoma cells",NA
"cy81-FNA-CD45-neg-E12-S1020-comb","NK cells",NA
"cy79-p4-CD45-neg-PDL1-neg-A12-S1068-comb","Macrophages",NA
"cy79-p4-CD45-neg-PDL1-neg-B11-S1079-comb","Macrophages",NA
"cy79-p5-CD45-neg-PDL1-neg-A05-S773-comb","Macrophages",NA
"cy80-CD45-neg-D03-S903-comb","Other",NA
"cy79-p4-CD45-pos-PD1-pos-F06-S354-comb","Fibroblasts",3.30709175347922
"cy81-Bulk-CD45-neg-E09-S153-comb","NK cells",NA
"cy79-p5-CD45-neg-PDL1-neg-F05-S833-comb","Macrophages",NA
"cy79-p5-CD45-pos-PD1-pos-E09-S633-comb","Melanoma cells",NA
"cy80-CD45-neg-B01-S877-comb","Other",NA
"cy82-CD45-pos-1-E08-S536-comb","Other",22.5170536184562
"cy79-p5-CD45-neg-PDL1-neg-H06-S858-comb","Macrophages",NA
"cy79-p4-CD45-neg-PDL1-neg-A03-S1059-comb","Macrophages",NA
"cy79-p5-CD45-neg-PDL1-neg-H10-S862-comb","Macrophages",NA
"cy80-CD45-neg-C09-S897-comb","Other",NA
"cy80-CD45-neg-E12-S924-comb","Other",23.0182885818015
"cy79-p5-CD45-neg-PDL1-pos-E03-S723-comb","Macrophages",NA
"cy79-p4-CD45-neg-PDL1-pos-C12-S420-comb","Macrophages",NA
"cy79-p5-CD45-neg-PDL1-pos-E08-S728-comb","Macrophages",NA
"cy80-CD45-neg-D07-S907-comb","Other",NA
"cy79-p5-CD45-neg-PDL1-neg-H07-S859-comb","Macrophages",NA
"cy79-p5-CD45-pos-PD1-pos-E02-S626-comb","Macrophages",NA
"cy80-CD45-neg-A03-S867-comb","Other",NA
"cy79-p5-CD45-neg-PDL1-neg-G09-S849-comb","Macrophages",NA
"cy79-p5-CD45-neg-PDL1-neg-C09-S801-comb","Macrophages",NA
"cy79-p4-CD45-pos-PD1-pos-E09-S345-comb","Fibroblasts",3.9488508302001
"cy82-CD45-pos-1-B12-S504-comb","B cells",31.5317348660859
"cy79-p5-CD45-neg-PDL1-neg-B04-S784-comb","Macrophages",NA
"cy80-CD45-neg-H09-S957-comb","Other",NA
"cy79-p5-CD45-pos-PD1-pos-G05-S653-comb","Melanoma cells",NA
"cy80-CD45-neg-H02-S950-comb","Other",NA
"cy79-p5-CD45-pos-PD1-pos-H07-S667-comb","Melanoma cells",NA
"cy79-p5-CD45-neg-PDL1-neg-G03-S843-comb","Macrophages",NA
"cy79-p4-CD45-neg-PDL1-pos-D12-S432-comb","Macrophages",NA
"cy81-Bulk-CD45-neg-C08-S128-comb","NK cells",NA
"cy79-p4-CD45-neg-PDL1-pos-A08-S392-comb","Macrophages",NA
"cy80-CD45-neg-E01-S913-comb","Other",NA
"cy79-p5-CD45-pos-PD1-pos-D03-S615-comb","Melanoma cells",NA
"cy81-Bulk-CD45-neg-C04-S124-comb","NK cells",NA
"cy79-p4-CD45-neg-PDL1-pos-F11-S455-comb","Macrophages",NA
"cy82-CD45-pos-1-H05-S569-comb","Other",22.5170536184562
"cy79-p5-CD45-pos-PD1-pos-D09-S621-comb","B cells",28.6300510570957
"cy80-CD45-neg-H03-S951-comb","Other",NA
"cy81-Bulk-CD45-neg-B03-S111-comb","NK cells",NA
"cy81-Bulk-CD45-neg-E08-S152-comb","NK cells",NA
"cy79-p4-CD45-neg-PDL1-neg-D06-S1098-comb","Macrophages",NA
"cy79-p5-CD45-pos-PD1-pos-C07-S607-comb","Keratinocytes",4.40136444921081
"cy79-p4-CD45-neg-PDL1-neg-B09-S1077-comb","Macrophages",NA
"cy79-p4-CD45-neg-PDL1-pos-B10-S406-comb","Macrophages",NA
"cy79-p4-CD45-pos-PD1-pos-E07-S343-comb","Melanoma cells",NA
"cy82-CD45-pos-1-F08-S548-comb","Keratinocytes",0.522764050367164
"cy80-CD45-neg-D10-S910-comb","Other",NA
"cy79-p5-CD45-neg-PDL1-pos-F02-S734-comb","Macrophages",NA
"cy79-p5-CD45-neg-PDL1-neg-G07-S847-comb","Macrophages",NA
"cy79-p4-CD45-neg-PDL1-neg-H03-S1143-comb","Macrophages",NA
"cy79-p4-CD45-neg-PDL1-neg-G01-S1129-comb","Macrophages",NA
"cy79-p4-CD45-neg-PDL1-neg-H10-S1150-comb","Macrophages",NA
"cy79-p4-CD45-pos-PD1-pos-F01-S349-comb","Melanoma cells",NA
"cy79-p4-CD45-neg-PDL1-pos-D02-S422-comb","Macrophages",NA
"cy79-p4-CD45-pos-PD1-pos-C10-S322-comb","Melanoma cells",NA
"cy80-CD45-neg-F12-S936-comb","Other",22.9498254034865
"cy80-CD45-neg-F10-S934-comb","Other",22.9567928995814
"cy79-p4-CD45-neg-PDL1-pos-A11-S395-comb","Macrophages",NA
"cy79-p4-CD45-neg-PDL1-neg-G07-S1135-comb","Macrophages",NA
"cy79-p4-CD45-neg-PDL1-pos-C10-S418-comb","Macrophages",NA
"cy79-p5-CD45-pos-PD1-pos-G12-S660-comb","Melanoma cells",NA
"cy79-p4-CD45-neg-PDL1-pos-E02-S434-comb","Macrophages",NA
"cy79-p5-CD45-pos-PD1-pos-E04-S628-comb","Melanoma cells",NA
"cy79-p4-CD45-neg-PDL1-pos-F09-S453-comb","Macrophages",NA
"cy79-p5-CD45-pos-PD1-pos-B08-S596-comb","Melanoma cells",NA
"cy79-p4-CD45-pos-PD1-pos-B10-S310-comb","B cells",30.9602998497388
"cy80-CD45-neg-D09-S909-comb","Other",NA
"cy79-p4-CD45-neg-PDL1-neg-C11-S1091-comb","Macrophages",NA
"cy79-p4-CD45-pos-PD1-pos-F04-S352-comb","Melanoma cells",NA
"cy79-p5-CD45-neg-PDL1-pos-B04-S688-comb","Macrophages",NA
"cy81-Bulk-CD45-neg-F05-S161-comb","NK cells",NA
"cy79-p5-CD45-neg-PDL1-pos-E06-S726-comb","Macrophages",NA
"cy81-FNA-CD45-neg-G03-S1035-comb","NK cells",NA
"cy79-p5-CD45-pos-PD1-pos-H06-S666-comb","Melanoma cells",NA
"cy79-p5-CD45-pos-PD1-pos-F02-S638-comb","Melanoma cells",NA
"cy79-p5-CD45-neg-PDL1-neg-F11-S839-comb","Macrophages",NA
"cy79-p5-CD45-neg-PDL1-neg-F02-S830-comb","Macrophages",NA
"cy81-FNA-CD45-neg-G09-S1041-comb","NK cells",NA
"cy79-p4-CD45-pos-PD1-pos-G05-S365-comb","Melanoma cells",NA
"cy79-p4-CD45-neg-PDL1-pos-G03-S459-comb","Macrophages",NA
"cy79-p5-CD45-neg-PDL1-neg-A12-S780-comb","Macrophages",NA
"cy80-CD45-neg-B05-S881-comb","Fibroblasts",NA
"cy79-p4-CD45-neg-PDL1-neg-A08-S1064-comb","Macrophages",NA
"cy80-CD45-neg-D11-S911-comb","Other",NA
"cy82-CD45-neg-2-H12-S288-comb","Other",22.5170536184562
"cy79-p4-CD45-pos-PD1-pos-G02-S362-comb","Melanoma cells",NA
"cy80-CD45-neg-H05-S953-comb","Other",22.9904726862534
"cy79-p4-CD45-neg-PDL1-neg-E01-S1105-comb","Macrophages",NA
"cy79-p4-CD45-neg-PDL1-neg-B03-S1071-comb","Macrophages",NA
"cy79-p5-CD45-neg-PDL1-neg-A11-S779-comb","Macrophages",NA
"cy79-p4-CD45-neg-PDL1-neg-D04-S1096-comb","Macrophages",NA
"cy80-CD45-neg-E06-S918-comb","Other",NA
"cy79-p5-CD45-neg-PDL1-pos-H03-S759-comb","Macrophages",NA
"cy79-p5-CD45-neg-PDL1-neg-A07-S775-comb","Macrophages",NA
"cy79-p4-CD45-neg-PDL1-pos-C05-S413-comb","Macrophages",NA
"cy79-p4-CD45-neg-PDL1-pos-D08-S428-comb","Macrophages",NA
"cy79-p5-CD45-neg-PDL1-pos-H11-S767-comb","Macrophages",NA
"cy80-CD45-neg-B04-S880-comb","Other",NA
"cy79-p4-CD45-neg-PDL1-neg-B10-S1078-comb","Macrophages",NA
"cy82-CD45-pos-1-C12-S516-comb","Other",16.5411886363925
"cy79-p4-CD45-pos-PD1-pos-F02-S350-comb","Melanoma cells",NA
"cy82-CD45-pos-3-C08-S32-comb","Endothelial",NA
"cy82-CD45-pos-1-H09-S573-comb","Keratinocytes",2.63807639706014
"cy81-FNA-CD45-neg-F12-S1032-comb","NK cells",NA
"cy79-p4-CD45-neg-PDL1-neg-F02-S1118-comb","Macrophages",NA
"cy79-p5-CD45-pos-PD1-pos-D04-S616-comb","Melanoma cells",NA
"cy79-p5-CD45-pos-PD1-pos-G08-S656-comb","Melanoma cells",NA
"cy79-p5-CD45-neg-PDL1-pos-G03-S747-comb","Macrophages",NA
"cy79-p4-CD45-pos-PD1-pos-D06-S330-comb","Fibroblasts",3.45366473254296
"cy79-p5-CD45-pos-PD1-pos-E10-S634-comb","Melanoma cells",NA
"cy79-p4-CD45-neg-PDL1-pos-A12-S396-comb","Macrophages",NA
"cy79-p5-CD45-neg-PDL1-pos-H10-S766-comb","Macrophages",NA
"cy80-CD45-neg-D01-S901-comb","Other",NA
"cy80-CD45-neg-C02-S890-comb","Other",NA
"cy80-CD45-neg-E10-S922-comb","Other",NA
"cy79-p4-CD45-neg-PDL1-neg-H04-S1144-comb","Macrophages",NA
"cy79-p4-CD45-neg-PDL1-neg-C02-S1082-comb","Macrophages",NA
"cy79-p4-CD45-neg-PDL1-pos-C11-S419-comb","Macrophages",NA
"cy79-p4-CD45-neg-PDL1-neg-G03-S1131-comb","Macrophages",NA
"cy79-p4-CD45-neg-PDL1-neg-F07-S1123-comb","Macrophages",NA
"cy79-p4-CD45-neg-PDL1-neg-C09-S1089-comb","Macrophages",NA
"cy79-p5-CD45-neg-PDL1-neg-D10-S814-comb","Macrophages",NA
"cy81-Bulk-CD45-neg-G04-S172-comb","NK cells",NA
"cy79-p5-CD45-pos-PD1-pos-E01-S625-comb","Endothelial",NA
"cy79-p5-CD45-neg-PDL1-neg-F08-S836-comb","Macrophages",NA
"cy79-p4-CD45-neg-PDL1-neg-D11-S1103-comb","Macrophages",NA
"cy80-CD45-neg-C10-S898-comb","B cells",28.5835930755378
"cy82-CD45-pos-1-F01-S541-comb","B cells",32.0738566534205
"cy79-p4-CD45-neg-PDL1-neg-F09-S1125-comb","Macrophages",NA
"cy79-p4-CD45-pos-PD1-pos-G03-S363-comb","Melanoma cells",NA
"cy79-p5-CD45-neg-PDL1-pos-G07-S751-comb","Macrophages",NA
"cy81-Bulk-CD45-neg-G07-S175-comb","NK cells",NA
"cy79-p5-CD45-pos-PD1-pos-F03-S639-comb","Melanoma cells",NA
"cy79-p5-CD45-neg-PDL1-pos-G04-S748-comb","Macrophages",NA
"cy79-p4-CD45-pos-PD1-pos-E01-S337-comb","Fibroblasts",3.40208125065572
"cy79-p4-CD45-neg-PDL1-pos-B06-S402-comb","Macrophages",NA
"cy79-p4-CD45-pos-PD1-pos-F03-S351-comb","Pericytes",27.8318329922555
"cy79-p5-CD45-neg-PDL1-pos-F05-S737-comb","Macrophages",NA
"cy82-CD45-pos-1-D06-S522-comb","Other",16.4554895474255
"cy81-Bulk-CD45-neg-G02-S170-comb","NK cells",NA
"cy80-CD45-neg-A04-S868-comb","Other",24.0667664960313
"cy79-p4-CD45-neg-PDL1-neg-A11-S1067-comb","Macrophages",NA
"cy79-p4-CD45-neg-PDL1-neg-G06-S1134-comb","Macrophages",NA
"cy79-p4-CD45-pos-PD1-pos-G12-S372-comb","Melanoma cells",NA
"cy80-CD45-neg-C08-S896-comb","Pericytes",23.7316484053926
"cy80-CD45-neg-C03-S891-comb","Other",NA
"cy79-p4-CD45-pos-PD1-pos-H03-S375-comb","Melanoma cells",NA
"cy79-p5-CD45-pos-PD1-pos-B01-S589-comb","Melanoma cells",NA
"cy79-p5-CD45-neg-PDL1-pos-B09-S693-comb","Macrophages",NA
"cy82-CD45-pos-3-H01-S85-comb","Other",22.5170536184562
"cy79-p5-CD45-neg-PDL1-neg-D05-S809-comb","Macrophages",NA
"cy79-p4-CD45-neg-PDL1-pos-B05-S401-comb","Macrophages",NA
"cy79-p5-CD45-neg-PDL1-neg-C04-S796-comb","Macrophages",NA
"cy79-p4-CD45-neg-PDL1-neg-G12-S1140-comb","Macrophages",NA
"cy82-CD45-pos-3-A07-S7-comb","Endothelial",NA
"cy79-p5-CD45-neg-PDL1-pos-A05-S677-comb","Macrophages",NA
"cy79-p5-CD45-pos-PD1-pos-D06-S618-comb","Fibroblasts",NA
"cy79-p5-CD45-pos-PD1-pos-C05-S605-comb","Melanoma cells",NA
"cy80-CD45-neg-F01-S925-comb","Other",NA
"cy81-Bulk-CD45-neg-G06-S174-comb","NK cells",NA
"cy79-p4-CD45-neg-PDL1-pos-G04-S460-comb","Macrophages",NA
"cy79-p5-CD45-pos-PD1-pos-D01-S613-comb","Endothelial",NA
"cy79-p5-CD45-neg-PDL1-pos-F10-S742-comb","Macrophages",NA
"cy79-p4-CD45-pos-PD1-pos-F12-S360-comb","Melanoma cells",NA
"cy80-CD45-neg-D02-S902-comb","Other",NA
"cy79-p4-CD45-neg-PDL1-neg-B07-S1075-comb","Macrophages",NA
"cy79-p4-CD45-neg-PDL1-pos-B03-S399-comb","Macrophages",NA
"cy82-CD45-pos-3-H10-S94-comb","Melanoma cells",NA
"cy80-CD45-neg-B08-S884-comb","Other",NA
"cy79-p5-CD45-neg-PDL1-pos-D09-S717-comb","Macrophages",NA
"cy80-CD45-neg-F08-S932-comb","Other",NA
"cy79-p4-CD45-pos-PD1-pos-H07-S379-comb","Fibroblasts",NA
"cy81-FNA-CD45-neg-E09-S1017-comb","NK cells",NA
"cy79-p4-CD45-pos-PD1-pos-C09-S321-comb","Melanoma cells",NA
"cy79-p5-CD45-neg-PDL1-pos-C04-S700-comb","Macrophages",NA
"cy82-CD45-pos-1-G10-S562-comb","Fibroblasts",2.97778416779978
"cy82-CD45-pos-1-B11-S503-comb","Other",22.5170536184562
"cy79-p4-CD45-neg-PDL1-pos-D09-S429-comb","Macrophages",NA
"cy82-CD45-pos-1-D01-S517-comb","Other",22.5170536184562
"cy82-CD45-pos-3-B12-S24-comb","Pericytes",25.0787648756146
"cy79-p4-CD45-neg-PDL1-pos-H05-S473-comb","Macrophages",NA
"cy79-p4-CD45-neg-PDL1-pos-B08-S404-comb","Macrophages",NA
"cy80-CD45-neg-E05-S917-comb","Other",NA
"cy79-p5-CD45-pos-PD1-pos-E06-S630-comb","Melanoma cells",NA
"cy79-p4-CD45-neg-PDL1-pos-C06-S414-comb","Macrophages",NA
"cy79-p5-CD45-pos-PD1-pos-B10-S598-comb","Melanoma cells",NA
"cy81-Bulk-CD45-neg-H12-S192-comb","NK cells",NA
"cy81-FNA-CD45-neg-D01-S997-comb","NK cells",NA
"cy79-p5-CD45-neg-PDL1-pos-H09-S765-comb","Macrophages",NA
"cy79-p4-CD45-neg-PDL1-neg-C08-S1088-comb","Macrophages",NA
"cy79-p5-CD45-neg-PDL1-neg-A09-S777-comb","Macrophages",NA
"cy81-FNA-CD45-neg-D03-S999-comb","NK cells",NA
"cy81-FNA-CD45-neg-E06-S1014-comb","NK cells",NA
"cy79-p4-CD45-pos-PD1-pos-E11-S347-comb","Melanoma cells",NA
"cy79-p4-CD45-neg-PDL1-pos-B07-S403-comb","Macrophages",NA
"cy79-p5-CD45-pos-PD1-pos-A03-S579-comb","Melanoma cells",NA
"cy81-FNA-CD45-neg-C11-S995-comb","NK cells",NA
"cy80-CD45-neg-B03-S879-comb","Other",NA
"cy79-p4-CD45-pos-PD1-pos-F10-S358-comb","Keratinocytes",2.57102144660553
"cy82-CD45-pos-3-C07-S31-comb","Fibroblasts",3.92453089866507
"cy79-p4-CD45-neg-PDL1-pos-A06-S390-comb","Macrophages",NA
"cy79-p4-CD45-neg-PDL1-neg-H05-S1145-comb","Macrophages",NA
"cy79-p4-CD45-pos-PD1-pos-F05-S353-comb","Melanoma cells",NA
"cy79-p4-CD45-neg-PDL1-neg-E09-S1113-comb","Macrophages",NA
"cy79-p4-CD45-pos-PD1-pos-F11-S359-comb","Melanoma cells",NA
"cy79-p5-CD45-pos-PD1-pos-C02-S602-comb","Melanoma cells",NA
"cy81-Bulk-CD45-neg-D01-S133-comb","NK cells",NA
"cy79-p5-CD45-neg-PDL1-neg-G08-S848-comb","Macrophages",NA
"cy79-p4-CD45-neg-PDL1-pos-F04-S448-comb","Macrophages",NA
"cy81-Bulk-CD45-neg-E03-S147-comb","Other",23.9381851361841
"cy79-p5-CD45-neg-PDL1-pos-B03-S687-comb","Macrophages",NA
"cy79-p4-CD45-pos-PD1-pos-A08-S296-comb","Keratinocytes",2.7656241597118
"cy79-p4-CD45-pos-PD1-pos-F09-S357-comb","Melanoma cells",NA
"cy79-p5-CD45-pos-PD1-pos-B03-S591-comb","Endothelial",NA
"cy79-p5-CD45-pos-PD1-pos-G07-S655-comb","Melanoma cells",NA
"cy79-p4-CD45-neg-PDL1-neg-D08-S1100-comb","Macrophages",NA
"cy79-p5-CD45-pos-PD1-pos-D05-S617-comb","Melanoma cells",NA
"cy79-p5-CD45-pos-PD1-pos-A08-S584-comb","Melanoma cells",NA
"cy82-CD45-pos-3-A12-S12-comb","Other",22.5170536184562
"cy79-p4-CD45-pos-PD1-pos-G11-S371-comb","Melanoma cells",NA
"cy79-p5-CD45-neg-PDL1-neg-F04-S832-comb","Macrophages",NA
"cy81-Bulk-CD45-neg-B02-S110-comb","NK cells",NA
"cy80-CD45-neg-A06-S870-comb","Other",NA
"cy79-p4-CD45-pos-PD1-pos-A02-S290-comb","Keratinocytes",1.9921794105394
"cy79-p4-CD45-neg-PDL1-pos-B12-S408-comb","Macrophages",NA
"cy79-p4-CD45-neg-PDL1-pos-G09-S465-comb","Macrophages",NA
"cy81-Bulk-CD45-neg-B04-S112-comb","NK cells",NA
"cy82-CD45-pos-3-H12-S96-comb","Other",22.5170536184562
"cy79-p5-CD45-neg-PDL1-neg-H11-S863-comb","Macrophages",NA
"cy79-p4-CD45-pos-PD1-pos-E08-S344-comb","Melanoma cells",NA
"cy79-p4-CD45-pos-PD1-pos-G04-S364-comb","Melanoma cells",NA
"cy79-p5-CD45-neg-PDL1-neg-D02-S806-comb","Macrophages",NA
"cy79-p5-CD45-neg-PDL1-neg-B07-S787-comb","Macrophages",NA
"cy82-CD45-pos-3-B08-S20-comb","Endothelial",NA
"cy79-p4-CD45-neg-PDL1-pos-F01-S445-comb","Macrophages",NA
"cy82-CD45-pos-1-H12-S576-comb","Other",22.5170536184562
"cy81-FNA-CD45-neg-D12-S1008-comb","NK cells",NA
"cy79-p5-CD45-neg-PDL1-neg-A08-S776-comb","Macrophages",NA
"cy79-p5-CD45-pos-PD1-pos-H01-S661-comb","Melanoma cells",NA
"cy79-p4-CD45-neg-PDL1-neg-B12-S1080-comb","Macrophages",NA
"cy79-p4-CD45-pos-PD1-pos-D09-S333-comb","Melanoma cells",NA
"cy79-p4-CD45-neg-PDL1-neg-G02-S1130-comb","Macrophages",NA
"cy79-p5-CD45-pos-PD1-pos-H04-S664-comb","Melanoma cells",NA
"cy79-p5-CD45-neg-PDL1-pos-C05-S701-comb","Macrophages",NA
"cy82-CD45-pos-3-A08-S8-comb","Other",22.5170536184562
"cy81-FNA-CD45-neg-E08-S1016-comb","NK cells",NA
"cy81-Bulk-CD45-neg-A07-S103-comb","NK cells",NA
"cy79-p5-CD45-neg-PDL1-pos-E01-S721-comb","Macrophages",NA
"cy79-p4-CD45-pos-PD1-pos-A07-S295-comb","Melanoma cells",NA
"cy79-p4-CD45-pos-PD1-pos-H12-S384-comb","Melanoma cells",NA
"cy81-Bulk-CD45-neg-H07-S187-comb","NK cells",NA
"cy79-p4-CD45-pos-PD1-pos-H08-S380-comb","Fibroblasts",4.11010143819268
"cy79-p4-CD45-neg-PDL1-neg-A10-S1066-comb","Macrophages",NA
"cy79-p4-CD45-neg-PDL1-pos-G10-S466-comb","Macrophages",NA
"cy79-p4-CD45-pos-PD1-pos-E03-S339-comb","Melanoma cells",NA
"cy79-p5-CD45-pos-PD1-pos-A11-S587-comb","Fibroblasts",4.20130406019782
"cy79-p5-CD45-pos-PD1-pos-A02-S578-comb","Melanoma cells",NA
"cy79-p4-CD45-neg-PDL1-pos-F10-S454-comb","Macrophages",NA
"cy81-FNA-CD45-neg-E01-S1009-comb","NK cells",NA
"cy79-p5-CD45-neg-PDL1-pos-G06-S750-comb","Macrophages",NA
"cy81-FNA-CD45-neg-F01-S1021-comb","NK cells",NA
"cy79-p5-CD45-neg-PDL1-pos-C02-S698-comb","Macrophages",NA
"cy79-p4-CD45-pos-PD1-pos-H02-S374-comb","Fibroblasts",2.97778416779978
"cy79-p4-CD45-neg-PDL1-neg-A02-S1058-comb","Macrophages",NA
"cy79-p5-CD45-neg-PDL1-pos-D07-S715-comb","Macrophages",NA
"cy81-FNA-CD45-neg-H02-S1046-comb","NK cells",NA
"cy82-CD45-pos-1-C04-S508-comb","Endothelial",NA
"cy81-FNA-CD45-neg-B03-S975-comb","NK cells",NA
"cy81-Bulk-CD45-neg-H02-S182-comb","NK cells",NA
"cy80-CD45-neg-A10-S874-comb","Other",NA
"cy79-p5-CD45-neg-PDL1-neg-E04-S820-comb","Macrophages",NA
"cy79-p5-CD45-pos-PD1-pos-B02-S590-comb","Melanoma cells",NA
"cy79-p4-CD45-pos-PD1-pos-B06-S306-comb","Keratinocytes",2.01410131831287
"cy81-FNA-CD45-neg-E10-S1018-comb","NK cells",NA
"cy79-p4-CD45-neg-PDL1-pos-G02-S458-comb","Macrophages",NA
"cy79-p5-CD45-pos-PD1-pos-D10-S622-comb","Melanoma cells",NA
"cy79-p5-CD45-pos-PD1-pos-B05-S593-comb","Melanoma cells",NA
"cy79-p5-CD45-neg-PDL1-pos-B08-S692-comb","Macrophages",NA
"cy79-p4-CD45-pos-PD1-pos-C02-S314-comb","Melanoma cells",NA
"cy81-FNA-CD45-neg-H10-S1054-comb","NK cells",NA
"cy79-p4-CD45-neg-PDL1-neg-H07-S1147-comb","Macrophages",NA
"cy79-p4-CD45-pos-PD1-pos-H01-S373-comb","Melanoma cells",NA
"cy79-p5-CD45-neg-PDL1-pos-F03-S735-comb","Macrophages",NA
"cy79-p5-CD45-neg-PDL1-pos-B12-S696-comb","Macrophages",NA
"cy79-p5-CD45-neg-PDL1-neg-D08-S812-comb","Macrophages",NA
"cy82-CD45-pos-3-G11-S83-comb","Pericytes",27.3188765846761
"cy81-FNA-CD45-neg-H11-S1055-comb","NK cells",NA
"cy79-p4-CD45-neg-PDL1-neg-F04-S1120-comb","Macrophages",NA
"cy79-p5-CD45-neg-PDL1-pos-D10-S718-comb","Macrophages",NA
"cy79-p4-CD45-neg-PDL1-neg-H02-S1142-comb","Macrophages",NA
"cy79-p4-CD45-neg-PDL1-pos-B09-S405-comb","Macrophages",NA
"cy79-p5-CD45-neg-PDL1-pos-B11-S695-comb","Macrophages",NA
"cy79-p5-CD45-neg-PDL1-pos-G08-S752-comb","Macrophages",NA
"cy79-p5-CD45-pos-PD1-pos-D08-S620-comb","Melanoma cells",NA
"cy79-p4-CD45-pos-PD1-pos-D07-S331-comb","Melanoma cells",NA
"cy79-p5-CD45-neg-PDL1-neg-H08-S860-comb","Macrophages",NA
"cy79-p5-CD45-pos-PD1-pos-E07-S631-comb","Melanoma cells",NA
"cy79-p4-CD45-pos-PD1-pos-E02-S338-comb","Melanoma cells",NA
"cy79-p5-CD45-pos-PD1-pos-D11-S623-comb","Melanoma cells",NA
"cy79-p4-CD45-pos-PD1-pos-D05-S329-comb","Melanoma cells",NA
"cy79-p5-CD45-pos-PD1-pos-G06-S654-comb","Melanoma cells",NA
"cy79-p4-CD45-neg-PDL1-pos-E07-S439-comb","Macrophages",NA
"cy79-p4-CD45-neg-PDL1-pos-A05-S389-comb","Macrophages",NA
"cy79-p5-CD45-pos-PD1-pos-G11-S659-comb","Melanoma cells",NA
"cy80-CD45-neg-C11-S899-comb","Other",NA
"cy79-p5-CD45-pos-PD1-pos-H11-S671-comb","Melanoma cells",NA
"cy80-CD45-neg-C07-S895-comb","Other",NA
"cy79-p5-CD45-neg-PDL1-pos-A08-S680-comb","Macrophages",NA
"cy80-CD45-neg-F07-S931-comb","Other",23.1662307160626
"cy79-p5-CD45-neg-PDL1-neg-B12-S792-comb","Macrophages",NA
"cy79-p4-CD45-neg-PDL1-pos-B01-S397-comb","Macrophages",NA
"cy79-p4-CD45-neg-PDL1-pos-G01-S457-comb","Macrophages",NA
"cy79-p5-CD45-neg-PDL1-pos-F07-S739-comb","Macrophages",NA
"cy79-p4-CD45-neg-PDL1-pos-F08-S452-comb","Macrophages",NA
"cy79-p5-CD45-neg-PDL1-neg-F09-S837-comb","Macrophages",NA
"cy79-p4-CD45-pos-PD1-pos-C08-S320-comb","Pericytes",27.8285781733339
"cy81-Bulk-CD45-neg-E11-S155-comb","NK cells",NA
"cy80-CD45-neg-B02-S878-comb","Other",NA
"cy79-p4-CD45-neg-PDL1-pos-E04-S436-comb","Macrophages",NA
"cy79-p5-CD45-neg-PDL1-pos-E12-S732-comb","Macrophages",NA
"cy80-CD45-neg-B12-S888-comb","Other",NA
"cy79-p4-CD45-pos-PD1-pos-C03-S315-comb","Melanoma cells",NA
"cy79-p5-CD45-pos-PD1-pos-C12-S612-comb","Melanoma cells",NA
"cy79-p4-CD45-neg-PDL1-neg-D10-S1102-comb","Macrophages",NA
"cy81-FNA-CD45-neg-C07-S991-comb","NK cells",NA
"cy82-CD45-pos-3-D04-S40-comb","Other",16.2887525653153
"cy79-p4-CD45-pos-PD1-pos-H05-S377-comb","Fibroblasts",4.2064222736719
"cy79-p5-CD45-pos-PD1-pos-H12-S672-comb","Melanoma cells",NA
"cy79-p4-CD45-pos-PD1-pos-B12-S312-comb","Melanoma cells",NA
"cy79-p4-CD45-neg-PDL1-neg-G11-S1139-comb","Macrophages",NA
"cy80-CD45-neg-B10-S886-comb","Other",NA
"cy80-CD45-neg-A07-S871-comb","Other",NA
"cy79-p4-CD45-neg-PDL1-neg-B06-S1074-comb","Macrophages",NA
"cy79-p4-CD45-pos-PD1-pos-A11-S299-comb","Keratinocytes",2.25619620299294
"cy80-CD45-neg-E04-S916-comb","Other",NA
"cy79-p5-CD45-pos-PD1-pos-G09-S657-comb","Melanoma cells",NA
"cy79-p5-CD45-pos-PD1-pos-C06-S606-comb","Melanoma cells",NA
"cy79-p4-CD45-pos-PD1-pos-B08-S308-comb","Melanoma cells",NA
"cy79-p4-CD45-neg-PDL1-neg-C04-S1084-comb","Macrophages",NA
"cy79-p4-CD45-neg-PDL1-pos-B04-S400-comb","Macrophages",NA
"cy81-Bulk-CD45-neg-D05-S137-comb","NK cells",NA
"cy82-CD45-pos-3-G06-S78-comb","Other",22.5170536184562
"cy80-CD45-neg-C01-S889-comb","Other",NA
"cy81-Bulk-CD45-neg-E10-S154-comb","NK cells",NA
"cy82-CD45-pos-1-D05-S521-comb","Keratinocytes",2.33987034685064
"cy81-Bulk-CD45-neg-H11-S191-comb","NK cells",NA
"cy79-p5-CD45-neg-PDL1-pos-H12-S768-comb","Macrophages",NA
"cy79-p5-CD45-pos-PD1-pos-E05-S629-comb","Melanoma cells",NA
"cy79-p4-CD45-neg-PDL1-neg-A04-S1060-comb","Macrophages",NA
"cy79-p4-CD45-pos-PD1-pos-B01-S301-comb","Melanoma cells",NA
"cy79-p5-CD45-pos-PD1-pos-F07-S643-comb","Melanoma cells",NA
"cy79-p4-CD45-neg-PDL1-neg-C05-S1085-comb","Macrophages",NA
"cy81-Bulk-CD45-neg-D10-S142-comb","NK cells",NA
"cy79-p5-CD45-pos-PD1-pos-F01-S637-comb","Melanoma cells",NA
"cy79-p4-CD45-neg-PDL1-neg-B05-S1073-comb","Macrophages",NA
"cy79-p5-CD45-neg-PDL1-pos-D02-S710-comb","Macrophages",NA
"cy79-p4-CD45-neg-PDL1-neg-G09-S1137-comb","Macrophages",NA
"cy79-p5-CD45-pos-PD1-pos-B06-S594-comb","Melanoma cells",NA
"cy79-p4-CD45-pos-PD1-pos-E10-S346-comb","Keratinocytes",2.12581631911266
"cy81-Bulk-CD45-neg-F02-S158-comb","NK cells",NA
"cy82-CD45-neg-2-E02-S242-comb","Other",16.3833283861845
"cy79-p5-CD45-neg-PDL1-neg-C12-S804-comb","Macrophages",NA
"cy79-p4-CD45-neg-PDL1-neg-G05-S1133-comb","Macrophages",NA
"cy79-p4-CD45-neg-PDL1-neg-E03-S1107-comb","Macrophages",NA
"cy81-FNA-CD45-neg-G07-S1039-comb","NK cells",NA
"cy80-CD45-neg-A12-S876-comb","Other",NA
"cy79-p5-CD45-pos-PD1-pos-F11-S647-comb","Melanoma cells",NA
"cy79-p4-CD45-pos-PD1-pos-B09-S309-comb","Melanoma cells",NA
"cy81-FNA-CD45-neg-G05-S1037-comb","NK cells",NA
"cy79-p5-CD45-pos-PD1-pos-E11-S635-comb","Melanoma cells",NA
"cy79-p4-CD45-pos-PD1-pos-C07-S319-comb","Endothelial",NA
"cy79-p4-CD45-pos-PD1-pos-B04-S304-comb","Melanoma cells",NA
"cy79-p5-CD45-neg-PDL1-neg-G02-S842-comb","Macrophages",NA
"cy79-p4-CD45-pos-PD1-pos-G09-S369-comb","Melanoma cells",NA
"cy81-Bulk-CD45-neg-H03-S183-comb","NK cells",NA
"cy79-p5-CD45-neg-PDL1-neg-A10-S778-comb","Macrophages",NA
"cy79-p4-CD45-pos-PD1-pos-B02-S302-comb","Melanoma cells",NA
"cy79-p4-CD45-neg-PDL1-pos-E06-S438-comb","Macrophages",NA
"cy79-p5-CD45-neg-PDL1-pos-G09-S753-comb","Other",16.3456205489096
"cy79-p5-CD45-neg-PDL1-neg-H12-S864-comb","Macrophages",NA
"cy79-p4-CD45-neg-PDL1-pos-F05-S449-comb","Macrophages",NA
"cy80-CD45-neg-B06-S882-comb","Other",23.0395781561738
"cy79-p5-CD45-neg-PDL1-pos-H02-S758-comb","Macrophages",NA
"cy79-p5-CD45-neg-PDL1-pos-G10-S754-comb","Macrophages",NA
"cy79-p4-CD45-neg-PDL1-neg-C06-S1086-comb","Macrophages",NA
"cy79-p4-CD45-pos-PD1-pos-G10-S370-comb","Melanoma cells",NA
"cy79-p5-CD45-pos-PD1-pos-H03-S663-comb","Melanoma cells",NA
"cy82-CD45-pos-1-E06-S534-comb","Keratinocytes",1.78189552176107
"cy82-CD45-pos-1-B09-S501-comb","Keratinocytes",1.97930515674167
"cy79-p4-CD45-pos-PD1-pos-H09-S381-comb","Melanoma cells",NA
"cy79-p4-CD45-neg-PDL1-pos-E09-S441-comb","Macrophages",NA
"cy79-p4-CD45-neg-PDL1-pos-D06-S426-comb","Macrophages",NA
"cy79-p4-CD45-neg-PDL1-pos-C07-S415-comb","Macrophages",NA
"cy79-p5-CD45-neg-PDL1-neg-E03-S819-comb","Macrophages",NA
"cy79-p5-CD45-neg-PDL1-pos-F06-S738-comb","Macrophages",NA
"cy79-p4-CD45-neg-PDL1-pos-C09-S417-comb","Macrophages",NA
"cy79-p5-CD45-neg-PDL1-neg-H05-S857-comb","Macrophages",NA
"cy79-p4-CD45-neg-PDL1-pos-E11-S443-comb","Macrophages",NA
"cy79-p5-CD45-neg-PDL1-neg-A03-S771-comb","Macrophages",NA
"cy80-CD45-neg-G06-S942-comb","Other",NA
"cy79-p4-CD45-pos-PD1-pos-C05-S317-comb","Melanoma cells",NA
"cy79-p5-CD45-pos-PD1-pos-C08-S608-comb","Endothelial",NA
"cy79-p5-CD45-neg-PDL1-neg-E06-S822-comb","Macrophages",NA
"cy79-p5-CD45-neg-PDL1-pos-E02-S722-comb","Macrophages",NA
"cy82-CD45-pos-3-C06-S30-comb","Pericytes",24.5849079749444
"cy82-CD45-pos-1-A07-S487-comb","Keratinocytes",1.20172863677559
"cy82-CD45-pos-3-E02-S50-comb","Other",22.5170536184562
"cy80-CD45-neg-G09-S945-comb","Other",NA
"cy79-p4-CD45-neg-PDL1-neg-F11-S1127-comb","Macrophages",NA
"cy79-p5-CD45-neg-PDL1-neg-D07-S811-comb","Macrophages",NA
"cy82-CD45-pos-3-G12-S84-comb","Other",22.5170536184562
"cy79-p5-CD45-neg-PDL1-pos-D03-S711-comb","Macrophages",NA
"cy79-p5-CD45-neg-PDL1-neg-B11-S791-comb","Macrophages",NA
"cy79-p5-CD45-neg-PDL1-pos-E07-S727-comb","Macrophages",NA
"cy79-p5-CD45-pos-PD1-pos-C04-S604-comb","Endothelial",NA
"cy82-CD45-pos-1-E09-S537-comb","Keratinocytes",4.32589590601491
"cy82-CD45-pos-1-G08-S560-comb","Other",22.5170536184562
"cy79-p4-CD45-pos-PD1-pos-D03-S327-comb","Fibroblasts",3.81023572835864
"cy79-p5-CD45-pos-PD1-pos-C09-S609-comb","Melanoma cells",NA
"cy79-p4-CD45-pos-PD1-pos-D11-S335-comb","Melanoma cells",NA
"cy81-FNA-CD45-neg-B07-S979-comb","NK cells",NA
"cy79-p4-CD45-pos-PD1-pos-B05-S305-comb","Melanoma cells",NA
"cy79-p5-CD45-neg-PDL1-pos-C12-S708-comb","Macrophages",NA
"cy81-Bulk-CD45-neg-H08-S188-comb","NK cells",NA
"cy79-p4-CD45-neg-PDL1-neg-B01-S1069-comb","Macrophages",NA
"cy79-p5-CD45-neg-PDL1-pos-H07-S763-comb","Macrophages",NA
"cy80-CD45-neg-F11-S935-comb","Other",NA
"cy79-p4-CD45-neg-PDL1-pos-B02-S398-comb","Macrophages",NA
"cy79-p4-CD45-neg-PDL1-neg-C10-S1090-comb","Macrophages",NA
"cy79-p4-CD45-neg-PDL1-pos-E03-S435-comb","Macrophages",NA
"cy79-p4-CD45-pos-PD1-pos-F07-S355-comb","Melanoma cells",NA
"cy79-p5-CD45-pos-PD1-pos-H08-S668-comb","Melanoma cells",NA
"cy80-CD45-neg-C05-S893-comb","Other",23.0147498884911
"cy79-p5-CD45-pos-PD1-pos-H09-S669-comb","Melanoma cells",NA
"cy80-CD45-neg-D05-S905-comb","Other",23.0791400180041
"cy79-p4-CD45-pos-PD1-pos-H11-S383-comb","Melanoma cells",NA
"cy81-Bulk-CD45-neg-C01-S121-comb","NK cells",NA
"cy80-CD45-neg-E09-S921-comb","Other",NA
"cy82-CD45-pos-3-A10-S10-comb","Other",22.5170536184562
"cy80-CD45-neg-G08-S944-comb","Other",NA
"cy79-p4-CD45-neg-PDL1-neg-E05-S1109-comb","Macrophages",NA
"cy79-p4-CD45-neg-PDL1-neg-F05-S1121-comb","Macrophages",NA
"cy81-Bulk-CD45-neg-A02-S98-comb","NK cells",NA
"cy81-Bulk-CD45-neg-E12-S156-comb","NK cells",NA
"cy82-CD45-pos-3-B09-S21-comb","Fibroblasts",NA
"cy79-p4-CD45-neg-PDL1-pos-A09-S393-comb","Macrophages",NA
"cy79-p4-CD45-pos-PD1-pos-G01-S361-comb","Keratinocytes",2.10786462502262
"cy79-p5-CD45-pos-PD1-pos-F04-S640-comb","Melanoma cells",NA
"cy79-p4-CD45-neg-PDL1-neg-F06-S1122-comb","Macrophages",NA
"cy79-p4-CD45-pos-PD1-pos-D10-S334-comb","Melanoma cells",NA
"cy79-p4-CD45-neg-PDL1-neg-D02-S1094-comb","Macrophages",NA
"cy79-p4-CD45-neg-PDL1-neg-F01-S1117-comb","Macrophages",NA
"cy82-CD45-pos-3-C01-S25-comb","Other",22.5170536184562
"cy81-FNA-CD45-neg-C06-S990-comb","NK cells",NA
"cy81-FNA-CD45-neg-H03-S1047-comb","NK cells",NA
"cy79-p4-CD45-pos-PD1-pos-E12-S348-comb","Melanoma cells",NA
"cy79-p5-CD45-neg-PDL1-neg-G01-S841-comb","Macrophages",NA
"cy79-p4-CD45-pos-PD1-pos-D01-S325-comb","Endothelial",NA
"cy79-p5-CD45-neg-PDL1-pos-B05-S689-comb","Macrophages",NA
"cy79-p5-CD45-neg-PDL1-pos-C07-S703-comb","Macrophages",NA
"cy79-p4-CD45-neg-PDL1-pos-C01-S409-comb","Macrophages",NA
"cy79-p4-CD45-pos-PD1-pos-H10-S382-comb","Melanoma cells",NA
"cy79-p4-CD45-pos-PD1-pos-B07-S307-comb","Fibroblasts",3.87926550606459
"cy79-p4-CD45-pos-PD1-pos-C01-S313-comb","Melanoma cells",NA
"cy79-p4-CD45-neg-PDL1-pos-D10-S430-comb","Macrophages",NA
"cy81-Bulk-CD45-neg-E07-S151-comb","NK cells",NA
"cy74-CD45-pos-A12-S684-comb","Melanoma cells",NA
"cy80-CD45-pos-PD1-pos-E05-S149-comb","Fibroblasts",NA
"cy72-CD45-pos-H11-S959-comb","Keratinocytes",1.76477493085562
"cy58-1-CD45-pos-D08-S620-comb","Melanoma cells",NA
"cy53-1-CD45-neg-C06-S318-comb","Fibroblasts",12.574062553093
"cy72-CD45-pos-C08-S896-comb","Keratinocytes",2.82894600452702
"cy82-CD45-pos-2-B09-S501-comb","Endothelial",NA
"cy80-CD45-pos-PD1-pos-F11-S167-comb","Endothelial",NA
"cy58-1-CD45-pos-F12-S648-comb","Keratinocytes",4.11968680770604
"cy74-CD45-pos-E12-S732-comb","Endothelial",NA
"cy72-CD45-pos-B07-S883-comb","Keratinocytes",4.071810473111
"cy82-CD45-pos-2-H12-S576-comb","Other",22.5170536184562
"cy53-1-CD45-pos-2-H06-S1050-comb","Endothelial",NA
"cy53-1-CD45-pos-2-F05-S1025-comb","Keratinocytes",3.32357799754729
"cy72-CD45-pos-H12-S960-comb","Pericytes",27.8509600771125
"cy74-CD45-pos-D09-S717-comb","Melanoma cells",NA
"cy53-1-CD45-neg-E04-S340-comb","Fibroblasts",12.5564306009304
"cy72-CD45-pos-D03-S903-comb","Keratinocytes",1.48767308011728
"cy58-1-CD45-pos-D10-S622-comb","Melanoma cells",NA
"cy53-1-CD45-pos-2-A04-S964-comb","Endothelial",NA
"cy72-CD45-pos-B03-S879-comb","Keratinocytes",4.01748594349976
"cy80-CD45-pos-PD1-pos-G05-S173-comb","Melanoma cells",NA
"cy53-1-CD45-pos-1-H03-S87-comb","Keratinocytes",3.9068647415064
"cy72-CD45-pos-G10-S946-comb","Keratinocytes",1.57473500410361
"cy72-CD45-pos-F07-S931-comb","Keratinocytes",0.435162348844066
"cy53-1-CD45-pos-1-E06-S54-comb","Keratinocytes",3.86847433316223
"cy58-1-CD45-pos-D06-S618-comb","Melanoma cells",NA
"cy80-CD45-pos-PD1-pos-E04-S148-comb","Fibroblasts",4.58143745539137
"cy72-CD45-pos-A06-S870-comb","Keratinocytes",2.44916310682069
"cy74-CD45-pos-G03-S747-comb","Melanoma cells",NA
"cy53-1-CD45-neg-D12-S336-comb","Other",23.8649519752376
"cy53-1-CD45-pos-2-B03-S975-comb","Pericytes",23.9309360635844
"cy72-CD45-pos-C02-S890-comb","Keratinocytes",1.22040762739644
"cy72-CD45-pos-E01-S913-comb","Keratinocytes",1.10741708018019
"cy53-1-CD45-pos-1-B11-S23-comb","Keratinocytes",NA
"cy74-CD45-pos-B04-S688-comb","Endothelial",NA
"cy72-CD45-pos-E07-S919-comb","Keratinocytes",1.23789489677502
"cy82-CD45-pos-2-D11-S527-comb","Other",22.5170536184562
"cy72-CD45-pos-H10-S958-comb","Keratinocytes",1.57638734886544
"cy58-1-CD45-pos-B02-S590-comb","Keratinocytes",2.79554118315096
"cy72-CD45-pos-A08-S872-comb","Keratinocytes",3.88747221897254
"cy72-CD45-pos-G03-S939-comb","Endothelial",NA
"cy72-CD45-pos-F08-S932-comb","B cells",29.7708023773048
"cy74-CD45-pos-C05-S701-comb","Melanoma cells",NA
"cy53-1-CD45-neg-A03-S291-comb","Other",14.7795641917139
"cy58-1-CD45-pos-A07-S583-comb","Melanoma cells",NA
"cy74-CD45-pos-A09-S681-comb","Melanoma cells",NA
"cy74-CD45-pos-D02-S710-comb","Melanoma cells",NA
"cy72-CD45-pos-E08-S920-comb","Keratinocytes",1.30404125982461
"cy80-CD45-pos-PD1-pos-F05-S161-comb","Melanoma cells",NA
"cy53-1-CD45-neg-E02-S338-comb","Other",23.9310099716845
"cy72-CD45-pos-H01-S949-comb","Keratinocytes",4.32471638100083
"cy80-CD45-pos-PD1-pos-G01-S169-comb","Endothelial",2.91015957180948
"cy80-CD45-pos-PD1-pos-B11-S119-comb","Endothelial",NA
"cy74-CD45-pos-F12-S744-comb","Melanoma cells",NA
"cy80-CD45-pos-PD1-pos-D12-S144-comb","Endothelial",NA
"cy58-1-CD45-pos-H02-S662-comb","Keratinocytes",3.15208136506722
"cy58-1-CD45-pos-A04-S580-comb","Endothelial",NA
"cy74-CD45-pos-B06-S690-comb","Melanoma cells",NA
"cy80-CD45-pos-PD1-pos-H06-S186-comb","Fibroblasts",4.62408448964551
"cy82-CD45-neg-1-B09-S213-comb","Other",16.3037390701297
"cy58-1-CD45-pos-C12-S612-comb","Melanoma cells",NA
"cy53-1-CD45-neg-B02-S302-comb","Fibroblasts",12.5645131335319
"cy80-CD45-pos-PD1-pos-F03-S159-comb","Keratinocytes",3.08671843621706
"cy72-CD45-pos-A11-S875-comb","B cells",28.7855372820554
"cy72-CD45-pos-F03-S927-comb","Keratinocytes",1.25960834498581
"cy74-CD45-pos-C09-S705-comb","Melanoma cells",NA
"cy80-CD45-pos-PD1-pos-B10-S118-comb","Pericytes",27.8272111095243
"cy82-CD45-pos-2-B03-S495-comb","Other",22.5170536184562
"cy82-CD45-pos-2-G03-S555-comb","Fibroblasts",NA
"cy74-CD45-pos-D03-S711-comb","B cells",29.5182464896848
"cy80-CD45-pos-PD1-pos-B07-S115-comb","Endothelial",NA
"cy53-1-CD45-pos-2-A05-S965-comb","Endothelial",NA
"cy72-CD45-pos-B09-S885-comb","Keratinocytes",1.27040422450148
"cy72-CD45-pos-A07-S871-comb","Keratinocytes",3.88170965149801
"cy80-CD45-pos-PD1-pos-G10-S178-comb","Endothelial",NA
"cy53-1-CD45-pos-1-D01-S37-comb","Endothelial",NA
"cy80-CD45-pos-PD1-pos-G07-S175-comb","Fibroblasts",NA
"cy72-CD45-pos-A12-S876-comb","Keratinocytes",3.03719401989302
"cy58-1-CD45-pos-H01-S661-comb","Melanoma cells",NA
"cy53-1-CD45-pos-2-B08-S980-comb","Endothelial",NA
"cy53-1-CD45-pos-1-D11-S47-comb","Keratinocytes",4.40918499822956
"cy80-CD45-pos-PD1-pos-H10-S190-comb","B cells",28.9771721863464
"cy53-1-CD45-pos-1-B01-S13-comb","Endothelial",NA
"cy72-CD45-pos-A04-S868-comb","Keratinocytes",2.02921202898952
"cy74-CD45-pos-B05-S689-comb","Melanoma cells",NA
"cy53-1-CD45-pos-1-A05-S5-comb","Pericytes",24.1602415724613
"cy80-CD45-pos-PD1-pos-F07-S163-comb","Fibroblasts",NA
"cy74-CD45-pos-C04-S700-comb","Endothelial",NA
"cy58-1-CD45-pos-B08-S596-comb","Endothelial",NA
"cy80-CD45-pos-PD1-pos-E02-S146-comb","Fibroblasts",4.4604241740869
"cy72-CD45-pos-H09-S957-comb","Keratinocytes",1.72797391077455
"cy74-CD45-pos-G02-S746-comb","Keratinocytes",4.13293702905445
"cy82-CD45-pos-2-D02-S518-comb","Keratinocytes",0.241786852949517
"cy53-1-CD45-neg-C01-S313-comb","Other",16.2340690820175
"cy53-1-CD45-neg-A10-S298-comb","Other",23.8370229303902
"cy53-1-CD45-pos-1-D05-S41-comb","Keratinocytes",4.00659966607354
"cy74-CD45-pos-F02-S734-comb","B cells",30.2675923323625
"cy72-CD45-pos-E03-S915-comb","Keratinocytes",2.44677037858438
"cy80-CD45-pos-PD1-pos-B12-S120-comb","Fibroblasts",4.07619433319221
"cy53-1-CD45-pos-2-A09-S969-comb","Fibroblasts",4.4604241740869
"cy82-CD45-pos-2-A07-S487-comb","Endothelial",NA
"cy53-1-CD45-pos-1-F06-S66-comb","Endothelial",NA
"cy53-1-CD45-pos-1-G06-S78-comb","Fibroblasts",4.56949869304707
"cy53-1-CD45-pos-2-G05-S1037-comb","Keratinocytes",2.56420005901716
"cy74-CD45-pos-E02-S722-comb","Melanoma cells",NA
"cy58-1-CD45-pos-F03-S639-comb","Melanoma cells",NA
"cy53-1-CD45-neg-D02-S326-comb","Endothelial",NA
"cy80-CD45-pos-PD1-pos-A06-S102-comb","Fibroblasts",4.63047976161507
"cy58-1-CD45-pos-C09-S609-comb","Endothelial",NA
"cy80-CD45-pos-PD1-pos-H03-S183-comb","Keratinocytes",2.76707229915294
"cy53-1-CD45-neg-E12-S348-comb","Fibroblasts",12.574062553093
"cy53-1-CD45-neg-H12-S384-comb","Other",15.4256820731687
"cy53-1-CD45-pos-2-B12-S984-comb","Pericytes",25.1751055993278
"cy58-1-CD45-pos-H05-S665-comb","Endothelial",1.72576834021386
"cy82-CD45-pos-2-E07-S535-comb","Other",22.5170536184562
"cy58-1-CD45-pos-B10-S598-comb","Pericytes",26.1960060592045
"cy74-CD45-pos-G11-S755-comb","Melanoma cells",NA
"cy72-CD45-pos-C07-S895-comb","Keratinocytes",3.09151499887191
"cy58-1-CD45-pos-G09-S657-comb","Melanoma cells",NA
"cy58-1-CD45-pos-B07-S595-comb","Keratinocytes",3.98461655088698
"cy58-1-CD45-pos-D03-S615-comb","Keratinocytes",0.814893641946699
"cy72-CD45-pos-D10-S910-comb","Keratinocytes",2.29370689726885
"cy82-CD45-pos-2-A05-S485-comb","Fibroblasts",NA
"cy74-CD45-pos-G12-S756-comb","B cells",29.6287240871239
"cy74-CD45-pos-C03-S699-comb","Keratinocytes",2.0094197989324
"cy58-1-CD45-pos-C11-S611-comb","Keratinocytes",2.32035112328326
"cy58-1-CD45-pos-G04-S652-comb","Fibroblasts",NA
"cy58-1-CD45-pos-H08-S668-comb","Endothelial",2.7656241597118
"cy72-CD45-pos-D07-S907-comb","Keratinocytes",2.62150465672519
"cy53-1-CD45-neg-C04-S316-comb","Other",23.9338409035621
"cy74-CD45-pos-D12-S720-comb","Melanoma cells",NA
"cy53-1-CD45-neg-D06-S330-comb","Fibroblasts",12.7740983361716
"cy80-CD45-pos-PD1-pos-E09-S153-comb","Pericytes",27.5462250683896
"cy74-CD45-pos-C07-S703-comb","Melanoma cells",NA
"cy53-1-CD45-pos-2-H08-S1052-comb","Keratinocytes",3.23469496347272
"cy58-1-CD45-pos-E08-S632-comb","Melanoma cells",NA
"cy53-1-CD45-pos-1-F04-S64-comb","Endothelial",NA
"cy82-CD45-pos-2-G12-S564-comb","Pericytes",27.1310774275606
"cy72-CD45-pos-A05-S869-comb","Keratinocytes",3.57947547247626
"cy82-CD45-pos-2-F11-S551-comb","Other",22.5170536184562
"cy72-CD45-pos-E04-S916-comb","Fibroblasts",4.57250924208529
"cy74-CD45-pos-E07-S727-comb","B cells",30.0651161342986
"cy53-1-CD45-neg-H05-S377-comb","Other",24.0308748587077
"cy74-CD45-pos-E03-S723-comb","Melanoma cells",NA
"cy53-1-CD45-pos-2-D05-S1001-comb","Pericytes",26.2416287078879
"cy53-1-CD45-pos-2-G02-S1034-comb","Keratinocytes",3.72055930418786
"cy72-CD45-pos-B06-S882-comb","B cells",28.8862657940641
"cy82-CD45-neg-1-D05-S233-comb","Other",22.5170536184562
"cy74-CD45-pos-A05-S677-comb","Keratinocytes",3.46357533225563
"cy58-1-CD45-pos-F10-S646-comb","Endothelial",NA
"cy72-CD45-pos-C06-S894-comb","Keratinocytes",1.67247711823124
"cy58-1-CD45-pos-H09-S669-comb","Endothelial",NA
"cy72-CD45-pos-D08-S908-comb","Keratinocytes",1.47975610136023
"cy53-1-CD45-pos-1-D06-S42-comb","Pericytes",25.1139859532424
"cy53-1-CD45-neg-H03-S375-comb","Other",24.2105508730694
"cy58-1-CD45-pos-H11-S671-comb","Pericytes",24.1349310448711
"cy53-1-CD45-neg-G10-S370-comb","Other",16.3911115633308
"cy82-CD45-neg-3-D09-S813-comb","Other",22.5170536184562
"cy80-CD45-pos-PD1-pos-E01-S145-comb","B cells",28.4450557404731
"cy72-CD45-pos-B02-S878-comb","Keratinocytes",3.06015520305743
"cy82-CD45-pos-2-D09-S525-comb","Pericytes",24.9596720149056
"cy53-1-CD45-pos-2-B01-S973-comb","Endothelial",NA
"cy53-1-CD45-pos-2-B05-S977-comb","Fibroblasts",NA
"cy53-1-CD45-pos-1-D10-S46-comb","Endothelial",NA
"cy53-1-CD45-pos-1-H12-S96-comb","Pericytes",24.2483205391091
"cy53-1-CD45-pos-2-F07-S1027-comb","Keratinocytes",4.27835551925598
"cy53-1-CD45-pos-2-D04-S1000-comb","Endothelial",NA
"cy74-CD45-pos-G07-S751-comb","Melanoma cells",NA
"cy53-1-CD45-pos-1-C09-S33-comb","Endothelial",NA
"cy53-1-CD45-neg-B07-S307-comb","Other",NA
"cy53-1-CD45-pos-2-A02-S962-comb","Keratinocytes",2.35211068085331
"cy74-CD45-pos-F03-S735-comb","Melanoma cells",NA
"cy53-1-CD45-pos-2-B09-S981-comb","Pericytes",24.593967725918
"cy80-CD45-pos-PD1-pos-C03-S123-comb","Endothelial",NA
"cy80-CD45-pos-PD1-pos-F04-S160-comb","Endothelial",NA
"cy53-1-CD45-pos-1-D04-S40-comb","Endothelial",NA
"cy80-CD45-pos-PD1-pos-D02-S134-comb","Fibroblasts",4.24906702460137
"cy74-CD45-pos-F01-S733-comb","Melanoma cells",NA
"cy72-CD45-pos-H04-S952-comb","B cells",29.6148660649521
"cy80-CD45-pos-PD1-pos-C01-S121-comb","Endothelial",NA
"cy82-CD45-pos-2-A12-S492-comb","Endothelial",NA
"cy80-CD45-pos-PD1-pos-H01-S181-comb","Endothelial",NA
"cy72-CD45-pos-B04-S880-comb","Keratinocytes",2.04769828762405
"cy53-1-CD45-pos-1-A09-S9-comb","Endothelial",NA
"cy74-CD45-pos-C11-S707-comb","Keratinocytes",2.89489068608265
"cy82-CD45-pos-2-B02-S494-comb","Keratinocytes",4.24906702460137
"cy53-1-CD45-pos-1-B07-S19-comb","Endothelial",NA
"cy74-CD45-pos-E09-S729-comb","Melanoma cells",NA
"cy53-1-CD45-neg-B11-S311-comb","Other",23.9286591582176
"cy80-CD45-pos-PD1-pos-B08-S116-comb","Pericytes",27.6253590064399
"cy53-1-CD45-neg-D07-S331-comb","Other",16.3609110957086
"cy82-CD45-pos-2-H04-S568-comb","Pericytes",24.5052489494692
"cy72-CD45-pos-F09-S933-comb","Keratinocytes",3.23985546483107
"cy53-1-CD45-pos-2-G01-S1033-comb","Keratinocytes",4.05736524174839
"cy58-1-CD45-pos-B05-S593-comb","Keratinocytes",2.61208660188513
"cy58-1-CD45-pos-A10-S586-comb","Keratinocytes",1.21001523921025
"cy53-1-CD45-pos-1-A02-S2-comb","Endothelial",NA
"cy58-1-CD45-pos-C04-S604-comb","Endothelial",NA
"cy74-CD45-pos-A07-S679-comb","Melanoma cells",NA
"cy80-CD45-pos-PD1-pos-F01-S157-comb","Endothelial",2.79903498508302
"cy53-1-CD45-neg-H07-S379-comb","Other",24.1477808877449
"cy82-CD45-pos-2-C04-S508-comb","Pericytes",23.6340480863953
"cy80-CD45-pos-PD1-pos-H07-S187-comb","Endothelial",2.55860849541749
"cy53-1-CD45-pos-2-H12-S1056-comb","Pericytes",24.4117989790031
"cy80-CD45-pos-PD1-pos-C05-S125-comb","Keratinocytes",3.37097954013601
"cy53-1-CD45-pos-1-A11-S11-comb","Endothelial",NA
"cy58-1-CD45-pos-C06-S606-comb","Keratinocytes",2.72577849318222
"cy58-1-CD45-pos-B03-S591-comb","Keratinocytes",0.86483168127219
"cy72-CD45-pos-F04-S928-comb","Keratinocytes",2.66725032088853
"cy80-CD45-pos-PD1-pos-C12-S132-comb","Keratinocytes",3.17503663556663
"cy58-1-CD45-pos-A09-S585-comb","Pericytes",25.4340748549448
"cy58-1-CD45-pos-D01-S613-comb","Keratinocytes",3.13371656990038
"cy53-1-CD45-pos-2-F04-S1024-comb","Endothelial",NA
"cy58-1-CD45-pos-A02-S578-comb","Endothelial",NA
"cy53-1-CD45-pos-2-E07-S1015-comb","Fibroblasts",4.24906702460137
"cy58-1-CD45-pos-G11-S659-comb","Endothelial",NA
"cy58-1-CD45-pos-E02-S626-comb","Keratinocytes",2.67897355595606
"cy80-CD45-pos-PD1-pos-B09-S117-comb","Keratinocytes",3.18991164505142
"cy53-1-CD45-neg-G06-S366-comb","Endothelial",NA
"cy58-1-CD45-pos-F01-S637-comb","Melanoma cells",NA
"cy53-1-CD45-pos-1-E07-S55-comb","Keratinocytes",3.91869448448405
"cy72-CD45-pos-B10-S886-comb","Keratinocytes",3.96876970256823
"cy82-CD45-pos-2-E02-S530-comb","Other",22.5170536184562
"cy82-CD45-pos-2-G05-S557-comb","Other",22.5170536184562
"cy53-1-CD45-pos-1-C06-S30-comb","Endothelial",NA
"cy80-CD45-pos-PD1-pos-H09-S189-comb","Endothelial",NA
"cy72-CD45-pos-F06-S930-comb","Keratinocytes",1.00688448969596
"cy58-1-CD45-pos-D02-S614-comb","Melanoma cells",NA
"cy72-CD45-pos-E09-S921-comb","Keratinocytes",4.1663326390654
"cy53-1-CD45-pos-1-A08-S8-comb","Endothelial",NA
"cy53-1-CD45-neg-A12-S300-comb","Fibroblasts",12.574062553093
"cy80-CD45-pos-PD1-pos-B03-S111-comb","Fibroblasts",4.64828054944703
"cy80-CD45-pos-PD1-pos-E10-S154-comb","Fibroblasts",4.23497826609085
"cy72-CD45-pos-G09-S945-comb","B cells",30.111063844929
"cy53-1-CD45-pos-2-C12-S996-comb","Pericytes",23.6559426059809
"cy80-CD45-pos-PD1-pos-B05-S113-comb","Endothelial",2.77688697921825
"cy53-1-CD45-pos-2-C10-S994-comb","Pericytes",24.2846910627379
"cy74-CD45-pos-E04-S724-comb","Endothelial",NA
"cy80-CD45-pos-PD1-pos-C11-S131-comb","Fibroblasts",4.26466204782994
"cy80-CD45-pos-PD1-pos-C06-S126-comb","Keratinocytes",2.7656241597118
"cy82-CD45-pos-2-F09-S549-comb","Keratinocytes",0.456868431103927
"cy58-1-CD45-pos-H06-S666-comb","Endothelial",NA
"cy58-1-CD45-pos-F08-S644-comb","Endothelial",NA
"cy53-1-CD45-pos-1-D02-S38-comb","Endothelial",NA
"cy72-CD45-pos-D02-S902-comb","Pericytes",27.4021009676552
"cy72-CD45-pos-H05-S953-comb","Keratinocytes",1.80515951708265
"cy53-1-CD45-pos-2-D06-S1002-comb","Keratinocytes",2.96372979579416
"cy74-CD45-pos-G08-S752-comb","Melanoma cells",NA
"cy53-1-CD45-pos-1-E08-S56-comb","Fibroblasts",3.40208125065572
"cy72-CD45-pos-E06-S918-comb","Keratinocytes",0.581065019060805
"cy80-CD45-pos-PD1-pos-H12-S192-comb","Endothelial",NA
"cy74-CD45-pos-F07-S739-comb","Fibroblasts",NA
"cy82-CD45-neg-3-A11-S779-comb","Other",22.5170536184562
"cy74-CD45-pos-E11-S731-comb","Keratinocytes",3.18991164505142
"cy58-1-CD45-pos-A05-S581-comb","Melanoma cells",NA
"cy58-1-CD45-pos-E07-S631-comb","Keratinocytes",1.99386016258395
"cy58-1-CD45-pos-B09-S597-comb","Keratinocytes",4.12684671740936
"cy80-CD45-pos-PD1-pos-A04-S100-comb","B cells",28.2181797809422
"cy72-CD45-pos-H08-S956-comb","Endothelial",NA
"cy53-1-CD45-pos-1-C10-S34-comb","Endothelial",NA
"cy53-1-CD45-neg-F09-S357-comb","Other",14.9330967306858
"cy53-1-CD45-pos-2-H11-S1055-comb","Keratinocytes",3.40208125065572
"cy80-CD45-pos-PD1-pos-G08-S176-comb","Fibroblasts",4.42459076028298
"cy72-CD45-pos-G02-S938-comb","Endothelial",NA
"cy53-1-CD45-pos-2-G09-S1041-comb","Endothelial",NA
"cy53-1-CD45-pos-1-E01-S49-comb","Pericytes",26.2065528704117
"cy80-CD45-pos-PD1-pos-E11-S155-comb","Keratinocytes",4.3735215565453
"cy74-CD45-pos-G09-S753-comb","Fibroblasts",4.55059679855522
"cy74-CD45-pos-E05-S725-comb","Melanoma cells",NA
"cy80-CD45-pos-PD1-pos-D10-S142-comb","Fibroblasts",4.39540572457653
"cy58-1-CD45-pos-H04-S664-comb","Melanoma cells",NA
"cy58-1-CD45-pos-B11-S599-comb","Melanoma cells",NA
"cy53-1-CD45-pos-1-E12-S60-comb","Fibroblasts",NA
"cy72-CD45-pos-D09-S909-comb","Pericytes",25.1308438085092
"cy82-CD45-pos-2-F02-S542-comb","Other",22.5170536184562
"cy72-CD45-pos-B01-S877-comb","B cells",28.357665807471
"cy74-CD45-pos-A08-S680-comb","B cells",29.2158467703957
"cy74-CD45-pos-E08-S728-comb","Endothelial",NA
"cy72-CD45-pos-E10-S922-comb","B cells",29.5710830575728
"cy53-1-CD45-pos-2-A03-S963-comb","Melanoma cells",NA
"cy53-1-CD45-neg-B05-S305-comb","Keratinocytes",3.14320633453957
"cy58-1-CD45-pos-B04-S592-comb","Endothelial",NA
"cy74-CD45-pos-G10-S754-comb","Pericytes",23.9229518050277
"cy72-CD45-pos-F02-S926-comb","B cells",28.9280650074795
"cy53-1-CD45-pos-2-H01-S1045-comb","Keratinocytes",3.36454350964492
"cy58-1-CD45-pos-H07-S667-comb","Melanoma cells",NA
"cy53-1-CD45-pos-1-F07-S67-comb","Keratinocytes",3.98604636845924
"cy72-CD45-pos-H06-S954-comb","Keratinocytes",2.38935000454801
"cy82-CD45-pos-2-D12-S528-comb","Other",22.5170536184562
"cy53-1-CD45-pos-1-A03-S3-comb","Pericytes",24.5702296142808
"cy80-CD45-pos-PD1-pos-G11-S179-comb","Endothelial",NA
"cy74-CD45-pos-D10-S718-comb","Melanoma cells",NA
"cy58-1-CD45-pos-G06-S654-comb","Melanoma cells",NA
"cy53-1-CD45-neg-B04-S304-comb","Other",16.6393603226274
"cy82-CD45-neg-1-D01-S229-comb","Other",22.5170536184562
"cy53-1-CD45-pos-1-D09-S45-comb","Keratinocytes",3.51289904148376
"cy80-CD45-pos-PD1-pos-D09-S141-comb","Other",NA
"cy74-CD45-pos-G04-S748-comb","B cells",29.1597427230589
"cy80-CD45-pos-PD1-pos-D01-S133-comb","Melanoma cells",NA
"cy74-CD45-pos-B10-S694-comb","Endothelial",NA
"cy72-CD45-pos-D04-S904-comb","B cells",30.6039941126614
"cy72-CD45-pos-G01-S937-comb","Pericytes",27.3756673205805
"cy53-1-CD45-pos-1-C12-S36-comb","Keratinocytes",4.32907769705699
"cy74-CD45-pos-D06-S714-comb","Melanoma cells",NA
"cy80-CD45-pos-PD1-pos-A12-S108-comb","Melanoma cells",NA
"cy74-CD45-pos-H05-S761-comb","Keratinocytes",3.54582889288825
"cy53-1-CD45-pos-2-A11-S971-comb","Pericytes",26.3904640382997
"cy58-1-CD45-pos-E01-S625-comb","Keratinocytes",4.25924856761701
"cy82-CD45-pos-2-D03-S519-comb","Other",22.5170536184562
"cy72-CD45-pos-D12-S912-comb","B cells",29.124618781915
"cy74-CD45-pos-B08-S692-comb","Melanoma cells",NA
"cy72-CD45-pos-H02-S950-comb","Keratinocytes",1.57736470790554
"cy58-1-CD45-pos-C05-S605-comb","B cells",29.8638261051526
"cy72-CD45-pos-F12-S936-comb","Keratinocytes",1.91477905484702
"cy53-1-CD45-pos-1-G04-S76-comb","Endothelial",2.7656241597118
"cy58-1-CD45-pos-C02-S602-comb","Keratinocytes",2.53607694639567
"cy72-CD45-pos-E11-S923-comb","Keratinocytes",1.38309802861321
"cy82-CD45-neg-3-D03-S807-comb","Other",22.5170536184562
"cy74-CD45-pos-C01-S697-comb","Melanoma cells",NA
"cy58-1-CD45-pos-G07-S655-comb","Melanoma cells",NA
"cy53-1-CD45-neg-F07-S355-comb","Other",NA
"cy58-1-CD45-pos-F07-S643-comb","Keratinocytes",2.17278949862578
"cy74-CD45-pos-F09-S741-comb","Melanoma cells",NA
"cy82-CD45-pos-2-D04-S520-comb","Keratinocytes",4.05681938979156
"cy72-CD45-pos-G04-S940-comb","B cells",30.8872463187109
"cy72-CD45-pos-E02-S914-comb","B cells",29.0456228939508
"cy58-1-CD45-pos-C10-S610-comb","Endothelial",2.7656241597118
"cy80-CD45-pos-PD1-pos-G04-S172-comb","Endothelial",NA
"cy58-1-CD45-pos-H10-S670-comb","Melanoma cells",NA
"cy80-CD45-pos-PD1-pos-E06-S150-comb","Endothelial",NA
"cy53-1-CD45-pos-1-G03-S75-comb","Endothelial",NA
"cy72-CD45-pos-F05-S929-comb","Keratinocytes",1.69558668480703
"cy53-1-CD45-pos-2-B04-S976-comb","Keratinocytes",3.76633267464733
"cy53-1-CD45-pos-1-B12-S24-comb","Endothelial",NA
"cy53-1-CD45-pos-2-D09-S1005-comb","Pericytes",25.1139859532424
"cy53-1-CD45-pos-2-D08-S1004-comb","Endothelial",NA
"cy80-CD45-pos-PD1-pos-B01-S109-comb","Endothelial",NA
"cy82-CD45-pos-2-B10-S502-comb","Fibroblasts",NA
"cy74-CD45-pos-D07-S715-comb","Endothelial",NA
"cy72-CD45-pos-G06-S942-comb","Endothelial",2.66162418142139
"cy58-1-CD45-pos-F06-S642-comb","Keratinocytes",0.921376700930192
"cy72-CD45-pos-C04-S892-comb","Keratinocytes",2.21241738616932
"cy53-1-CD45-pos-2-H09-S1053-comb","Endothelial",NA
"cy72-CD45-pos-E05-S917-comb","Keratinocytes",0.614667725102131
"cy72-CD45-pos-D01-S901-comb","Endothelial",2.74609145034144
"cy53-1-CD45-neg-E03-S339-comb","Other",24.0957013217988
"cy58-1-CD45-pos-A12-S588-comb","Keratinocytes",2.8948616290985
"cy53-1-CD45-neg-C09-S321-comb","Fibroblasts",12.7189822406667
"cy82-CD45-neg-3-C08-S800-comb","Other",16.5546739789997
"cy53-1-CD45-neg-F08-S356-comb","Other",NA
"cy53-1-CD45-pos-2-D10-S1006-comb","Pericytes",25.5434018535596
"cy53-1-CD45-pos-1-B02-S14-comb","Endothelial",NA
"cy53-1-CD45-pos-1-C11-S35-comb","Keratinocytes",4.05081843998292
"cy80-CD45-pos-PD1-pos-D05-S137-comb","Fibroblasts",4.31894613400994
"cy53-1-CD45-pos-1-F03-S63-comb","Endothelial",NA
"cy74-CD45-pos-E10-S730-comb","Endothelial",NA
"cy58-1-CD45-pos-D11-S623-comb","Keratinocytes",2.91239184288795
"cy53-1-CD45-pos-1-F09-S69-comb","Keratinocytes",4.11177130571571
"cy80-CD45-pos-PD1-pos-E12-S156-comb","Endothelial",NA
"cy72-CD45-pos-C09-S897-comb","Keratinocytes",3.5150879274518
"cy58-1-CD45-pos-A08-S584-comb","Melanoma cells",NA
"cy58-1-CD45-pos-B01-S589-comb","Endothelial",3.18991164505142
"cy74-CD45-pos-G01-S745-comb","Melanoma cells",NA
"cy58-1-CD45-pos-E06-S630-comb","Endothelial",2.7656241597118
"cy80-CD45-pos-PD1-pos-C10-S130-comb","Keratinocytes",2.03531418587967
"cy53-1-CD45-pos-2-D03-S999-comb","Endothelial",NA
"cy72-CD45-pos-A10-S874-comb","Keratinocytes",2.26737844485749
"cy80-CD45-pos-PD1-pos-C02-S122-comb","Endothelial",NA
"cy53-1-CD45-pos-2-F03-S1023-comb","Pericytes",26.5198201054009
"cy53-1-CD45-pos-2-C06-S990-comb","Endothelial",NA
"cy74-CD45-pos-C08-S704-comb","Melanoma cells",NA
"cy74-CD45-pos-F08-S740-comb","Melanoma cells",NA
"cy72-CD45-pos-C11-S899-comb","Keratinocytes",0.88436072385217
"cy53-1-CD45-neg-B06-S306-comb","Fibroblasts",12.7648898243421
"cy53-1-CD45-pos-2-H02-S1046-comb","Fibroblasts",NA
"cy74-CD45-pos-C06-S702-comb","Endothelial",NA
"cy72-CD45-pos-B12-S888-comb","Keratinocytes",3.26426947837255
"cy53-1-CD45-pos-2-A06-S966-comb","Endothelial",NA
"cy53-1-CD45-neg-G03-S363-comb","Other",NA
"cy74-CD45-pos-B07-S691-comb","Melanoma cells",NA
"cy58-1-CD45-pos-F05-S641-comb","Melanoma cells",NA
"cy72-CD45-pos-C10-S898-comb","B cells",29.9978048747075
"cy72-CD45-pos-H03-S951-comb","Keratinocytes",1.3797539393918
"cy53-1-CD45-neg-A07-S295-comb","Fibroblasts",12.659982141731
"cy53-1-CD45-pos-2-E05-S1013-comb","Keratinocytes",3.25432884546643
"cy82-CD45-pos-2-A10-S490-comb","Fibroblasts",NA
"cy72-CD45-pos-G12-S948-comb","Keratinocytes",1.16664059897396
"cy80-CD45-pos-PD1-pos-G12-S180-comb","Endothelial",NA
"cy72-CD45-pos-D06-S906-comb","Keratinocytes",2.00428920069959
"cy53-1-CD45-pos-2-B02-S974-comb","Fibroblasts",NA
"cy82-CD45-pos-2-B04-S496-comb","Keratinocytes",2.89202856740603
"cy53-1-CD45-pos-1-A04-S4-comb","Endothelial",NA
"cy74-CD45-pos-C10-S706-comb","Melanoma cells",NA
"cy72-CD45-pos-C05-S893-comb","B cells",29.6403927849292
"cy53-1-CD45-pos-1-F12-S72-comb","Endothelial",NA
"cy72-CD45-pos-B08-S884-comb","Keratinocytes",3.14194304158051
"cy72-CD45-pos-A02-S866-comb","B cells",30.1806606873111
"cy53-1-CD45-neg-D05-S329-comb","Fibroblasts",12.6847743490054
"cy53-1-CD45-pos-1-C02-S26-comb","Fibroblasts",4.6397871784607
"cy53-1-CD45-pos-1-H10-S94-comb","Keratinocytes",4.29406730026343
"cy74-CD45-pos-F10-S742-comb","Melanoma cells",NA
"cy58-1-CD45-pos-C08-S608-comb","Pericytes",24.6811589842245
"cy53-1-CD45-neg-G02-S362-comb","Fibroblasts",12.7208189252881
"cy80-CD45-pos-PD1-pos-D04-S136-comb","Fibroblasts",4.41025767061868
"cy74-CD45-pos-G05-S749-comb","Melanoma cells",NA
"cy58-1-CD45-pos-A06-S582-comb","Endothelial",NA
"cy72-CD45-pos-F01-S925-comb","Keratinocytes",1.28610510981014
"cy82-CD45-pos-2-A02-S482-comb","Keratinocytes",3.53067917129246
"cy58-1-CD45-pos-C03-S603-comb","Keratinocytes",0.935567066562681
"cy53-1-CD45-pos-1-A10-S10-comb","Endothelial",NA
"cy80-CD45-pos-PD1-pos-F08-S164-comb","Fibroblasts",4.4604241740869
"cy72-CD45-pos-C03-S891-comb","Keratinocytes",4.01409513967559
"cy58-1-CD45-pos-C01-S601-comb","Pericytes",27.1621741525243
"cy53-1-CD45-pos-1-G05-S77-comb","Keratinocytes",2.33987034685064
"cy53-1-CD45-neg-H11-S383-comb","Fibroblasts",12.6934499120437
"cy72-CD45-pos-B05-S881-comb","Keratinocytes",3.5297662187285
"cy74-CD45-pos-D04-S712-comb","Endothelial",NA
"cy58-1-CD45-pos-G08-S656-comb","Endothelial",NA
"cy58-1-CD45-pos-G12-S660-comb","Melanoma cells",NA
"cy74-CD45-pos-A03-S675-comb","Endothelial",NA
"cy72-CD45-pos-C01-S889-comb","Keratinocytes",1.42048194080413
"cy80-CD45-pos-PD1-pos-D03-S135-comb","Endothelial",NA
"cy80-CD45-pos-PD1-pos-H02-S182-comb","Fibroblasts",4.4604241740869
"cy72-CD45-pos-A03-S867-comb","Pericytes",27.5928838521714
"cy58-1-CD45-pos-H03-S663-comb","Melanoma cells",NA
"cy80-CD45-pos-PD1-pos-G09-S177-comb","Fibroblasts",NA
"cy80-CD45-pos-PD1-pos-D06-S138-comb","Fibroblasts",4.4604241740869
"cy58-1-CD45-pos-A03-S579-comb","Keratinocytes",3.33526294936807
"cy58-1-CD45-pos-D09-S621-comb","Endothelial",NA
"cy58-1-CD45-pos-B06-S594-comb","Melanoma cells",NA
"cy82-CD45-pos-2-F01-S541-comb","Keratinocytes",1.90365943642945
"cy58-1-CD45-pos-C07-S607-comb","Keratinocytes",2.33987034685064
"cy74-CD45-pos-A11-S683-comb","Pericytes",23.8036489719001
"cy72-CD45-pos-F11-S935-comb","Keratinocytes",2.65374057432917
"cy53-1-CD45-neg-D08-S332-comb","Other",24.0355424377617
"cy74-CD45-pos-F04-S736-comb","Fibroblasts",NA
"cy74-CD45-pos-C12-S708-comb","B cells",29.371954852558
"cy80-CD45-pos-PD1-pos-B06-S114-comb","Fibroblasts",3.64237620569752
"cy53-1-CD45-pos-1-H01-S85-comb","Keratinocytes",4.26295861464923
"cy74-CD45-pos-D08-S716-comb","Melanoma cells",NA
"cy74-CD45-pos-A02-S674-comb","Endothelial",NA
"cy72-CD45-pos-E12-S924-comb","Keratinocytes",2.92086722195076
"cy58-1-CD45-pos-G05-S653-comb","Keratinocytes",2.24492224288916
"cy74-CD45-pos-A04-S676-comb","Endothelial",NA
"cy58-1-CD45-pos-E09-S633-comb","Endothelial",NA
"cy72-CD45-pos-G08-S944-comb","Keratinocytes",2.24210326725395
"cy74-CD45-pos-F11-S743-comb","Melanoma cells",NA
"cy80-CD45-pos-PD1-pos-H04-S184-comb","Fibroblasts",4.52980691469596
"cy80-CD45-pos-PD1-pos-B04-S112-comb","Endothelial",NA
"cy80-CD45-pos-PD1-pos-A02-S98-comb","Fibroblasts",4.48600308351379
"cy74-CD45-pos-B03-S687-comb","Keratinocytes",2.35877610635755
"cy74-CD45-pos-D05-S713-comb","Melanoma cells",NA
"cy74-CD45-pos-B12-S696-comb","Pericytes",24.1530826965087
"cy53-1-CD45-pos-2-B10-S982-comb","Keratinocytes",4.01694246750982
"cy58-1-CD45-pos-E11-S635-comb","Fibroblasts",NA
"cy72-CD45-pos-G07-S943-comb","B cells",29.9755137846553
"cy80-CD45-pos-PD1-pos-H05-S185-comb","Fibroblasts",4.56814756514043
"cy74-CD45-pos-B02-S686-comb","Pericytes",24.2483205391091
"cy80-CD45-pos-PD1-pos-F09-S165-comb","Fibroblasts",NA
"cy53-1-CD45-pos-1-G01-S73-comb","Endothelial",NA
"cy72-CD45-pos-A09-S873-comb","Keratinocytes",3.87959658960078
"cy80-CD45-pos-PD1-pos-A07-S103-comb","Keratinocytes",3.26268908658892
"cy53-1-CD45-pos-2-G04-S1036-comb","Keratinocytes",3.97646389992638
"cy74-CD45-pos-C02-S698-comb","Pericytes",24.0697511659417
"cy53-1-CD45-pos-1-G08-S80-comb","Pericytes",24.1851409087196
"cy80-CD45-pos-PD1-pos-F10-S166-comb","Endothelial",NA
"cy53-1-CD45-neg-G07-S367-comb","Other",23.7416797009152
"cy72-CD45-pos-D05-S905-comb","Endothelial",2.64827179176971
"cy72-CD45-pos-D11-S911-comb","Fibroblasts",4.31407438113373
"cy53-1-CD45-pos-2-A12-S972-comb","Endothelial",NA
"cy80-CD45-pos-PD1-pos-G03-S171-comb","Keratinocytes",3.10206111576678
"cy53-1-CD45-pos-1-A07-S7-comb","Endothelial",NA
"cy82-CD45-pos-2-E03-S531-comb","Other",22.5170536184562
"cy80-CD45-pos-PD1-pos-A05-S101-comb","Fibroblasts",3.91277235582695
"cy53-1-CD45-pos-2-A10-S970-comb","Pericytes",25.4709485431514
"cy74-CD45-pos-B01-S685-comb","Melanoma cells",NA
"cy58-1-CD45-pos-F11-S647-comb","Endothelial",2.76501727764469
"cy74-CD45-pos-D01-S709-comb","Melanoma cells",NA
"cy80-CD45-pos-PD1-pos-E03-S147-comb","Fibroblasts",4.610625290874
"cy53-1-CD45-pos-2-E03-S1011-comb","Pericytes",26.3061132429154
"cy74-CD45-pos-G06-S750-comb","Endothelial",NA
"cy82-CD45-neg-3-H02-S854-comb","Fibroblasts",16.1013175818608
"cy58-1-CD45-pos-F09-S645-comb","Melanoma cells",NA
"cy74-CD45-pos-F06-S738-comb","Keratinocytes",2.44738090942914
"cy80-CD45-pos-PD1-pos-D07-S139-comb","Endothelial",2.7656241597118
"cy72-CD45-pos-G11-S947-comb","Keratinocytes",2.23667740806816
"cy58-1-CD45-pos-E10-S634-comb","Endothelial",NA
"cy80-CD45-pos-PD1-pos-C08-S128-comb","Endothelial",NA
"cy74-CD45-pos-A10-S682-comb","Endothelial",NA
"cy53-1-CD45-pos-2-G11-S1043-comb","Fibroblasts",NA
"cy72-CD45-pos-G05-S941-comb","Fibroblasts",3.79958023672339
"cy53-1-CD45-pos-1-E11-S59-comb","Keratinocytes",1.0746883636222
"cy58-1-CD45-pos-B12-S600-comb","Melanoma cells",NA
"cy53-1-CD45-pos-1-F01-S61-comb","Fibroblasts",NA
"cy53-1-CD45-pos-2-G03-S1035-comb","Endothelial",NA
"cy80-CD45-pos-PD1-pos-A11-S107-comb","Fibroblasts",3.75721644774976
"cy53-1-CD45-pos-2-H05-S1049-comb","Pericytes",25.1139859532424
"cy53-1-CD45-pos-1-B10-S22-comb","Pericytes",24.8835431303038
"cy53-1-CD45-pos-2-A08-S968-comb","Endothelial",NA
"cy53-1-CD45-pos-2-C08-S992-comb","Endothelial",NA
"cy80-CD45-pos-PD1-pos-D11-S143-comb","Other",23.359508450111
"cy53-1-CD45-pos-2-H04-S1048-comb","Keratinocytes",3.8336344161965
"cy53-1-CD45-pos-2-E04-S1012-comb","Endothelial",NA
"cy58-1-CD45-pos-H12-S672-comb","Pericytes",24.0828543009451
"cy74-CD45-pos-B09-S693-comb","Endothelial",NA
"cy79-p3-CD45-neg-PDL1-neg-E09-S249-comb","Other",16.8032772602596
"cy79-p3-CD45-neg-PDL1-neg-E04-S244-comb","Macrophages",NA
"cy79-p3-CD45-neg-PDL1-neg-F04-S256-comb","Macrophages",NA
"cy79-p3-CD45-pos-PD1-neg-A08-S104-comb","B cells",30.0075357081856
"cy79-p3-CD45-neg-PDL1-neg-H12-S288-comb","Macrophages",NA
"cy79-p3-CD45-neg-PDL1-neg-A08-S200-comb","Macrophages",NA
"cy79-p3-CD45-pos-PD1-neg-E01-S145-comb","B cells",29.9455811478511
"cy79-p3-CD45-pos-PD1-neg-F07-S163-comb","B cells",29.5554453366858
"cy79-p3-CD45-neg-PDL1-neg-H04-S280-comb","Macrophages",NA
"cy79-p3-CD45-neg-PDL1-neg-F09-S261-comb","Macrophages",NA
"cy79-p3-CD45-neg-PDL1-neg-F08-S260-comb","Macrophages",NA
"cy79-p3-CD45-pos-PD1-neg-E04-S148-comb","Keratinocytes",3.25010916272203
"cy79-p3-CD45-neg-PDL1-neg-G03-S267-comb","Macrophages",NA
"cy79-p3-CD45-pos-PD1-neg-G01-S169-comb","B cells",30.5338709151866
"cy79-p3-CD45-neg-PDL1-neg-H10-S286-comb","Macrophages",NA
"cy79-p3-CD45-neg-PDL1-neg-C07-S223-comb","Macrophages",NA
"cy79-p3-CD45-pos-PD1-neg-C02-S122-comb","B cells",31.0951648498117
"cy79-p3-CD45-pos-PD1-neg-B10-S118-comb","B cells",30.1131704755502
"cy79-p3-CD45-neg-PDL1-neg-D09-S237-comb","Macrophages",NA
"cy79-p3-CD45-neg-PDL1-neg-E05-S245-comb","Macrophages",NA
"cy79-p3-CD45-neg-PDL1-neg-B11-S215-comb","Macrophages",NA
"cy79-p3-CD45-pos-PD1-neg-E09-S153-comb","Endothelial",NA
"cy79-p3-CD45-neg-PDL1-neg-A07-S199-comb","Macrophages",NA
"cy79-p3-CD45-pos-PD1-neg-C06-S126-comb","B cells",30.7809462034068
"cy79-p3-CD45-neg-PDL1-neg-B06-S210-comb","Macrophages",NA
"cy79-p3-CD45-pos-PD1-neg-F09-S165-comb","Keratinocytes",3.26929722531138
"cy79-p3-CD45-neg-PDL1-neg-F07-S259-comb","Macrophages",NA
"cy79-p3-CD45-pos-PD1-neg-C11-S131-comb","B cells",31.6389199121868
"cy79-p3-CD45-pos-PD1-neg-E11-S155-comb","B cells",30.7642079370623
"cy79-p3-CD45-neg-PDL1-neg-A11-S203-comb","Macrophages",NA
"cy79-p3-CD45-pos-PD1-neg-F03-S159-comb","B cells",29.3675221401441
"cy79-p3-CD45-neg-PDL1-neg-B03-S207-comb","Macrophages",NA
"cy79-p3-CD45-pos-PD1-neg-F01-S157-comb","B cells",29.4121488059728
"cy79-p3-CD45-pos-PD1-neg-B12-S120-comb","B cells",30.7151991585282
"cy79-p3-CD45-neg-PDL1-neg-E01-S241-comb","Macrophages",NA
"cy79-p3-CD45-pos-PD1-neg-C07-S127-comb","B cells",29.601790618958
"cy79-p3-CD45-neg-PDL1-neg-C10-S226-comb","Macrophages",NA
"cy79-p3-CD45-neg-PDL1-neg-C09-S225-comb","Macrophages",NA
"cy79-p3-CD45-neg-PDL1-neg-B09-S213-comb","Macrophages",NA
"cy79-p3-CD45-neg-PDL1-neg-H02-S278-comb","Macrophages",NA
"cy79-p3-CD45-neg-PDL1-neg-C02-S218-comb","Macrophages",NA
"cy79-p3-CD45-pos-PD1-neg-A05-S101-comb","B cells",31.2042428315348
"cy79-p3-CD45-pos-PD1-neg-C09-S129-comb","Keratinocytes",1.88669606959186
"cy79-p3-CD45-neg-PDL1-neg-G02-S266-comb","Macrophages",NA
"cy79-p3-CD45-pos-PD1-neg-G10-S178-comb","B cells",31.106891474808
"cy79-p3-CD45-pos-PD1-neg-E05-S149-comb","B cells",30.6003060808681
"cy79-p3-CD45-neg-PDL1-neg-B07-S211-comb","Macrophages",NA
"cy79-p3-CD45-neg-PDL1-neg-G06-S270-comb","Macrophages",NA
"cy79-p3-CD45-neg-PDL1-neg-H06-S282-comb","Macrophages",NA
"cy79-p3-CD45-neg-PDL1-neg-F03-S255-comb","Macrophages",NA
"cy79-p3-CD45-pos-PD1-neg-B11-S119-comb","B cells",30.5155033144683
"cy79-p3-CD45-pos-PD1-neg-A09-S105-comb","B cells",29.4875877561368
"cy79-p3-CD45-neg-PDL1-neg-G12-S276-comb","Macrophages",NA
"cy79-p3-CD45-pos-PD1-neg-G02-S170-comb","Pericytes",27.9993326758951
"cy79-p3-CD45-neg-PDL1-neg-C03-S219-comb","Macrophages",NA
"cy79-p3-CD45-neg-PDL1-neg-H05-S281-comb","Macrophages",NA
"cy79-p3-CD45-neg-PDL1-neg-E11-S251-comb","Macrophages",NA
"cy79-p3-CD45-neg-PDL1-neg-H01-S277-comb","Macrophages",NA
"cy79-p3-CD45-pos-PD1-neg-G03-S171-comb","B cells",31.8470878460667
"cy79-p3-CD45-pos-PD1-neg-G09-S177-comb","B cells",29.7190090886239
"cy79-p3-CD45-pos-PD1-neg-G06-S174-comb","B cells",28.9026160099594
"cy79-p3-CD45-neg-PDL1-neg-C01-S217-comb","Macrophages",NA
"cy79-p3-CD45-pos-PD1-neg-F12-S168-comb","Keratinocytes",2.00248483215346
"cy79-p3-CD45-pos-PD1-neg-E07-S151-comb","Keratinocytes",0.846751817195237
"cy79-p3-CD45-pos-PD1-neg-C10-S130-comb","B cells",29.6471666593213
"cy79-p3-CD45-pos-PD1-neg-F08-S164-comb","B cells",30.6587985782039
"cy79-p3-CD45-pos-PD1-neg-E02-S146-comb","Keratinocytes",2.19176690351449
"cy79-p3-CD45-neg-PDL1-neg-H07-S283-comb","Macrophages",NA
"cy79-p3-CD45-neg-PDL1-neg-D08-S236-comb","Macrophages",NA
"cy79-p3-CD45-neg-PDL1-neg-H11-S287-comb","Macrophages",NA
"cy79-p3-CD45-neg-PDL1-neg-G08-S272-comb","Macrophages",NA
"cy79-p3-CD45-neg-PDL1-neg-F02-S254-comb","Macrophages",NA
"cy79-p3-CD45-pos-PD1-neg-E08-S152-comb","Keratinocytes",2.23000408724391
"cy79-p3-CD45-neg-PDL1-neg-D07-S235-comb","Macrophages",NA
"cy79-p3-CD45-pos-PD1-neg-E10-S154-comb","B cells",29.7470044316516
"cy79-p3-CD45-neg-PDL1-neg-D05-S233-comb","Macrophages",NA
"cy79-p3-CD45-neg-PDL1-neg-E12-S252-comb","Macrophages",NA
"cy79-p3-CD45-neg-PDL1-neg-B10-S214-comb","Macrophages",NA
"cy79-p3-CD45-neg-PDL1-neg-B08-S212-comb","Macrophages",NA
"cy79-p3-CD45-neg-PDL1-neg-E06-S246-comb","Macrophages",NA
"cy79-p3-CD45-pos-PD1-neg-A04-S100-comb","B cells",29.6344145143247
"cy79-p3-CD45-pos-PD1-neg-A07-S103-comb","Keratinocytes",0.871851236955221
"cy79-p3-CD45-pos-PD1-neg-G11-S179-comb","B cells",31.4951436427233
"cy79-p3-CD45-pos-PD1-neg-E06-S150-comb","Keratinocytes",0.358187891505327
"cy79-p3-CD45-neg-PDL1-neg-G01-S265-comb","Macrophages",NA
"cy79-p3-CD45-neg-PDL1-neg-C04-S220-comb","Macrophages",NA
"cy79-p3-CD45-neg-PDL1-neg-F11-S263-comb","Macrophages",NA
"cy79-p3-CD45-neg-PDL1-neg-F10-S262-comb","Macrophages",NA
"cy79-p3-CD45-neg-PDL1-neg-D01-S229-comb","Macrophages",NA
"cy79-p3-CD45-neg-PDL1-neg-E02-S242-comb","Macrophages",NA
"cy79-p3-CD45-neg-PDL1-neg-D11-S239-comb","Macrophages",NA
"cy79-p3-CD45-neg-PDL1-neg-F05-S257-comb","Macrophages",NA
"cy79-p3-CD45-neg-PDL1-neg-E07-S247-comb","Macrophages",NA
"cy79-p3-CD45-pos-PD1-neg-G07-S175-comb","B cells",29.8624358458096
"cy79-p3-CD45-pos-PD1-neg-G04-S172-comb","B cells",30.1635588626875
"cy79-p3-CD45-neg-PDL1-neg-D12-S240-comb","Macrophages",NA
"cy79-p3-CD45-pos-PD1-neg-A10-S106-comb","Keratinocytes",1.52512233919262
"cy79-p3-CD45-neg-PDL1-neg-B01-S205-comb","Macrophages",NA
"cy79-p3-CD45-neg-PDL1-neg-A12-S204-comb","Other",24.0675229196672
"cy79-p3-CD45-pos-PD1-neg-C05-S125-comb","B cells",29.8216640261345
"cy79-p3-CD45-neg-PDL1-neg-C12-S228-comb","Macrophages",NA
"cy79-p3-CD45-pos-PD1-neg-G05-S173-comb","B cells",29.2863216187312
"cy79-p3-CD45-neg-PDL1-neg-G05-S269-comb","Macrophages",NA
"cy79-p3-CD45-neg-PDL1-neg-G10-S274-comb","Macrophages",NA
"cy79-p3-CD45-neg-PDL1-neg-D02-S230-comb","Macrophages",NA
"cy79-p3-CD45-neg-PDL1-neg-B12-S216-comb","Macrophages",NA
"cy79-p3-CD45-pos-PD1-neg-G12-S180-comb","B cells",31.3576975441585
"cy79-p3-CD45-neg-PDL1-neg-A09-S201-comb","Macrophages",NA
"cy79-p3-CD45-pos-PD1-neg-F05-S161-comb","B cells",29.3404192427525
"Cy59_10","Other",13.3312270015747
"Cy59_11","Other",13.439701989539
"Cy59_13","Other",13.4410188768023
"Cy59_14","Other",13.4115092128254
"Cy59_16","Other",16.531261533134
"Cy59_17","Other",13.1981130144409
"Cy59_18","Other",16.3844592651272
"Cy59_19","Fibroblasts",12.8621784007502
"Cy59_1","Fibroblasts",13.2674429183289
"Cy59_20","Other",13.5276044462288
"Cy59_21","Other",13.1913789772837
"Cy59_23","Other",13.4261175224254
"Cy59_25","Other",13.439701989539
"Cy59_26","Other",13.439701989539
"Cy59_27","Other",13.4703481274809
"Cy59_28","Other",NA
"Cy59_2","Other",16.3965095611409
"Cy59_30","Other",NA
"Cy59_31","Fibroblasts",12.9459819092118
"Cy59_32","Other",13.5124112944564
"Cy59_33","Other",13.4593760369689
"Cy59_35","Fibroblasts",12.523175236583
"Cy59_36","Other",13.3960971571758
"Cy59_38","Other",NA
"Cy59_39","Other",13.5244639433647
"Cy59_40","Other",13.448748755314
"Cy59_41","Other",13.5498804523919
"Cy59_42","Other",13.4219370872196
"Cy59_44","Other",13.2984584725724
"Cy59_45","Other",13.3824001283849
"Cy59_4","Other",NA
"Cy59_52","Other",16.4125748857412
"Cy59_53","Other",13.4854868395738
"Cy59_54","Fibroblasts",12.9333204641231
"Cy59_55","Other",16.3441108230153
"Cy59_56","Fibroblasts",12.98569838536
"Cy59_57","Other",13.439701989539
"Cy59_59","Other",13.1850166694903
"Cy59_5","Other",13.305873696205
"Cy59_60","Other",13.5054822262179
"Cy59_61","Other",13.482936495606
"Cy59_62","Fibroblasts",13.0158776284492
"Cy59_64","Other",13.4790224424565
"Cy59_67","Other",12.9885409579996
"Cy59_69","Other",13.4357003576518
"Cy59_70","Other",13.5338194106398
"Cy59_71","Other",13.3803370772151
"Cy59_72","Other",16.1120350608735
"Cy59_73","Other",13.5745288041419
"Cy59_75","Other",13.439701989539
"Cy59_76","Other",13.1832291952867
"Cy59_77","Other",13.3553406909015
"Cy59_78","Other",13.3318229474576
"Cy59_79","Other",13.439701989539
"Cy59_7","Other",16.4470702882794
"Cy59_81","Other",13.469546282089
"Cy59_82","Other",13.413011793478
"Cy59_83","Pericytes",25.1399270343765
"Cy59_84","Other",16.1626198616116
"Cy59_85","Other",15.7769006606091
"Cy59_86","Other",13.3670183541529
"Cy59_87","Pericytes",25.0972750637851
"Cy59_88","Other",13.3061932682768
"Cy59_89","Other",13.4488707664444
"Cy59_90","Other",13.443762651693
"Cy59_92","Other",13.512164843445
"Cy59_93","Fibroblasts",12.88331814097
"Cy59_94","Fibroblasts",13.0231152255798
"Cy59_95","Other",16.6420488087717
"Cy59_96","Other",16.081678364249
"Cy67-CD45pos-S2-A10_S10","B cells",31.80283049225
"Cy67-CD45pos-S2-A11_S11","Endothelial",NA
"Cy67-CD45pos-S2-A12_S12","Fibroblasts",3.90808795059665
"Cy67-CD45pos-S2-A2_S2","Keratinocytes",0.0781772643442503
"Cy67-CD45pos-S2-A3_S3","Endothelial",2.51566116775486
"Cy67-CD45pos-S2-A5_S5","B cells",30.7064842177064
"Cy67-CD45pos-S2-A7_S7","Keratinocytes",2.38329279767391
"Cy67-CD45pos-S2-A8_S8","Endothelial",NA
"Cy67-CD45pos-S2-A9_S9","Keratinocytes",1.00037155325163
"Cy67-CD45pos-S2-B10_S22","Keratinocytes",0.112390520420341
"Cy67-CD45pos-S2-B11_S23","Keratinocytes",1.00210520793135
"Cy67-CD45pos-S2-B12_S24","Keratinocytes",1.51715089019332
"Cy67-CD45pos-S2-B1_S13","Keratinocytes",1.65036929084917
"Cy67-CD45pos-S2-B3_S15","Keratinocytes",0.741117382047493
"Cy67-CD45pos-S2-B4_S16","Endothelial",NA
"Cy67-CD45pos-S2-B5_S17","Keratinocytes",1.11773687492648
"Cy67-CD45pos-S2-B6_S18","B cells",32.108131634577
"Cy67-CD45pos-S2-B7_S19","Keratinocytes",1.87483587658969
"Cy67-CD45pos-S2-B8_S20","Endothelial",2.09453651433725
"Cy67-CD45pos-S2-B9_S21","Keratinocytes",0.716335336559835
"Cy67-CD45pos-S2-C10_S34","B cells",32.1383727189291
"Cy67-CD45pos-S2-C11_S35","B cells",31.9770830565389
"Cy67-CD45pos-S2-C12_S36","B cells",29.5810213599063
"Cy67-CD45pos-S2-C2_S26","B cells",32.0291456731145
"Cy67-CD45pos-S2-C3_S27","Keratinocytes",2.97778416779978
"Cy67-CD45pos-S2-C4_S28","Endothelial",NA
"Cy67-CD45pos-S2-C5_S29","Melanoma cells",NA
"Cy67-CD45pos-S2-C6_S30","Endothelial",2.27232478244737
"Cy67-CD45pos-S2-C7_S31","B cells",31.123341183334
"Cy67-CD45pos-S2-C8_S32","Keratinocytes",0.690862429027674
"Cy67-CD45pos-S2-C9_S33","Keratinocytes",0.1506823577082
"Cy67-CD45pos-S2-D10_S46","Keratinocytes",1.04742454899606
"Cy67-CD45pos-S2-D11_S47","Endothelial",NA
"Cy67-CD45pos-S2-D12_S48","Keratinocytes",2.04460620634271
"Cy67-CD45pos-S2-D1_S37","Endothelial",1.7447747181193
"Cy67-CD45pos-S2-D2_S38","B cells",31.9597884741451
"Cy67-CD45pos-S2-D3_S39","Keratinocytes",0.813835131887407
"Cy67-CD45pos-S2-D4_S40","Keratinocytes",2.41933495688619
"Cy67-CD45pos-S2-D5_S41","Keratinocytes",0.0569409551893254
"Cy67-CD45pos-S2-D7_S43","B cells",29.1357890148544
"Cy67-CD45pos-S2-D8_S44","Keratinocytes",0.860152570237974
"Cy67-CD45pos-S2-D9_S45","Keratinocytes",1.87753636617585
"Cy67-CD45pos-S2-E10_S58","Keratinocytes",1.72134008975453
"Cy67-CD45pos-S2-E11_S59","B cells",31.8354391736085
"Cy67-CD45pos-S2-E12_S60","Keratinocytes",1.75308881822437
"Cy67-CD45pos-S2-E1_S49","Keratinocytes",0.664454147295351
"Cy67-CD45pos-S2-E2_S50","Keratinocytes",2.97778416779978
"Cy67-CD45pos-S2-E3_S51","Endothelial",NA
"Cy67-CD45pos-S2-E4_S52","Keratinocytes",0.773460098036234
"Cy67-CD45pos-S2-E5_S53","Keratinocytes",0.806537479779897
"Cy67-CD45pos-S2-E6_S54","B cells",28.8107705672575
"Cy67-CD45pos-S2-E7_S55","Keratinocytes",0.645204735493367
"Cy67-CD45pos-S2-E8_S56","Keratinocytes",0.280535612867652
"Cy67-CD45pos-S2-E9_S57","Keratinocytes",1.19597315342633
"Cy67-CD45pos-S2-F10_S70","Endothelial",2.7656241597118
"Cy67-CD45pos-S2-F11_S71","Melanoma cells",NA
"Cy67-CD45pos-S2-F12_S72","Keratinocytes",1.09098626136841
"Cy67-CD45pos-S2-F1_S61","Keratinocytes",1.40200796091258
"Cy67-CD45pos-S2-F2_S62","B cells",31.2050964061095
"Cy67-CD45pos-S2-F3_S63","B cells",31.6046051290287
"Cy67-CD45pos-S2-F4_S64","Endothelial",NA
"Cy67-CD45pos-S2-F5_S65","B cells",31.2150377490852
"Cy67-CD45pos-S2-F6_S66","B cells",31.26773397086
"Cy67-CD45pos-S2-F7_S67","Endothelial",1.55793327485803
"Cy67-CD45pos-S2-F8_S68","Keratinocytes",2.01982266732957
"Cy67-CD45pos-S2-F9_S69","Keratinocytes",1.26524422195687
"Cy67-CD45pos-S2-G10_S82","B cells",30.0102689439807
"Cy67-CD45pos-S2-G11_S83","Endothelial",NA
"Cy67-CD45pos-S2-G12_S84","B cells",29.3872100672359
"Cy67-CD45pos-S2-G1_S73","Endothelial",2.8093635957836
"Cy67-CD45pos-S2-G2_S74","B cells",32.1355827560486
"Cy67-CD45pos-S2-G3_S75","Keratinocytes",0.482298736802591
"Cy67-CD45pos-S2-G5_S77","Keratinocytes",2.55310340394492
"Cy67-CD45pos-S2-G6_S78","Keratinocytes",1.35400870761997
"Cy67-CD45pos-S2-G7_S79","B cells",31.7428075047708
"Cy67-CD45pos-S2-G8_S80","Keratinocytes",2.97778416779978
"Cy67-CD45pos-S2-G9_S81","B cells",30.9331742738048
"Cy67-CD45pos-S2-H10_S94","B cells",32.2475785818581
"Cy67-CD45pos-S2-H11_S95","B cells",31.8361957225344
"Cy67-CD45pos-S2-H1_S85","Melanoma cells",NA
"Cy67-CD45pos-S2-H2_S86","Endothelial",NA
"Cy67-CD45pos-S2-H3_S87","Keratinocytes",3.05122110145419
"Cy67-CD45pos-S2-H4_S88","Keratinocytes",0.316887175045102
"Cy67-CD45pos-S2-H5_S89","Keratinocytes",0.109518239514666
"Cy67-CD45pos-S2-H6_S90","Endothelial",NA
"Cy67-CD45pos-S2-H7_S91","Endothelial",2.7635740171222
"Cy67-CD45pos-S2-H8_S92","Keratinocytes",0.491748918731215
"Cy67-CD45pos-S2-H9_S93","Endothelial",NA
"CY65_NEG_A_AACATAAT_ACACGATC","Fibroblasts",12.358404431906
"CY65_NEG_A_AACATAAT_AGGATCTA","Pericytes",25.0984730168665
"CY65_NEG_B_AAGAGGCA_AAGGAGTA","Fibroblasts",12.9187672858935
"CY65_NEG_B_AAGAGGCA_ACTGCATA","Fibroblasts",NA
"CY65_NEG_B_AAGAGGCA_AGAGTAGA","Fibroblasts",12.4997983848428
"CY65_NEG_C_AAGCAACT_AGGTAAGG","Other",NA
"CY65_NEG_D_AGAACATT_AACAATGG","Endothelial",NA
"CY65_NEG_E_AGAACATT_AACGCATT","B cells",28.1563549900079
"CY65_NEG_E_AGAACATT_AAGTAGAG","Melanoma cells",NA
"CY65_NEG_E_AGAACATT_ACACGATC","Fibroblasts",4.44862658249814
"CY65_NEG_E_AGAACATT_ACAGGTAT","Melanoma cells",NA
"CY65_NEG_E_AGAACATT_ACTGTATC","Fibroblasts",NA
"CY65_NEG_E_AGAACATT_AGGATCTA","Endothelial",NA
"CY65_NEG_E_AGAACATT_AGGTAAGG","B cells",28.7705547983101
"CY65_NEG_E_AGAACATT_AGGTCGCA","Endothelial",2.92971007212881
"CY65_NEG_E_AGAACATT_AGGTTATC","Melanoma cells",NA
"CY65_NEG_E_AGAACATT_ATTCCTCT","Melanoma cells",NA
"CY65_NEG_E_AGAACATT_CAACTCTC","Fibroblasts",4.6026076584881
"CY65_NEG_F_AGAACATT_CATGCTTA","Endothelial",NA
"CY65_NEG_F_AGAACATT_CGTTACCA","B cells",28.0547354992291
"CY65_POS_A_AGAACATT_CTAACTCG","Melanoma cells",NA
"CY65_POS_A_AGAACATT_CTACCAGG","Fibroblasts",11.7428601215114
"CY65_POS_A_AGAACATT_GGTCCAGA","Melanoma cells",NA
"CY65_POS_A_AGAACATT_GTCTGATG","Melanoma cells",NA
"CY65_POS_A_AGAACATT_TCCTTGGT","Melanoma cells",NA
"CY65_POS_A_AGAACATT_TCTGGCGA","Keratinocytes",0.543997155761296
"CY65_POS_A_AGGATGTG_AACGCATT","Endothelial",NA
"CY65_POS_B_AGGATGTG_AGGATCTA","Endothelial",NA
"CY65_POS_B_AGGATGTG_AGGTTATC","Endothelial",2.78137259075689
"CY65_POS_B_AGGATGTG_ATTCCTCT","Melanoma cells",NA
"CY65_POS_B_AGGATGTG_CCAACATT","Endothelial",NA
"CY65_POS_C_AGGATGTG_CTACCAGG","Fibroblasts",12.8396625356491
"CY65_POS_D_AGGCAGAA_TAGATCGC","Fibroblasts",12.7691285136335
"CY65_POS_D_AGTGTCTT_AGGTAAGG","Keratinocytes",1.03181798694384
"CY65_POS_E_AGTGTCTT_ATTCCTCT","Keratinocytes",0.117202616692398
"CY65_POS_E_AGTGTCTT_CAACTCTC","Melanoma cells",NA
"CY65_POS_E_AGTGTCTT_CATGCTTA","Endothelial",NA
"CY65_POS_E_AGTGTCTT_GGTCCAGA","Endothelial",2.16782622870323
"CY65_POS_E_AGTGTCTT_TCCTTGGT","Keratinocytes",0.645570979337491
"CY65_POS_F_AGTGTCTT_TGTTCCGA","Keratinocytes",0.434381108382844
"CY65_POS_F_ATCCGACA_AACGCATT","Keratinocytes",0.849483236914661
"CY65_POS_F_ATCCGACA_ACACGATC","B cells",28.422914729485
"CY65_POS_F_ATCCGACA_AGGTAAGG","Keratinocytes",1.41191839958048
"CY65_POS_F_ATCCGACA_CATGATCG","Keratinocytes",1.31908309904717
"CY65_POS_F_ATCCGACA_CCAACATT","Other",NA
"CY65_POS_G_ATCCGACA_CGTTACCA","Melanoma cells",NA
"CY65_POS_G_ATCCGACA_CTGCGGAT","Keratinocytes",2.89125139293761
"CY65_POS_G_ATCCGACA_GGTCCAGA","Keratinocytes",2.22997886051551
"CY65_POS_G_CAAGGCGA_AACAATGG","B cells",30.3773746900476
"CY65_POS_G_CAAGGCGA_AACGCATT","Melanoma cells",NA
"CY65_POS_G_CAAGGCGA_AAGTAGAG","Keratinocytes",2.02961603064343
"CY65_POS_G_CAAGGCGA_ACACGATC","Keratinocytes",1.17338186811287
"CY65_POS_G_CAAGGCGA_ACAGGTAT","Keratinocytes",1.91099268653481
"CY65_POS_G_CAAGGCGA_AGGATCTA","Keratinocytes",1.24940613139742
"CY65_POS_G_CAAGGCGA_AGGTAAGG","Keratinocytes",2.79678474389536
"CY65_POS_H_CAAGGCGA_ATTCCTCT","Endothelial",NA
"CY65_POS_H_CAAGGCGA_CAACTCTC","Fibroblasts",3.82613523387946
"CY65_POS_H_CAAGGCGA_CATGATCG","Keratinocytes",1.41639713800327
"CY65_POS_H_CAAGGCGA_CCAACATT","Keratinocytes",1.22128292350797
"CY65_POS_H_CAAGGCGA_CGTTACCA","Other",NA
"CY65_POS_H_CAAGGCGA_CTAACTCG","Endothelial",NA
"CY65_POS_H_CAAGGCGA_CTACCAGG","Keratinocytes",1.40595572942333
"CY65_POS_H_CAAGGCGA_CTGCGGAT","Melanoma cells",NA
"CY67_NEG_A_CAAGGCGA_TCCTTGGT","Fibroblasts",NA
"CY67_NEG_A_CAAGGCGA_TCTGGCGA","Fibroblasts",4.54959522319699
"CY67_NEG_A_CAGAGAGG_AAGGAGTA","Fibroblasts",NA
"CY67_NEG_A_CAGAGAGG_ACTGCATA","Keratinocytes",3.79180686115093
"CY67_NEG_A_CAGAGAGG_AGAGTAGA","Melanoma cells",NA
"CY67_NEG_A_CAGAGAGG_CTAAGCCT","Melanoma cells",NA
"CY67_NEG_B_CAGAGAGG_TATCCTCT","Melanoma cells",NA
"CY80-neg-D06-S42-comb","Other",22.9917621472626
"CY80-neg-C11-S35-comb","Other",16.3939917880095
"CY80-neg-D12-S48-comb","Other",NA
"CY80-neg-D03-S39-comb","Other",NA
"CY80-neg-B07-S19-comb","Other",NA
"CY80-neg-B08-S20-comb","Other",NA
"CY80-neg-F11-S71-comb","Other",NA
"CY80-neg-F01-S61-comb","Other",NA
"CY80-neg-G02-S74-comb","Other",NA
"CY80-neg-G04-S76-comb","Other",23.115393578068
"CY80-neg-B06-S18-comb","Other",22.9498254034865
"CY80-neg-B09-S21-comb","Other",NA
"CY80-neg-B12-S24-comb","Other",NA
"CY80-neg-C09-S33-comb","Other",22.9498254034865
"CY80-neg-E03-S51-comb","Other",23.0027087636348
"CY80-neg-C10-S34-comb","Other",23.0056688254721
"CY80-neg-B11-S23-comb","Other",NA
"CY80-neg-H12-S96-comb","Other",NA
"CY80-neg-G06-S78-comb","Other",16.5175403659861
"CY80-neg-B01-S13-comb","Other",NA
"CY80-neg-G10-S82-comb","Other",NA
"CY80-neg-B04-S16-comb","Other",NA
"CY80-neg-D10-S46-comb","Other",NA
"CY80-neg-D09-S45-comb","Other",NA
"CY80-neg-F09-S69-comb","Other",NA
"CY80-neg-H02-S86-comb","Other",NA
"CY80-neg-B03-S15-comb","Other",NA
"CY80-neg-E01-S49-comb","Other",22.9498254034865
"CY80-neg-H07-S91-comb","Other",NA
"CY80-neg-E11-S59-comb","Other",NA
"CY80-neg-F06-S66-comb","Other",NA
"CY80-neg-C04-S28-comb","Other",23.007678991556
"CY80-neg-H05-S89-comb","Other",NA
"CY80-neg-C02-S26-comb","Other",23.0156829345148
"CY80-neg-H09-S93-comb","Other",22.9657078956572
"CY80-neg-H08-S92-comb","Other",NA
"CY80-neg-H11-S95-comb","Other",NA
"CY80-neg-H01-S85-comb","Other",NA
"CY80-neg-E08-S56-comb","Other",NA
"CY80-neg-F05-S65-comb","Other",NA
"CY80-neg-H10-S94-comb","Other",22.9984140026126
"CY80-neg-C08-S32-comb","Other",NA
"CY80-neg-D02-S38-comb","Other",NA
"CY80-neg-D11-S47-comb","Other",NA
"CY80-neg-C12-S36-comb","Other",NA
"CY80-neg-F10-S70-comb","Other",NA
"CY80-neg-D01-S37-comb","Other",NA
"CY80-neg-D07-S43-comb","Other",NA
"CY80-neg-E02-S50-comb","Other",NA
"cy78-CD45-neg-1-B04-S496-comb","Other",NA
"cy80-CD45-neg-F02-S446-comb","Endothelial",NA
"cy78-CD45-neg-3-H06-S762-comb","Other",14.4007059252082
"cy84-Met-CD45-pos-B03-S879-comb","B cells",31.4769684101844
"cy78-CD45-neg-1-D07-S523-comb","Other",NA
"cy84-Met-CD45-pos-A09-S873-comb","Endothelial",NA
"cy78-CD45-neg-3-D01-S709-comb","Other",NA
"cy80-CD45-neg-A09-S393-comb","Endothelial",NA
"cy78-CD45-neg-2-B08-S596-comb","Other",NA
"cy78-CD45-neg-1-E02-S530-comb","Other",14.4044152804418
"cy78-CD45-neg-3-B02-S686-comb","Other",14.1835602779965
"cy78-CD45-neg-3-D04-S712-comb","Other",NA
"cy78-CD45-neg-3-E02-S722-comb","Other",14.3630816682245
"cy80-CD45-neg-H12-S480-comb","Pericytes",24.0816013913409
"cy78-CD45-neg-3-D10-S718-comb","Other",14.2744327127919
"cy78-CD45-neg-1-G05-S557-comb","Other",NA
"cy84-Met-CD45-pos-C08-S896-comb","Endothelial",2.7656241597118
"cy78-CD45-neg-3-G11-S755-comb","Other",NA
"cy80-CD45-neg-C11-S419-comb","Endothelial",NA
"cy78-CD45-neg-1-H01-S565-comb","Other",14.0892512268469
"cy78-CD45-neg-1-C02-S506-comb","Other",14.4553329926578
"cy78-CD45-neg-1-A05-S485-comb","Other",14.3056199293965
"cy80-CD45-neg-E11-S443-comb","Endothelial",NA
"cy78-CD45-neg-1-E03-S531-comb","Other",NA
"cy78-CD45-neg-1-E07-S535-comb","Other",14.3861016315683
"cy78-CD45-neg-2-C06-S606-comb","Other",14.182126284676
"cy78-CD45-neg-3-G02-S746-comb","Other",14.446559840098
"cy78-CD45-neg-1-B02-S494-comb","Other",NA
"cy78-CD45-neg-1-H07-S571-comb","Other",14.3488500520495
"cy78-CD45-neg-2-C08-S608-comb","Fibroblasts",13.7766545040625
"cy78-CD45-neg-1-F06-S546-comb","Other",NA
"cy84-Met-CD45-pos-G05-S941-comb","Keratinocytes",3.28420062175348
"cy84-Met-CD45-pos-F09-S933-comb","Melanoma cells",NA
"cy80-CD45-neg-B11-S407-comb","Keratinocytes",3.66510072612096
"cy78-CD45-neg-3-D02-S710-comb","Other",14.3356925323089
"cy78-CD45-neg-1-A04-S484-comb","Other",NA
"cy78-CD45-neg-1-H08-S572-comb","Fibroblasts",13.2393218291772
"cy78-CD45-neg-1-F02-S542-comb","Other",NA
"cy78-CD45-neg-3-G07-S751-comb","Other",14.3056199293965
"cy84-Met-CD45-pos-D03-S903-comb","Keratinocytes",3.86459446197564
"cy78-CD45-neg-1-F10-S550-comb","Other",14.1339691165007
"cy78-CD45-neg-3-E05-S725-comb","Other",14.0326140142572
"cy78-CD45-neg-1-H04-S568-comb","Other",14.4665670923107
"cy80-CD45-neg-F06-S450-comb","Endothelial",NA
"cy84-Met-CD45-pos-H10-S958-comb","B cells",31.0320594805907
"cy84-Met-CD45-pos-B05-S881-comb","Fibroblasts",NA
"cy80-CD45-neg-B06-S402-comb","Pericytes",24.1239584345697
"cy80-CD45-neg-G12-S468-comb","Fibroblasts",NA
"cy80-CD45-neg-A07-S391-comb","Fibroblasts",NA
"cy78-CD45-neg-3-G09-S753-comb","Other",NA
"cy78-CD45-neg-1-B08-S500-comb","Other",NA
"cy78-CD45-neg-3-D07-S715-comb","Other",14.3437543631165
"cy78-CD45-neg-1-A03-S483-comb","Other",NA
"cy78-CD45-neg-1-F08-S548-comb","Other",13.5548979974776
"cy80-CD45-neg-A05-S389-comb","Fibroblasts",4.4604241740869
"cy80-CD45-neg-D03-S423-comb","Endothelial",NA
"cy78-CD45-neg-3-D08-S716-comb","Other",14.4156385686673
"cy80-CD45-neg-F12-S456-comb","Pericytes",27.6114971939879
"cy80-CD45-neg-D02-S422-comb","B cells",31.1758828380315
"cy84-Primary-CD45-neg-G03-S1035-comb","Other",15.9594743095835
"cy78-CD45-neg-2-C05-S605-comb","Fibroblasts",14.0892512268469
"cy78-CD45-neg-1-G04-S556-comb","Other",NA
"cy78-CD45-neg-1-D05-S521-comb","Other",14.3865569215994
"cy78-CD45-neg-1-C10-S514-comb","Other",NA
"cy78-CD45-neg-3-D09-S717-comb","Other",13.5889400022698
"cy80-CD45-neg-C08-S416-comb","Pericytes",28.511373689289
"cy78-CD45-neg-3-B08-S692-comb","Other",14.3056199293965
"cy78-CD45-neg-3-C09-S705-comb","Other",14.4895797156361
"cy78-CD45-neg-1-H02-S566-comb","Other",14.0860091353472
"cy80-CD45-neg-E04-S436-comb","Keratinocytes",3.82980578182662
"cy84-Primary-CD45-neg-G07-S1039-comb","Fibroblasts",NA
"cy80-CD45-neg-D07-S427-comb","Pericytes",28.019574235381
"cy80-CD45-neg-H03-S471-comb","Fibroblasts",4.24906702460137
"cy80-CD45-neg-G01-S457-comb","Endothelial",NA
"cy84-Primary-CD45-neg-A03-S963-comb","Other",NA
"cy80-CD45-neg-B05-S401-comb","Pericytes",27.7973555437065
"cy80-CD45-neg-C12-S420-comb","Endothelial",NA
"cy80-CD45-neg-A12-S396-comb","Endothelial",NA
"cy80-CD45-neg-A10-S394-comb","Pericytes",27.9166824576539
"cy84-Primary-CD45-neg-E12-S1020-comb","Fibroblasts",NA
"cy78-CD45-neg-1-F05-S545-comb","Other",14.3056199293965
"cy80-CD45-neg-F04-S448-comb","Endothelial",NA
"cy78-CD45-neg-3-F12-S744-comb","Other",14.3562873439025
"cy78-CD45-neg-3-A05-S677-comb","Other",NA
"cy78-CD45-neg-1-D09-S525-comb","Other",14.0892512268469
"cy78-CD45-neg-1-D12-S528-comb","Other",NA
"cy78-CD45-neg-3-C01-S697-comb","Other",14.4627399475118
"cy78-CD45-neg-3-B03-S687-comb","Other",14.2459959728775
"cy80-CD45-neg-G02-S458-comb","Other",24.0371400599468
"cy78-CD45-neg-3-F07-S739-comb","Other",14.4844436474989
"cy78-CD45-neg-3-A12-S684-comb","Other",14.4862402808774
"cy84-Met-CD45-pos-B02-S878-comb","Keratinocytes",4.18411453499787
"cy80-CD45-neg-F10-S454-comb","B cells",31.9437126597145
"cy78-CD45-neg-2-A06-S582-comb","Keratinocytes",0.145512101702303
"cy80-CD45-neg-A11-S395-comb","Endothelial",2.7656241597118
"cy78-CD45-neg-2-A12-S588-comb","Other",NA
"cy84-Met-CD45-pos-B07-S883-comb","Keratinocytes",2.15515659277407
"cy80-CD45-neg-E09-S441-comb","Endothelial",NA
"cy78-CD45-neg-1-D01-S517-comb","Other",NA
"cy78-CD45-neg-3-B01-S685-comb","Other",14.2340619890297
"cy80-CD45-neg-D01-S421-comb","Endothelial",NA
"cy78-CD45-neg-1-B11-S503-comb","Other",14.5185402770036
"cy78-CD45-neg-2-B10-S598-comb","Other",NA
"cy78-CD45-neg-1-B06-S498-comb","Other",NA
"cy78-CD45-neg-1-H03-S567-comb","Other",14.4492621083919
"cy80-CD45-neg-H07-S475-comb","Melanoma cells",NA
"cy78-CD45-neg-3-E07-S727-comb","Other",14.3659457390215
"cy78-CD45-neg-1-G12-S564-comb","Other",14.3994008864661
"cy84-Primary-CD45-neg-E05-S1013-comb","Fibroblasts",NA
"cy78-CD45-neg-3-H02-S758-comb","Other",14.460206801463
"cy78-CD45-neg-3-F09-S741-comb","Other",14.4095762910421
"cy80-CD45-neg-E02-S434-comb","Endothelial",NA
"cy80-CD45-neg-C05-S413-comb","Endothelial",NA
"cy78-CD45-neg-1-A11-S491-comb","Other",14.3498555903836
"cy84-Met-CD45-pos-H09-S957-comb","Pericytes",23.7540207883295
"cy78-CD45-neg-2-B11-S599-comb","Fibroblasts",13.1533726776932
"cy78-CD45-neg-3-A06-S678-comb","Other",NA
"cy78-CD45-neg-2-C07-S607-comb","Other",NA
"cy78-CD45-neg-3-F05-S737-comb","Fibroblasts",13.0553092923456
"cy78-CD45-neg-3-F01-S733-comb","Other",NA
"cy80-CD45-neg-D04-S424-comb","Endothelial",NA
"cy78-CD45-neg-1-C01-S505-comb","Other",14.4721717198891
"cy78-CD45-neg-2-A05-S581-comb","Other",14.3056199293965
"cy78-CD45-neg-1-H05-S569-comb","Fibroblasts",12.7921759916726
"cy78-CD45-neg-3-F04-S736-comb","Other",NA
"cy78-CD45-neg-3-E06-S726-comb","Other",14.3774054405589
"cy78-CD45-neg-3-G01-S745-comb","Other",16.426461799635
"cy80-CD45-neg-E10-S442-comb","Endothelial",NA
"cy84-Met-CD45-pos-G01-S937-comb","Keratinocytes",4.13510665323633
"cy78-CD45-neg-3-F03-S735-comb","Other",14.3056199293965
"cy80-CD45-neg-C04-S412-comb","Endothelial",NA
"cy78-CD45-neg-3-C04-S700-comb","Other",NA
"cy84-Met-CD45-pos-B04-S880-comb","Endothelial",NA
"cy78-CD45-neg-1-C06-S510-comb","Other",14.4705629874242
"cy84-Primary-CD45-neg-A10-S970-comb","Fibroblasts",NA
"cy80-CD45-neg-A06-S390-comb","Pericytes",23.6686560398396
"cy78-CD45-neg-3-G10-S754-comb","Other",14.3524750458097
"cy78-CD45-neg-3-H04-S760-comb","Other",13.8167174986215
"cy80-CD45-neg-G08-S464-comb","Endothelial",3.0323307689829
"cy78-CD45-neg-1-D04-S520-comb","Other",NA
"cy84-Met-CD45-pos-A02-S866-comb","B cells",32.2081031523119
"cy78-CD45-neg-3-A11-S683-comb","Other",NA
"cy78-CD45-neg-2-B05-S593-comb","Other",NA
"cy80-CD45-neg-B12-S408-comb","Melanoma cells",NA
"cy80-CD45-neg-E01-S433-comb","Pericytes",28.1492992257989
"cy78-CD45-neg-3-B10-S694-comb","Other",NA
"cy80-CD45-neg-C07-S415-comb","Endothelial",NA
"cy78-CD45-neg-3-G05-S749-comb","Other",13.8634505954933
"cy84-Met-CD45-pos-F10-S934-comb","Endothelial",NA
"cy78-CD45-neg-3-G08-S752-comb","Other",14.3407597868327
"cy78-CD45-neg-1-C05-S509-comb","Other",14.3103729147873
"cy78-CD45-neg-3-D11-S719-comb","Other",14.25551334453
"cy78-CD45-neg-3-B05-S689-comb","Other",NA
"cy78-CD45-neg-3-G03-S747-comb","Other",14.4342168377133
"cy80-CD45-neg-F05-S449-comb","Endothelial",NA
"cy80-CD45-neg-H01-S469-comb","Pericytes",28.5456918316108
"cy84-Primary-CD45-neg-H02-S1046-comb","Other",23.9946166663973
"cy78-CD45-neg-1-B12-S504-comb","Other",NA
"cy78-CD45-neg-2-A10-S586-comb","Other",14.3056199293965
"cy78-CD45-neg-3-F10-S742-comb","Other",14.4814686444095
"cy78-CD45-neg-1-H12-S576-comb","Other",NA
"cy84-Met-CD45-pos-F04-S928-comb","Keratinocytes",2.69617907633061
"cy78-CD45-neg-3-A09-S681-comb","Other",NA
"cy78-CD45-neg-1-A06-S486-comb","Other",NA
"cy78-CD45-neg-1-F11-S551-comb","Other",14.5141811483844
"cy80-CD45-neg-C01-S409-comb","Endothelial",NA
"cy84-Met-CD45-pos-A01-S865-comb","Pericytes",24.2925003782445
"cy80-CD45-neg-B04-S400-comb","B cells",29.2510893233693
"cy84-Primary-CD45-neg-H07-S1051-comb","Other",NA
"cy80-CD45-neg-F07-S451-comb","Endothelial",NA
"cy80-CD45-neg-D11-S431-comb","Endothelial",NA
"cy78-CD45-neg-3-D12-S720-comb","Other",14.0892512268469
"cy84-Primary-CD45-neg-A12-S972-comb","Other",24.007126890627
"cy84-Met-CD45-pos-C07-S895-comb","Keratinocytes",2.77499562806889
"cy78-CD45-neg-3-A03-S675-comb","Other",14.3150749175913
"cy78-CD45-neg-1-C07-S511-comb","Other",NA
"cy78-CD45-neg-2-A08-S584-comb","B cells",31.0847093600564
"cy78-CD45-neg-3-D06-S714-comb","Other",NA
"cy78-CD45-neg-3-C10-S706-comb","Other",14.5163875780432
"cy78-CD45-neg-3-C03-S699-comb","Other",14.3427273174476
"cy80-CD45-neg-D09-S429-comb","Keratinocytes",3.58540499880063
"cy78-CD45-neg-3-H08-S764-comb","Other",NA
"cy84-Met-CD45-pos-G07-S943-comb","Keratinocytes",2.16333876357787
"cy78-CD45-neg-2-B07-S595-comb","Other",13.6954494890872
"cy78-CD45-neg-3-B04-S688-comb","Other",14.3668143530056
"cy84-Primary-CD45-neg-A07-S967-comb","Fibroblasts",NA
"cy84-Primary-CD45-neg-F05-S1025-comb","Other",NA
"cy78-CD45-neg-3-A08-S680-comb","Other",NA
"cy78-CD45-neg-3-F08-S740-comb","Other",14.3842793497608
"cy84-Primary-CD45-neg-H12-S1056-comb","Fibroblasts",NA
"cy78-CD45-neg-3-G06-S750-comb","Other",14.4281056464931
"cy78-CD45-neg-3-E10-S730-comb","Other",14.3056199293965
"cy84-Met-CD45-pos-H04-S952-comb","B cells",31.797512204269
"cy80-CD45-neg-A03-S387-comb","Melanoma cells",NA
"cy84-Met-CD45-pos-G09-S945-comb","Endothelial",NA
"cy80-CD45-neg-F08-S452-comb","Pericytes",28.0782455917917
"cy80-CD45-neg-F11-S455-comb","Pericytes",29.4645344524645
"cy84-Met-CD45-pos-D06-S906-comb","Endothelial",NA
"cy78-CD45-neg-1-G01-S553-comb","Other",NA
"cy84-Met-CD45-pos-A04-S868-comb","Endothelial",NA
"cy78-CD45-neg-3-B11-S695-comb","Other",14.5032429756369
"cy84-Met-CD45-pos-A11-S875-comb","Keratinocytes",2.01704375317068
"cy78-CD45-neg-1-F07-S547-comb","Other",13.9802227404868
"cy78-CD45-neg-1-C03-S507-comb","Other",14.4356549570691
"cy80-CD45-neg-G07-S463-comb","Endothelial",NA
"cy78-CD45-neg-1-D06-S522-comb","Other",14.3911217763825
"cy80-CD45-neg-H11-S479-comb","Endothelial",NA
"cy78-CD45-neg-3-F11-S743-comb","Other",14.4343078408206
"cy78-CD45-neg-3-A07-S679-comb","Other",NA
"cy78-CD45-neg-1-H10-S574-comb","Other",14.4492597703301
"cy80-CD45-neg-B08-S404-comb","Melanoma cells",NA
"cy78-CD45-neg-1-G02-S554-comb","Other",14.4788360176085
"cy84-Met-CD45-pos-H05-S953-comb","B cells",30.3262004837174
"cy84-Met-CD45-pos-B08-S884-comb","Keratinocytes",1.88534692981155
"cy78-CD45-neg-3-E12-S732-comb","Other",14.4329709863439
"cy80-CD45-neg-E06-S438-comb","Keratinocytes",NA
"cy78-CD45-neg-3-A10-S682-comb","Other",14.4078046614199
"cy78-CD45-neg-1-E09-S537-comb","Other",14.3056199293965
"cy80-CD45-neg-D05-S425-comb","Endothelial",2.7656241597118
"cy84-Met-CD45-pos-F11-S935-comb","Keratinocytes",4.14247789367764
"cy80-CD45-neg-D08-S428-comb","Keratinocytes",1.16426535895943
"cy80-CD45-neg-E07-S439-comb","Melanoma cells",NA
"cy78-CD45-neg-1-C04-S508-comb","Other",14.3175926439769
"cy78-CD45-neg-3-A04-S676-comb","Other",NA
"cy78-CD45-neg-3-G12-S756-comb","Other",14.4558164292337
"cy84-Primary-CD45-neg-D05-S1001-comb","Fibroblasts",NA
"cy78-CD45-neg-3-E04-S724-comb","Other",NA
"cy78-CD45-neg-3-H09-S765-comb","Other",NA
"cy84_Primary_CD45_pos_E03_S435_comb","B cells",30.5583724483038
"cy84_Primary_CD45_pos_C05_S413_comb","Melanoma cells",NA
"cy84_Primary_CD45_pos_H12_S480_comb","B cells",29.4720744709824
"cy84_Primary_CD45_pos_E08_S440_comb","Endothelial",NA
"cy84_Primary_CD45_pos_A09_S393_comb","Keratinocytes",2.61193565004628
"cy84_Primary_CD45_pos_E05_S437_comb","Keratinocytes",0.846130629090992
"cy84_Primary_CD45_pos_B03_S399_comb","B cells",30.2691299214695
"cy84_Primary_CD45_pos_H09_S477_comb","Fibroblasts",NA
"cy84_Primary_CD45_pos_A06_S390_comb","Fibroblasts",3.43734081008185
"cy84_Primary_CD45_pos_G06_S462_comb","Keratinocytes",2.68202957596512
"cy84_Primary_CD45_pos_C01_S409_comb","Endothelial",NA
"cy84_Primary_CD45_pos_D07_S427_comb","Keratinocytes",3.06321436359247
"cy84_Primary_CD45_pos_B04_S400_comb","Fibroblasts",3.49919331824605
"cy84_Primary_CD45_pos_E02_S434_comb","Fibroblasts",NA
"cy84_Primary_CD45_pos_H08_S476_comb","Pericytes",27.6856540655812
"cy84_Primary_CD45_pos_B08_S404_comb","Endothelial",NA
"cy84_Primary_CD45_pos_C06_S414_comb","Endothelial",2.7656241597118
"cy84_Primary_CD45_pos_E06_S438_comb","B cells",29.9669361914455
"cy84_Primary_CD45_pos_G04_S460_comb","B cells",31.9371151672026
"cy84_Primary_CD45_pos_H02_S470_comb","Fibroblasts",3.51672032640521
"cy84_Primary_CD45_pos_B11_S407_comb","Keratinocytes",3.37907337154121
"cy84_Primary_CD45_pos_E01_S433_comb","Pericytes",23.9591790819174
"cy84_Primary_CD45_pos_E04_S436_comb","Keratinocytes",0.568260778387006
"cy84_Primary_CD45_pos_D10_S430_comb","Melanoma cells",NA
"cy84_Primary_CD45_pos_G02_S458_comb","B cells",29.5246079972197
"cy84_Primary_CD45_pos_B07_S403_comb","Melanoma cells",NA
"cy84_Primary_CD45_pos_D11_S431_comb","Fibroblasts",NA
"cy84_Primary_CD45_pos_A04_S388_comb","B cells",31.891130201942
"cy84_Primary_CD45_pos_B09_S405_comb","Keratinocytes",2.51190255240796
"cy84_Primary_CD45_pos_A12_S396_comb","B cells",30.8917750594026
"cy84_Primary_CD45_pos_D12_S432_comb","B cells",31.9858916019565
"cy84_Primary_CD45_pos_B10_S406_comb","Keratinocytes",2.23844047496339
"cy84_Primary_CD45_pos_A10_S394_comb","B cells",28.9011864924928
"cy84_Primary_CD45_pos_G05_S461_comb","Keratinocytes",2.46886999231448
"cy84_Primary_CD45_pos_E09_S441_comb","Fibroblasts",NA
"cy84_Primary_CD45_pos_H10_S478_comb","Keratinocytes",2.93672710631339
"cy84_Primary_CD45_pos_C07_S415_comb","Endothelial",NA
"cy84_Primary_CD45_pos_H11_S479_comb","Melanoma cells",NA
"cy84_Primary_CD45_pos_G09_S465_comb","B cells",30.2547170519271
"cy84_Primary_CD45_pos_H01_S469_comb","B cells",30.0102714343349
"cy84_Primary_CD45_pos_A11_S395_comb","B cells",29.1667732087023
"cy84_Primary_CD45_pos_D01_S421_comb","B cells",28.3801111523566
"cy84_Primary_CD45_pos_C03_S411_comb","Endothelial",NA
"cy84_Primary_CD45_pos_A01_S385_comb","Endothelial",NA
"cy84_Primary_CD45_pos_D02_S422_comb","B cells",30.693150004128
"cy84_Primary_CD45_pos_C04_S412_comb","Endothelial",2.7656241597118
"cy84_Primary_CD45_pos_A03_S387_comb","B cells",29.0291252626641
"cy84_Primary_CD45_pos_C09_S417_comb","B cells",30.0595943539671
"cy84_Primary_CD45_pos_B05_S401_comb","B cells",31.3043078333511
"cy84_Primary_CD45_pos_G12_S468_comb","Keratinocytes",2.38473952624762
"cy84_Primary_CD45_pos_E10_S442_comb","B cells",28.3113519800617
"cy84_Primary_CD45_pos_C10_S418_comb","Keratinocytes",2.6078034662933
"cy84_Primary_CD45_pos_B12_S408_comb","Endothelial",NA
"cy84_Primary_CD45_pos_G03_S459_comb","Endothelial",NA
"cy84_Primary_CD45_pos_D08_S428_comb","B cells",31.200492900215
"cy84_Primary_CD45_pos_G10_S466_comb","Endothelial",NA
"cy84_Primary_CD45_pos_H03_S471_comb","Keratinocytes",1.81371905361105
"cy84_Primary_CD45_pos_B06_S402_comb","Endothelial",NA
"cy84_Primary_CD45_pos_D09_S429_comb","Keratinocytes",2.69638551729307
"cy84_Primary_CD45_pos_G07_S463_comb","Keratinocytes",1.83218969497914
"cy84_Primary_CD45_pos_C11_S419_comb","Endothelial",NA
"cy84_Primary_CD45_pos_D03_S423_comb","Endothelial",3.18991164505142
"cy84_Primary_CD45_pos_H06_S474_comb","B cells",28.2234102056578
"cy84_Primary_CD45_pos_G08_S464_comb","Endothelial",NA
"cy84_Primary_CD45_pos_D06_S426_comb","Endothelial",NA
"cy84_Primary_CD45_pos_B02_S398_comb","B cells",28.7731291741529
"cy84_Primary_CD45_pos_E07_S439_comb","B cells",31.4019740509157
"cy84_Primary_CD45_pos_G11_S467_comb","B cells",31.4668423098672
"cy84_Primary_CD45_pos_C08_S416_comb","Pericytes",24.6811589842245
"cy84_Primary_CD45_pos_H07_S475_comb","Melanoma cells",NA
"cy60_1_cd_45_pos_3_E10_S346_comb","Endothelial",NA
"cy60_1_cd_45_pos_4_B04_S16_comb","Fibroblasts",3.54811794223099
"cy60_1_cd_45_pos_4_G06_S78_comb","Keratinocytes",2.65428609790564
"cy60_1_cd_45_pos_3_C06_S318_comb","Endothelial",NA
"cy60_1_cd_45_pos_4_B10_S22_comb","Keratinocytes",2.20738886814091
"cy60_1_cd_45_pos_4_A06_S6_comb","Fibroblasts",3.47834920798126
"cy80_CD_90_pos_A04_S868_comb","Other",15.1012038873093
"cy80_CD_90_pos_F08_S932_comb","Other",15.3558132731441
"cy60_1_cd_45_pos_4_G12_S84_comb","Keratinocytes",2.38834416396275
"cy60_1_cd_45_pos_3_H11_S383_comb","Fibroblasts",4.4604241740869
"cy60_1_cd_45_pos_3_A05_S293_comb","Keratinocytes",2.12581631911266
"cy88_cd_45_pos_G03_S459_comb","Keratinocytes",3.29822565150701
"cy60_1_cd_45_pos_4_D03_S39_comb","Endothelial",3.12589705664096
"cy60_1_cd_45_pos_HC_pos_HLDAR_pos_A02_S962_comb","B cells",30.6581415763442
"cy88_cd_45_pos_G09_S465_comb","Pericytes",25.4624975604346
"cy60_1_cd_45_pos_3_C12_S324_comb","B cells",31.9239911588958
"cy60_1_cd_45_pos_3_F04_S352_comb","Fibroblasts",3.82613523387946
"cy60_1_cd_45_pos_HC_pos_HLDAR_pos_C07_S991_comb","B cells",28.8734741524746
"cy60_1_cd_45_pos_HC_pos_HLDAR_pos_E05_S1013_comb","B cells",31.7074594882378
"cy60_1_cd_45_pos_HC_pos_HLDAR_pos_A09_S969_comb","B cells",31.8981599408482
"cy88_cd_45_pos_F11_S455_comb","Endothelial",NA
"cy60_1_cd_45_pos_3_E01_S337_comb","B cells",30.860883069163
"cy60_1_cd_45_pos_HC_pos_HLDAR_pos_C11_S995_comb","B cells",29.4814794586646
"cy60_1_cd_45_pos_3_E12_S348_comb","B cells",28.5865444597213
"cy60_1_cd_45_pos_HC_pos_HLDAR_pos_C01_S985_comb","B cells",30.1702760159652
"cy88_cd_45_pos_3_F01_S637_comb","Pericytes",25.566750090338
"cy88_cd_45_pos_3_C01_S601_comb","Melanoma cells",NA
"cy60_1_cd_45_pos_HC_pos_HLDAR_pos_C10_S994_comb","Melanoma cells",NA
"cy60_1_cd_45_pos_3_A04_S292_comb","B cells",30.3286488888712
"cy60_1_cd_45_pos_HC_pos_HLDAR_pos_F09_S1029_comb","Pericytes",27.4854087754824
"cy88_cd_45_pos_C01_S409_comb","Pericytes",25.6857191151019
"cy60_1_cd_45_pos_4_C03_S27_comb","Endothelial",NA
"cy80_CD_90_pos_E04_S916_comb","Other",15.1564541950307
"cy88_cd_45_pos_3_F07_S643_comb","Keratinocytes",1.70649622687335
"cy60_1_cd_45_pos_HC_pos_HLDAR_pos_C06_S990_comb","B cells",30.7770825967137
"cy60_1_cd_45_pos_4_D01_S37_comb","B cells",28.300304211687
"cy60_1_cd_45_pos_3_A03_S291_comb","Endothelial",NA
"cy60_1_cd_45_neg_3_H07_S571_comb","Fibroblasts",12.8163180716341
"cy60_1_cd_45_pos_HC_pos_HLDAR_pos_D01_S997_comb","Melanoma cells",NA
"cy60_1_cd_45_pos_3_B01_S301_comb","Endothelial",NA
"cy60_1_cd_45_pos_4_C05_S29_comb","Melanoma cells",NA
"cy60_1_cd_45_pos_3_A09_S297_comb","B cells",31.4237799978398
"cy88_cd_45_pos_C03_S411_comb","Melanoma cells",NA
"cy60_1_cd_45_pos_4_E10_S58_comb","B cells",28.3744349675598
"cy60_1_cd_45_pos_HC_pos_HLDAR_pos_H09_S1053_comb","B cells",29.6859461242617
"cy60_1_cd_45_pos_3_G01_S361_comb","Endothelial",NA
"cy80_CD_90_pos_E09_S921_comb","Other",14.8068423463833
"cy88_cd_45_pos_G07_S463_comb","Pericytes",25.6074401495513
"cy88_cd_45_pos_D11_S431_comb","Fibroblasts",NA
"cy60_1_cd_45_pos_3_A11_S299_comb","Endothelial",NA
"cy80_CD_90_pos_D10_S910_comb","Other",14.8507744928527
"cy88_cd_45_pos_3_B07_S595_comb","Fibroblasts",3.70212265149282
"cy88_cd_45_pos_3_B05_S593_comb","Fibroblasts",NA
"cy60_1_cd_45_neg_3_F06_S546_comb","Other",NA
"cy60_1_cd_45_pos_HC_pos_HLDAR_pos_H12_S1056_comb","Endothelial",NA
"cy60_1_cd_45_pos_3_B11_S311_comb","Endothelial",NA
"cy60_1_cd_45_pos_3_C05_S317_comb","Fibroblasts",NA
"cy80_CD_90_pos_C11_S899_comb","Other",15.1298964171731
"cy88_cd_45_pos_D09_S429_comb","Pericytes",25.5639978532674
"cy80_CD_90_pos_C04_S892_comb","Other",14.8085228825524
"cy60_1_cd_45_pos_HC_pos_HLDAR_pos_F04_S1024_comb","B cells",29.2809060862901
"cy60_1_cd_45_pos_3_B12_S312_comb","B cells",30.8255755353819
"cy60_1_cd_45_pos_HC_pos_HLDAR_pos_E04_S1012_comb","B cells",30.7756500026155
"cy60_1_cd_45_neg_3_C10_S514_comb","Other",NA
"cy80_CD_90_pos_B04_S880_comb","Other",15.3055047220797
"cy60_1_cd_45_pos_3_D01_S325_comb","Keratinocytes",3.31145331536105
"cy60_1_cd_45_pos_HC_pos_HLDAR_pos_B10_S982_comb","B cells",31.8186132640862
"cy60_1_cd_45_pos_4_G02_S74_comb","B cells",29.4946708248495
"cy88_cd_45_pos_B07_S403_comb","Keratinocytes",2.78990976843489
"cy60_1_cd_45_pos_4_D12_S48_comb","B cells",31.9915821949511
"cy60_1_cd_45_pos_3_A02_S290_comb","Endothelial",NA
"cy88_cd_45_pos_C09_S417_comb","Endothelial",2.7656241597118
"cy88_cd_45_pos_E05_S437_comb","Pericytes",27.2082852147187
"cy60_1_cd_45_pos_HC_pos_HLDAR_pos_D06_S1002_comb","B cells",30.0738108242877
"cy88_cd_45_pos_G05_S461_comb","Pericytes",26.1960060592045
"cy60_1_cd_45_pos_HC_pos_HLDAR_pos_A05_S965_comb","B cells",30.1609641409677
"cy88_cd_45_pos_C07_S415_comb","Endothelial",NA
"cy88_cd_45_pos_E01_S433_comb","Endothelial",NA
"cy60_1_cd_45_pos_4_E09_S57_comb","Fibroblasts",NA
"cy60_1_cd_45_pos_3_G04_S364_comb","Fibroblasts",NA
"cy60_1_cd_45_pos_4_C10_S34_comb","Keratinocytes",2.60694156304693
"cy60_1_cd_45_pos_HC_pos_HLDAR_pos_C12_S996_comb","B cells",31.2838258817917
"cy88_cd_45_pos_G02_S458_comb","Fibroblasts",NA
"cy60_1_cd_45_pos_4_E02_S50_comb","Fibroblasts",NA
"cy88_cd_45_pos_H10_S478_comb","Fibroblasts",3.8911228144825
"cy60_1_cd_45_pos_4_E06_S54_comb","B cells",30.0114362400068
"cy60_1_cd_45_pos_4_A10_S10_comb","B cells",28.9148600744829
"cy60_1_cd_45_pos_3_H04_S376_comb","Endothelial",NA
"cy88_cd_45_pos_F07_S451_comb","Keratinocytes",1.38766477922412
"cy60_1_cd_45_pos_3_G02_S362_comb","B cells",30.6858962265
"cy88_cd_45_pos_H07_S475_comb","Endothelial",NA
"cy60_1_cd_45_pos_4_E07_S55_comb","B cells",31.5280068595324
"cy80_CD_90_pos_F09_S933_comb","Other",14.6828497183547
"cy60_1_cd_45_pos_4_B11_S23_comb","Keratinocytes",3.4679917569226
"cy80_CD_90_pos_F03_S927_comb","Fibroblasts",13.1306351070273
"cy60_1_cd_45_pos_3_C07_S319_comb","Keratinocytes",2.00090835295682
"cy88_cd_45_pos_E06_S438_comb","Pericytes",25.5468030049693
"cy60_1_cd_45_pos_3_H12_S384_comb","Endothelial",NA
"cy60_1_cd_45_pos_3_F03_S351_comb","B cells",28.9348818736518
"cy60_1_cd_45_pos_HC_pos_HLDAR_pos_D02_S998_comb","B cells",30.1101845468536
"cy88_cd_45_pos_B11_S407_comb","B cells",30.8909195136657
"cy60_1_cd_45_pos_4_D10_S46_comb","Melanoma cells",NA
"cy60_1_cd_45_pos_3_H10_S382_comb","B cells",31.0895100719697
"cy60_1_cd_45_pos_HC_pos_HLDAR_pos_H06_S1050_comb","B cells",30.2680172049796
"cy88_cd_45_pos_H11_S479_comb","Melanoma cells",NA
"cy60_1_cd_45_pos_HC_pos_HLDAR_pos_B01_S973_comb","B cells",30.3147948326464
"cy60_1_cd_45_pos_4_A12_S12_comb","B cells",30.8136897477444
"cy60_1_cd_45_pos_3_F05_S353_comb","B cells",31.364158179566
"cy60_1_cd_45_pos_3_B06_S306_comb","Keratinocytes",3.38919809027017
"cy60_1_cd_45_pos_3_F08_S356_comb","Fibroblasts",3.52591584886851
"cy60_1_cd_45_pos_3_D05_S329_comb","B cells",30.0070569340446
"cy60_1_cd_45_pos_3_E08_S344_comb","B cells",28.003410875577
"cy60_1_cd_45_pos_3_C03_S315_comb","Melanoma cells",NA
"cy60_1_cd_45_pos_HC_pos_HLDAR_pos_A12_S972_comb","B cells",30.2116008905308
"cy60_1_cd_45_pos_3_C10_S322_comb","B cells",30.849070617163
"cy88_cd_45_pos_H06_S474_comb","Keratinocytes",3.66455733871915
"cy60_1_cd_45_pos_HC_pos_HLDAR_pos_A10_S970_comb","B cells",28.9765991741057
"cy60_1_cd_45_pos_3_E05_S341_comb","B cells",30.1078174343414
"cy80_CD_90_pos_F07_S931_comb","Other",15.259532055687
"cy60_1_cd_45_pos_3_D03_S327_comb","B cells",30.1533491288367
"cy60_1_cd_45_pos_3_E02_S338_comb","Fibroblasts",4.498890372445
"cy80_CD_90_pos_C05_S893_comb","Other",14.7059989867904
"cy60_1_cd_45_pos_4_E08_S56_comb","Endothelial",NA
"cy60_1_cd_45_pos_HC_pos_HLDAR_pos_B05_S977_comb","B cells",30.9466719934576
"cy60_1_cd_45_pos_4_D06_S42_comb","Endothelial",NA
"cy60_1_cd_45_pos_HC_pos_HLDAR_pos_H01_S1045_comb","Endothelial",NA
"cy88_cd_45_pos_F06_S450_comb","B cells",30.2086896906964
"cy60_1_cd_45_pos_4_D07_S43_comb","Keratinocytes",3.08668772482221
"cy60_1_cd_45_pos_HC_pos_HLDAR_pos_E07_S1015_comb","Melanoma cells",NA
"cy60_1_cd_45_pos_4_C09_S33_comb","B cells",29.8984190345436
"cy80_CD_90_pos_B02_S878_comb","Other",14.6948032135058
"cy60_1_cd_45_pos_4_G07_S79_comb","Keratinocytes",1.91502517059319
"cy60_1_cd_45_pos_4_H06_S90_comb","B cells",28.2133760642355
"cy60_1_cd_45_pos_HC_pos_HLDAR_pos_H08_S1052_comb","Pericytes",25.2416240975831
"cy88_cd_45_pos_3_F09_S645_comb","Fibroblasts",NA
"cy60_1_cd_45_neg_3_F09_S549_comb","Other",NA
"cy60_1_cd_45_pos_HC_pos_HLDAR_pos_C05_S989_comb","B cells",28.275169639319
"cy60_1_cd_45_pos_3_E11_S347_comb","Pericytes",25.5162865743621
"cy60_1_cd_45_pos_4_C11_S35_comb","Endothelial",NA
"cy60_1_cd_45_pos_HC_pos_HLDAR_pos_H03_S1047_comb","B cells",29.3334977609924
"cy60_1_cd_45_pos_4_E03_S51_comb","B cells",30.6175673378033
"cy60_1_cd_45_pos_4_A03_S3_comb","B cells",29.141454894774
"cy88_cd_45_pos_3_C09_S609_comb","Keratinocytes",2.99840551545994
"cy60_1_cd_45_pos_HC_pos_HLDAR_pos_E10_S1018_comb","Endothelial",NA
"cy88_cd_45_pos_3_B09_S597_comb","Keratinocytes",2.72171090653502
"cy60_1_cd_45_pos_4_H03_S87_comb","Keratinocytes",1.83680668754143
"cy60_1_cd_45_neg_1_D11_S239_comb","Fibroblasts",11.8725911349509
"cy80_CD_90_pos_G06_S942_comb","Other",14.8256249382983
"cy88_cd_45_pos_E07_S439_comb","Keratinocytes",1.31660065278327
"cy60_1_cd_45_pos_3_F07_S355_comb","B cells",30.2865953031569
"cy60_1_cd_45_pos_4_D08_S44_comb","B cells",31.2981137430312
"cy60_1_cd_45_pos_4_C01_S25_comb","Endothelial",NA
"cy60_1_cd_45_pos_3_B07_S307_comb","Fibroblasts",NA
"cy60_1_cd_45_pos_4_G04_S76_comb","B cells",32.1104739310981
"cy88_cd_45_pos_3_D03_S615_comb","Melanoma cells",NA
"cy88_cd_45_pos_F09_S453_comb","Endothelial",3.18991164505142
"cy80_cd_90_neg_C03_S123_comb","Fibroblasts",14.269569471206
"cy60_1_cd_45_pos_3_B05_S305_comb","Endothelial",NA
"cy60_1_cd_45_pos_4_B12_S24_comb","Endothelial",NA
"cy60_1_cd_45_pos_HC_pos_HLDAR_pos_G05_S1037_comb","Pericytes",27.9539899700769
"cy60_1_cd_45_pos_3_A06_S294_comb","B cells",30.0717772064995
"cy88_cd_45_pos_C11_S419_comb","Keratinocytes",1.28535771956026
"cy60_1_cd_45_pos_3_G07_S367_comb","Pericytes",27.2544020830192
"cy60_1_cd_45_pos_HC_pos_HLDAR_pos_H02_S1046_comb","B cells",30.453673165334
"cy60_1_cd_45_pos_3_H06_S378_comb","B cells",30.0992199205173
"cy80_CD_90_pos_E03_S915_comb","Fibroblasts",13.2769436477285
"cy60_1_cd_45_pos_4_D11_S47_comb","Fibroblasts",NA
"cy60_1_cd_45_pos_HC_pos_HLDAR_pos_D07_S1003_comb","Fibroblasts",NA
"cy60_1_cd_45_pos_4_B06_S18_comb","Endothelial",NA
"cy60_1_cd_45_pos_4_H08_S92_comb","Pericytes",27.6029620684078
"cy60_1_cd_45_pos_3_H01_S373_comb","Fibroblasts",NA
"cy60_1_cd_45_pos_4_E04_S52_comb","Keratinocytes",0.550354105239274
"cy88_cd_45_pos_E11_S443_comb","Fibroblasts",NA
"cy80_CD_90_pos_D03_S903_comb","Other",14.6524670219863
"cy60_1_cd_45_pos_3_F01_S349_comb","Fibroblasts",3.91045047185022
"cy88_cd_45_pos_B09_S405_comb","Endothelial",NA
"cy88_cd_45_pos_3_D09_S621_comb","Keratinocytes",2.40885513050707
"cy88_cd_45_pos_F03_S447_comb","Melanoma cells",NA
"cy60_1_cd_45_pos_3_A10_S298_comb","B cells",31.9938280617398
"cy60_1_cd_45_pos_3_D04_S328_comb","B cells",30.6088481641826
"cy60_1_cd_45_pos_HC_pos_HLDAR_pos_C09_S993_comb","B cells",30.0932728759748
"cy60_1_cd_45_pos_4_H02_S86_comb","Fibroblasts",3.45914927939103
"cy60_1_cd_45_pos_HC_pos_HLDAR_pos_H11_S1055_comb","B cells",29.9118039543196
"cy60_1_cd_45_pos_3_D09_S333_comb","Keratinocytes",3.73598130137897
"cy80_cd_90_neg_G12_S180_comb","Fibroblasts",14.4223171862478
"cy60_1_cd_45_pos_HC_pos_HLDAR_pos_F08_S1028_comb","Pericytes",24.1741038981904
"cy80_CD_90_pos_B06_S882_comb","Other",14.7777956614485
"cy60_1_cd_45_pos_HC_pos_HLDAR_pos_B03_S975_comb","B cells",29.5360953884328
"cy60_1_cd_45_pos_HC_pos_HLDAR_pos_C04_S988_comb","B cells",29.4439976645529
"cy88_cd_45_pos_F02_S446_comb","Endothelial",NA
"cy60_1_cd_45_pos_HC_pos_HLDAR_pos_B02_S974_comb","B cells",30.3727294517358
"cy60_1_cd_45_pos_HC_pos_HLDAR_pos_G08_S1040_comb","B cells",30.3299169698296
"cy60_1_cd_45_pos_HC_pos_HLDAR_pos_F05_S1025_comb","B cells",30.4575621223913
"cy60_1_cd_45_pos_3_G08_S368_comb","B cells",30.9909495094165
"cy60_1_cd_45_pos_3_E09_S345_comb","Endothelial",NA
"cy60_1_cd_45_pos_4_C08_S32_comb","Pericytes",24.6850709504324
"cy88_cd_45_pos_F04_S448_comb","Endothelial",NA
"cy60_1_cd_45_pos_HC_pos_HLDAR_pos_B04_S976_comb","Pericytes",27.1384781517888
"cy60_1_cd_45_pos_4_G11_S83_comb","B cells",31.6568081838594
"cy60_1_cd_45_pos_3_A07_S295_comb","Endothelial",NA
"cy60_1_cd_45_pos_3_G03_S363_comb","Fibroblasts",NA
"cy60_1_cd_45_pos_4_C07_S31_comb","Endothelial",NA
"cy60_1_cd_45_pos_4_A01_S1_comb","Endothelial",NA
"cy60_1_cd_45_pos_4_G09_S81_comb","B cells",30.2782948179617
"cy60_1_cd_45_pos_4_H07_S91_comb","Melanoma cells",NA
"cy60_1_cd_45_neg_1_D12_S240_comb","Fibroblasts",12.9611501632402
"cy80_CD_90_pos_E05_S917_comb","Other",15.1067937385648
"cy60_1_cd_45_pos_HC_pos_HLDAR_pos_B11_S983_comb","B cells",30.3236486216902
"cy88_cd_45_pos_3_C07_S607_comb","Keratinocytes",0.557157336557817
"cy60_1_cd_45_neg_1_C08_S224_comb","Fibroblasts",11.5276414714448
"cy88_cd_45_pos_E03_S435_comb","Endothelial",NA
"cy60_1_cd_45_pos_3_D02_S326_comb","B cells",28.6751526085407
"cy88_cd_45_pos_F05_S449_comb","Pericytes",27.1595283612176
"cy60_1_cd_45_pos_HC_pos_HLDAR_pos_G02_S1034_comb","Pericytes",24.510102459737
"cy88_cd_45_pos_3_F05_S641_comb","Endothelial",NA
"cy88_cd_45_pos_3_D11_S623_comb","Melanoma cells",NA
"cy60_1_cd_45_pos_4_A09_S9_comb","Keratinocytes",2.46545210488037
"cy60_1_cd_45_pos_4_D09_S45_comb","Keratinocytes",2.6601520267244
"cy88_cd_45_pos_E09_S441_comb","Keratinocytes",3.20129763084364
"cy88_cd_45_pos_D01_S421_comb","Endothelial",NA
"cy60_1_cd_45_pos_HC_pos_HLDAR_pos_E02_S1010_comb","B cells",30.3541580976767
"cy60_1_cd_45_pos_3_B02_S302_comb","Pericytes",27.1438782855462
"cy60_1_cd_45_pos_HC_pos_HLDAR_pos_A08_S968_comb","B cells",28.1108274718074
"cy60_1_cd_45_pos_3_F06_S354_comb","Endothelial",NA
"cy60_1_cd_45_pos_4_H12_S96_comb","B cells",29.5933906108238
"cy60_1_cd_45_pos_4_A04_S4_comb","B cells",31.8674592623969
"cy60_1_cd_45_pos_3_H02_S374_comb","Endothelial",NA
"cy60_1_cd_45_pos_3_G10_S370_comb","B cells",28.2382392732866
"cy60_1_cd_45_pos_HC_pos_HLDAR_pos_D05_S1001_comb","B cells",30.5899245435698
"cy60_1_cd_45_pos_3_C11_S323_comb","Melanoma cells",NA
"cy60_1_cd_45_pos_3_F02_S350_comb","Keratinocytes",2.36298326491888
"cy60_1_cd_45_pos_HC_pos_HLDAR_pos_G07_S1039_comb","B cells",29.5733021127142
"cy60_1_cd_45_pos_4_G08_S80_comb","Endothelial",NA
"cy88_cd_45_pos_3_F04_S640_comb","Keratinocytes",2.39227823530163
"cy80_cd_90_neg_H12_S192_comb","Other",14.7194149655774
"cy88_cd_45_pos_H12_S480_comb","Pericytes",25.4994456683424
"cy60_1_cd_45_pos_HC_pos_HLDAR_pos_H10_S1054_comb","B cells",31.9741589935928
"cy60_1_cd_45_pos_4_B02_S14_comb","B cells",28.9224162222095
"cy60_1_cd_45_pos_4_H09_S93_comb","Fibroblasts",NA
"cy60_1_cd_45_pos_HC_pos_HLDAR_pos_H07_S1051_comb","B cells",29.4486164348505
"cy60_1_cd_45_pos_3_D11_S335_comb","Endothelial",NA
"cy60_1_cd_45_pos_3_C08_S320_comb","Endothelial",2.46286618937971
"cy60_1_cd_45_pos_3_E06_S342_comb","B cells",28.8711300533978
"cy60_1_cd_45_pos_HC_pos_HLDAR_pos_B12_S984_comb","B cells",30.8360159614527
"cy60_1_cd_45_neg_3_H06_S570_comb","Fibroblasts",11.4997045101354
"cy60_1_cd_45_pos_HC_pos_HLDAR_pos_E03_S1011_comb","B cells",29.4268673622605
"cy88_cd_45_pos_C02_S410_comb","Keratinocytes",0.938736417339384
"cy60_1_cd_45_pos_3_E07_S343_comb","B cells",31.5315440052942
"cy60_1_cd_45_pos_3_A08_S296_comb","Pericytes",27.4456114636831
"cy60_1_cd_45_pos_3_G11_S371_comb","Fibroblasts",NA
"cy60_1_cd_45_pos_4_E01_S49_comb","Pericytes",23.9626521570198
"cy60_1_cd_45_pos_3_F11_S359_comb","Fibroblasts",NA
"cy88_cd_45_pos_3_B11_S599_comb","Melanoma cells",NA
"cy88_cd_45_pos_G11_S467_comb","Keratinocytes",3.40208125065572
"cy60_1_cd_45_neg_3_G10_S562_comb","Other",NA
"cy88_cd_45_pos_3_F11_S647_comb","Endothelial",NA
"cy60_1_cd_45_pos_4_B09_S21_comb","Keratinocytes",2.55310340394492
"cy60_1_cd_45_pos_3_D06_S330_comb","Melanoma cells",NA
"cy60_1_cd_45_neg_1_D07_S235_comb","Other",NA
"cy60_1_cd_45_pos_3_B03_S303_comb","Pericytes",24.1031336135583
"cy60_1_cd_45_pos_HC_pos_HLDAR_pos_D12_S1008_comb","Melanoma cells",NA
"cy88_cd_45_pos_3_H08_S668_comb","Keratinocytes",2.28231427978226
"cy60_1_cd_45_pos_HC_pos_HLDAR_pos_G04_S1036_comb","B cells",31.5335131249409
"cy88_cd_45_pos_D02_S422_comb","Endothelial",1.94309283119117
"cy88_cd_45_pos_3_B03_S591_comb","Keratinocytes",4.07363582158655
"cy60_1_cd_45_pos_4_C04_S28_comb","Endothelial",2.7656241597118
"cy60_1_cd_45_neg_3_H01_S565_comb","Pericytes",25.3303951962586
"cy60_1_cd_45_pos_3_H05_S377_comb","Fibroblasts",4.50570105693798
"cy60_1_cd_45_pos_4_B03_S15_comb","B cells",30.3053323523369
"cy60_1_cd_45_pos_3_G05_S365_comb","Keratinocytes",2.96993873945551
"cy80_CD_90_pos_C02_S890_comb","Other",14.885052887519
"cy60_1_cd_45_pos_4_D02_S38_comb","B cells",30.697829705608
"cy60_1_cd_45_pos_3_B10_S310_comb","Keratinocytes",3.34953845731636
"cy88_cd_45_pos_C05_S413_comb","Endothelial",2.28057160492658
"cy60_1_cd_45_pos_HC_pos_HLDAR_pos_E11_S1019_comb","B cells",30.4836141586871
"cy60_1_cd_45_pos_3_A01_S289_comb","Endothelial",NA
"cy60_1_cd_45_pos_4_G03_S75_comb","Endothelial",NA
"cy60_1_cd_45_pos_HC_pos_HLDAR_pos_F03_S1023_comb","B cells",31.8205735358684
"cy60_1_cd_45_pos_HC_pos_HLDAR_pos_F10_S1030_comb","Melanoma cells",NA
"cy88_cd_45_pos_3_F02_S638_comb","Pericytes",25.6714921304372
"cy88_cd_45_pos_B01_S397_comb","Fibroblasts",NA
"cy60_1_cd_45_pos_HC_pos_HLDAR_pos_F02_S1022_comb","B cells",29.9101115124715
"cy60_1_cd_45_pos_4_B08_S20_comb","Endothelial",NA
"cy60_1_cd_45_pos_HC_pos_HLDAR_pos_D10_S1006_comb","B cells",30.4683661972227
"cy60_1_cd_45_pos_3_G12_S372_comb","Pericytes",24.6994590877786
"cy60_1_cd_45_pos_HC_pos_HLDAR_pos_H05_S1049_comb","B cells",31.2395167949446
"cy60_1_cd_45_pos_3_H08_S380_comb","Fibroblasts",NA
"cy60_1_cd_45_pos_HC_pos_HLDAR_pos_E08_S1016_comb","B cells",30.5479542715307
"cy60_1_cd_45_pos_3_F10_S358_comb","B cells",31.3834519994685
"cy80_CD_90_pos_A02_S866_comb","Other",15.0971961519439
"cy88_cd_45_pos_3_H12_S672_comb","Pericytes",16.7901707860765
"cy88_cd_45_pos_G01_S457_comb","Endothelial",NA
"cy60_1_cd_45_pos_3_C01_S313_comb","Keratinocytes",2.55310340394492
"cy60_1_cd_45_pos_4_H01_S85_comb","B cells",30.0692869605384
"cy60_1_cd_45_pos_HC_pos_HLDAR_pos_G12_S1044_comb","Pericytes",27.2522453391783
"cy60_1_cd_45_neg_1_B11_S215_comb","Fibroblasts",NA
"cy80_cd_90_neg_H04_S184_comb","Fibroblasts",14.4886987332497
"cy60_1_cd_45_pos_3_G06_S366_comb","B cells",29.2798352937781
"cy88_cd_45_pos_H05_S473_comb","Endothelial",NA
"cy60_1_cd_45_pos_3_B04_S304_comb","Fibroblasts",NA
"cy60_1_cd_45_pos_3_C04_S316_comb","Endothelial",NA
"cy60_1_cd_45_pos_HC_pos_HLDAR_pos_B06_S978_comb","B cells",29.5132582648489
"cy60_1_cd_45_pos_3_H07_S379_comb","B cells",30.1992944542501
"cy60_1_cd_45_pos_4_C06_S30_comb","Endothelial",2.7656241597118
"cy60_1_cd_45_pos_3_E04_S340_comb","B cells",29.0953452924873
"cy60_1_cd_45_pos_3_B08_S308_comb","Fibroblasts",NA
"cy60_1_cd_45_pos_4_B07_S19_comb","Melanoma cells",NA
"cy60_1_cd_45_pos_HC_pos_HLDAR_pos_B07_S979_comb","B cells",29.1776066068564
"cy60_1_cd_45_pos_4_G10_S82_comb","Endothelial",NA
"cy80_CD_90_pos_C07_S895_comb","Fibroblasts",14.3621975949957
"cy80_CD_90_pos_H08_S956_comb","Other",14.8102668724644
"cy60_1_cd_45_pos_HC_pos_HLDAR_pos_F07_S1027_comb","B cells",30.3802980414227
"cy60_1_cd_45_pos_HC_pos_HLDAR_pos_C03_S987_comb","Pericytes",27.2212038923006
"cy60_1_cd_45_pos_HC_pos_HLDAR_pos_A04_S964_comb","B cells",29.2826117483242
"cy60_1_cd_45_pos_4_A11_S11_comb","B cells",29.1356288594082
"CY88_5_B10_S694_comb","Fibroblasts",11.988188858913
"CY88_3_D02_S614_comb","Fibroblasts",11.1985678098355
"CY88_5_B06_S690_comb","Fibroblasts",11.0714723475601
"CY88_3_F01_S637_comb","Fibroblasts",11.3744397770752
"CY88_3_C01_S601_comb","Fibroblasts",11.3538260579006
"CY88_5_C12_S708_comb","Fibroblasts",11.2371104264337
"CY88_3_B02_S590_comb","Fibroblasts",11.5390953697172
"CY88_5_G04_S748_comb","Fibroblasts",11.7629209798194
"CY88_3_F05_S641_comb","Fibroblasts",12.4136983700754
"CY88_3_H11_S671_comb","Fibroblasts",11.285635107393
"CY88_3_C10_S610_comb","Fibroblasts",11.247476304776
"CY88_5_D11_S719_comb","Fibroblasts",11.0714723475601
"CY88_5_F07_S739_comb","Fibroblasts",12.6061909942378
"CY88_5_H03_S759_comb","Fibroblasts",11.6494575875874
"CY88_5_E04_S724_comb","Fibroblasts",11.9838904722208
"CY88_3_D07_S619_comb","Fibroblasts",11.0714723475601
"CY88_3_G09_S657_comb","Other",NA
"CY88_5_H08_S764_comb","Fibroblasts",11.0714723475601
"CY88_3_B04_S592_comb","Fibroblasts",12.2289663558538
"CY88_3_A10_S586_comb","Fibroblasts",11.285635107393
"CY88_5_B12_S696_comb","Fibroblasts",11.6221694554043
"CY88_3_H10_S670_comb","Fibroblasts",11.6758188801551
"CY88_5_F08_S740_comb","Fibroblasts",12.0198229135736
"CY88_5_H05_S761_comb","Fibroblasts",11.1409411953441
"CY88_5_D08_S716_comb","Fibroblasts",11.285635107393
"CY88_3_B12_S600_comb","Fibroblasts",11.1089739786826
"CY88_5_D10_S718_comb","Fibroblasts",11.6138183863341
"CY88_3_H12_S672_comb","Fibroblasts",11.285635107393
"CY88_3_C12_S612_comb","Fibroblasts",11.1297599269178
"CY88_3_C08_S608_comb","Fibroblasts",11.9639774460753
"CY88_3_D06_S618_comb","Fibroblasts",11.4997045101354
"CY88_5_E02_S722_comb","Fibroblasts",11.4331832373253
"CY88_3_G07_S655_comb","Fibroblasts",11.1532428327255
"CY88_5_F11_S743_comb","Fibroblasts",11.0714723475601
"CY88_5_C09_S705_comb","Fibroblasts",11.1477480173362
"CY88_5_F12_S744_comb","Fibroblasts",11.5819876881863
"CY88_5_B03_S687_comb","Fibroblasts",11.1657587762602
"CY88_5_B07_S691_comb","Fibroblasts",11.4997045101354
"CY88_5_B01_S685_comb","Fibroblasts",11.0714723475601
"CY88_3_E10_S634_comb","Fibroblasts",11.2642011611908
"CY88_5_C08_S704_comb","Fibroblasts",11.0686554749871
"CY88_5_F05_S737_comb","Fibroblasts",11.3596770057342
"CY88_5_C05_S701_comb","Fibroblasts",11.4906002174188
"CY88_3_G11_S659_comb","Fibroblasts",12.3647837117131
"CY88_3_D03_S615_comb","Fibroblasts",12.4685233023804
"CY88_3_D09_S621_comb","Fibroblasts",11.5775957109263
"CY88_3_A07_S583_comb","Fibroblasts",11.2476120169733
"CY88_5_C02_S698_comb","Fibroblasts",12.263564147325
"CY88_3_A02_S578_comb","Fibroblasts",12.0753779811296
"CY88_3_B08_S596_comb","Fibroblasts",11.0714723475601
"CY88_3_G03_S651_comb","Fibroblasts",11.1988403800195
"CY88_3_H08_S668_comb","Fibroblasts",11.2206659996408
"CY88_3_E09_S633_comb","Fibroblasts",12.3193697351709
"CY88_5_A05_S677_comb","Fibroblasts",11.0714723475601
"CY88_3_B09_S597_comb","Fibroblasts",11.1231990626597
"CY88_5_C01_S697_comb","Fibroblasts",12.4768448201292
"CY88_3_E02_S626_comb","Fibroblasts",11.4673031688992
"CY88_3_A12_S588_comb","Fibroblasts",11.713914982263
"CY88_5_G02_S746_comb","Fibroblasts",11.3699233077298
"CY88_3_G05_S653_comb","Fibroblasts",11.713914982263
"CY88_3_E07_S631_comb","Fibroblasts",11.1904433263684
"CY88_3_A08_S584_comb","Fibroblasts",11.4997045101354
"CY88_5_H12_S768_comb","Other",NA
"CY88_3_C06_S606_comb","Fibroblasts",12.1188560789177
"CY88_3_F11_S647_comb","Fibroblasts",11.1303947746386
"CY88_5_A06_S678_comb","Fibroblasts",11.3378202502745
"CY88_3_A11_S587_comb","Fibroblasts",11.4997045101354
"CY88_3_F10_S646_comb","Fibroblasts",11.4997045101354
"CY88_3_G12_S660_comb","Fibroblasts",11.5729416824811
"CY88_5_H04_S760_comb","Fibroblasts",11.1790356816692
"CY88_5_E01_S721_comb","Fibroblasts",11.2325289826857
"CY88_3_G01_S649_comb","Fibroblasts",11.4997045101354
"CY88_5_F03_S735_comb","Fibroblasts",11.1921126570973
"CY88_5_A03_S675_comb","Fibroblasts",12.3706820754033
"CY88_5_F06_S738_comb","Fibroblasts",11.0718681418387
"CY88_5_H06_S762_comb","Fibroblasts",11.1169917459765
"CY88_3_F09_S645_comb","Fibroblasts",11.7209280858705
"CY88_5_A12_S684_comb","Fibroblasts",11.5984358845864
"CY88_3_G10_S658_comb","Fibroblasts",11.285635107393
"CY88_3_D11_S623_comb","Fibroblasts",11.8846813223165
"CY88_3_H04_S664_comb","Fibroblasts",11.3451653376724
"CY88_5_B02_S686_comb","Fibroblasts",11.1747007920509
"CY88_3_F06_S642_comb","Fibroblasts",11.5482901501999
"CY88_3_D05_S617_comb","Fibroblasts",11.9283764707596
"CY88_5_A07_S679_comb","Fibroblasts",11.0897570611194
"CY88_5_A09_S681_comb","Fibroblasts",11.253381553232
"CY88_3_A05_S581_comb","Fibroblasts",11.1629914515283
"CY88_3_E08_S632_comb","Fibroblasts",11.6880431788292
"CY88_3_F08_S644_comb","Fibroblasts",11.5715207234668
"CY88_5_D12_S720_comb","Fibroblasts",11.1351518302045
"CY88_5_B08_S692_comb","Fibroblasts",NA
"CY88_5_E11_S731_comb","Fibroblasts",11.3791032121881
"CY88_3_A04_S580_comb","Fibroblasts",11.285635107393
"CY88_5_G08_S752_comb","Fibroblasts",11.1494349018531
"CY88_5_C11_S707_comb","Fibroblasts",11.1234639244036
"CY88_5_A10_S682_comb","Fibroblasts",11.2657614302175
"CY88_5_D04_S712_comb","Fibroblasts",11.285635107393
"CY88_5_B04_S688_comb","Fibroblasts",11.3825809864807
"CY88_3_H03_S663_comb","Fibroblasts",12.1811017970568
"CY88_5_G12_S756_comb","Fibroblasts",11.0893110547312
"CY88_3_C09_S609_comb","Fibroblasts",11.8057135892516
"CY88_5_C07_S703_comb","Fibroblasts",11.4997045101354
"CY88_5_H01_S757_comb","Fibroblasts",11.214039621783
"CY88_5_E08_S728_comb","Fibroblasts",11.1964061624363
"CY88_5_C04_S700_comb","Fibroblasts",11.09001078085
"CY88_5_C10_S706_comb","Fibroblasts",11.3022998838156
"CY88_5_H02_S758_comb","Fibroblasts",11.4676223611079
"CY88_5_B05_S689_comb","Fibroblasts",12.5968463459406
"CY88_3_E06_S630_comb","Fibroblasts",11.4162307194211
"CY88_3_A01_S577_comb","Fibroblasts",11.144205259268
"CY88_3_C02_S602_comb","Fibroblasts",11.361442120954
"CY88_5_H11_S767_comb","Fibroblasts",11.1446144902307
"CY88_5_E10_S730_comb","Fibroblasts",11.2627197451142
"CY88_5_G11_S755_comb","Fibroblasts",12.3590479860155
"CY88_5_D01_S709_comb","Fibroblasts",11.4997045101354
"CY88_3_G04_S652_comb","Fibroblasts",11.1954229901141
"CY88_5_H07_S763_comb","Fibroblasts",11.9283764707596
"CY88_3_F04_S640_comb","Fibroblasts",11.3041567563925
"CY88_5_G10_S754_comb","Fibroblasts",11.6183380884433
"CY88_5_C03_S699_comb","Fibroblasts",11.7800236652891
"CY88_3_E11_S635_comb","Fibroblasts",11.2958577910012
"CY88_5_F10_S742_comb","Fibroblasts",11.6873714798034
"CY88_5_B09_S693_comb","Fibroblasts",11.2290530523933
"CY88_3_G06_S654_comb","Fibroblasts",11.3999161218587
"CY89A_CD45_POS_6_H05_S185_comb","B cells",29.9235140989336
"CY89A_CD45_POS_10_C11_S227_comb","Pericytes",24.9097752549446
"CY89A_CD45_POS_10_C12_S228_comb","Keratinocytes",3.42494125633454
"CY89A_CD45_POS_4_E11_S443_comb","Endothelial",2.33987034685064
"CY89A_CD45_POS_4_D02_S422_comb","Endothelial",NA
"CY89A_Core_15_E01_S49_comb","Melanoma cells",NA
"CY89A_CD45_POS_10_B02_S206_comb","Keratinocytes",3.47609483743072
"CY89A_CD45_POS_10_H05_S281_comb","Melanoma cells",NA
"CY89A_CD45_POS_6_B03_S111_comb","Keratinocytes",1.0710676808055
"CY89A_CD45_POS_10_G12_S276_comb","Keratinocytes",3.40852581612059
"CY89A_Core_15_G04_S76_comb","B cells",31.0059496181997
"CY89A_CD45_POS_10_E10_S250_comb","B cells",29.7196925707244
"CY89A_CD45_POS_6_G07_S175_comb","B cells",30.9982251463444
"CY89A_CD45_POS_4_B07_S403_comb","Endothelial",2.17938763113434
"CY89A_Core_15_B02_S14_comb","Pericytes",24.8174612384337
"CY89A_CD45_POS_6_A07_S103_comb","Fibroblasts",3.82613523387946
"CY89A_CD45_POS_10_A04_S196_comb","Melanoma cells",NA
"CY89A_CD45_POS_4_B06_S402_comb","Keratinocytes",3.0469969580821
"CY89A_Core_15_D04_S40_comb","B cells",29.7290243102898
"CY89A_CD45_POS_6_C10_S130_comb","Pericytes",24.8975740487187
"CY89A_CD45_POS_6_C07_S127_comb","Endothelial",NA
"CY89A_Core_15_B01_S13_comb","B cells",31.0845093425555
"CY89A_CD45_POS_6_B11_S119_comb","Keratinocytes",3.09382960579668
"CY89A_CD45_POS_4_A10_S394_comb","Melanoma cells",NA
"CY89A_CD45_POS_4_D03_S423_comb","Melanoma cells",NA
"CY89A_Core_15_A09_S9_comb","B cells",29.6315448715318
"CY89A_CD45_POS_4_E04_S436_comb","Keratinocytes",2.64143971401
"CY89A_CD45_POS_6_G11_S179_comb","Endothelial",NA
"CY89A_Core_15_F03_S63_comb","Pericytes",24.8943669470303
"CY89A_CD45_POS_6_F02_S158_comb","Endothelial",NA
"CY89A_CD45_POS_6_H11_S191_comb","Melanoma cells",NA
"CY89A_CD45_POS_4_C09_S417_comb","B cells",29.186271485566
"CY89A_Core_15_F02_S62_comb","Endothelial",2.97778416779978
"CY89A_Core_15_F11_S71_comb","Melanoma cells",NA
"CY89A_CD45_POS_4_A04_S388_comb","Melanoma cells",NA
"CY89A_CD45_POS_4_C12_S420_comb","B cells",31.0523869221425
"CY89A_CD45_POS_4_D04_S424_comb","Keratinocytes",3.51407631610039
"CY89A_Core_15_H06_S90_comb","Melanoma cells",NA
"CY89A_CD45_POS_4_A12_S396_comb","Melanoma cells",NA
"CY89A_Core_15_C07_S31_comb","Keratinocytes",2.11116983752835
"CY89A_CD45_POS_4_E05_S437_comb","B cells",29.1172048306172
"CY89A_CD45_POS_6_H04_S184_comb","Melanoma cells",NA
"CY89A_CD45_POS_6_B12_S120_comb","Melanoma cells",NA
"CY89A_CD45_POS_4_D07_S427_comb","Pericytes",24.8869870361183
"CY89A_CD45_POS_4_E07_S439_comb","Endothelial",NA
"CY89A_CD45_POS_4_E12_S444_comb","Melanoma cells",NA
"CY89A_CD45_POS_6_D03_S135_comb","Endothelial",NA
"CY89A_Core_15_F04_S64_comb","B cells",30.9701190599517
"CY89A_CD45_POS_4_D05_S425_comb","Keratinocytes",1.96886431462641
"CY89A_Core_15_C10_S34_comb","Melanoma cells",NA
"CY89A_CD45_POS_4_G05_S461_comb","B cells",30.6214752677361
"CY89A_CD45_POS_10_A06_S198_comb","Keratinocytes",2.24242647303163
"CY89A_CD45_POS_6_F10_S166_comb","Melanoma cells",NA
"CY89A_Core_15_B06_S18_comb","Melanoma cells",NA
"CY89A_CD45_POS_6_D06_S138_comb","Pericytes",27.1112917287385
"CY89A_CD45_POS_6_G10_S178_comb","Keratinocytes",2.15137747994496
"CY89A_CD45_POS_6_F05_S161_comb","B cells",30.1370184406451
"CY89A_Core_15_F05_S65_comb","B cells",30.7980291948449
"CY89A_CD45_POS_4_F12_S456_comb","Fibroblasts",4.62849712993864
"CY89A_Core_15_G05_S77_comb","Endothelial",NA
"CY89A_CD45_POS_6_C08_S128_comb","Melanoma cells",NA
"CY89A_CD45_POS_6_G02_S170_comb","Keratinocytes",1.81096293816693
"CY89A_CD45_POS_10_A11_S203_comb","B cells",31.6448678740111
"CY89A_Core_15_G06_S78_comb","Melanoma cells",NA
"CY89A_CD45_POS_4_D08_S428_comb","Melanoma cells",NA
"CY89A_CD45_POS_10_H07_S283_comb","Keratinocytes",NA
"CY89A_CD45_POS_6_B08_S116_comb","Melanoma cells",NA
"CY89A_CD45_POS_6_B02_S110_comb","Melanoma cells",NA
"CY89A_CD45_POS_4_G02_S458_comb","Melanoma cells",NA
"CY89A_CD45_POS_6_G03_S171_comb","Keratinocytes",2.30342647644798
"CY89A_CD45_POS_4_G01_S457_comb","Keratinocytes",2.63195887646272
"CY89A_Core_15_E05_S53_comb","Keratinocytes",2.26162058636631
"CY89A_CD45_POS_6_G06_S174_comb","Pericytes",27.2743067875606
"CY89A_Core_15_C12_S36_comb","B cells",28.8891601894721
"CY89A_Core_15_C08_S32_comb","Keratinocytes",2.20065167856283
"CY89A_Core_15_C09_S33_comb","Melanoma cells",NA
"CY89A_CD45_POS_6_D02_S134_comb","Melanoma cells",NA
"CY89A_CD45_POS_4_E02_S434_comb","Keratinocytes",0.833374048188204
"CY89A_CD45_POS_4_D10_S430_comb","Melanoma cells",NA
"CY89A_CD45_POS_4_F07_S451_comb","B cells",30.8227266757546
"CY89A_Core_15_H12_S96_comb","Keratinocytes",1.14137749947425
"CY89A_CD45_POS_6_F06_S162_comb","Pericytes",25.0483545942372
"CY89A_CD45_POS_10_B11_S215_comb","B cells",30.9399975724548
"CY89A_CD45_POS_6_D10_S142_comb","Melanoma cells",NA
"CY89A_Core_15_H02_S86_comb","B cells",30.6133170303826
"CY89A_Core_15_B05_S17_comb","Endothelial",NA
"CY89A_Core_15_A07_S7_comb","Keratinocytes",0.790709524204465
"CY89A_Core_15_B03_S15_comb","Pericytes",26.2581697957485
"CY89A_CD45_POS_4_H03_S471_comb","Keratinocytes",2.8760907089574
"CY89A_CD45_POS_4_F08_S452_comb","Melanoma cells",NA
"CY89A_CD45_POS_4_A08_S392_comb","Endothelial",NA
"CY89A_Core_15_G12_S84_comb","Keratinocytes",0.5479681051237
"CY89A_CD45_POS_6_E01_S145_comb","Pericytes",27.4403140771825
"CY89A_CD45_POS_4_C04_S412_comb","Endothelial",NA
"CY89A_CD45_POS_4_C06_S414_comb","Pericytes",27.6075069872911
"CY89A_Core_15_A01_S1_comb","Keratinocytes",1.75724868788423
"CY89A_CD45_POS_4_H10_S478_comb","Endothelial",NA
"CY89A_Core_15_G07_S79_comb","Keratinocytes",1.61337837662678
"CY89A_CD45_POS_10_A07_S199_comb","Melanoma cells",NA
"CY89A_CD45_POS_6_D04_S136_comb","Endothelial",NA
"CY89A_CD45_POS_6_B07_S115_comb","B cells",29.4599364900038
"CY89A_CD45_POS_6_C11_S131_comb","Keratinocytes",1.46263663789733
"CY89A_CD45_POS_4_C02_S410_comb","Keratinocytes",2.04863514614975
"CY89A_CD45_POS_10_G06_S270_comb","Melanoma cells",NA
"CY89A_Core_15_G01_S73_comb","Melanoma cells",NA
"CY89A_CD45_POS_4_E09_S441_comb","Fibroblasts",4.58805973622012
"CY89A_CD45_POS_6_A11_S107_comb","B cells",29.7125674476971
"CY89A_CD45_POS_4_F04_S448_comb","Pericytes",23.6560131973437
"CY89A_CD45_POS_4_A09_S393_comb","Endothelial",NA
"CY89A_CD45_POS_4_G09_S465_comb","B cells",31.4840457860226
"CY89A_CD45_POS_10_A10_S202_comb","Keratinocytes",1.5178472203583
"CY89A_CD45_POS_4_C05_S413_comb","Endothelial",2.90748546949689
"CY89A_Core_15_C04_S28_comb","B cells",30.4376820540749
"CY89A_CD45_POS_10_A02_S194_comb","Pericytes",28.277897761029
"CY89A_Core_15_F12_S72_comb","Endothelial",2.75436841593687
"CY89A_CD45_POS_6_F01_S157_comb","Endothelial",NA
"CY89A_Core_15_G02_S74_comb","B cells",31.3374821890721
"CY89A_Core_15_G11_S83_comb","Melanoma cells",NA
"CY89A_Core_15_A05_S5_comb","B cells",31.750241613478
"CY89A_CD45_POS_4_F09_S453_comb","Pericytes",25.2206833781362
"CY89A_CD45_POS_4_B02_S398_comb","B cells",30.982034068088
"CY89A_CD45_POS_6_C04_S124_comb","B cells",29.6490109188631
"CY89A_Core_15_E11_S59_comb","B cells",30.7583600003869
"CY89A_CD45_POS_6_D09_S141_comb","Keratinocytes",1.8819433979479
"CY89A_CD45_POS_10_H04_S280_comb","Endothelial",NA
"CY89A_Core_15_B09_S21_comb","B cells",29.5503188091391
"CY89A_Core_15_G10_S82_comb","Melanoma cells",NA
"CY89A_Core_15_D11_S47_comb","B cells",31.3019851529967
"CY89A_CD45_POS_6_C02_S122_comb","Fibroblasts",NA
"CY89A_CD45_POS_4_A02_S386_comb","Fibroblasts",3.61421431433975
"CY89A_CD45_POS_6_B10_S118_comb","Fibroblasts",NA
"CY89A_Core_15_F01_S61_comb","Keratinocytes",1.80512354594558
"CY89A_CD45_POS_6_E10_S154_comb","Melanoma cells",NA
"CY89A_CD45_POS_6_B06_S114_comb","Melanoma cells",NA
"CY89A_Core_15_C02_S26_comb","Melanoma cells",NA
"CY89A_CD45_POS_10_G02_S266_comb","Fibroblasts",4.35997182683811
"CY89A_CD45_POS_6_H08_S188_comb","Keratinocytes",2.46656169376872
"CY89A_CD45_POS_10_B06_S210_comb","Pericytes",28.1369551877875
"CY89A_Core_15_H07_S91_comb","Melanoma cells",NA
"CY89A_CD45_POS_6_C06_S126_comb","Keratinocytes",2.6876146616485
"CY89A_CD45_POS_10_B12_S216_comb","Melanoma cells",NA
"CY89A_Core_15_A11_S11_comb","Melanoma cells",NA
"CY89A_Core_15_D01_S37_comb","Keratinocytes",1.1300102772605
"CY89A_CD45_POS_4_E01_S433_comb","Melanoma cells",NA
"CY89A_CD45_POS_6_F08_S164_comb","Fibroblasts",4.48561700491347
"CY89A_CD45_POS_6_A02_S98_comb","B cells",30.7748044523891
"CY89A_CD45_POS_10_B07_S211_comb","Melanoma cells",NA
"CY89A_Core_15_B12_S24_comb","Endothelial",NA
"CY89A_CD45_POS_6_H09_S189_comb","B cells",31.5970151531513
"CY89A_CD45_POS_4_A11_S395_comb","B cells",31.5252027730086
"CY89A_Core_15_D12_S48_comb","Endothelial",2.64155681067452
"CY89A_CD45_POS_4_H11_S479_comb","Endothelial",NA
"CY89A_CD45_POS_4_F05_S449_comb","Endothelial",NA
"CY89A_Core_15_G08_S80_comb","Melanoma cells",NA
"CY89A_CD45_POS_6_A05_S101_comb","Pericytes",25.5330078459604
"CY89A_CD45_POS_6_A06_S102_comb","B cells",30.2825954687962
"CY89A_Core_15_H04_S88_comb","Melanoma cells",NA
"CY89A_CD45_POS_10_E06_S246_comb","Pericytes",25.5468030049693
"CY89A_Core_15_E06_S54_comb","B cells",29.8098224979959
"CY89A_Core_15_B08_S20_comb","B cells",30.0815993770417
"CY89A_CD45_POS_6_H10_S190_comb","Pericytes",24.4876039641372
"CY89A_CD45_POS_4_G12_S468_comb","Keratinocytes",0.78996134431647
"CY89A_CD45_POS_6_B01_S109_comb","Keratinocytes",3.55477005286498
"CY89A_CD45_POS_6_G12_S180_comb","B cells",30.1460087059354
"CY89A_CD45_POS_4_D11_S431_comb","Endothelial",NA
"CY89A_Core_15_G09_S81_comb","Pericytes",24.6149932233578
"CY89A_Core_15_F06_S66_comb","Pericytes",27.6040341106422
"CY89A_CD45_POS_10_F02_S254_comb","Keratinocytes",0.67451224941877
"CY89A_CD45_POS_4_F10_S454_comb","B cells",30.3128569120159
"CY89A_CD45_POS_6_F07_S163_comb","B cells",31.6523417193384
"CY89A_CD45_POS_6_D01_S133_comb","B cells",31.3723535500454
"CY89A_CD45_POS_4_B01_S397_comb","Pericytes",25.5333852374088
"CY89A_CD45_POS_6_C12_S132_comb","B cells",32.1537771745944
"CY89A_CD45_POS_6_D08_S140_comb","B cells",31.5575895435054
"CY89A_Core_15_G03_S75_comb","Endothelial",NA
"CY89A_CD45_POS_4_A07_S391_comb","Keratinocytes",3.55106080901626
"CY89A_CD45_POS_4_B08_S404_comb","Keratinocytes",2.33987034685064
"CY89A_Core_15_A04_S4_comb","B cells",30.3717545495563
"CY89A_CD45_POS_10_E12_S252_comb","Endothelial",NA
"CY89A_CD45_POS_10_A03_S195_comb","Pericytes",26.2995447723521
"CY89A_Core_15_D10_S46_comb","Melanoma cells",NA
"CY89A_CD45_POS_4_D01_S421_comb","Pericytes",25.0860739422237
"CY89A_Core_15_C03_S27_comb","B cells",30.6375589196892
"CY89A_CD45_POS_4_H06_S474_comb","B cells",30.0155556957257
"CY89A_CD45_POS_10_H11_S287_comb","Pericytes",24.6397293887823
"CY89A_Core_15_H08_S92_comb","Keratinocytes",1.26367116716011
"CY89A_CD45_POS_6_C03_S123_comb","Fibroblasts",3.3915087485301
"CY89A_CD45_POS_4_G11_S467_comb","Melanoma cells",NA
"CY89A_Core_15_D09_S45_comb","Endothelial",NA
"CY89A_CD45_POS_4_B03_S399_comb","Pericytes",27.2640186946762
"CY89A_Core_15_D08_S44_comb","Keratinocytes",3.37394484997526
"CY89A_CD45_POS_4_G06_S462_comb","Pericytes",25.6366327757964
"CY89A_CD45_POS_6_A10_S106_comb","B cells",30.1557083035418
"CY89A_CD45_POS_4_E10_S442_comb","B cells",29.4266013760234
"CY89A_CD45_POS_10_H01_S277_comb","Endothelial",NA
"CY89A_CD45_POS_6_F03_S159_comb","Pericytes",24.8992878561411
"CY89A_Core_15_D06_S42_comb","B cells",30.5145102283681
"CY89A_CD45_POS_4_C08_S416_comb","Keratinocytes",2.62845942234948
"CY89A_CD45_POS_4_H02_S470_comb","Keratinocytes",1.31562875243354
"CY89A_CD45_POS_6_A04_S100_comb","Pericytes",25.447962125602
"CY89A_CD45_POS_4_B05_S401_comb","B cells",28.9105155393547
"CY89A_CD45_POS_10_G11_S275_comb","Melanoma cells",NA
"CY89A_CD45_POS_4_G10_S466_comb","Melanoma cells",27.5196463862799
"CY89A_CD45_POS_10_G09_S273_comb","Melanoma cells",NA
"CY89A_Core_15_B11_S23_comb","Keratinocytes",1.44131826365506
"CY89A_CD45_POS_4_A03_S387_comb","B cells",29.2346487270221
"CY89A_CD45_POS_6_E04_S148_comb","Endothelial",NA
"CY89A_CD45_POS_4_C11_S419_comb","B cells",31.8739185799742
"CY89A_CD45_POS_6_G05_S173_comb","Melanoma cells",NA
"CY89A_CD45_POS_6_A12_S108_comb","Endothelial",NA
"CY89A_CD45_POS_4_B11_S407_comb","B cells",29.3138941915091
"CY89A_CD45_POS_4_H09_S477_comb","Melanoma cells",NA
"CY89A_CD45_POS_4_B10_S406_comb","Melanoma cells",NA
"CY89A_CD45_POS_10_E11_S251_comb","Fibroblasts",4.10770335022196
"CY89A_CD45_POS_4_E06_S438_comb","B cells",31.0880454528855
"CY89A_Core_15_B07_S19_comb","Melanoma cells",NA
"CY89A_Core_15_A06_S6_comb","Melanoma cells",NA
"CY89A_CD45_POS_4_G07_S463_comb","Melanoma cells",NA
"CY89A_CD45_POS_4_G04_S460_comb","Endothelial",NA
"CY89A_CD45_POS_6_H02_S182_comb","Melanoma cells",NA
"CY89A_CD45_POS_6_H01_S181_comb","Keratinocytes",1.61829209966948
"CY89A_Core_15_F07_S67_comb","Melanoma cells",NA
"CY89A_CD45_POS_6_F09_S165_comb","Melanoma cells",NA
"CY89A_CD45_POS_6_A08_S104_comb","Pericytes",26.273167587013
"CY89A_CD45_POS_6_C09_S129_comb","Keratinocytes",2.73329189770448
"CY89A_CD45_POS_4_F06_S450_comb","B cells",31.2056696597936
"CY89A_Core_15_H09_S93_comb","Melanoma cells",NA
"CY89A_CD45_POS_6_G01_S169_comb","B cells",30.6900481583684
"CY89A_CD45_POS_6_B09_S117_comb","B cells",29.9973792870828
"CY89A_Core_15_A12_S12_comb","Melanoma cells",NA
"CY89A_Core_15_B10_S22_comb","B cells",30.5799297460842
"CY89A_CD45_POS_4_C10_S418_comb","Pericytes",25.0817306750449
"CY89A_Core_15_E04_S52_comb","B cells",27.8298391718739
"CY89A_CD45_POS_4_B09_S405_comb","B cells",31.4996638636415
"CY89A_Core_15_H11_S95_comb","B cells",30.7828975482381
"CY89A_CD45_POS_10_H06_S282_comb","Melanoma cells",NA
"CY89A_CD45_POS_4_C03_S411_comb","Keratinocytes",0.898469098078457
"CY89A_CD45_POS_4_E08_S440_comb","B cells",31.0649122565089
"CY89A_CD45_POS_10_E04_S244_comb","Endothelial",NA
"CY89A_CD45_POS_4_F03_S447_comb","Endothelial",NA
"CY89A_Core_15_A03_S3_comb","B cells",28.3217804911433
"CY89A_CD45_POS_6_D11_S143_comb","Pericytes",23.8050552220424
"CY89A_CD45_POS_6_D07_S139_comb","B cells",31.025944560591
"CY89A_CD45_POS_4_F11_S455_comb","B cells",30.1605562822253
"CY89A_CD45_POS_4_D09_S429_comb","Keratinocytes",0.492730356385428
"CY89A_Core_15_E12_S60_comb","Fibroblasts",NA
"CY89A_Core_15_A10_S10_comb","B cells",29.2113584062127
"CY89A_Core_15_D02_S38_comb","B cells",30.0543365811623
"CY89A_CD45_POS_10_E07_S247_comb","Melanoma cells",NA
"CY89A_CD45_POS_4_C01_S409_comb","Endothelial",2.56625802144538
"CY89A_CD45_POS_6_G04_S172_comb","Melanoma cells",NA
"CY89A_Core_15_C11_S35_comb","Endothelial",NA
"CY89A_CD45_POS_6_A01_S97_comb","Melanoma cells",NA
"CY89A_CD45_POS_4_G03_S459_comb","Melanoma cells",NA
"CY89A_Core_15_F10_S70_comb","Pericytes",25.4246083329017
"CY89A_Core_15_H03_S87_comb","Melanoma cells",NA
"CY89A_Core_15_E03_S51_comb","Melanoma cells",NA
"CY89A_CD45_POS_6_B05_S113_comb","B cells",29.382698626551
"CY89A_Core_15_F08_S68_comb","Melanoma cells",NA
"CY89A_CD45_POS_10_F11_S263_comb","Keratinocytes",2.28397360065602
"CY89A_Core_15_D07_S43_comb","B cells",30.4047136994396
"CY89A_CD45_POS_6_G08_S176_comb","B cells",31.3323332865701
"CY89A_CD45_POS_4_E03_S435_comb","B cells",29.4689504102931
"CY89A_CD45_POS_10_F12_S264_comb","Keratinocytes",2.66104207007708
"CY89A_CD45_POS_6_B04_S112_comb","Pericytes",25.5468030049693
"CY89A_CD45_POS_6_A09_S105_comb","B cells",30.6776850200835
"CY89A_CD45_POS_6_C05_S125_comb","Melanoma cells",NA
"CY89A_CD45_POS_10_A05_S197_comb","Keratinocytes",1.32332037067061
"CY89A_CD45_POS_4_F01_S445_comb","B cells",31.1462929127211
"CY89COREQ1_C11_S323_comb","Keratinocytes",1.97169062034687
"CY89COREQ1_G02_S362_comb","Pericytes",24.8313322053542
"CY89COREQ1_A01_S289_comb","Pericytes",25.2821236549759
"CY89NEG_C11_S35_comb","Other",24.1460082849967
"CY89COREQ1_A02_S290_comb","Keratinocytes",2.20564077706399
"CY89NEG_E07_S55_comb","Fibroblasts",NA
"CY89CORE11_G02_S170_comb","Fibroblasts",NA
"CY89COREQ1_A04_S292_comb","Endothelial",2.97585184699384
"CY89CORE11_A11_S107_comb","Fibroblasts",NA
"CY89COREQ1_E09_S345_comb","Melanoma cells",NA
"CY89COREQ1_B07_S307_comb","Melanoma cells",NA
"CY75_1FNA_E07_S535_comb","Keratinocytes",2.8850786099535
"CY89COREQ1_H02_S374_comb","B cells",31.2195620867365
"CY89CORE11_F05_S161_comb","Other",NA
"CY89NEG_C03_S27_comb","Fibroblasts",NA
"CY89FNAQ2_B12_S408_comb","Fibroblasts",12.9174060128344
"CY89CORE11_B10_S118_comb","Fibroblasts",NA
"CY89FNA_C01_S217_comb","Endothelial",2.7656241597118
"CY89COREQ1_H09_S381_comb","Keratinocytes",2.70919262118363
"CY89NEG_B03_S15_comb","Fibroblasts",11.5745731448693
"CY89COREQ1_F11_S359_comb","Melanoma cells",NA
"CY89FNA_E08_S248_comb","B cells",29.4674021705643
"CY89NEG_G01_S73_comb","Fibroblasts",NA
"CY89FNAQ2_F06_S450_comb","Fibroblasts",NA
"CY89CORE11_A04_S100_comb","Fibroblasts",NA
"CY89NEG_H11_S95_comb","Fibroblasts",NA
"CY89COREQ1_D09_S333_comb","Endothelial",NA
"CY89NEG_F05_S65_comb","Fibroblasts",NA
"CY89COREQ1_H03_S375_comb","B cells",29.4439964262279
"CY89NEG_F07_S67_comb","Fibroblasts",NA
"CY89CORE11_E10_S154_comb","Fibroblasts",NA
"CY89NEG_E06_S54_comb","Fibroblasts",NA
"CY89FNAQ2_G07_S463_comb","Fibroblasts",NA
"CY89CORE11_B04_S112_comb","Fibroblasts",NA
"CY89FNA_G11_S275_comb","Melanoma cells",NA
"CY89COREQ1_F09_S357_comb","Melanoma cells",NA
"CY89CORE11_A05_S101_comb","Fibroblasts",NA
"CY89CORE11_B06_S114_comb","Fibroblasts",NA
"CY89NEG_A06_S6_comb","Fibroblasts",NA
"CY75_1FNA_G09_S561_comb","Keratinocytes",3.40208125065572
"CY89CORE11_D09_S141_comb","Fibroblasts",NA
"CY89FNAQ2_B02_S398_comb","Fibroblasts",NA
"CY75_1FNA_A08_S488_comb","Pericytes",24.9602173665182
"CY89FNAQ2_C04_S412_comb","Fibroblasts",NA
"CY75_1FNA_G07_S559_comb","Endothelial",2.74320210404574
"CY89FNAQ2_C11_S419_comb","Fibroblasts",NA
"CY89FNA_E05_S245_comb","B cells",30.390379244711
"CY89COREQ1_G08_S368_comb","Pericytes",25.3303951962586
"CY89FNA_D02_S230_comb","Keratinocytes",1.53369564085417
"CY89COREQ1_E05_S341_comb","B cells",31.0379229939252
"CY89COREQ1_H07_S379_comb","Melanoma cells",NA
"CY75_1FNA_H02_S566_comb","Keratinocytes",3.57604812783112
"CY75_1FNA_G12_S564_comb","Endothelial",NA
"CY89NEG_H06_S90_comb","Fibroblasts",NA
"CY89FNAQ2_H03_S471_comb","Fibroblasts",NA
"CY75_1FNA_F01_S541_comb","Fibroblasts",3.18991164505142
"CY89CORE11_F03_S159_comb","Fibroblasts",NA
"CY89FNAQ2_B10_S406_comb","Fibroblasts",NA
"CY89COREQ1_B04_S304_comb","Endothelial",NA
"CY89FNA_A02_S194_comb","Keratinocytes",3.97585200865739
"CY89FNA_D05_S233_comb","Pericytes",26.2836392343177
"CY89COREQ1_C03_S315_comb","Melanoma cells",NA
"CY89NEG_A03_S3_comb","Fibroblasts",NA
"CY89COREQ1_D01_S325_comb","Keratinocytes",2.97778416779978
"CY89FNAQ2_C01_S409_comb","Fibroblasts",NA
"CY89CORE11_G08_S176_comb","Fibroblasts",NA
"CY89FNA_A03_S195_comb","Endothelial",NA
"CY89COREQ1_D03_S327_comb","Keratinocytes",2.20023649383712
"CY89NEG_A02_S2_comb","Fibroblasts",NA
"CY89FNA_C06_S222_comb","B cells",29.4389232788821
"CY89NEG_E02_S50_comb","Fibroblasts",NA
"CY89CORE11_F07_S163_comb","Fibroblasts",NA
"CY89COREQ1_E02_S338_comb","Melanoma cells",NA
"CY89CORE11_A09_S105_comb","Fibroblasts",NA
"CY89FNAQ2_D04_S424_comb","Fibroblasts",NA
"CY89COREQ1_E11_S347_comb","B cells",30.8047841879697
"CY89NEG_D12_S48_comb","Fibroblasts",NA
"CY89FNA_G10_S274_comb","Keratinocytes",3.81525690953837
"CY89COREQ1_C02_S314_comb","B cells",29.8792856092995
"CY89CORE11_C08_S128_comb","Fibroblasts",NA
"CY89FNA_G05_S269_comb","B cells",30.6751817173486
"CY89CORE11_D11_S143_comb","Fibroblasts",NA
"CY89FNA_E07_S247_comb","B cells",29.1118963531256
"CY89FNA_B07_S211_comb","Endothelial",2.29497484601624
"CY89COREQ1_D10_S334_comb","Keratinocytes",1.74557752656718
"CY89FNA_C08_S224_comb","Endothelial",NA
"CY89FNA_G03_S267_comb","B cells",30.9158519339948
"CY89CORE11_H06_S186_comb","Fibroblasts",NA
"CY89FNAQ2_F12_S456_comb","Fibroblasts",NA
"CY89COREQ1_F05_S353_comb","B cells",30.1083393484343
"CY89FNA_D07_S235_comb","Melanoma cells",NA
"CY89COREQ1_D11_S335_comb","Endothelial",NA
"CY89FNA_G02_S266_comb","Endothelial",NA
"CY89FNA_F08_S260_comb","Endothelial",NA
"CY89NEG_F04_S64_comb","Fibroblasts",NA
"CY89NEG_D05_S41_comb","Fibroblasts",NA
"CY75_1FNA_E11_S539_comb","Endothelial",NA
"CY89NEG_F08_S68_comb","Fibroblasts",NA
"CY89CORE11_D05_S137_comb","Fibroblasts",NA
"CY89COREQ1_E06_S342_comb","Pericytes",27.3993309031727
"CY89CORE11_A03_S99_comb","Fibroblasts",NA
"CY89FNA_A01_S193_comb","Endothelial",NA
"CY75_1FNA_H08_S572_comb","Endothelial",NA
"CY89COREQ1_C12_S324_comb","B cells",29.8332592121932
"CY89COREQ1_E10_S346_comb","Pericytes",24.002762835956
"CY89NEG_A07_S7_comb","Fibroblasts",NA
"CY89COREQ1_B10_S310_comb","B cells",30.6392416237599
"CY89COREQ1_A08_S296_comb","Melanoma cells",NA
"CY89FNAQ2_G05_S461_comb","Fibroblasts",NA
"CY75_1FNA_E12_S540_comb","Keratinocytes",3.07588396797747
"CY89NEG_B01_S13_comb","Fibroblasts",NA
"CY89FNAQ2_C06_S414_comb","Fibroblasts",NA
"CY89FNAQ2_A03_S387_comb","Fibroblasts",12.4572272994113
"CY89COREQ1_G11_S371_comb","B cells",30.29833839348
"CY75_1FNA_A03_S483_comb","Endothelial",NA
"CY89CORE11_B08_S116_comb","Fibroblasts",NA
"CY89CORE11_E12_S156_comb","Fibroblasts",NA
"CY89COREQ1_D06_S330_comb","Keratinocytes",3.32815631695051
"CY89COREQ1_B08_S308_comb","B cells",29.9759710032262
"CY89CORE11_E07_S151_comb","Fibroblasts",12.7758936502206
"CY89NEG_D04_S40_comb","Fibroblasts",11.9882887025581
"CY89FNAQ2_D06_S426_comb","Fibroblasts",NA
"CY89NEG_G08_S80_comb","Fibroblasts",NA
"CY89COREQ1_G07_S367_comb","B cells",29.9582103813666
"CY89FNAQ2_E10_S442_comb","Fibroblasts",NA
"CY89FNA_A10_S202_comb","B cells",30.8948816468781
"CY89COREQ1_C04_S316_comb","Melanoma cells",NA
"CY89FNA_E03_S243_comb","Pericytes",24.8975740487187
"CY89CORE11_F10_S166_comb","Other",NA
"CY89FNA_B10_S214_comb","Melanoma cells",NA
"CY75_1FNA_G11_S563_comb","Endothelial",2.77045261831682
"CY89FNAQ2_G04_S460_comb","Fibroblasts",NA
"CY75_1FNA_H09_S573_comb","Keratinocytes",2.36797068081161
"CY89FNA_C09_S225_comb","B cells",29.5431816611385
"CY89COREQ1_A12_S300_comb","Melanoma cells",NA
"CY89FNA_F05_S257_comb","Melanoma cells",NA
"CY89COREQ1_B12_S312_comb","Fibroblasts",4.40501924725765
"CY89NEG_A10_S10_comb","Fibroblasts",NA
"CY75_1FNA_A10_S490_comb","Endothelial",2.36625407689702
"CY89NEG_A12_S12_comb","Fibroblasts",NA
"CY89COREQ1_D04_S328_comb","Pericytes",24.8119639200861
"CY89FNAQ2_F05_S449_comb","Fibroblasts",NA
"CY89COREQ1_B11_S311_comb","Melanoma cells",NA
"CY89COREQ1_E07_S343_comb","B cells",29.3467808202069
"CY89NEG_C10_S34_comb","Fibroblasts",NA
"CY89CORE11_G06_S174_comb","Pericytes",25.8190209395966
"CY89COREQ1_B06_S306_comb","B cells",28.9800443913754
"CY89FNA_A08_S200_comb","Melanoma cells",NA
"CY89NEG_E03_S51_comb","Fibroblasts",NA
"CY89FNA_H07_S283_comb","Pericytes",25.3408594468614
"CY89COREQ1_H01_S373_comb","B cells",30.2536024232103
"CY89NEG_B06_S18_comb","Other",16.3697044798985
"CY89COREQ1_D12_S336_comb","Endothelial",2.54543703166591
"CY89NEG_C02_S26_comb","Fibroblasts",12.1127416271376
"CY89COREQ1_D02_S326_comb","Melanoma cells",NA
"CY75_1FNA_H11_S575_comb","Keratinocytes",2.72430887260479
"CY89FNA_B08_S212_comb","Endothelial",NA
"CY89NEG_H01_S85_comb","Fibroblasts",NA
"CY75_1FNA_F07_S547_comb","Endothelial",2.12581631911266
"CY89CORE11_A07_S103_comb","Fibroblasts",NA
"CY75_1FNA_A05_S485_comb","Keratinocytes",2.97778416779978
"CY89COREQ1_G06_S366_comb","B cells",29.289730065974
"CY89NEG_B08_S20_comb","Fibroblasts",NA
"CY89CORE11_E04_S148_comb","Fibroblasts",NA
"CY75_1FNA_E03_S531_comb","Melanoma cells",NA
"CY75_1FNA_F10_S550_comb","Endothelial",NA
"CY89FNA_F07_S259_comb","Melanoma cells",NA
"CY89CORE11_H03_S183_comb","Fibroblasts",11.9283764707596
"CY89NEG_H10_S94_comb","Fibroblasts",NA
"CY89NEG_C08_S32_comb","Fibroblasts",NA
"CY89FNAQ2_D09_S429_comb","Fibroblasts",NA
"CY75_1FNA_F04_S544_comb","Fibroblasts",4.4604241740869
"CY89CORE11_G10_S178_comb","Fibroblasts",NA
"CY75_1FNA_F06_S546_comb","Keratinocytes",2.09799616969132
"CY89FNAQ2_G02_S458_comb","Fibroblasts",NA
"CY89COREQ1_F06_S354_comb","Pericytes",25.3701685140885
"CY89COREQ1_G10_S370_comb","B cells",29.833240796064
"CY75_1FNA_F12_S552_comb","Melanoma cells",NA
"CY89FNAQ2_H05_S473_comb","Fibroblasts",NA
"CY75_1FNA_A12_S492_comb","Fibroblasts",3.88037205772865
"CY89COREQ1_H10_S382_comb","B cells",31.3986332553914
"CY89FNAQ2_A11_S395_comb","Fibroblasts",NA
"CY89COREQ1_E12_S348_comb","Keratinocytes",2.02418427429943
"CY89FNAQ2_C12_S420_comb","Fibroblasts",12.8836537214344
"CY89COREQ1_G05_S365_comb","Keratinocytes",1.95813357308669
"CY75_1FNA_H03_S567_comb","Endothelial",NA
"CY89FNAQ2_A06_S390_comb","Fibroblasts",12.9487575723371
"CY89FNAQ2_E09_S441_comb","Fibroblasts",NA
"CY89NEG_G05_S77_comb","Fibroblasts",NA
"CY89CORE11_G11_S179_comb","Fibroblasts",NA
"CY89CORE11_B07_S115_comb","Fibroblasts",NA
"CY89CORE11_D03_S135_comb","Fibroblasts",NA
"CY75_1FNA_G03_S555_comb","Endothelial",2.1069461251805
"CY89CORE11_D04_S136_comb","Fibroblasts",NA
"CY89COREQ1_D07_S331_comb","Melanoma cells",NA
"CY89FNAQ2_F08_S452_comb","Fibroblasts",NA
"CY89COREQ1_C10_S322_comb","Melanoma cells",NA
"CY75_1FNA_E09_S537_comb","Melanoma cells",NA
"CY89COREQ1_E03_S339_comb","B cells",30.6013285087981
"CY89NEG_E04_S52_comb","Fibroblasts",NA
"CY75_1FNA_G01_S553_comb","Endothelial",2.55112395191601
"CY89COREQ1_C08_S320_comb","B cells",29.3057145428948
"CY89COREQ1_G01_S361_comb","Melanoma cells",NA
"CY89COREQ1_F04_S352_comb","Keratinocytes",0.836476731990674
"CY89NEG_D08_S44_comb","Fibroblasts",NA
"CY89FNA_F03_S255_comb","B cells",30.8675197402964
"CY89FNAQ2_C08_S416_comb","Fibroblasts",NA
"CY89CORE11_E08_S152_comb","Fibroblasts",NA
"CY89NEG_F12_S72_comb","Fibroblasts",NA
"CY89NEG_A08_S8_comb","Fibroblasts",NA
"CY89FNA_E01_S241_comb","Melanoma cells",NA
"CY89CORE11_G05_S173_comb","Fibroblasts",NA
"CY75_1FNA_G04_S556_comb","Fibroblasts",3.7564132618809
"CY89NEG_G07_S79_comb","Fibroblasts",NA
"CY89CORE11_F06_S162_comb","Fibroblasts",NA
"CY89COREQ1_A06_S294_comb","Keratinocytes",0.723080283511191
"CY89NEG_F06_S66_comb","Fibroblasts",NA
"CY89NEG_E10_S58_comb","Fibroblasts",NA
"CY89NEG_H12_S96_comb","Fibroblasts",NA
"CY89CORE11_C02_S122_comb","Fibroblasts",NA
"CY89FNA_C04_S220_comb","Melanoma cells",NA
"CY89NEG_C04_S28_comb","Fibroblasts",NA
"CY89CORE11_A10_S106_comb","Fibroblasts",NA
"CY89NEG_G11_S83_comb","Fibroblasts",NA
"CY89COREQ1_A07_S295_comb","Melanoma cells",NA
"CY89COREQ1_G09_S369_comb","B cells",31.0785458911529
"CY89CORE11_E02_S146_comb","Fibroblasts",NA
"CY89COREQ1_F08_S356_comb","B cells",29.7153293726482
"CY89COREQ1_A09_S297_comb","Fibroblasts",NA
"CY89FNA_G07_S271_comb","Melanoma cells",NA
"CY75_1FNA_G06_S558_comb","Endothelial",NA
"CY89COREQ1_C01_S313_comb","B cells",29.612484035677
"CY89COREQ1_C07_S319_comb","B cells",31.2593090169966
"CY89COREQ1_B03_S303_comb","Melanoma cells",NA
"CY89FNAQ2_A09_S393_comb","Fibroblasts",NA
"CY75_1FNA_B01_S493_comb","Endothelial",NA
"cy94_cd45pos_4_E01_S49_comb","Pericytes",28.0109792305299
"cy94_cd45neg_cd90pos_E11_S347_comb","Other",23.6945682627201
"cy94_cd45pos_4_D05_S41_comb","Keratinocytes",2.23298725951473
"cy88_cd45pos_5_F03_S255_comb","Fibroblasts",0.325700521009955
"cy94_cd45neg_cd90pos_D08_S332_comb","Other",23.3264337088715
"cy88_cd45pos_5_F04_S256_comb","Endothelial",NA
"cy94_cd45neg_cd90pos_E02_S338_comb","B cells",28.7204997269575
"cy94_cd45neg_cd90pos_H06_S378_comb","Other",16.5634879793215
"cy88_cd45pos_5_E03_S243_comb","Pericytes",25.3392524139616
"cy94_cd45neg_cd90pos_G07_S367_comb","Fibroblasts",16.1914824476494
"cy94_cd45pos_G11_S179_comb","Keratinocytes",1.08389628417726
"cy94_cd45pos_A05_S101_comb","Keratinocytes",0.501958098903733
"cy94_cd45pos_C03_S123_comb","B cells",30.9801561536198
"cy94_cd45pos_D07_S139_comb","Pericytes",27.59896732206
"cy94_cd45pos_C07_S127_comb","Keratinocytes",1.26367116716011
"cy94_cd45neg_cd90pos_E08_S344_comb","Fibroblasts",NA
"cy94_cd45pos_4_D11_S47_comb","Keratinocytes",1.02734441582733
"cy88_cd45pos_5_C05_S221_comb","Pericytes",25.668493497774
"cy94_cd45pos_F04_S160_comb","Keratinocytes",2.70405377607667
"cy94_cd45neg_cd90pos_G06_S366_comb","Keratinocytes",1.28081887553419
"cy94_cd45neg_cd90pos_C10_S322_comb","Other",16.7331378271236
"cy94_cd45pos_C12_S132_comb","Pericytes",27.9202388185164
"cy94_cd45neg_cd90pos_G04_S364_comb","Other",22.9498254034865
"cy94_cd45pos_4_C10_S34_comb","Keratinocytes",0.343306768757044
"cy94_cd45pos_G03_S171_comb","Keratinocytes",0.608100767006014
"cy94_cd45pos_D12_S144_comb","Keratinocytes",2.86853683824979
"cy94_cd45pos_F05_S161_comb","Pericytes",28.4118569393573
"cy94_cd45pos_4_E02_S50_comb","Keratinocytes",3.74208990509711
"cy94_cd45neg_cd90pos_H04_S376_comb","Other",24.2069172552515
"cy94_cd45neg_cd90pos_B11_S311_comb","Other",23.2844110116181
"cy94_cd45neg_cd90pos_H12_S384_comb","Other",15.016797251305
"cy94_cd45pos_4_E12_S60_comb","Pericytes",28.0686097946028
"cy94_cd45pos_4_B10_S22_comb","B cells",31.3344850088452
"cy94_cd45pos_A11_S107_comb","Endothelial",NA
"cy94_cd45neg_cd90pos_E05_S341_comb","Fibroblasts",NA
"cy94_cd45pos_4_B03_S15_comb","Keratinocytes",0.793605972022787
"cy94_cd45pos_4_E04_S52_comb","Pericytes",27.7108944927849
"cy94_cd45pos_F03_S159_comb","Pericytes",28.5730390905598
"cy94_cd45pos_4_C09_S33_comb","Keratinocytes",0.278747499230896
"cy94_cd45pos_4_D02_S38_comb","Keratinocytes",0.547314004389464
"cy94_cd45neg_cd90pos_A11_S299_comb","Fibroblasts",NA
"cy94_cd45pos_4_G07_S79_comb","Keratinocytes",0.593574203428018
"cy94_cd45pos_4_G11_S83_comb","Keratinocytes",1.05088249880529
"cy94_cd45neg_cd90pos_A10_S298_comb","Other",24.1514359135044
"cy94_cd45pos_F07_S163_comb","Keratinocytes",3.05127644104387
"cy88_cd45pos_5_C01_S217_comb","Fibroblasts",11.315195815073
"cy94_cd45neg_cd90pos_F04_S352_comb","Other",22.9498254034865
"cy94_cd45pos_C11_S131_comb","Pericytes",28.1421876201617
"cy94_cd45pos_A06_S102_comb","Keratinocytes",1.9174270687838
"cy94_cd45pos_4_D01_S37_comb","Fibroblasts",4.09327004795483
"cy94_cd45neg_cd90pos_B12_S312_comb","B cells",29.6782828991775
"cy88_cd45pos_5_F05_S257_comb","Melanoma cells",NA
"cy94_cd45pos_4_H02_S86_comb","Endothelial",NA
"cy94_cd45neg_cd90pos_E12_S348_comb","Other",22.9498254034865
"cy94_cd45pos_C08_S128_comb","B cells",31.751197632358
"cy94_cd45pos_4_D06_S42_comb","B cells",29.6654250528958
"cy94_cd45pos_4_G08_S80_comb","B cells",29.4021580669034
"cy94_cd45pos_D04_S136_comb","Pericytes",27.7108944927849
"cy94_cd45neg_cd90pos_H11_S383_comb","Pericytes",24.2051625044127
"cy94_cd45pos_A10_S106_comb","Keratinocytes",1.3380081828648
"cy88_cd45pos_5_C03_S219_comb","Keratinocytes",2.57605837206576
"cy94_cd45neg_cd90pos_D02_S326_comb","Keratinocytes",2.08072626513231
"cy94_cd45pos_4_D07_S43_comb","B cells",30.677854464385
"cy94_cd45pos_C04_S124_comb","Pericytes",27.5856277092047
"cy94_cd45pos_4_E10_S58_comb","B cells",31.4353609346378
"cy94_cd45pos_H04_S184_comb","B cells",30.1455149987987
"cy94_cd45neg_cd90pos_C03_S315_comb","Keratinocytes",2.00063412524207
"cy94_cd45neg_cd90pos_G05_S365_comb","Other",16.3643352827186
"cy94_cd45neg_cd90pos_B04_S304_comb","Other",23.5990579615286
"cy94_cd45pos_D05_S137_comb","Keratinocytes",2.87701091073457
"cy94_cd45pos_B06_S114_comb","B cells",28.442471999048
"cy94_cd45pos_4_B06_S18_comb","Pericytes",26.2723097984217
"cy94_cd45pos_4_D08_S44_comb","Pericytes",27.7669573009914
"cy94_cd45pos_B11_S119_comb","Endothelial",2.7656241597118
"cy94_cd45pos_4_A02_S2_comb","Endothelial",NA
"cy94_cd45pos_D08_S140_comb","Pericytes",27.9759791989732
"cy94_cd45pos_A09_S105_comb","Pericytes",27.9168576549455
"cy94_cd45pos_4_C11_S35_comb","Keratinocytes",1.20801670548131
"cy94_cd45pos_F01_S157_comb","Keratinocytes",1.51875898466114
"cy94_cd45pos_4_C06_S30_comb","Pericytes",28.3601459221207
"cy94_cd45neg_cd90pos_F01_S349_comb","Other",16.7934010533153
"cy94_cd45pos_4_C01_S25_comb","Keratinocytes",4.09238214127225
"cy94_cd45pos_4_H09_S93_comb","Keratinocytes",0.549992692194939
"cy94_cd45pos_H09_S189_comb","B cells",31.1506804446377
"cy94_cd45pos_4_C02_S26_comb","Keratinocytes",1.47846840113684
"cy94_cd45neg_cd90pos_A01_S289_comb","Other",24.0414909628996
"cy94_cd45pos_B04_S112_comb","Pericytes",28.0147655781379
"cy88_cd45pos_5_G02_S266_comb","Keratinocytes",3.54502666260537
"cy94_cd45pos_D06_S138_comb","Keratinocytes",3.65285333518651
"cy94_cd45neg_cd90pos_F11_S359_comb","Other",17.022295700879
"cy94_cd45pos_G10_S178_comb","Keratinocytes",2.05932267613145
"cy94_cd45pos_A01_S97_comb","Keratinocytes",1.47975610136023
"cy88_cd45pos_5_E04_S244_comb","Keratinocytes",2.61309969144807
"cy88_cd45pos_5_D01_S229_comb","Pericytes",25.5590092860154
"cy88_cd45pos_5_D02_S230_comb","B cells",30.5433759687127
"cy94_cd45pos_4_H04_S88_comb","Keratinocytes",1.91095965345303
"cy94_cd45pos_G12_S180_comb","Keratinocytes",1.31235752668085
"cy94_cd45pos_G08_S176_comb","Keratinocytes",3.54141631581975
"cy94_cd45pos_G02_S170_comb","Keratinocytes",0.838501075425879
"cy94_cd45neg_cd90pos_E10_S346_comb","Pericytes",17.2060428518216
"cy94_cd45pos_4_G06_S78_comb","B cells",30.6651989321736
"cy94_cd45neg_cd90pos_F08_S356_comb","B cells",31.7113893523092
"cy88_cd45pos_5_B01_S205_comb","Pericytes",25.3957820254693
"cy94_cd45pos_4_A09_S9_comb","Keratinocytes",0.671748107211102
"cy94_cd45pos_G04_S172_comb","B cells",28.6333561293926
"cy94_cd45pos_G05_S173_comb","Pericytes",28.3811441761263
"cy94_cd45neg_cd90pos_G02_S362_comb","Other",23.3272728218071
"cy94_cd45neg_cd90pos_H01_S373_comb","Pericytes",28.1053266778417
"cy94_cd45pos_4_A04_S4_comb","Keratinocytes",1.63936818143296
"cy94_cd45pos_4_A01_S1_comb","Keratinocytes",0.818138881043114
"cy94_cd45neg_cd90pos_D03_S327_comb","Other",24.2276475584425
"cy94_cd45neg_cd90pos_C04_S316_comb","Pericytes",28.6262361390989
"cy94_cd45pos_D02_S134_comb","Keratinocytes",3.70656455530043
"cy94_cd45pos_G01_S169_comb","B cells",31.7901460224279
"cy94_cd45pos_4_G10_S82_comb","Pericytes",24.2543932729131
"cy94_cd45pos_H01_S181_comb","Pericytes",26.6886812460865
"cy94_cd45pos_4_A06_S6_comb","Keratinocytes",3.91676146964173
"cy94_cd45pos_A03_S99_comb","Keratinocytes",0.831074218116844
"cy94_cd45pos_4_G01_S73_comb","Keratinocytes",0.752006971904221
"cy94_cd45pos_4_G09_S81_comb","Keratinocytes",1.26367116716011
"cy94_cd45pos_4_E08_S56_comb","Keratinocytes",2.16527722905472
"cy94_cd45neg_cd90pos_D07_S331_comb","Other",16.8047615798586
"cy94_cd45neg_cd90pos_C11_S323_comb","Other",22.9498254034865
"cy94_cd45pos_B07_S115_comb","Keratinocytes",2.21301964039425
"cy94_cd45pos_4_D04_S40_comb","B cells",28.8078110398364
"cy94_cd45neg_cd90pos_B03_S303_comb","B cells",28.513626271719
"cy88_cd45pos_5_E01_S241_comb","Pericytes",25.4950909381338
"cy94_cd45pos_4_H01_S85_comb","Pericytes",26.2597784242663
"cy94_cd45neg_cd90pos_D06_S330_comb","Keratinocytes",4.28121184622523
"cy94_cd45neg_cd90pos_H08_S380_comb","Other",17.0137271792288
"cy94_cd45pos_4_B12_S24_comb","B cells",31.8307166863448
"cy94_cd45neg_cd90pos_F02_S350_comb","Other",22.9498254034865
"cy94_cd45pos_4_E07_S55_comb","Keratinocytes",2.87782351684804
"cy94_cd45pos_4_B08_S20_comb","Other",23.2263553984181
"cy94_cd45pos_D10_S142_comb","Pericytes",27.7846562135804
"cy94_cd45pos_4_E11_S59_comb","Keratinocytes",3.68476534387883
"cy94_cd45pos_4_E09_S57_comb","B cells",29.4347978359825
"cy94_cd45pos_H07_S187_comb","Pericytes",27.9695013569318
"cy94_cd45pos_B10_S118_comb","B cells",30.8116612773632
"cy94_cd45pos_4_C07_S31_comb","Keratinocytes",0.347243495608091
"cy94_cd45pos_D03_S135_comb","Pericytes",27.9889975299195
"cy94_cd45neg_cd90pos_F10_S358_comb","Other",17.0744632204209
"cy94_cd45pos_4_H07_S91_comb","Keratinocytes",3.34408558905795
"cy94_cd45neg_cd90pos_D01_S325_comb","Fibroblasts",NA
"cy94_cd45neg_cd90pos_A08_S296_comb","Other",16.8092375486733
"cy94_cd45pos_G07_S175_comb","Pericytes",25.2481560676512
"cy94_cd45pos_4_C08_S32_comb","Pericytes",27.9848032687911
"cy94_cd45pos_A12_S108_comb","Keratinocytes",1.1208214400959
"cy94_cd45pos_4_E03_S51_comb","Keratinocytes",0.115541447736576
"cy88_cd45pos_5_B03_S207_comb","Endothelial",NA
"cy94_cd45pos_D11_S143_comb","Pericytes",28.0895072962199
"cy88_cd45pos_5_E05_S245_comb","Melanoma cells",NA
"cy94_cd45pos_H10_S190_comb","Keratinocytes",0.719138441685809
"cy94_cd45pos_F11_S167_comb","B cells",28.6805966152933
"cy94_cd45pos_G06_S174_comb","Keratinocytes",2.85272043272114
"cy94_cd45neg_cd90pos_G12_S372_comb","Pericytes",28.0061917315699
"cy94_cd45pos_H08_S188_comb","Keratinocytes",3.4397250374948
"cy94_cd45neg_cd90pos_F07_S355_comb","Endothelial",NA
"cy94_cd45pos_4_G12_S84_comb","Keratinocytes",1.4321165751325
"cy94_cd45pos_4_H08_S92_comb","Keratinocytes",2.09848471443358
"cy94_cd45pos_C10_S130_comb","Keratinocytes",2.41174653639976
"cy94_cd45neg_cd90pos_E04_S340_comb","B cells",30.1489511616905
"cy94_cd45pos_4_G03_S75_comb","B cells",30.5228096611419
"cy94_cd45pos_B08_S116_comb","Keratinocytes",0.792061620440611
"cy94_cd45pos_4_H03_S87_comb","Keratinocytes",1.73812903094806
"cy94_cd45neg_cd90pos_A07_S295_comb","Other",17.0457581100436
"cy94_cd45neg_cd90pos_F09_S357_comb","Other",24.153580749552
"cy94_cd45neg_cd90pos_D12_S336_comb","Other",16.5157719303059
"cy94_cd45neg_cd90pos_D11_S335_comb","Pericytes",27.7823845698826
"cy94_cd45pos_4_E05_S53_comb","Fibroblasts",4.40745362073174
"cy94_cd45neg_cd90pos_H09_S381_comb","B cells",30.7824186282342
"cy94_cd45pos_4_A05_S5_comb","Keratinocytes",1.92698505339972
"cy94_cd45pos_A08_S104_comb","Keratinocytes",3.04661248691441
"cy94_cd45neg_cd90pos_C09_S321_comb","Other",NA
"cy94_cd45neg_cd90pos_A06_S294_comb","Fibroblasts",14.4984358699387
"cy94_cd45neg_cd90pos_D04_S328_comb","Pericytes",27.6436725650328
"cy94_cd45pos_4_H06_S90_comb","Pericytes",28.1437279869237
"cy94_cd45pos_A02_S98_comb","Endothelial",NA
"cy94_cd45pos_4_B09_S21_comb","B cells",31.5016911667735
"cy94_cd45pos_B03_S111_comb","Keratinocytes",3.47492961310906
"cy94_cd45pos_4_E06_S54_comb","Keratinocytes",1.28240928924062
"cy94_cd45neg_cd90pos_B02_S302_comb","Keratinocytes",1.15430364298238
"cy94_cd45neg_cd90pos_H03_S375_comb","B cells",29.6387527346078
"cy94_cd45neg_cd90pos_D05_S329_comb","Fibroblasts",NA
"cy94_cd45pos_D09_S141_comb","Pericytes",28.153396114979
"cy94_cd45pos_F12_S168_comb","B cells",30.4321623323781
"cy94_cd45pos_C01_S121_comb","Keratinocytes",1.69488554853782
"cy94_cd45neg_cd90pos_F05_S353_comb","Other",22.9643217413752
"cy94_cd45pos_4_H10_S94_comb","Keratinocytes",2.46889721718878
"cy94_cd45neg_cd90pos_D09_S333_comb","Other",23.3671349346453
"cy94_cd45neg_cd90pos_F12_S360_comb","Other",23.8388870176664
"cy88_cd45pos_5_D05_S233_comb","Keratinocytes",2.27103625610395
"cy94_cd45pos_4_H11_S95_comb","B cells",29.39379810265
"cy94_cd45neg_cd90pos_G08_S368_comb","Other",17.0196690566854
"cy94_cd45neg_cd90pos_H02_S374_comb","Pericytes",28.0759022756452
"cy94_cd45pos_4_A10_S10_comb","Keratinocytes",0.202065414237257
"cy94_cd45pos_4_D10_S46_comb","Keratinocytes",1.32210140888076
"cy94_cd45pos_4_D09_S45_comb","Keratinocytes",0.731931155763621
"cy94_cd45neg_cd90pos_B08_S308_comb","Other",16.4067360674726
"cy94_cd45pos_F10_S166_comb","Keratinocytes",1.19706411289952
"cy94_cd45pos_A07_S103_comb","B cells",31.0477581339257
"cy88_cd45pos_5_G04_S268_comb","B cells",31.4963495836588
"cy94_cd45pos_4_B11_S23_comb","Keratinocytes",1.82876640562426
"cy94_cd45neg_cd90pos_G11_S371_comb","Pericytes",23.5023313999941
"cy94_cd45pos_4_C03_S27_comb","B cells",30.5442331019956
"cy94_cd45pos_H06_S186_comb","Keratinocytes",2.62443421567538
"cy88_cd45pos_5_G03_S267_comb","Pericytes",25.5468030049693
"cy94_cd45pos_4_C04_S28_comb","B cells",30.810540279662
"cy94_cd45neg_cd90pos_A12_S300_comb","Other",23.1185973405205
"cy94_cd45pos_B12_S120_comb","B cells",31.921065624345
"cy88_cd45pos_5_B02_S206_comb","Endothelial",0.801146065625608
"cy94_cd45pos_4_H05_S89_comb","Pericytes",28.3601459221207
"cy94_cd45pos_B02_S110_comb","Pericytes",27.0856150443558
"cy94_cd45pos_C05_S125_comb","Pericytes",27.7416034888348
"cy94_cd45neg_cd90pos_C05_S317_comb","Other",16.9819333216205
"cy94_cd45pos_F08_S164_comb","Keratinocytes",0.708845866024183
"cy94_cd45pos_4_B07_S19_comb","Keratinocytes",1.24507350641646
"cy94_cd45pos_4_A03_S3_comb","Endothelial",3.03668475996526
"cy94_cd45pos_B01_S109_comb","B cells",29.6355364820928
"cy94_cd45pos_4_D12_S48_comb","B cells",30.7035687594391
"cy94_cd45pos_C02_S122_comb","Keratinocytes",1.92602778643498
"cy94_cd45pos_F09_S165_comb","B cells",30.9180964321663
"cy94_cd45neg_cd90pos_C02_S314_comb","Pericytes",24.1266430497516
"cy94_cd45pos_4_B04_S16_comb","B cells",30.2446037617348
"cy94_cd45pos_F02_S158_comb","Keratinocytes",1.49755165502592
"cy94_cd45neg_cd90pos_G03_S363_comb","Fibroblasts",0.370107532859248
"cy94_cd45pos_H03_S183_comb","Keratinocytes",3.64167532859799
"cy94_cd45pos_4_G02_S74_comb","Pericytes",27.9331661254128
"cy94_cd45pos_H11_S191_comb","Keratinocytes",0.831074218116844
"cy94_cd45pos_4_G04_S76_comb","B cells",30.4944696860566
"cy94_cd45neg_cd90pos_B07_S307_comb","Other",17.0445677789477
"cy88_cd45pos_5_E02_S242_comb","Pericytes",25.3303951962586
"cy94_cd45neg_cd90pos_E06_S342_comb","Other",23.2283029183871
"cy94_cd45pos_B09_S117_comb","Pericytes",24.4140593030049
"cy94_cd45pos_H12_S192_comb","Keratinocytes",0.815180696939912
"cy94_cd45pos_H02_S182_comb","Keratinocytes",0.988613451104064
"cy94_cd45pos_A04_S100_comb","Keratinocytes",2.38776489610168
"cy88_cd45pos_5_B05_S209_comb","Pericytes",27.4398703416196
"cy94_cd45pos_G09_S177_comb","Keratinocytes",1.45414872610561
"cy88_cd45pos_5_C02_S218_comb","Keratinocytes",1.36841676242289
"cy94_cd45neg_cd90pos_H07_S379_comb","B cells",31.6849454305647
"cy94_cd45pos_B05_S113_comb","Keratinocytes",2.71104468530578
"cy94_cd45pos_C09_S129_comb","B cells",30.2999860299887
"cy94_cd45pos_4_H12_S96_comb","Pericytes",26.4124189521367
"cy88_cd45pos_5_D03_S231_comb","B cells",29.9006077395397
"cy94_cd45neg_cd90pos_A09_S297_comb","Other",24.217920703257
"cy94_cd45pos_D01_S133_comb","Pericytes",27.8493480191841
"CY88CD45POS_2_D12_S432_comb","Pericytes",25.4004175025339
"CY88CD45POS_2_C11_S419_comb","Keratinocytes",2.84550081261468
"CY94CD45POS_1_G06_S174_comb","Keratinocytes",0.613136111329445
"CY88CD45_150813_E07_S343_comb","Melanoma cells",NA
"CY88CD45POS_2_E03_S435_comb","Endothelial",NA
"CY88CD45POS_2_G05_S461_comb","Pericytes",27.1198359173154
"CY88CD45_150813_C03_S315_comb","Pericytes",25.4978654054988
"CY94CD45POS_1_D02_S134_comb","Pericytes",27.7065887257177
"CY94CD45POS_1_D11_S143_comb","Keratinocytes",2.10550449770451
"CY88CD45POS_2_F04_S448_comb","Pericytes",25.5468030049693
"CY88CD45_150813_G04_S364_comb","Pericytes",25.3303951962586
"CY88CD45POS_2_D05_S425_comb","Endothelial",NA
"CY88CD45_150813_D04_S328_comb","Fibroblasts",12.4216434298536
"CY88CD45POS_2_G03_S459_comb","Pericytes",25.5310862519201
"CY88CD45POS_2_D06_S426_comb","Pericytes",25.5468030049693
"CY88CD45POS_2_E09_S441_comb","Endothelial",NA
"CY94CD45POS_1_B11_S119_comb","Keratinocytes",1.68015887820385
"CY94CD45POS_1_F10_S166_comb","Pericytes",28.085037736362
"CY94CD45POS_1_H09_S189_comb","Pericytes",27.7449387993108
"CY94CD45POS_1_H08_S188_comb","Keratinocytes",0.776289297663893
"CY88CD45POS_2_A06_S390_comb","Pericytes",25.4060505956187
"CY88CD45POS_7_F09_S261_comb","Pericytes",25.6034682463978
"CY88CD45_150813_D11_S335_comb","Pericytes",25.6155483274556
"CY88CD45_150813_H07_S379_comb","Pericytes",25.5638594651682
"CY94CD45POS_1_D05_S137_comb","Keratinocytes",1.72406694151932
"CY88CD45POS_7_C03_S219_comb","B cells",28.9829819179486
"CY88CD45POS_7_C07_S223_comb","Pericytes",25.4405803674616
"CY94CD45POS_1_F11_S167_comb","B cells",29.5684221042721
"CY94CD45POS_1_A12_S108_comb","B cells",30.8273236762921
"CY94CD45POS_1_B10_S118_comb","Fibroblasts",3.84759969253236
"CY94CD45POS_1_E01_S145_comb","Keratinocytes",2.78453930276318
"CY94CD45POS_1_H10_S190_comb","Keratinocytes",2.2069216365136
"CY88CD45POS_2_D01_S421_comb","Pericytes",25.5468030049693
"CY94CD45POS_1_G11_S179_comb","Keratinocytes",1.99078307391763
"CY88CD45_150813_H12_S384_comb","Pericytes",25.5468030049693
"CY88CD45_150813_F01_S349_comb","Keratinocytes",4.34182426160535
"CY94CD45POS_1_D08_S140_comb","Pericytes",28.0744217109419
"CY88CD45_150813_B03_S303_comb","Keratinocytes",1.3532431450278
"CY94CD45POS_1_C07_S127_comb","Keratinocytes",1.0024620162509
"CY94CD45POS_1_F08_S164_comb","B cells",28.9149386281718
"CY88CD45POS_7_D01_S229_comb","Keratinocytes",1.85725264824797
"CY88CD45_150813_E01_S337_comb","Endothelial",NA
"CY94CD45POS_1_D09_S141_comb","Keratinocytes",3.66010493412055
"CY88CD45POS_7_D05_S233_comb","Keratinocytes",3.01566172205002
"CY88CD45_150813_E03_S339_comb","Keratinocytes",1.69557938922214
"CY94CD45POS_1_B05_S113_comb","Pericytes",25.3083467152649
"CY88CD45_150813_E06_S342_comb","Keratinocytes",0.474745269401435
"CY94CD45POS_1_C04_S124_comb","Keratinocytes",3.65052183725437
"CY88CD45POS_7_F05_S257_comb","Pericytes",27.17483679009
"CY88CD45_150813_G02_S362_comb","Keratinocytes",2.95374442106699
"CY88CD45POS_7_D03_S231_comb","Pericytes",27.0743934889426
"CY94CD45POS_1_F05_S161_comb","B cells",30.4180824808312
"CY94CD45POS_1_B02_S110_comb","Pericytes",25.3303951962586
"CY94CD45POS_1_B06_S114_comb","B cells",31.7471407903379
"CY94CD45POS_1_E12_S156_comb","Keratinocytes",2.22008473112611
"CY88CD45_150813_F03_S351_comb","Fibroblasts",0.451288939116981
"CY94CD45POS_1_H05_S185_comb","B cells",32.0148126256646
"CY88CD45POS_2_D03_S423_comb","Keratinocytes",1.80904087366684
"CY94CD45POS_1_E02_S146_comb","B cells",28.3231570595468
"CY88CD45_150813_G07_S367_comb","Keratinocytes",3.4754613069882
"CY94CD45POS_1_C01_S121_comb","Pericytes",27.9216844391723
"CY94CD45POS_1_B09_S117_comb","Keratinocytes",2.40686848683808
"CY88CD45POS_2_F06_S450_comb","Pericytes",25.5468030049693
"CY94CD45POS_1_H01_S181_comb","Keratinocytes",2.69357503204624
"CY94CD45POS_1_A06_S102_comb","B cells",31.7679272187804
"CY88CD45POS_2_D11_S431_comb","Fibroblasts",NA
"CY94CD45POS_1_D07_S139_comb","B cells",29.7484919450027
"CY94CD45POS_1_A09_S105_comb","Keratinocytes",0.447174825034676
"CY88CD45_150813_F06_S354_comb","Pericytes",25.6321734055889
"CY94CD45POS_1_G04_S172_comb","Keratinocytes",0.72261301571972
"CY88CD45POS_2_F02_S446_comb","Fibroblasts",12.5398750729452
"CY94CD45POS_1_H02_S182_comb","Keratinocytes",0.832001364709338
"CY88CD45POS_7_F01_S253_comb","Melanoma cells",NA
"CY88CD45POS_7_H05_S281_comb","Keratinocytes",2.59944710445893
"CY88CD45POS_7_G05_S269_comb","Keratinocytes",0.524651665765193
"CY94CD45POS_1_G02_S170_comb","Pericytes",27.9287590407953
"CY88CD45_150813_G05_S365_comb","Keratinocytes",3.76447644116955
"CY88CD45_150813_C02_S314_comb","Pericytes",25.5247795729516
"CY88CD45POS_7_G07_S271_comb","Melanoma cells",NA
"CY88CD45_150813_H06_S378_comb","Fibroblasts",25.3463365596363
"CY94CD45POS_1_A02_S98_comb","Keratinocytes",0.703758503014187
"CY88CD45POS_2_H11_S479_comb","B cells",31.8740289118809
"CY94CD45POS_1_C03_S123_comb","Pericytes",28.0623549710558
"CY88CD45_150813_D09_S333_comb","Pericytes",27.3891206688169
"CY88CD45_150813_C11_S323_comb","Keratinocytes",2.45880411240347
"CY88CD45POS_2_C05_S413_comb","Fibroblasts",4.08496232815804
"CY94CD45POS_1_G10_S178_comb","B cells",31.2519846640936
"CY88CD45_150813_G09_S369_comb","Endothelial",NA
"CY88CD45_150813_E11_S347_comb","Keratinocytes",2.73907176224997
"CY94CD45POS_1_A05_S101_comb","B cells",30.7362247155861
"CY94CD45POS_1_F02_S158_comb","Keratinocytes",3.75360642567729
"CY88CD45POS_7_F07_S259_comb","Keratinocytes",2.9362965221817
"CY94CD45POS_1_E07_S151_comb","B cells",30.4806100169788
"CY94CD45POS_1_C12_S132_comb","Keratinocytes",3.48655432029406
"CY88CD45_150813_G11_S371_comb","Pericytes",25.3937271146491
"CY88CD45POS_2_F01_S445_comb","Pericytes",25.4484269433075
"CY88CD45_150813_A01_S289_comb","Keratinocytes",0.254589954800067
"CY94CD45POS_1_G07_S175_comb","Pericytes",27.9524807029036
"CY88CD45POS_7_E01_S241_comb","Keratinocytes",0.575806283239649
"CY94CD45POS_1_C05_S125_comb","Pericytes",27.4810194337967
"CY88CD45_150813_E09_S345_comb","Pericytes",25.6470530082957
"CY88CD45POS_7_B03_S207_comb","Keratinocytes",2.63825471295332
"CY94CD45POS_1_F01_S157_comb","Keratinocytes",1.49566221973447
"CY88CD45POS_2_C07_S415_comb","Keratinocytes",2.72635204350114
"CY94CD45POS_1_H11_S191_comb","Fibroblasts",4.53012609841479
"CY88CD45_150813_G06_S366_comb","Pericytes",25.1580283590486
"CY88CD45POS_2_B09_S405_comb","B cells",28.2053294976716
"CY94CD45POS_1_D12_S144_comb","Endothelial",2.04502148333291
"CY88CD45POS_2_D02_S422_comb","Fibroblasts",0.286149906681362
"CY88CD45POS_7_B01_S205_comb","Other",16.2898235117928
"CY94CD45POS_1_E09_S153_comb","B cells",30.6999540270632
"CY88CD45POS_2_D07_S427_comb","Keratinocytes",2.35936815690819
"CY88CD45_150813_C05_S317_comb","Keratinocytes",3.98869328254304
"CY88CD45_150813_E05_S341_comb","B cells",28.5292456055951
"CY88CD45_150813_A12_S300_comb","Fibroblasts",12.8823143001097
"CY88CD45POS_7_E07_S247_comb","Endothelial",NA
"CY94CD45POS_1_C02_S122_comb","Pericytes",25.7323887251508
"CY88CD45POS_2_D04_S424_comb","Pericytes",25.4351993060642
"CY88CD45POS_7_G02_S266_comb","Endothelial",NA
"CY88CD45POS_7_B09_S213_comb","Keratinocytes",2.15764156677915
"CY88CD45_150813_C01_S313_comb","Keratinocytes",0.0691034027872234
"CY88CD45POS_7_F02_S254_comb","B cells",31.2500745971411
"CY94CD45POS_1_A03_S99_comb","Keratinocytes",2.48509242630489
"CY94CD45POS_1_E06_S150_comb","Pericytes",28.0412546223721
"CY88CD45POS_7_H03_S279_comb","Endothelial",2.70917177388731
"CY88CD45_150813_D01_S325_comb","Keratinocytes",0.147743292654879
"CY94CD45POS_1_D01_S133_comb","Keratinocytes",1.72221409211682
"CY88CD45_150813_C09_S321_comb","Melanoma cells",NA
"CY88CD45_150813_C07_S319_comb","B cells",29.2198813186603
"CY94CD45POS_1_A01_S97_comb","Keratinocytes",3.05397425735071
"CY88CD45POS_7_D02_S230_comb","Melanoma cells",NA
"CY88CD45POS_2_H08_S476_comb","Fibroblasts",25.3303951962586
"CY94CD45POS_1_H12_S192_comb","Keratinocytes",0.810047378953582
"CY88CD45POS_2_G11_S467_comb","Fibroblasts",0.358887923202934
"CY88CD45_150813_H04_S376_comb","Pericytes",25.5468030049693
"CY94CD45POS_1_C06_S126_comb","B cells",29.0920968265237
"CY88CD45POS_2_H10_S478_comb","Fibroblasts",31.6170622072498
"CY88CD45POS_2_E05_S437_comb","Fibroblasts",4.48174508735672
"CY94CD45POS_1_D10_S142_comb","Keratinocytes",1.18011722843407
"CY94CD45POS_1_A10_S106_comb","B cells",30.7125997980338
"CY88CD45_150813_C06_S318_comb","Fibroblasts",0.491139757335034
"CY94CD45POS_1_E05_S149_comb","B cells",30.5587380906903
"CY88CD45POS_7_F03_S255_comb","Keratinocytes",1.40448129578314
"CY94CD45POS_1_F12_S168_comb","Pericytes",28.6677606839331
"CY88CD45POS_7_E05_S245_comb","Endothelial",3.08484403095031
"CY88CD45_150813_G08_S368_comb","Keratinocytes",0.231078002760396
"CY94CD45POS_1_F09_S165_comb","B cells",30.9983729474811
"CY94CD45POS_1_H04_S184_comb","B cells",28.4348802843083
"CY88CD45POS_2_H09_S477_comb","Pericytes",25.6115411054034
"CY94CD45POS_1_H06_S186_comb","Pericytes",28.359519222234
"CY88CD45_150813_B01_S301_comb","Keratinocytes",0.887298093113781
"CY94CD45POS_1_G05_S173_comb","Pericytes",28.0282403791497
"CY94CD45POS_1_E10_S154_comb","B cells",29.2059482739321
"CY94CD45POS_1_A04_S100_comb","B cells",31.1163227259044
"CY88CD45_150813_B11_S311_comb","B cells",28.5962735502538
"CY94CD45POS_1_D06_S138_comb","Pericytes",27.8153030701577
"CY88CD45_150813_F05_S353_comb","Endothelial",NA
"CY94CD45POS_1_D04_S136_comb","Keratinocytes",0.534947404157902
"CY94CD45POS_1_G08_S176_comb","B cells",28.6303513229775
"CY88CD45POS_2_G04_S460_comb","Keratinocytes",2.20387994821795
"CY88CD45POS_2_B05_S401_comb","Melanoma cells",NA
"CY88CD45_150813_G12_S372_comb","Pericytes",25.5628120695129
"CY88CD45POS_2_F07_S451_comb","Endothelial",NA
"CY94CD45POS_1_B01_S109_comb","Pericytes",27.9603109216893
"CY94CD45POS_1_C10_S130_comb","Keratinocytes",2.7656241597118
"CY88CD45POS_2_F03_S447_comb","Keratinocytes",2.80286179114759
"CY88CD45POS_2_C09_S417_comb","Keratinocytes",2.55834791219403
"CY94CD45POS_1_B07_S115_comb","Pericytes",26.3509491520084
"CY88CD45POS_7_C09_S225_comb","Fibroblasts",4.4604241740869
"CY88CD45POS_7_D07_S235_comb","Endothelial",NA
"CY88CD45POS_2_G09_S465_comb","Fibroblasts",NA
"CY88CD45_150813_F08_S356_comb","Fibroblasts",23.6539831231133
"CY88CD45POS_2_G07_S463_comb","B cells",29.3882918071692
"CY94CD45POS_1_B04_S112_comb","Keratinocytes",0.697005318933294
"CY88CD45POS_7_E02_S242_comb","Keratinocytes",0.504794161924791
"CY88CD45_150813_H11_S383_comb","Keratinocytes",3.24935461624914
"CY88CD45POS_7_C01_S217_comb","Pericytes",25.5468030049693
"CY94CD45POS_1_F07_S163_comb","B cells",29.8318374320699
"CY94CD45POS_1_B03_S111_comb","Keratinocytes",0.926484898586091
"CY94CD45POS_1_F04_S160_comb","Pericytes",27.9273112339976
"CY88CD45_150813_D07_S331_comb","Other",16.3908927682287
"CY88CD45POS_7_E03_S243_comb","B cells",28.926480328966
"CY88CD45POS_2_G08_S464_comb","Pericytes",25.4410846157413
"CY88CD45_150813_D05_S329_comb","Endothelial",NA
"CY88CD45_150813_B05_S305_comb","Fibroblasts",NA
"CY94CD45POS_1_G01_S169_comb","Keratinocytes",1.3019115298027
"CY88CD45POS_7_B11_S215_comb","Pericytes",25.6458832711357
"CY88CD45_150813_F07_S355_comb","Pericytes",25.5468030049693
"CY94CD45POS_1_B12_S120_comb","Pericytes",28.2774271587047
"CY88CD45POS_2_F11_S455_comb","Keratinocytes",3.20991351356279
"CY88CD45_150813_F09_S357_comb","Melanoma cells",NA
"CY88CD45POS_2_G06_S462_comb","Endothelial",NA
"CY94CD45POS_1_C08_S128_comb","Endothelial",NA
"CY88CD45_150813_B09_S309_comb","Keratinocytes",2.16479509639546
"CY88CD45POS_2_D09_S429_comb","Endothelial",NA
"CY94CD45POS_1_C09_S129_comb","Fibroblasts",4.21364552718788
"CY88CD45POS_7_B05_S209_comb","Fibroblasts",4.35029159710676
"CY88CD45_150813_H10_S382_comb","Keratinocytes",0.408751490519002
"CY88CD45POS_2_F05_S449_comb","Fibroblasts",4.4604241740869
"CY88CD45POS_2_B11_S407_comb","Fibroblasts",11.713914982263
"CY88CD45POS_2_B01_S397_comb","Melanoma cells",NA
"CY88CD45POS_2_C01_S409_comb","Pericytes",25.5609056388717
"CY88CD45POS_2_H12_S480_comb","Pericytes",25.4570700777982
"CY88CD45POS_7_B07_S211_comb","Keratinocytes",1.91704133615696
"CY88CD45_150813_E08_S344_comb","Keratinocytes",2.03115721422178
"CY94CD45POS_1_E04_S148_comb","Endothelial",NA
"CY94CD45POS_1_G09_S177_comb","Pericytes",26.6467340723753
"CY88CD45POS_7_D09_S237_comb","Endothelial",NA
"CY94CD45POS_1_E08_S152_comb","B cells",29.0632732509293
"CY88CD45_150813_B07_S307_comb","Fibroblasts",3.71832438646223
"CY88CD45POS_2_C03_S411_comb","Keratinocytes",2.26570941907392
"CY94CD45POS_1_A11_S107_comb","Keratinocytes",2.36099067276268
"CY88CD45POS_7_F04_S256_comb","Pericytes",25.5468030049693
"CY94CD45POS_1_G12_S180_comb","B cells",30.6923693817014
"CY88CD45POS_2_G01_S457_comb","Pericytes",25.3892429247394
"CY88CD45POS_7_G04_S268_comb","Pericytes",25.7160184666122
"CY88CD45POS_7_E09_S249_comb","Pericytes",24.8219983890916
"CY88CD45POS_7_G03_S267_comb","B cells",30.7843799728493
"CY88CD45POS_2_B07_S403_comb","Pericytes",25.4162615685927
"CY88CD45_150813_D03_S327_comb","Pericytes",25.5847988164445
"CY94CD45POS_1_F06_S162_comb","Keratinocytes",1.64184571325351
"CY88CD45_150813_E02_S338_comb","Pericytes",25.7146543250225
"CY94CD45POS_1_H03_S183_comb","B cells",32.0581651602538
"CY88CD45POS_7_C05_S221_comb","Pericytes",27.1345368765066
"CY94CD45POS_1_D03_S135_comb","B cells",29.4803196688893
"CY88CD45_150813_H01_S373_comb","Fibroblasts",0.347755353268375
"CY94CD45POS_1_H07_S187_comb","Fibroblasts",4.65262776019424
"CY88CD45_150813_F11_S359_comb","Keratinocytes",2.45272937853003
"CY88CD45POS_2_F09_S453_comb","Endothelial",NA
"CY94_CD45NEG_CD90POS_2_C02_S26_comb","Other",23.4017458568426
"CY84_PRIM_POS_All_7_C02_S218_comb","Pericytes",23.567156179227
"CY94_CD45NEG_CD90POS_2_A10_S10_comb","Pericytes",28.0851893424596
"CY94_CD45NEG_CD90POS_2_F08_S68_comb","Other",22.9498254034865
"CY94_CD45NEG_CD90POS_2_G04_S76_comb","Other",23.0241167001431
"CY94_CD45NEG_CD90POS_2_G09_S81_comb","Fibroblasts",12.4510923892662
"CY84_PRIM_POS_All_6_B03_S399_comb","Pericytes",23.6609010509616
"CY94_CD45NEG_CD90POS_2_B01_S13_comb","Other",17.0222629006722
"CY94_CD45NEG_CD90POS_2_D02_S38_comb","Pericytes",23.9661375338245
"CY94_CD45NEG_CD90POS_2_B10_S22_comb","Other",17.0630997324448
"CY84_PRIM_POS_All_6_G06_S462_comb","Pericytes",23.7726769213903
"CY94_CD45NEG_CD90POS_2_A02_S2_comb","Other",23.0033742352692
"CY94_CD45NEG_CD90POS_2_H07_S91_comb","Other",16.9756489265167
"CY84_PRIM_POS_All_7_D02_S230_comb","Endothelial",NA
"CY94_CD45NEG_CD90POS_2_B04_S16_comb","Pericytes",31.3940326144873
"CY94_CD45NEG_CD90POS_2_E08_S56_comb","Pericytes",23.4103763762819
"CY94_CD45NEG_CD90POS_2_A12_S12_comb","Other",22.9498254034865
"CY94_CD45NEG_CD90POS_2_F11_S71_comb","Other",17.0448650729016
"CY94_CD45NEG_CD90POS_2_A08_S8_comb","Other",23.0179457642707
"CY84_PRIM_POS_All_7_H09_S285_comb","Pericytes",23.6786846533841
"CY84_PRIM_POS_All_7_E07_S247_comb","Endothelial",NA
"CY94_CD45NEG_CD90POS_2_B09_S21_comb","Fibroblasts",NA
"CY84_PRIM_POS_All_6_A07_S391_comb","Melanoma cells",NA
"CY94_CD45NEG_CD90POS_2_C08_S32_comb","Other",23.109328208723
"CY94_CD45NEG_CD90POS_2_C09_S33_comb","Other",23.3608108432385
"CY84_PRIM_POS_All_7_B11_S215_comb","Endothelial",2.7656241597118
"CY84_PRIM_POS_All_8_E07_S151_comb","Pericytes",25.353451841146
"CY84_PRIM_POS_All_7_B06_S210_comb","Endothelial",2.36403565331689
"CY84_PRIM_POS_All_8_B11_S119_comb","Pericytes",25.1652964118003
"CY84_PRIM_POS_All_8_E10_S154_comb","Endothelial",NA
"CY94_CD45NEG_CD90POS_2_E05_S53_comb","Other",24.1634681013093
"CY94_CD45NEG_CD90POS_2_F06_S66_comb","Other",16.8035072455119
"CY94_CD45NEG_CD90POS_2_G10_S82_comb","Other",23.0538195502237
"CY94_CD45NEG_CD90POS_2_A05_S5_comb","Keratinocytes",0.806642229483088
"CY84_PRIM_POS_All_8_B06_S114_comb","Pericytes",23.9020627493316
"CY84_PRIM_POS_All_7_F12_S264_comb","Pericytes",23.6537806088721
"CY84_PRIM_POS_All_7_F02_S254_comb","Other",14.6971664589693
"CY94_CD45NEG_CD90POS_2_D05_S41_comb","Other",23.8899970159227
"CY84_PRIM_POS_All_8_D04_S136_comb","Pericytes",25.1139859532424
"CY94_CD45NEG_CD90POS_2_A04_S4_comb","Other",16.3840801409744
"CY94_CD45NEG_CD90POS_2_B12_S24_comb","Other",24.2134774282418
"CY84_PRIM_POS_All_6_C09_S417_comb","Endothelial",NA
"CY84_PRIM_POS_All_6_C05_S413_comb","Pericytes",25.1548725888746
"CY94_CD45NEG_CD90POS_2_A07_S7_comb","Other",23.1662307160626
"CY84_PRIM_POS_All_6_C10_S418_comb","Pericytes",24.9769890182799
"CY94_CD45NEG_CD90POS_2_G06_S78_comb","Other",17.0538148028097
"CY84_PRIM_POS_All_8_H07_S187_comb","Pericytes",24.522395233504
"CY84_PRIM_POS_All_6_D06_S426_comb","Other",23.8302930245918
"CY84_PRIM_POS_All_6_G08_S464_comb","Pericytes",25.2685508783264
"CY94_CD45NEG_CD90POS_2_B06_S18_comb","Other",24.0635261693995
"CY84_PRIM_POS_All_7_H06_S282_comb","Pericytes",25.1139859532424
"CY94_CD45NEG_CD90POS_2_G07_S79_comb","Other",22.9498254034865
"CY94_CD45NEG_CD90POS_2_D09_S45_comb","Keratinocytes",0.418430408332622
"CY84_PRIM_POS_All_6_G01_S457_comb","Other",NA
"CY94_CD45NEG_CD90POS_2_B02_S14_comb","Pericytes",28.4633307388262
"CY84_PRIM_POS_All_8_G07_S175_comb","Pericytes",23.9165252286781
"CY84_PRIM_POS_All_7_G05_S269_comb","Melanoma cells",NA
"CY94_CD45NEG_CD90POS_2_F01_S61_comb","Other",23.0491179008296
"CY94_CD45NEG_CD90POS_2_F09_S69_comb","B cells",31.0022449681521
"CY84_PRIM_POS_All_7_A12_S204_comb","Pericytes",23.5582152472601
"CY84_PRIM_POS_All_6_A11_S395_comb","Pericytes",23.6728487152333
"CY94_CD45NEG_CD90POS_2_G03_S75_comb","Other",23.0046804188795
"CY94_CD45NEG_CD90POS_2_E06_S54_comb","Pericytes",25.5468030049693
"CY84_PRIM_POS_All_7_F11_S263_comb","Pericytes",24.1682858355706
"CY94_CD45NEG_CD90POS_2_F12_S72_comb","Other",23.3436645137603
"CY84_PRIM_POS_All_6_H12_S480_comb","Pericytes",24.1714964138436
"CY94_CD45NEG_CD90POS_2_F03_S63_comb","Pericytes",28.3523175358478
"CY84_PRIM_POS_All_6_A08_S392_comb","Endothelial",NA
"CY94_CD45NEG_CD90POS_2_F07_S67_comb","Other",17.071910271642
"CY94_CD45NEG_CD90POS_2_D04_S40_comb","Fibroblasts",NA
"CY94_CD45NEG_CD90POS_2_A09_S9_comb","Other",17.0166890262584
"CY94_CD45NEG_CD90POS_2_E01_S49_comb","Pericytes",25.4664440240483
"CY84_PRIM_POS_All_8_A02_S98_comb","Pericytes",23.7384126324987
"CY84_PRIM_POS_All_6_C04_S412_comb","Melanoma cells",NA
"CY94_CD45NEG_CD90POS_2_A03_S3_comb","Other",24.1023265668642
"CY84_PRIM_POS_All_6_D12_S432_comb","Pericytes",25.2175662255558
"CY94_CD45NEG_CD90POS_2_F02_S62_comb","Other",22.9498254034865
"CY84_PRIM_POS_All_6_E07_S439_comb","Pericytes",25.3303951962586
"CY94_CD45NEG_CD90POS_2_E09_S57_comb","Pericytes",27.1158626539251
"CY94_CD45NEG_CD90POS_2_C01_S25_comb","B cells",28.1827765159406
"CY94_CD45NEG_CD90POS_2_B11_S23_comb","Other",23.1976535249613
"CY94_CD45NEG_CD90POS_2_C11_S35_comb","Other",17.0106694708954
"CY84_PRIM_POS_All_8_B08_S116_comb","Keratinocytes",2.33987034685064
"CY94_CD45NEG_CD90POS_2_C03_S27_comb","Keratinocytes",4.09301363551665
"CY84_PRIM_POS_All_7_B04_S208_comb","Pericytes",24.464740842451
"CY84_PRIM_POS_All_7_F10_S262_comb","Keratinocytes",0.904675972097284
"CY94_CD45NEG_CD90POS_2_C06_S30_comb","Other",16.6349217514803
"CY84_PRIM_POS_All_6_A01_S385_comb","Pericytes",23.6726619784868
"CY84_PRIM_POS_All_7_E03_S243_comb","Pericytes",25.3891007785994
"CY84_PRIM_POS_All_6_E04_S436_comb","Pericytes",23.7890508156671
"CY94_CD45NEG_CD90POS_2_D06_S42_comb","Fibroblasts",NA
"CY84_PRIM_POS_All_7_B12_S216_comb","Keratinocytes",2.7656241597118
"CY84_PRIM_POS_All_8_A01_S97_comb","Pericytes",24.2578581009445
"CY94_CD45NEG_CD90POS_2_F04_S64_comb","B cells",29.4071435505977
"CY84_PRIM_POS_All_8_E11_S155_comb","Pericytes",23.5726359528121
"CY84_PRIM_POS_All_7_E12_S252_comb","Pericytes",25.1739357091723
"CY84_PRIM_POS_All_8_C07_S127_comb","Pericytes",25.1159822247348
"CY94_CD45NEG_CD90POS_2_D08_S44_comb","Other",17.1700120527255
"CY84_PRIM_POS_All_7_A07_S199_comb","Pericytes",24.222899885949
"CY84_PRIM_POS_All_7_D01_S229_comb","Pericytes",25.0421589506772
"CY84_PRIM_POS_All_7_A01_S193_comb","Pericytes",24.2329399777226
"SS2_D3_S171_comb","Melanoma cells",NA
"monika_C11_S119_comb","Fibroblasts",NA
"monika_D1_S126_comb","Melanoma cells",NA
"SS2_C8_S167_comb","Melanoma cells",NA
"SS2_E6_S179_comb","Melanoma cells",NA
"SS2_G11_S188_comb","Melanoma cells",NA
"monika_F6_S149_comb","Melanoma cells",NA
"monika_D7_S132_comb","Endothelial",NA
"monika_F4_S147_comb","Melanoma cells",NA
"monika_C12_S120_comb","Keratinocytes",2.5616676288322
"SS2_C5_S166_comb","Melanoma cells",NA
"SS2_B11_S158_comb","Melanoma cells",NA
"monika_A2_S101_comb","Melanoma cells",NA
"SS2_G2_S190_comb","Melanoma cells",NA
"SS2_F10_S182_comb","Melanoma cells",NA
"monika_E8_S142_comb","Melanoma cells",NA
"SS2_C4_S165_comb","Melanoma cells",NA
"monika_C3_S122_comb","Melanoma cells",NA
"monika_D5_S130_comb","Melanoma cells",NA
"monika_F7_S150_comb","Melanoma cells",NA
"monika_B5_S113_comb","Melanoma cells",NA
"monika_C9_S125_comb","Melanoma cells",NA
"monika_A1_S97_comb","Melanoma cells",NA
"monika_C6_S124_comb","Melanoma cells",NA
"monika_B1_S108_comb","Melanoma cells",NA
"SS2_F5_S184_comb","Melanoma cells",NA
"monika_F5_S148_comb","Melanoma cells",NA
"SS2_E8_S181_comb","Melanoma cells",NA
"monika_F2_S146_comb","Melanoma cells",NA
"monika_A8_S107_comb","Melanoma cells",NA
"SS2_E10_S176_comb","Melanoma cells",NA
"monika_D11_S127_comb","Melanoma cells",NA
"SS2_F2_S183_comb","Melanoma cells",NA
"monika_B11_S110_comb","Melanoma cells",NA
"monika_B7_S115_comb","Melanoma cells",NA
"monika_D8_S133_comb","Melanoma cells",NA
"monika_E2_S138_comb","Endothelial",2.14493186139891
"SS2_C10_S164_comb","Melanoma cells",NA
"monika_E5_S139_comb","Endothelial",NA
"monika_E11_S136_comb","Endothelial",NA
"monika_E10_S135_comb","Melanoma cells",NA
"monika_F1_S144_comb","Melanoma cells",NA
"monika_D6_S131_comb","Melanoma cells",NA
"SS2_E5_S178_comb","Melanoma cells",NA
"monika_E9_S143_comb","Melanoma cells",NA
"SS2_D4_S172_comb","Melanoma cells",NA
"SS2_B7_S162_comb","Melanoma cells",NA
"SS2_E1_S175_comb","Melanoma cells",NA
"monika_A6_S105_comb","Melanoma cells",NA
"SS2_F7_S186_comb","Endothelial",NA
"monika_E1_S134_comb","Melanoma cells",NA
"monika_A11_S99_comb","Melanoma cells",NA
"SS2_G12_S189_comb","Melanoma cells",NA
"SS2_E3_S177_comb","Melanoma cells",NA
"SS2_B2_S160_comb","Endothelial",NA
"monika_E12_S137_comb","Endothelial",NA
"SS2_A5_S155_comb","Endothelial",NA
"SS2_D8_S174_comb","Melanoma cells",NA
"SS2_E7_S180_comb","Melanoma cells",NA
"monika_A10_S98_comb","Melanoma cells",NA
"monika_B10_S109_comb","Melanoma cells",NA
"monika_B3_S112_comb","Melanoma cells",NA
"SS2_D1_S168_comb","Endothelial",NA
"monika_B6_S114_comb","Endothelial",NA
"SS2_B12_S159_comb","Endothelial",NA
"monika_B8_S116_comb","Melanoma cells",NA
"SS2_A12_S153_comb","Melanoma cells",NA
"SS2_B9_S163_comb","Endothelial",NA
"SS2_F8_S187_comb","Melanoma cells",NA
"monika_B2_S111_comb","Melanoma cells",NA
"monika_E6_S140_comb","Endothelial",NA
"monika_A12_S100_comb","Melanoma cells",NA
"SS2_B4_S161_comb","Melanoma cells",NA
"monika_F10_S145_comb","Melanoma cells",NA
"monika_D3_S128_comb","Melanoma cells",NA
"SS2_H7_S192_comb","Melanoma cells",NA
"monika_D4_S129_comb","Melanoma cells",NA
"SS2_D2_S170_comb","Melanoma cells",NA
"monika_F8_S151_comb","Melanoma cells",NA
"SS2_B10_S157_comb","Melanoma cells",NA
"monika_F9_S152_comb","Melanoma cells",NA
"SS2_F6_S185_comb","Melanoma cells",NA
"SS2_A4_S154_comb","Melanoma cells",NA
"SS2_B1_S156_comb","Melanoma cells",NA
"monika_A3_S102_comb","Melanoma cells",NA
"monika_B9_S117_comb","Melanoma cells",NA
"monika_A4_S103_comb","Melanoma cells",NA
"monika_C5_S123_comb","Fibroblasts",NA
"monika_A5_S104_comb","Melanoma cells",NA
"SS2_G5_S191_comb","Melanoma cells",NA
"CY75_1_CD45_CD8_8__S364_comb","Melanoma cells",NA
"CY75_1_CD45_CD8_1__S29_comb","Melanoma cells",NA
"CY75_1_CD45_CD8_7__S211_comb","Melanoma cells",NA
"CY75_1_CD45_CD8_3__S159_comb","Melanoma cells",NA
"CY75_1_CD45_CD8_1__S5_comb","Endothelial",NA
"CY75_1_CD45_CD8_8__S374_comb","Melanoma cells",NA
"CY75_1_CD45_CD8_7__S286_comb","Melanoma cells",NA
"CY75_1_CD45_CD8_7__S200_comb","Melanoma cells",NA
"CY75_1_CD45_CD8_8__S295_comb","Melanoma cells",NA
"CY75_1_CD45_CD8_8__S347_comb","Melanoma cells",NA
"CY75_1_CD45_CD8_7__S271_comb","Endothelial",NA
"CY75_1_CD45_CD8_8__S357_comb","Melanoma cells",NA
"CY75_1_CD45_CD8_1__S50_comb","Melanoma cells",NA
"CY75_1_CD45_CD8_8__S296_comb","Melanoma cells",NA
"CY75_1_CD45_CD8_7__S283_comb","Endothelial",NA
"CY75_1_CD45_CD8_3__S148_comb","Melanoma cells",NA
"CY75_1_CD45_CD8_7__S250_comb","Melanoma cells",NA
"CY75_1_CD45_CD8_7__S257_comb","Melanoma cells",NA
"CY75_1_CD45_CD8_8__S331_comb","Melanoma cells",NA
"CY75_1_CD45_CD8_3__S123_comb","Melanoma cells",NA
"CY75_1_CD45_CD8_8__S338_comb","Melanoma cells",NA
"CY75_1_CD45_CD8_8__S292_comb","Melanoma cells",NA
"CY75_1_CD45_CD8_3__S158_comb","Melanoma cells",NA
"CY75_1_CD45_CD8_1__S79_comb","Melanoma cells",NA
"CY75_1_CD45_CD8_8__S336_comb","Endothelial",NA
"CY75_1_CD45_CD8_8__S350_comb","Melanoma cells",NA
"CY75_1_CD45_CD8_1__S16_comb","Melanoma cells",NA
"CY75_1_CD45_CD8_7__S198_comb","Melanoma cells",NA
"CY75_1_CD45_CD8_7__S212_comb","Melanoma cells",NA
"CY75_1_CD45_CD8_7__S285_comb","Melanoma cells",NA
"CY75_1_CD45_CD8_8__S356_comb","Melanoma cells",NA
"CY75_1_CD45_CD8_1__S96_comb","Melanoma cells",NA
"CY75_1_CD45_CD8_8__S381_comb","Endothelial",NA
"CY75_1_CD45_CD8_8__S290_comb","Melanoma cells",NA
"CY75_1_CD45_CD8_8__S306_comb","Endothelial",2.12581631911266
"CY75_1_CD45_CD8_8__S343_comb","Melanoma cells",NA
"CY75_1_CD45_CD8_7__S206_comb","Melanoma cells",NA
"CY75_1_CD45_CD8_3__S107_comb","Melanoma cells",NA
"CY75_1_CD45_CD8_1__S55_comb","Melanoma cells",NA
"CY75_1_CD45_CD8_8__S293_comb","Melanoma cells",NA
"CY75_1_CD45_CD8_3__S174_comb","Melanoma cells",NA
"CY75_1_CD45_CD8_3__S150_comb","Melanoma cells",NA
"CY75_1_CD45_CD8_1__S71_comb","Endothelial",NA
"CY75_1_CD45_CD8_7__S266_comb","Melanoma cells",NA
"CY75_1_CD45_CD8_7__S225_comb","Melanoma cells",NA
"CY75_1_CD45_CD8_1__S88_comb","Endothelial",NA
"CY75_1_CD45_CD8_8__S322_comb","Endothelial",NA
"CY75_1_CD45_CD8_8__S349_comb","Endothelial",NA
"CY75_1_CD45_CD8_1__S11_comb","Melanoma cells",NA
"CY75_1_CD45_CD8_7__S221_comb","Melanoma cells",NA
"CY75_1_CD45_CD8_7__S259_comb","Melanoma cells",NA
"CY75_1_CD45_CD8_8__S319_comb","Melanoma cells",NA
"CY75_1_CD45_CD8_1__S83_comb","Melanoma cells",NA
"CY75_1_CD45_CD8_1__S27_comb","Melanoma cells",NA
"CY75_1_CD45_CD8_3__S163_comb","Melanoma cells",NA
"CY75_1_CD45_CD8_7__S228_comb","Melanoma cells",NA
"CY75_1_CD45_CD8_3__S106_comb","Melanoma cells",NA
"CY75_1_CD45_CD8_1__S47_comb","Melanoma cells",NA
"CY75_1_CD45_CD8_1__S51_comb","Melanoma cells",NA
"CY75_1_CD45_CD8_8__S324_comb","Melanoma cells",NA
"CY75_1_CD45_CD8_3__S108_comb","Endothelial",NA
"CY75_1_CD45_CD8_8__S372_comb","Melanoma cells",NA
"CY75_1_CD45_CD8_3__S178_comb","Melanoma cells",NA
"CY75_1_CD45_CD8_8__S315_comb","Melanoma cells",NA
"CY75_1_CD45_CD8_3__S135_comb","Melanoma cells",NA
"CY75_1_CD45_CD8_7__S253_comb","Melanoma cells",NA
"CY75_1_CD45_CD8_7__S249_comb","Melanoma cells",NA
"CY75_1_CD45_CD8_8__S339_comb","Melanoma cells",NA
"CY75_1_CD45_CD8_7__S268_comb","Melanoma cells",NA
"CY75_1_CD45_CD8_7__S279_comb","Melanoma cells",NA
"CY75_1_CD45_CD8_3__S100_comb","Melanoma cells",NA
"CY75_1_CD45_CD8_1__S68_comb","Melanoma cells",NA
"CY75_1_CD45_CD8_8__S382_comb","Melanoma cells",NA
"CY75_1_CD45_CD8_7__S215_comb","Melanoma cells",NA
"CY75_1_CD45_CD8_7__S210_comb","Melanoma cells",NA
"CY75_1_CD45_CD8_7__S196_comb","Melanoma cells",NA
"CY75_1_CD45_CD8_1__S24_comb","Melanoma cells",NA
"CY75_1_CD45_CD8_8__S316_comb","Melanoma cells",NA
"CY75_1_CD45_CD8_7__S260_comb","Melanoma cells",NA
"CY75_1_CD45_CD8_3__S157_comb","Melanoma cells",NA
"CY75_1_CD45_CD8_8__S376_comb","Endothelial",NA
"CY75_1_CD45_CD8_7__S255_comb","Melanoma cells",NA
"CY75_1_CD45_CD8_7__S216_comb","Melanoma cells",NA
"CY75_1_CD45_CD8_8__S378_comb","Melanoma cells",NA
"CY75_1_CD45_CD8_7__S208_comb","Endothelial",NA
"CY75_1_CD45_CD8_1__S70_comb","Melanoma cells",NA
"CY75_1_CD45_CD8_7__S227_comb","Pericytes",3.05981106827196
"CY75_1_CD45_CD8_3__S119_comb","Endothelial",NA
"CY75_1_CD45_CD8_8__S362_comb","Endothelial",NA
"CY75_1_CD45_CD8_8__S383_comb","Endothelial",NA
"CY75_1_CD45_CD8_7__S245_comb","Melanoma cells",NA
"CY75_1_CD45_CD8_8__S342_comb","Melanoma cells",NA
"CY75_1_CD45_CD8_8__S361_comb","Melanoma cells",NA
"CY75_1_CD45_CD8_1__S20_comb","Melanoma cells",NA
"CY75_1_CD45_CD8_3__S138_comb","Melanoma cells",NA
"CY75_1_CD45_CD8_8__S289_comb","Endothelial",NA
"CY75_1_CD45_CD8_7__S241_comb","Endothelial",NA
"CY75_1_CD45_CD8_3__S128_comb","Melanoma cells",NA
"CY75_1_CD45_CD8_3__S161_comb","Endothelial",NA
"CY75_1_CD45_CD8_1__S72_comb","Melanoma cells",NA
"CY75_1_CD45_CD8_1__S42_comb","Melanoma cells",NA
"CY75_1_CD45_CD8_1__S49_comb","Endothelial",NA
"CY75_1_CD45_CD8_3__S114_comb","Endothelial",NA
"CY75_1_CD45_CD8_7__S220_comb","Melanoma cells",NA
"CY75_1_CD45_CD8_8__S299_comb","Melanoma cells",NA
"CY75_1_CD45_CD8_3__S97_comb","Melanoma cells",NA
"CY75_1_CD45_CD8_1__S62_comb","Melanoma cells",NA
"CY75_1_CD45_CD8_3__S171_comb","Endothelial",NA
"CY75_1_CD45_CD8_7__S236_comb","Melanoma cells",NA
"CY75_1_CD45_CD8_1__S53_comb","Melanoma cells",NA
"CY75_1_CD45_CD8_1__S77_comb","Melanoma cells",NA
"CY75_1_CD45_CD8_1__S87_comb","Melanoma cells",NA
"CY75_1_CD45_CD8_3__S147_comb","Melanoma cells",NA
"CY75_1_CD45_CD8_8__S302_comb","Melanoma cells",NA
"CY75_1_CD45_CD8_7__S263_comb","Melanoma cells",NA
"CY75_1_CD45_CD8_1__S67_comb","Melanoma cells",NA
"CY75_1_CD45_CD8_8__S327_comb","Melanoma cells",NA
"CY75_1_CD45_CD8_8__S367_comb","Melanoma cells",NA
"CY75_1_CD45_CD8_8__S326_comb","Melanoma cells",NA
"CY75_1_CD45_CD8_3__S190_comb","Endothelial",NA
"CY75_1_CD45_CD8_3__S170_comb","Melanoma cells",NA
"CY75_1_CD45_CD8_3__S124_comb","Melanoma cells",NA
"CY75_1_CD45_CD8_8__S352_comb","Endothelial",NA
"CY75_1_CD45_CD8_7__S262_comb","Melanoma cells",NA
"CY75_1_CD45_CD8_8__S312_comb","Melanoma cells",NA
"CY75_1_CD45_CD8_8__S328_comb","Melanoma cells",NA
"CY75_1_CD45_CD8_8__S291_comb","Melanoma cells",NA
"CY75_1_CD45_CD8_8__S320_comb","Melanoma cells",NA
"CY75_1_CD45_CD8_3__S116_comb","Melanoma cells",NA
"CY75_1_CD45_CD8_3__S137_comb","Melanoma cells",NA
"CY75_1_CD45_CD8_7__S202_comb","Melanoma cells",NA
"CY75_1_CD45_CD8_7__S209_comb","Melanoma cells",NA
"CY75_1_CD45_CD8_3__S99_comb","Melanoma cells",NA
"CY75_1_CD45_CD8_3__S133_comb","Melanoma cells",NA
"CY75_1_CD45_CD8_1__S43_comb","Melanoma cells",NA
"CY75_1_CD45_CD8_7__S269_comb","Melanoma cells",NA
"CY75_1_CD45_CD8_3__S179_comb","Endothelial",NA
"CY75_1_CD45_CD8_3__S164_comb","Melanoma cells",NA
"CY75_1_CD45_CD8_7__S217_comb","Melanoma cells",NA
"CY75_1_CD45_CD8_7__S231_comb","Melanoma cells",NA
"CY75_1_CD45_CD8_7__S230_comb","Melanoma cells",NA
"CY75_1_CD45_CD8_3__S105_comb","Pericytes",24.322284104327
"CY75_1_CD45_CD8_8__S335_comb","Endothelial",NA
"CY75_1_CD45_CD8_1__S4_comb","Melanoma cells",NA
"CY75_1_CD45_CD8_1__S17_comb","Melanoma cells",NA
"CY75_1_CD45_CD8_7__S214_comb","Melanoma cells",NA
"CY75_1_CD45_CD8_3__S172_comb","Melanoma cells",NA
"CY75_1_CD45_CD8_1__S33_comb","Endothelial",NA
"CY75_1_CD45_CD8_8__S375_comb","Melanoma cells",NA
"CY75_1_CD45_CD8_7__S238_comb","Melanoma cells",NA
"CY75_1_CD45_CD8_8__S321_comb","Melanoma cells",NA
"CY75_1_CD45_CD8_7__S247_comb","Melanoma cells",NA
"CY75_1_CD45_CD8_7__S194_comb","Melanoma cells",NA
"CY75_1_CD45_CD8_7__S254_comb","Endothelial",NA
"CY75_1_CD45_CD8_7__S256_comb","Melanoma cells",NA
"CY75_1_CD45_CD8_1__S78_comb","Endothelial",NA
"CY75_1_CD45_CD8_1__S14_comb","Melanoma cells",NA
"CY75_1_CD45_CD8_1__S73_comb","Melanoma cells",NA
"CY75_1_CD45_CD8_3__S104_comb","Melanoma cells",NA
"CY75_1_CD45_CD8_8__S363_comb","Endothelial",NA
"CY75_1_CD45_CD8_7__S240_comb","Melanoma cells",NA
"CY75_1_CD45_CD8_1__S21_comb","Melanoma cells",NA
"CY75_1_CD45_CD8_7__S224_comb","Endothelial",NA
"CY75_1_CD45_CD8_7__S252_comb","Melanoma cells",NA
"CY75_1_CD45_CD8_8__S368_comb","Melanoma cells",NA
"CY75_1_CD45_CD8_3__S120_comb","Melanoma cells",NA
"CY75_1_CD45_CD8_8__S303_comb","Endothelial",NA
"CY75_1_CD45_CD8_8__S355_comb","Melanoma cells",NA
"CY75_1_CD45_CD8_7__S205_comb","Melanoma cells",NA
"CY75_1_CD45_CD8_1__S2_comb","Melanoma cells",NA
"CY75_1_CD45_CD8_3__S149_comb","Melanoma cells",NA
"CY75_1_CD45_CD8_3__S156_comb","Endothelial",NA
"CY75_1_CD45_CD8_1__S69_comb","Melanoma cells",NA
"CY75_1_CD45_CD8_7__S218_comb","Endothelial",NA
"CY75_1_CD45_CD8_1__S1_comb","Endothelial",NA
"CY75_1_CD45_CD8_1__S6_comb","Melanoma cells",NA
"CY75_1_CD45_CD8_3__S112_comb","Melanoma cells",NA
"CY75_1_CD45_CD8_7__S203_comb","Melanoma cells",NA
"CY75_1_CD45_CD8_3__S155_comb","Melanoma cells",NA
"CY75_1_CD45_CD8_1__S63_comb","Melanoma cells",NA
"CY75_1_CD45_CD8_8__S337_comb","Melanoma cells",NA
"CY75_1_CD45_CD8_8__S344_comb","Melanoma cells",NA
"CY75_1_CD45_CD8_8__S354_comb","Melanoma cells",NA
"CY75_1_CD45_CD8_3__S111_comb","Melanoma cells",NA
"CY75_1_CD45_CD8_7__S248_comb","Endothelial",NA
"CY75_1_CD45_CD8_3__S184_comb","Endothelial",NA
"CY75_1_CD45_CD8_1__S23_comb","Melanoma cells",NA
"CY75_1_CD45_CD8_7__S288_comb","Melanoma cells",NA
"CY75_1_CD45_CD8_7__S235_comb","Melanoma cells",NA
"CY75_1_CD45_CD8_3__S169_comb","Melanoma cells",NA
"CY75_1_CD45_CD8_7__S287_comb","Melanoma cells",NA
"CY75_1_CD45_CD8_3__S181_comb","Endothelial",NA
"CY75_1_CD45_CD8_8__S341_comb","Melanoma cells",NA
"CY75_1_CD45_CD8_8__S304_comb","Endothelial",NA
"CY75_1_CD45_CD8_3__S113_comb","Melanoma cells",NA
"CY75_1_CD45_CD8_1__S66_comb","Fibroblasts",0.657733714624321
"CY75_1_CD45_CD8_3__S129_comb","Melanoma cells",NA
"CY75_1_CD45_CD8_8__S360_comb","Melanoma cells",NA
"CY75_1_CD45_CD8_8__S300_comb","Endothelial",NA
"CY75_1_CD45_CD8_1__S58_comb","Melanoma cells",NA
"CY75_1_CD45_CD8_1__S7_comb","Melanoma cells",NA
"CY75_1_CD45_CD8_3__S117_comb","Melanoma cells",NA
"CY75_1_CD45_CD8_3__S134_comb","Melanoma cells",NA
"CY75_1_CD45_CD8_1__S95_comb","Melanoma cells",NA
"CY75_1_CD45_CD8_7__S258_comb","Melanoma cells",NA
"CY75_1_CD45_CD8_8__S348_comb","Melanoma cells",NA
"CY75_1_CD45_CD8_7__S222_comb","Endothelial",NA
"CY75_1_CD45_CD8_3__S132_comb","Melanoma cells",NA
"CY75_1_CD45_CD8_3__S139_comb","Melanoma cells",NA
"CY75_1_CD45_CD8_3__S187_comb","Endothelial",NA
"CY75_1_CD45_CD8_7__S278_comb","Pericytes",24.7659150320899
"CY75_1_CD45_CD8_7__S242_comb","Melanoma cells",NA
"CY75_1_CD45_CD8_8__S334_comb","Melanoma cells",NA
"CY75_1_CD45_CD8_8__S384_comb","Melanoma cells",NA
"CY75_1_CD45_CD8_7__S265_comb","Endothelial",NA
"CY75_1_CD45_CD8_3__S127_comb","Endothelial",NA
"CY75_1_CD45_CD8_1__S61_comb","Melanoma cells",NA
"CY75_1_CD45_CD8_1__S12_comb","Melanoma cells",NA
"CY75_1_CD45_CD8_1__S25_comb","Melanoma cells",NA
"CY75_1_CD45_CD8_7__S223_comb","Melanoma cells",NA
"CY75_1_CD45_CD8_1__S65_comb","Melanoma cells",NA
"CY75_1_CD45_CD8_1__S93_comb","Melanoma cells",NA
"CY75_1_CD45_CD8_1__S76_comb","Endothelial",NA
"CY75_1_CD45_CD8_7__S274_comb","Melanoma cells",NA
